scene,year,date,crop,filename,frame_id,camera_type,view_type,nadir_or_oblique,view_verticality_score,width,height,corresponding_depth_filename,intrinsics_available,extrinsics_available,camera_model,local_rgb_path,local_depth_path,source_rgb,source_depth,source_revision,variant,pixel_separation,pairs,mean_abs_gt_difference_m,local_difference_mae_m,local_difference_rmse_m,local_difference_bias_m,local_difference_pearson,local_difference_spearman,local_difference_sign_agreement,gt_difference_std_m
2025/Day001_Oat,2025,Day001,oat,1.JPG,1,DJI Mavic 3M RGB camera,nadir,nadir,0.9999924531099396,5280,3956,1_depth.tif,True,True,OPENCV,C:\Users\81902\Documents\Codex\2026-09-20\depth-anything-v2-python-uav-rgb\data\uav3dcrop\2025\Day001_Oat\images\1.JPG,C:\Users\81902\Documents\Codex\2026-09-20\depth-anything-v2-python-uav-rgb\data\uav3dcrop_depth\2025\Day001_Oat\1_depth.tif,https://huggingface.co/datasets/Link-Dev/UAV3DCrop/resolve/main/2025/Day001_Oat/images/1.JPG?download=true,https://huggingface.co/datasets/Link-Dev/UAV3DCrop_depth/resolve/main/2025/Day001_Oat_depth/1_depth.tif?download=true,main,metric_raw,8,20000,0.008585546875,0.013809627437591553,0.03695054221713405,0.003257878637313843,0.025141072665199493,0.006097084478173179,0.5012208657047724,0.03512104233352857
2025/Day001_Oat,2025,Day001,oat,1.JPG,1,DJI Mavic 3M RGB camera,nadir,nadir,0.9999924531099396,5280,3956,1_depth.tif,True,True,OPENCV,C:\Users\81902\Documents\Codex\2026-09-20\depth-anything-v2-python-uav-rgb\data\uav3dcrop\2025\Day001_Oat\images\1.JPG,C:\Users\81902\Documents\Codex\2026-09-20\depth-anything-v2-python-uav-rgb\data\uav3dcrop_depth\2025\Day001_Oat\1_depth.tif,https://huggingface.co/datasets/Link-Dev/UAV3DCrop/resolve/main/2025/Day001_Oat/images/1.JPG?download=true,https://huggingface.co/datasets/Link-Dev/UAV3DCrop_depth/resolve/main/2025/Day001_Oat_depth/1_depth.tif?download=true,main,metric_bias_corrected,8,20000,0.008585546875,0.013809624528884889,0.03695053595071498,0.003257879877090454,0.025141671452594643,0.00609757862545484,0.5012208657047724,0.03512104233352857
2025/Day001_Oat,2025,Day001,oat,1.JPG,1,DJI Mavic 3M RGB camera,nadir,nadir,0.9999924531099396,5280,3956,1_depth.tif,True,True,OPENCV,C:\Users\81902\Documents\Codex\2026-09-20\depth-anything-v2-python-uav-rgb\data\uav3dcrop\2025\Day001_Oat\images\1.JPG,C:\Users\81902\Documents\Codex\2026-09-20\depth-anything-v2-python-uav-rgb\data\uav3dcrop_depth\2025\Day001_Oat\1_depth.tif,https://huggingface.co/datasets/Link-Dev/UAV3DCrop/resolve/main/2025/Day001_Oat/images/1.JPG?download=true,https://huggingface.co/datasets/Link-Dev/UAV3DCrop_depth/resolve/main/2025/Day001_Oat_depth/1_depth.tif?download=true,main,metric_scale_shift,8,20000,0.008585546875,0.008725853300094604,0.03514069281019786,0.0007354521274566651,-0.025137999898700428,-0.0061171800751948354,0.49778024417314093,0.03512104233352857
2025/Day001_Oat,2025,Day001,oat,1.JPG,1,DJI Mavic 3M RGB camera,nadir,nadir,0.9999924531099396,5280,3956,1_depth.tif,True,True,OPENCV,C:\Users\81902\Documents\Codex\2026-09-20\depth-anything-v2-python-uav-rgb\data\uav3dcrop\2025\Day001_Oat\images\1.JPG,C:\Users\81902\Documents\Codex\2026-09-20\depth-anything-v2-python-uav-rgb\data\uav3dcrop_depth\2025\Day001_Oat\1_depth.tif,https://huggingface.co/datasets/Link-Dev/UAV3DCrop/resolve/main/2025/Day001_Oat/images/1.JPG?download=true,https://huggingface.co/datasets/Link-Dev/UAV3DCrop_depth/resolve/main/2025/Day001_Oat_depth/1_depth.tif?download=true,main,relative_scale_shift,8,20000,0.008585546875,0.008505437088012695,0.03414667080930733,0.0008705890655517578,0.3940983587638489,0.18290387888834914,0.5668146503884572,0.03512104233352857
2025/Day001_Oat,2025,Day001,oat,1.JPG,1,DJI Mavic 3M RGB camera,nadir,nadir,0.9999924531099396,5280,3956,1_depth.tif,True,True,OPENCV,C:\Users\81902\Documents\Codex\2026-09-20\depth-anything-v2-python-uav-rgb\data\uav3dcrop\2025\Day001_Oat\images\1.JPG,C:\Users\81902\Documents\Codex\2026-09-20\depth-anything-v2-python-uav-rgb\data\uav3dcrop_depth\2025\Day001_Oat\1_depth.tif,https://huggingface.co/datasets/Link-Dev/UAV3DCrop/resolve/main/2025/Day001_Oat/images/1.JPG?download=true,https://huggingface.co/datasets/Link-Dev/UAV3DCrop_depth/resolve/main/2025/Day001_Oat_depth/1_depth.tif?download=true,main,metric_raw,16,20000,0.01560625,0.02455896944999695,0.058025424645086865,0.005459615612030029,0.03801498846655041,0.03084431640560516,0.5121503131524008,0.051480089801748535
2025/Day001_Oat,2025,Day001,oat,1.JPG,1,DJI Mavic 3M RGB camera,nadir,nadir,0.9999924531099396,5280,3956,1_depth.tif,True,True,OPENCV,C:\Users\81902\Documents\Codex\2026-09-20\depth-anything-v2-python-uav-rgb\data\uav3dcrop\2025\Day001_Oat\images\1.JPG,C:\Users\81902\Documents\Codex\2026-09-20\depth-anything-v2-python-uav-rgb\data\uav3dcrop_depth\2025\Day001_Oat\1_depth.tif,https://huggingface.co/datasets/Link-Dev/UAV3DCrop/resolve/main/2025/Day001_Oat/images/1.JPG?download=true,https://huggingface.co/datasets/Link-Dev/UAV3DCrop_depth/resolve/main/2025/Day001_Oat_depth/1_depth.tif?download=true,main,metric_bias_corrected,16,20000,0.01560625,0.02455896897315979,0.05802542204515202,0.005459621858596802,0.03801494256505452,0.030845066091751888,0.5121503131524008,0.051480089801748535
2025/Day001_Oat,2025,Day001,oat,1.JPG,1,DJI Mavic 3M RGB camera,nadir,nadir,0.9999924531099396,5280,3956,1_depth.tif,True,True,OPENCV,C:\Users\81902\Documents\Codex\2026-09-20\depth-anything-v2-python-uav-rgb\data\uav3dcrop\2025\Day001_Oat\images\1.JPG,C:\Users\81902\Documents\Codex\2026-09-20\depth-anything-v2-python-uav-rgb\data\uav3dcrop_depth\2025\Day001_Oat\1_depth.tif,https://huggingface.co/datasets/Link-Dev/UAV3DCrop/resolve/main/2025/Day001_Oat/images/1.JPG?download=true,https://huggingface.co/datasets/Link-Dev/UAV3DCrop_depth/resolve/main/2025/Day001_Oat_depth/1_depth.tif?download=true,main,metric_scale_shift,16,20000,0.01560625,0.015807710886001587,0.05152503248456306,0.00041061835289001465,-0.03801416141659741,-0.03085329767783396,0.4872651356993737,0.051480089801748535
2025/Day001_Oat,2025,Day001,oat,1.JPG,1,DJI Mavic 3M RGB camera,nadir,nadir,0.9999924531099396,5280,3956,1_depth.tif,True,True,OPENCV,C:\Users\81902\Documents\Codex\2026-09-20\depth-anything-v2-python-uav-rgb\data\uav3dcrop\2025\Day001_Oat\images\1.JPG,C:\Users\81902\Documents\Codex\2026-09-20\depth-anything-v2-python-uav-rgb\data\uav3dcrop_depth\2025\Day001_Oat\1_depth.tif,https://huggingface.co/datasets/Link-Dev/UAV3DCrop/resolve/main/2025/Day001_Oat/images/1.JPG?download=true,https://huggingface.co/datasets/Link-Dev/UAV3DCrop_depth/resolve/main/2025/Day001_Oat_depth/1_depth.tif?download=true,main,relative_scale_shift,16,20000,0.01560625,0.015230853748321534,0.04933403187566364,0.0006522309303283691,0.4888809333943226,0.18212948768892404,0.5465553235908142,0.051480089801748535
2025/Day001_Oat,2025,Day001,oat,1.JPG,1,DJI Mavic 3M RGB camera,nadir,nadir,0.9999924531099396,5280,3956,1_depth.tif,True,True,OPENCV,C:\Users\81902\Documents\Codex\2026-09-20\depth-anything-v2-python-uav-rgb\data\uav3dcrop\2025\Day001_Oat\images\1.JPG,C:\Users\81902\Documents\Codex\2026-09-20\depth-anything-v2-python-uav-rgb\data\uav3dcrop_depth\2025\Day001_Oat\1_depth.tif,https://huggingface.co/datasets/Link-Dev/UAV3DCrop/resolve/main/2025/Day001_Oat/images/1.JPG?download=true,https://huggingface.co/datasets/Link-Dev/UAV3DCrop_depth/resolve/main/2025/Day001_Oat_depth/1_depth.tif?download=true,main,metric_raw,32,20000,0.028726171875,0.04351865334510803,0.08561706166198126,0.01148583550453186,0.07986166073957028,0.045176088026276914,0.5085209341468546,0.08072640965879843
2025/Day001_Oat,2025,Day001,oat,1.JPG,1,DJI Mavic 3M RGB camera,nadir,nadir,0.9999924531099396,5280,3956,1_depth.tif,True,True,OPENCV,C:\Users\81902\Documents\Codex\2026-09-20\depth-anything-v2-python-uav-rgb\data\uav3dcrop\2025\Day001_Oat\images\1.JPG,C:\Users\81902\Documents\Codex\2026-09-20\depth-anything-v2-python-uav-rgb\data\uav3dcrop_depth\2025\Day001_Oat\1_depth.tif,https://huggingface.co/datasets/Link-Dev/UAV3DCrop/resolve/main/2025/Day001_Oat/images/1.JPG?download=true,https://huggingface.co/datasets/Link-Dev/UAV3DCrop_depth/resolve/main/2025/Day001_Oat_depth/1_depth.tif?download=true,main,metric_bias_corrected,32,20000,0.028726171875,0.043518653535842895,0.08561705771633064,0.011485837507247925,0.07986184876400979,0.045175920699321886,0.5085209341468546,0.08072640965879843
2025/Day001_Oat,2025,Day001,oat,1.JPG,1,DJI Mavic 3M RGB camera,nadir,nadir,0.9999924531099396,5280,3956,1_depth.tif,True,True,OPENCV,C:\Users\81902\Documents\Codex\2026-09-20\depth-anything-v2-python-uav-rgb\data\uav3dcrop\2025\Day001_Oat\images\1.JPG,C:\Users\81902\Documents\Codex\2026-09-20\depth-anything-v2-python-uav-rgb\data\uav3dcrop_depth\2025\Day001_Oat\1_depth.tif,https://huggingface.co/datasets/Link-Dev/UAV3DCrop/resolve/main/2025/Day001_Oat/images/1.JPG?download=true,https://huggingface.co/datasets/Link-Dev/UAV3DCrop_depth/resolve/main/2025/Day001_Oat_depth/1_depth.tif?download=true,main,metric_scale_shift,32,20000,0.028726171875,0.028982292318344115,0.08082501573023322,0.0008394381046295166,-0.07985946156823495,-0.045176525714908836,0.491198541272179,0.08072640965879843
2025/Day001_Oat,2025,Day001,oat,1.JPG,1,DJI Mavic 3M RGB camera,nadir,nadir,0.9999924531099396,5280,3956,1_depth.tif,True,True,OPENCV,C:\Users\81902\Documents\Codex\2026-09-20\depth-anything-v2-python-uav-rgb\data\uav3dcrop\2025\Day001_Oat\images\1.JPG,C:\Users\81902\Documents\Codex\2026-09-20\depth-anything-v2-python-uav-rgb\data\uav3dcrop_depth\2025\Day001_Oat\1_depth.tif,https://huggingface.co/datasets/Link-Dev/UAV3DCrop/resolve/main/2025/Day001_Oat/images/1.JPG?download=true,https://huggingface.co/datasets/Link-Dev/UAV3DCrop_depth/resolve/main/2025/Day001_Oat_depth/1_depth.tif?download=true,main,relative_scale_shift,32,20000,0.028726171875,0.02748579535484314,0.07538923689068833,0.0014336937427520751,0.6220484099215953,0.21815262854985887,0.5587348341398415,0.08072640965879843
2025/Day001_Oat,2025,Day001,oat,1.JPG,1,DJI Mavic 3M RGB camera,nadir,nadir,0.9999924531099396,5280,3956,1_depth.tif,True,True,OPENCV,C:\Users\81902\Documents\Codex\2026-09-20\depth-anything-v2-python-uav-rgb\data\uav3dcrop\2025\Day001_Oat\images\1.JPG,C:\Users\81902\Documents\Codex\2026-09-20\depth-anything-v2-python-uav-rgb\data\uav3dcrop_depth\2025\Day001_Oat\1_depth.tif,https://huggingface.co/datasets/Link-Dev/UAV3DCrop/resolve/main/2025/Day001_Oat/images/1.JPG?download=true,https://huggingface.co/datasets/Link-Dev/UAV3DCrop_depth/resolve/main/2025/Day001_Oat_depth/1_depth.tif?download=true,main,metric_raw,64,20000,0.047293359375,0.07270879158973693,0.12738814403157595,0.022262091398239137,0.08466869348415909,0.044674691464320446,0.49789056104779295,0.11606661100223732
2025/Day001_Oat,2025,Day001,oat,1.JPG,1,DJI Mavic 3M RGB camera,nadir,nadir,0.9999924531099396,5280,3956,1_depth.tif,True,True,OPENCV,C:\Users\81902\Documents\Codex\2026-09-20\depth-anything-v2-python-uav-rgb\data\uav3dcrop\2025\Day001_Oat\images\1.JPG,C:\Users\81902\Documents\Codex\2026-09-20\depth-anything-v2-python-uav-rgb\data\uav3dcrop_depth\2025\Day001_Oat\1_depth.tif,https://huggingface.co/datasets/Link-Dev/UAV3DCrop/resolve/main/2025/Day001_Oat/images/1.JPG?download=true,https://huggingface.co/datasets/Link-Dev/UAV3DCrop_depth/resolve/main/2025/Day001_Oat_depth/1_depth.tif?download=true,main,metric_bias_corrected,64,20000,0.047293359375,0.07270878753662109,0.12738813594047488,0.02226209383010864,0.08466885442467356,0.04467495474687681,0.49789056104779295,0.11606661100223732
2025/Day001_Oat,2025,Day001,oat,1.JPG,1,DJI Mavic 3M RGB camera,nadir,nadir,0.9999924531099396,5280,3956,1_depth.tif,True,True,OPENCV,C:\Users\81902\Documents\Codex\2026-09-20\depth-anything-v2-python-uav-rgb\data\uav3dcrop\2025\Day001_Oat\images\1.JPG,C:\Users\81902\Documents\Codex\2026-09-20\depth-anything-v2-python-uav-rgb\data\uav3dcrop_depth\2025\Day001_Oat\1_depth.tif,https://huggingface.co/datasets/Link-Dev/UAV3DCrop/resolve/main/2025/Day001_Oat/images/1.JPG?download=true,https://huggingface.co/datasets/Link-Dev/UAV3DCrop_depth/resolve/main/2025/Day001_Oat_depth/1_depth.tif?download=true,main,metric_scale_shift,64,20000,0.047293359375,0.04756591835021973,0.11625008760466263,0.0012305063247680663,-0.0846667111878482,-0.04467495971319199,0.5017945973175493,0.11606661100223732
2025/Day001_Oat,2025,Day001,oat,1.JPG,1,DJI Mavic 3M RGB camera,nadir,nadir,0.9999924531099396,5280,3956,1_depth.tif,True,True,OPENCV,C:\Users\81902\Documents\Codex\2026-09-20\depth-anything-v2-python-uav-rgb\data\uav3dcrop\2025\Day001_Oat\images\1.JPG,C:\Users\81902\Documents\Codex\2026-09-20\depth-anything-v2-python-uav-rgb\data\uav3dcrop_depth\2025\Day001_Oat\1_depth.tif,https://huggingface.co/datasets/Link-Dev/UAV3DCrop/resolve/main/2025/Day001_Oat/images/1.JPG?download=true,https://huggingface.co/datasets/Link-Dev/UAV3DCrop_depth/resolve/main/2025/Day001_Oat_depth/1_depth.tif?download=true,main,relative_scale_shift,64,20000,0.047293359375,0.04455545525550842,0.10636183212822459,0.0023790039539337156,0.6642281776825841,0.278408147195243,0.5680372772495434,0.11606661100223732
2025/Day001_Oat,2025,Day001,oat,1.JPG,1,DJI Mavic 3M RGB camera,nadir,nadir,0.9999924531099396,5280,3956,1_depth.tif,True,True,OPENCV,C:\Users\81902\Documents\Codex\2026-09-20\depth-anything-v2-python-uav-rgb\data\uav3dcrop\2025\Day001_Oat\images\1.JPG,C:\Users\81902\Documents\Codex\2026-09-20\depth-anything-v2-python-uav-rgb\data\uav3dcrop_depth\2025\Day001_Oat\1_depth.tif,https://huggingface.co/datasets/Link-Dev/UAV3DCrop/resolve/main/2025/Day001_Oat/images/1.JPG?download=true,https://huggingface.co/datasets/Link-Dev/UAV3DCrop_depth/resolve/main/2025/Day001_Oat_depth/1_depth.tif?download=true,main,metric_raw,128,20000,0.059367578125,0.10835668466091156,0.17543938685648172,0.04264161913394928,-0.062083879637677634,-0.04337269983691798,0.4672275829606966,0.14410228983736117
2025/Day001_Oat,2025,Day001,oat,1.JPG,1,DJI Mavic 3M RGB camera,nadir,nadir,0.9999924531099396,5280,3956,1_depth.tif,True,True,OPENCV,C:\Users\81902\Documents\Codex\2026-09-20\depth-anything-v2-python-uav-rgb\data\uav3dcrop\2025\Day001_Oat\images\1.JPG,C:\Users\81902\Documents\Codex\2026-09-20\depth-anything-v2-python-uav-rgb\data\uav3dcrop_depth\2025\Day001_Oat\1_depth.tif,https://huggingface.co/datasets/Link-Dev/UAV3DCrop/resolve/main/2025/Day001_Oat/images/1.JPG?download=true,https://huggingface.co/datasets/Link-Dev/UAV3DCrop_depth/resolve/main/2025/Day001_Oat_depth/1_depth.tif?download=true,main,metric_bias_corrected,128,20000,0.059367578125,0.10835668106079102,0.17543938400062276,0.04264162073135376,-0.06208387455096816,-0.04337277360098672,0.4672275829606966,0.14410228983736117
2025/Day001_Oat,2025,Day001,oat,1.JPG,1,DJI Mavic 3M RGB camera,nadir,nadir,0.9999924531099396,5280,3956,1_depth.tif,True,True,OPENCV,C:\Users\81902\Documents\Codex\2026-09-20\depth-anything-v2-python-uav-rgb\data\uav3dcrop\2025\Day001_Oat\images\1.JPG,C:\Users\81902\Documents\Codex\2026-09-20\depth-anything-v2-python-uav-rgb\data\uav3dcrop_depth\2025\Day001_Oat\1_depth.tif,https://huggingface.co/datasets/Link-Dev/UAV3DCrop/resolve/main/2025/Day001_Oat/images/1.JPG?download=true,https://huggingface.co/datasets/Link-Dev/UAV3DCrop_depth/resolve/main/2025/Day001_Oat_depth/1_depth.tif?download=true,main,metric_scale_shift,128,20000,0.059367578125,0.05945995225906372,0.1439632534234872,0.0008399868965148926,0.062083716706985245,0.04337181054403243,0.532654742292304,0.14410228983736117
2025/Day001_Oat,2025,Day001,oat,1.JPG,1,DJI Mavic 3M RGB camera,nadir,nadir,0.9999924531099396,5280,3956,1_depth.tif,True,True,OPENCV,C:\Users\81902\Documents\Codex\2026-09-20\depth-anything-v2-python-uav-rgb\data\uav3dcrop\2025\Day001_Oat\images\1.JPG,C:\Users\81902\Documents\Codex\2026-09-20\depth-anything-v2-python-uav-rgb\data\uav3dcrop_depth\2025\Day001_Oat\1_depth.tif,https://huggingface.co/datasets/Link-Dev/UAV3DCrop/resolve/main/2025/Day001_Oat/images/1.JPG?download=true,https://huggingface.co/datasets/Link-Dev/UAV3DCrop_depth/resolve/main/2025/Day001_Oat_depth/1_depth.tif?download=true,main,relative_scale_shift,128,20000,0.059367578125,0.053840291786193845,0.12433294300638027,0.003074477195739746,0.7792457585091187,0.33678926218101785,0.57166392092257,0.14410228983736117
2025/Day001_Oat,2025,Day001,oat,29.JPG,29,DJI Mavic 3M RGB camera,nadir,nadir,0.9999915503991843,5280,3956,29_depth.tif,True,True,OPENCV,C:\Users\81902\Documents\Codex\2026-09-20\depth-anything-v2-python-uav-rgb\data\uav3dcrop\2025\Day001_Oat\images\29.JPG,C:\Users\81902\Documents\Codex\2026-09-20\depth-anything-v2-python-uav-rgb\data\uav3dcrop_depth\2025\Day001_Oat\29_depth.tif,https://huggingface.co/datasets/Link-Dev/UAV3DCrop/resolve/main/2025/Day001_Oat/images/29.JPG?download=true,https://huggingface.co/datasets/Link-Dev/UAV3DCrop_depth/resolve/main/2025/Day001_Oat_depth/29_depth.tif?download=true,main,metric_raw,8,20000,0.009865625,0.013409274888038634,0.04138821908371155,-0.0009628873586654663,0.06340679148585257,-0.009331757819309873,0.4846335697399527,0.0403467709219477
2025/Day001_Oat,2025,Day001,oat,29.JPG,29,DJI Mavic 3M RGB camera,nadir,nadir,0.9999915503991843,5280,3956,29_depth.tif,True,True,OPENCV,C:\Users\81902\Documents\Codex\2026-09-20\depth-anything-v2-python-uav-rgb\data\uav3dcrop\2025\Day001_Oat\images\29.JPG,C:\Users\81902\Documents\Codex\2026-09-20\depth-anything-v2-python-uav-rgb\data\uav3dcrop_depth\2025\Day001_Oat\29_depth.tif,https://huggingface.co/datasets/Link-Dev/UAV3DCrop/resolve/main/2025/Day001_Oat/images/29.JPG?download=true,https://huggingface.co/datasets/Link-Dev/UAV3DCrop_depth/resolve/main/2025/Day001_Oat_depth/29_depth.tif?download=true,main,metric_bias_corrected,8,20000,0.009865625,0.013409276103973388,0.04138821719627813,-0.000962890625,0.06340694349012989,-0.009331342085637002,0.48453078425326346,0.0403467709219477
2025/Day001_Oat,2025,Day001,oat,29.JPG,29,DJI Mavic 3M RGB camera,nadir,nadir,0.9999915503991843,5280,3956,29_depth.tif,True,True,OPENCV,C:\Users\81902\Documents\Codex\2026-09-20\depth-anything-v2-python-uav-rgb\data\uav3dcrop\2025\Day001_Oat\images\29.JPG,C:\Users\81902\Documents\Codex\2026-09-20\depth-anything-v2-python-uav-rgb\data\uav3dcrop_depth\2025\Day001_Oat\29_depth.tif,https://huggingface.co/datasets/Link-Dev/UAV3DCrop/resolve/main/2025/Day001_Oat/images/29.JPG?download=true,https://huggingface.co/datasets/Link-Dev/UAV3DCrop_depth/resolve/main/2025/Day001_Oat_depth/29_depth.tif?download=true,main,metric_scale_shift,8,20000,0.009865625,0.010017163276672363,0.04039227017378882,7.71061897277832e-05,-0.06341048155759645,0.009336560268672418,0.5147497173399116,0.0403467709219477
2025/Day001_Oat,2025,Day001,oat,29.JPG,29,DJI Mavic 3M RGB camera,nadir,nadir,0.9999915503991843,5280,3956,29_depth.tif,True,True,OPENCV,C:\Users\81902\Documents\Codex\2026-09-20\depth-anything-v2-python-uav-rgb\data\uav3dcrop\2025\Day001_Oat\images\29.JPG,C:\Users\81902\Documents\Codex\2026-09-20\depth-anything-v2-python-uav-rgb\data\uav3dcrop_depth\2025\Day001_Oat\29_depth.tif,https://huggingface.co/datasets/Link-Dev/UAV3DCrop/resolve/main/2025/Day001_Oat/images/29.JPG?download=true,https://huggingface.co/datasets/Link-Dev/UAV3DCrop_depth/resolve/main/2025/Day001_Oat_depth/29_depth.tif?download=true,main,relative_scale_shift,8,20000,0.009865625,0.009902319145202636,0.04026893182398504,-8.00480842590332e-05,0.3598562501754926,0.1301641586737886,0.5691232397985404,0.0403467709219477
2025/Day001_Oat,2025,Day001,oat,29.JPG,29,DJI Mavic 3M RGB camera,nadir,nadir,0.9999915503991843,5280,3956,29_depth.tif,True,True,OPENCV,C:\Users\81902\Documents\Codex\2026-09-20\depth-anything-v2-python-uav-rgb\data\uav3dcrop\2025\Day001_Oat\images\29.JPG,C:\Users\81902\Documents\Codex\2026-09-20\depth-anything-v2-python-uav-rgb\data\uav3dcrop_depth\2025\Day001_Oat\29_depth.tif,https://huggingface.co/datasets/Link-Dev/UAV3DCrop/resolve/main/2025/Day001_Oat/images/29.JPG?download=true,https://huggingface.co/datasets/Link-Dev/UAV3DCrop_depth/resolve/main/2025/Day001_Oat_depth/29_depth.tif?download=true,main,metric_raw,16,20000,0.018669921875,0.024099892735481264,0.06180929728147974,-0.002016082787513733,0.08287248463806712,0.008234037743712504,0.49523736365033033,0.058356108236411346
2025/Day001_Oat,2025,Day001,oat,29.JPG,29,DJI Mavic 3M RGB camera,nadir,nadir,0.9999915503991843,5280,3956,29_depth.tif,True,True,OPENCV,C:\Users\81902\Documents\Codex\2026-09-20\depth-anything-v2-python-uav-rgb\data\uav3dcrop\2025\Day001_Oat\images\29.JPG,C:\Users\81902\Documents\Codex\2026-09-20\depth-anything-v2-python-uav-rgb\data\uav3dcrop_depth\2025\Day001_Oat\29_depth.tif,https://huggingface.co/datasets/Link-Dev/UAV3DCrop/resolve/main/2025/Day001_Oat/images/29.JPG?download=true,https://huggingface.co/datasets/Link-Dev/UAV3DCrop_depth/resolve/main/2025/Day001_Oat_depth/29_depth.tif?download=true,main,metric_bias_corrected,16,20000,0.018669921875,0.02409989175796509,0.061809301711032806,-0.0020160799026489257,0.08287225028494491,0.008233886237449514,0.49516054693501305,0.058356108236411346
2025/Day001_Oat,2025,Day001,oat,29.JPG,29,DJI Mavic 3M RGB camera,nadir,nadir,0.9999915503991843,5280,3956,29_depth.tif,True,True,OPENCV,C:\Users\81902\Documents\Codex\2026-09-20\depth-anything-v2-python-uav-rgb\data\uav3dcrop\2025\Day001_Oat\images\29.JPG,C:\Users\81902\Documents\Codex\2026-09-20\depth-anything-v2-python-uav-rgb\data\uav3dcrop_depth\2025\Day001_Oat\29_depth.tif,https://huggingface.co/datasets/Link-Dev/UAV3DCrop/resolve/main/2025/Day001_Oat/images/29.JPG?download=true,https://huggingface.co/datasets/Link-Dev/UAV3DCrop_depth/resolve/main/2025/Day001_Oat_depth/29_depth.tif?download=true,main,metric_scale_shift,16,20000,0.018669921875,0.018861470937728882,0.058486633691489556,0.0005640372753143311,-0.0828721376308267,-0.008238751790466656,0.504532186203718,0.058356108236411346
2025/Day001_Oat,2025,Day001,oat,29.JPG,29,DJI Mavic 3M RGB camera,nadir,nadir,0.9999915503991843,5280,3956,29_depth.tif,True,True,OPENCV,C:\Users\81902\Documents\Codex\2026-09-20\depth-anything-v2-python-uav-rgb\data\uav3dcrop\2025\Day001_Oat\images\29.JPG,C:\Users\81902\Documents\Codex\2026-09-20\depth-anything-v2-python-uav-rgb\data\uav3dcrop_depth\2025\Day001_Oat\29_depth.tif,https://huggingface.co/datasets/Link-Dev/UAV3DCrop/resolve/main/2025/Day001_Oat/images/29.JPG?download=true,https://huggingface.co/datasets/Link-Dev/UAV3DCrop_depth/resolve/main/2025/Day001_Oat_depth/29_depth.tif?download=true,main,relative_scale_shift,16,20000,0.018669921875,0.018693447828292846,0.058137153847971634,0.00021993088722229004,0.5042286934051725,0.15332124327949725,0.5596865878015056,0.058356108236411346
2025/Day001_Oat,2025,Day001,oat,29.JPG,29,DJI Mavic 3M RGB camera,nadir,nadir,0.9999915503991843,5280,3956,29_depth.tif,True,True,OPENCV,C:\Users\81902\Documents\Codex\2026-09-20\depth-anything-v2-python-uav-rgb\data\uav3dcrop\2025\Day001_Oat\images\29.JPG,C:\Users\81902\Documents\Codex\2026-09-20\depth-anything-v2-python-uav-rgb\data\uav3dcrop_depth\2025\Day001_Oat\29_depth.tif,https://huggingface.co/datasets/Link-Dev/UAV3DCrop/resolve/main/2025/Day001_Oat/images/29.JPG?download=true,https://huggingface.co/datasets/Link-Dev/UAV3DCrop_depth/resolve/main/2025/Day001_Oat_depth/29_depth.tif?download=true,main,metric_raw,32,20000,0.03380390625,0.04181268496513367,0.09105009821426055,-0.003025504779815674,0.14530341168655608,0.015915331249884052,0.500526246546507,0.0901283477593161
2025/Day001_Oat,2025,Day001,oat,29.JPG,29,DJI Mavic 3M RGB camera,nadir,nadir,0.9999915503991843,5280,3956,29_depth.tif,True,True,OPENCV,C:\Users\81902\Documents\Codex\2026-09-20\depth-anything-v2-python-uav-rgb\data\uav3dcrop\2025\Day001_Oat\images\29.JPG,C:\Users\81902\Documents\Codex\2026-09-20\depth-anything-v2-python-uav-rgb\data\uav3dcrop_depth\2025\Day001_Oat\29_depth.tif,https://huggingface.co/datasets/Link-Dev/UAV3DCrop/resolve/main/2025/Day001_Oat/images/29.JPG?download=true,https://huggingface.co/datasets/Link-Dev/UAV3DCrop_depth/resolve/main/2025/Day001_Oat_depth/29_depth.tif?download=true,main,metric_bias_corrected,32,20000,0.03380390625,0.041812686920166015,0.09105009703127603,-0.003025500202178955,0.14530343821513322,0.015915553083981168,0.500526246546507,0.0901283477593161
2025/Day001_Oat,2025,Day001,oat,29.JPG,29,DJI Mavic 3M RGB camera,nadir,nadir,0.9999915503991843,5280,3956,29_depth.tif,True,True,OPENCV,C:\Users\81902\Documents\Codex\2026-09-20\depth-anything-v2-python-uav-rgb\data\uav3dcrop\2025\Day001_Oat\images\29.JPG,C:\Users\81902\Documents\Codex\2026-09-20\depth-anything-v2-python-uav-rgb\data\uav3dcrop_depth\2025\Day001_Oat\29_depth.tif,https://huggingface.co/datasets/Link-Dev/UAV3DCrop/resolve/main/2025/Day001_Oat/images/29.JPG?download=true,https://huggingface.co/datasets/Link-Dev/UAV3DCrop_depth/resolve/main/2025/Day001_Oat_depth/29_depth.tif?download=true,main,metric_scale_shift,32,20000,0.03380390625,0.034032376432418826,0.09039138720953999,0.001266612958908081,-0.1453019147939142,-0.015917149969591808,0.4992764109985528,0.0901283477593161
2025/Day001_Oat,2025,Day001,oat,29.JPG,29,DJI Mavic 3M RGB camera,nadir,nadir,0.9999915503991843,5280,3956,29_depth.tif,True,True,OPENCV,C:\Users\81902\Documents\Codex\2026-09-20\depth-anything-v2-python-uav-rgb\data\uav3dcrop\2025\Day001_Oat\images\29.JPG,C:\Users\81902\Documents\Codex\2026-09-20\depth-anything-v2-python-uav-rgb\data\uav3dcrop_depth\2025\Day001_Oat\29_depth.tif,https://huggingface.co/datasets/Link-Dev/UAV3DCrop/resolve/main/2025/Day001_Oat/images/29.JPG?download=true,https://huggingface.co/datasets/Link-Dev/UAV3DCrop_depth/resolve/main/2025/Day001_Oat_depth/29_depth.tif?download=true,main,relative_scale_shift,32,20000,0.03380390625,0.03376989312171936,0.08966693763476033,0.0006286425113677978,0.5982164162984324,0.1678432795958902,0.5742665438758058,0.0901283477593161
2025/Day001_Oat,2025,Day001,oat,29.JPG,29,DJI Mavic 3M RGB camera,nadir,nadir,0.9999915503991843,5280,3956,29_depth.tif,True,True,OPENCV,C:\Users\81902\Documents\Codex\2026-09-20\depth-anything-v2-python-uav-rgb\data\uav3dcrop\2025\Day001_Oat\images\29.JPG,C:\Users\81902\Documents\Codex\2026-09-20\depth-anything-v2-python-uav-rgb\data\uav3dcrop_depth\2025\Day001_Oat\29_depth.tif,https://huggingface.co/datasets/Link-Dev/UAV3DCrop/resolve/main/2025/Day001_Oat/images/29.JPG?download=true,https://huggingface.co/datasets/Link-Dev/UAV3DCrop_depth/resolve/main/2025/Day001_Oat_depth/29_depth.tif?download=true,main,metric_raw,64,20000,0.05208203125,0.06445109167098999,0.12208813739675425,-0.00618788743019104,0.19634493020469976,0.05373899742068852,0.5102951060059877,0.1225032488184266
2025/Day001_Oat,2025,Day001,oat,29.JPG,29,DJI Mavic 3M RGB camera,nadir,nadir,0.9999915503991843,5280,3956,29_depth.tif,True,True,OPENCV,C:\Users\81902\Documents\Codex\2026-09-20\depth-anything-v2-python-uav-rgb\data\uav3dcrop\2025\Day001_Oat\images\29.JPG,C:\Users\81902\Documents\Codex\2026-09-20\depth-anything-v2-python-uav-rgb\data\uav3dcrop_depth\2025\Day001_Oat\29_depth.tif,https://huggingface.co/datasets/Link-Dev/UAV3DCrop/resolve/main/2025/Day001_Oat/images/29.JPG?download=true,https://huggingface.co/datasets/Link-Dev/UAV3DCrop_depth/resolve/main/2025/Day001_Oat_depth/29_depth.tif?download=true,main,metric_bias_corrected,64,20000,0.05208203125,0.06445108962059021,0.12208813705889815,-0.006187890005111695,0.19634491684531527,0.0537387408707222,0.5102951060059877,0.1225032488184266
2025/Day001_Oat,2025,Day001,oat,29.JPG,29,DJI Mavic 3M RGB camera,nadir,nadir,0.9999915503991843,5280,3956,29_depth.tif,True,True,OPENCV,C:\Users\81902\Documents\Codex\2026-09-20\depth-anything-v2-python-uav-rgb\data\uav3dcrop\2025\Day001_Oat\images\29.JPG,C:\Users\81902\Documents\Codex\2026-09-20\depth-anything-v2-python-uav-rgb\data\uav3dcrop_depth\2025\Day001_Oat\29_depth.tif,https://huggingface.co/datasets/Link-Dev/UAV3DCrop/resolve/main/2025/Day001_Oat/images/29.JPG?download=true,https://huggingface.co/datasets/Link-Dev/UAV3DCrop_depth/resolve/main/2025/Day001_Oat_depth/29_depth.tif?download=true,main,metric_scale_shift,64,20000,0.05208203125,0.052433760690689085,0.12302570197342956,0.002909723424911499,-0.19634400398103188,-0.05373787533796319,0.4895826968900837,0.1225032488184266
2025/Day001_Oat,2025,Day001,oat,29.JPG,29,DJI Mavic 3M RGB camera,nadir,nadir,0.9999915503991843,5280,3956,29_depth.tif,True,True,OPENCV,C:\Users\81902\Documents\Codex\2026-09-20\depth-anything-v2-python-uav-rgb\data\uav3dcrop\2025\Day001_Oat\images\29.JPG,C:\Users\81902\Documents\Codex\2026-09-20\depth-anything-v2-python-uav-rgb\data\uav3dcrop_depth\2025\Day001_Oat\29_depth.tif,https://huggingface.co/datasets/Link-Dev/UAV3DCrop/resolve/main/2025/Day001_Oat/images/29.JPG?download=true,https://huggingface.co/datasets/Link-Dev/UAV3DCrop_depth/resolve/main/2025/Day001_Oat_depth/29_depth.tif?download=true,main,relative_scale_shift,64,20000,0.05208203125,0.051912914323806764,0.12162713423233792,0.0016024094104766845,0.6461826428176981,0.1992298961734615,0.5925948555019246,0.1225032488184266
2025/Day001_Oat,2025,Day001,oat,29.JPG,29,DJI Mavic 3M RGB camera,nadir,nadir,0.9999915503991843,5280,3956,29_depth.tif,True,True,OPENCV,C:\Users\81902\Documents\Codex\2026-09-20\depth-anything-v2-python-uav-rgb\data\uav3dcrop\2025\Day001_Oat\images\29.JPG,C:\Users\81902\Documents\Codex\2026-09-20\depth-anything-v2-python-uav-rgb\data\uav3dcrop_depth\2025\Day001_Oat\29_depth.tif,https://huggingface.co/datasets/Link-Dev/UAV3DCrop/resolve/main/2025/Day001_Oat/images/29.JPG?download=true,https://huggingface.co/datasets/Link-Dev/UAV3DCrop_depth/resolve/main/2025/Day001_Oat_depth/29_depth.tif?download=true,main,metric_raw,128,20000,0.06381171875,0.08580608344078064,0.14935438511423674,-0.01271639175415039,0.20692589908340822,0.10658179156779693,0.5270215594474308,0.147220930218198
2025/Day001_Oat,2025,Day001,oat,29.JPG,29,DJI Mavic 3M RGB camera,nadir,nadir,0.9999915503991843,5280,3956,29_depth.tif,True,True,OPENCV,C:\Users\81902\Documents\Codex\2026-09-20\depth-anything-v2-python-uav-rgb\data\uav3dcrop\2025\Day001_Oat\images\29.JPG,C:\Users\81902\Documents\Codex\2026-09-20\depth-anything-v2-python-uav-rgb\data\uav3dcrop_depth\2025\Day001_Oat\29_depth.tif,https://huggingface.co/datasets/Link-Dev/UAV3DCrop/resolve/main/2025/Day001_Oat/images/29.JPG?download=true,https://huggingface.co/datasets/Link-Dev/UAV3DCrop_depth/resolve/main/2025/Day001_Oat_depth/29_depth.tif?download=true,main,metric_bias_corrected,128,20000,0.06381171875,0.08580608587265015,0.14935438533081197,-0.012716387939453126,0.20692587926836922,0.10658193369841203,0.5270215594474308,0.147220930218198
2025/Day001_Oat,2025,Day001,oat,29.JPG,29,DJI Mavic 3M RGB camera,nadir,nadir,0.9999915503991843,5280,3956,29_depth.tif,True,True,OPENCV,C:\Users\81902\Documents\Codex\2026-09-20\depth-anything-v2-python-uav-rgb\data\uav3dcrop\2025\Day001_Oat\images\29.JPG,C:\Users\81902\Documents\Codex\2026-09-20\depth-anything-v2-python-uav-rgb\data\uav3dcrop_depth\2025\Day001_Oat\29_depth.tif,https://huggingface.co/datasets/Link-Dev/UAV3DCrop/resolve/main/2025/Day001_Oat/images/29.JPG?download=true,https://huggingface.co/datasets/Link-Dev/UAV3DCrop_depth/resolve/main/2025/Day001_Oat_depth/29_depth.tif?download=true,main,metric_scale_shift,128,20000,0.06381171875,0.06434858536720275,0.14805329766406625,0.0038544701099395753,-0.2069253962487797,-0.10658281056127526,0.47292064042540893,0.147220930218198
2025/Day001_Oat,2025,Day001,oat,29.JPG,29,DJI Mavic 3M RGB camera,nadir,nadir,0.9999915503991843,5280,3956,29_depth.tif,True,True,OPENCV,C:\Users\81902\Documents\Codex\2026-09-20\depth-anything-v2-python-uav-rgb\data\uav3dcrop\2025\Day001_Oat\images\29.JPG,C:\Users\81902\Documents\Codex\2026-09-20\depth-anything-v2-python-uav-rgb\data\uav3dcrop_depth\2025\Day001_Oat\29_depth.tif,https://huggingface.co/datasets/Link-Dev/UAV3DCrop/resolve/main/2025/Day001_Oat/images/29.JPG?download=true,https://huggingface.co/datasets/Link-Dev/UAV3DCrop_depth/resolve/main/2025/Day001_Oat_depth/29_depth.tif?download=true,main,relative_scale_shift,128,20000,0.06381171875,0.06344483752250671,0.1455791276077458,0.001320012617111206,0.7126417699887492,0.24860211422001607,0.5901970984336166,0.147220930218198
2025/Day001_Oat,2025,Day001,oat,58.JPG,58,DJI Mavic 3M RGB camera,nadir,nadir,0.9999859307819823,5280,3956,58_depth.tif,True,True,OPENCV,C:\Users\81902\Documents\Codex\2026-09-20\depth-anything-v2-python-uav-rgb\data\uav3dcrop\2025\Day001_Oat\images\58.JPG,C:\Users\81902\Documents\Codex\2026-09-20\depth-anything-v2-python-uav-rgb\data\uav3dcrop_depth\2025\Day001_Oat\58_depth.tif,https://huggingface.co/datasets/Link-Dev/UAV3DCrop/resolve/main/2025/Day001_Oat/images/58.JPG?download=true,https://huggingface.co/datasets/Link-Dev/UAV3DCrop_depth/resolve/main/2025/Day001_Oat_depth/58_depth.tif?download=true,main,metric_raw,8,20000,0.009879296875,0.014925225400924683,0.03792375579862852,0.0011156184196472168,0.13625437292154252,0.006099728700594146,0.4978461538461538,0.03486610671980212
2025/Day001_Oat,2025,Day001,oat,58.JPG,58,DJI Mavic 3M RGB camera,nadir,nadir,0.9999859307819823,5280,3956,58_depth.tif,True,True,OPENCV,C:\Users\81902\Documents\Codex\2026-09-20\depth-anything-v2-python-uav-rgb\data\uav3dcrop\2025\Day001_Oat\images\58.JPG,C:\Users\81902\Documents\Codex\2026-09-20\depth-anything-v2-python-uav-rgb\data\uav3dcrop_depth\2025\Day001_Oat\58_depth.tif,https://huggingface.co/datasets/Link-Dev/UAV3DCrop/resolve/main/2025/Day001_Oat/images/58.JPG?download=true,https://huggingface.co/datasets/Link-Dev/UAV3DCrop_depth/resolve/main/2025/Day001_Oat_depth/58_depth.tif?download=true,main,metric_bias_corrected,8,20000,0.009879296875,0.014925228071212769,0.03792375442088618,0.0011156183719635009,0.1362543950601931,0.00609895690795454,0.49764102564102564,0.03486610671980212
2025/Day001_Oat,2025,Day001,oat,58.JPG,58,DJI Mavic 3M RGB camera,nadir,nadir,0.9999859307819823,5280,3956,58_depth.tif,True,True,OPENCV,C:\Users\81902\Documents\Codex\2026-09-20\depth-anything-v2-python-uav-rgb\data\uav3dcrop\2025\Day001_Oat\images\58.JPG,C:\Users\81902\Documents\Codex\2026-09-20\depth-anything-v2-python-uav-rgb\data\uav3dcrop_depth\2025\Day001_Oat\58_depth.tif,https://huggingface.co/datasets/Link-Dev/UAV3DCrop/resolve/main/2025/Day001_Oat/images/58.JPG?download=true,https://huggingface.co/datasets/Link-Dev/UAV3DCrop_depth/resolve/main/2025/Day001_Oat_depth/58_depth.tif?download=true,main,metric_scale_shift,8,20000,0.009879296875,0.0104444899559021,0.03538259496200543,0.0005725642204284668,-0.13625541414934664,-0.006096616917675834,0.5018461538461538,0.03486610671980212
2025/Day001_Oat,2025,Day001,oat,58.JPG,58,DJI Mavic 3M RGB camera,nadir,nadir,0.9999859307819823,5280,3956,58_depth.tif,True,True,OPENCV,C:\Users\81902\Documents\Codex\2026-09-20\depth-anything-v2-python-uav-rgb\data\uav3dcrop\2025\Day001_Oat\images\58.JPG,C:\Users\81902\Documents\Codex\2026-09-20\depth-anything-v2-python-uav-rgb\data\uav3dcrop_depth\2025\Day001_Oat\58_depth.tif,https://huggingface.co/datasets/Link-Dev/UAV3DCrop/resolve/main/2025/Day001_Oat/images/58.JPG?download=true,https://huggingface.co/datasets/Link-Dev/UAV3DCrop_depth/resolve/main/2025/Day001_Oat_depth/58_depth.tif?download=true,main,relative_scale_shift,8,20000,0.009879296875,0.009993899154663087,0.034780982390673836,0.0005217676162719727,0.2411745318672426,-0.015841637503238862,0.5084102564102564,0.03486610671980212
2025/Day001_Oat,2025,Day001,oat,58.JPG,58,DJI Mavic 3M RGB camera,nadir,nadir,0.9999859307819823,5280,3956,58_depth.tif,True,True,OPENCV,C:\Users\81902\Documents\Codex\2026-09-20\depth-anything-v2-python-uav-rgb\data\uav3dcrop\2025\Day001_Oat\images\58.JPG,C:\Users\81902\Documents\Codex\2026-09-20\depth-anything-v2-python-uav-rgb\data\uav3dcrop_depth\2025\Day001_Oat\58_depth.tif,https://huggingface.co/datasets/Link-Dev/UAV3DCrop/resolve/main/2025/Day001_Oat/images/58.JPG?download=true,https://huggingface.co/datasets/Link-Dev/UAV3DCrop_depth/resolve/main/2025/Day001_Oat_depth/58_depth.tif?download=true,main,metric_raw,16,20000,0.019041015625,0.026370386004447938,0.05670902298897249,0.002652063775062561,0.2242810175664894,0.010793419501653282,0.5013441892618481,0.05367843046841524
2025/Day001_Oat,2025,Day001,oat,58.JPG,58,DJI Mavic 3M RGB camera,nadir,nadir,0.9999859307819823,5280,3956,58_depth.tif,True,True,OPENCV,C:\Users\81902\Documents\Codex\2026-09-20\depth-anything-v2-python-uav-rgb\data\uav3dcrop\2025\Day001_Oat\images\58.JPG,C:\Users\81902\Documents\Codex\2026-09-20\depth-anything-v2-python-uav-rgb\data\uav3dcrop_depth\2025\Day001_Oat\58_depth.tif,https://huggingface.co/datasets/Link-Dev/UAV3DCrop/resolve/main/2025/Day001_Oat/images/58.JPG?download=true,https://huggingface.co/datasets/Link-Dev/UAV3DCrop_depth/resolve/main/2025/Day001_Oat_depth/58_depth.tif?download=true,main,metric_bias_corrected,16,20000,0.019041015625,0.026370389604568483,0.05670902725512597,0.0026520601749420165,0.22428089862556386,0.010793047840412988,0.5013441892618481,0.05367843046841524
2025/Day001_Oat,2025,Day001,oat,58.JPG,58,DJI Mavic 3M RGB camera,nadir,nadir,0.9999859307819823,5280,3956,58_depth.tif,True,True,OPENCV,C:\Users\81902\Documents\Codex\2026-09-20\depth-anything-v2-python-uav-rgb\data\uav3dcrop\2025\Day001_Oat\images\58.JPG,C:\Users\81902\Documents\Codex\2026-09-20\depth-anything-v2-python-uav-rgb\data\uav3dcrop_depth\2025\Day001_Oat\58_depth.tif,https://huggingface.co/datasets/Link-Dev/UAV3DCrop/resolve/main/2025/Day001_Oat/images/58.JPG?download=true,https://huggingface.co/datasets/Link-Dev/UAV3DCrop_depth/resolve/main/2025/Day001_Oat_depth/58_depth.tif?download=true,main,metric_scale_shift,16,20000,0.019041015625,0.01983373908996582,0.05496685562219056,0.001048184871673584,-0.22428107173574777,-0.010792400929243358,0.49857899992318916,0.05367843046841524
2025/Day001_Oat,2025,Day001,oat,58.JPG,58,DJI Mavic 3M RGB camera,nadir,nadir,0.9999859307819823,5280,3956,58_depth.tif,True,True,OPENCV,C:\Users\81902\Documents\Codex\2026-09-20\depth-anything-v2-python-uav-rgb\data\uav3dcrop\2025\Day001_Oat\images\58.JPG,C:\Users\81902\Documents\Codex\2026-09-20\depth-anything-v2-python-uav-rgb\data\uav3dcrop_depth\2025\Day001_Oat\58_depth.tif,https://huggingface.co/datasets/Link-Dev/UAV3DCrop/resolve/main/2025/Day001_Oat/images/58.JPG?download=true,https://huggingface.co/datasets/Link-Dev/UAV3DCrop_depth/resolve/main/2025/Day001_Oat_depth/58_depth.tif?download=true,main,relative_scale_shift,16,20000,0.019041015625,0.01918343162536621,0.05348152394284908,0.00100284423828125,0.2882033547277385,-0.0056869296550828485,0.5133266763960366,0.05367843046841524
2025/Day001_Oat,2025,Day001,oat,58.JPG,58,DJI Mavic 3M RGB camera,nadir,nadir,0.9999859307819823,5280,3956,58_depth.tif,True,True,OPENCV,C:\Users\81902\Documents\Codex\2026-09-20\depth-anything-v2-python-uav-rgb\data\uav3dcrop\2025\Day001_Oat\images\58.JPG,C:\Users\81902\Documents\Codex\2026-09-20\depth-anything-v2-python-uav-rgb\data\uav3dcrop_depth\2025\Day001_Oat\58_depth.tif,https://huggingface.co/datasets/Link-Dev/UAV3DCrop/resolve/main/2025/Day001_Oat/images/58.JPG?download=true,https://huggingface.co/datasets/Link-Dev/UAV3DCrop_depth/resolve/main/2025/Day001_Oat_depth/58_depth.tif?download=true,main,metric_raw,32,20000,0.03370546875,0.04413639512062073,0.08622283751613179,0.005102696371078491,0.2844710880506098,0.05520864196290617,0.5113598946328614,0.07961296293435825
2025/Day001_Oat,2025,Day001,oat,58.JPG,58,DJI Mavic 3M RGB camera,nadir,nadir,0.9999859307819823,5280,3956,58_depth.tif,True,True,OPENCV,C:\Users\81902\Documents\Codex\2026-09-20\depth-anything-v2-python-uav-rgb\data\uav3dcrop\2025\Day001_Oat\images\58.JPG,C:\Users\81902\Documents\Codex\2026-09-20\depth-anything-v2-python-uav-rgb\data\uav3dcrop_depth\2025\Day001_Oat\58_depth.tif,https://huggingface.co/datasets/Link-Dev/UAV3DCrop/resolve/main/2025/Day001_Oat/images/58.JPG?download=true,https://huggingface.co/datasets/Link-Dev/UAV3DCrop_depth/resolve/main/2025/Day001_Oat_depth/58_depth.tif?download=true,main,metric_bias_corrected,32,20000,0.03370546875,0.0441363977432251,0.0862228430181328,0.005102692222595215,0.2844710561300867,0.05520820454548232,0.5113598946328614,0.07961296293435825
2025/Day001_Oat,2025,Day001,oat,58.JPG,58,DJI Mavic 3M RGB camera,nadir,nadir,0.9999859307819823,5280,3956,58_depth.tif,True,True,OPENCV,C:\Users\81902\Documents\Codex\2026-09-20\depth-anything-v2-python-uav-rgb\data\uav3dcrop\2025\Day001_Oat\images\58.JPG,C:\Users\81902\Documents\Codex\2026-09-20\depth-anything-v2-python-uav-rgb\data\uav3dcrop_depth\2025\Day001_Oat\58_depth.tif,https://huggingface.co/datasets/Link-Dev/UAV3DCrop/resolve/main/2025/Day001_Oat/images/58.JPG?download=true,https://huggingface.co/datasets/Link-Dev/UAV3DCrop_depth/resolve/main/2025/Day001_Oat_depth/58_depth.tif?download=true,main,metric_scale_shift,32,20000,0.03370546875,0.0351569176197052,0.08260515292255599,0.001954574251174927,-0.2844709655531229,-0.05520861606644228,0.48864010536713864,0.07961296293435825
2025/Day001_Oat,2025,Day001,oat,58.JPG,58,DJI Mavic 3M RGB camera,nadir,nadir,0.9999859307819823,5280,3956,58_depth.tif,True,True,OPENCV,C:\Users\81902\Documents\Codex\2026-09-20\depth-anything-v2-python-uav-rgb\data\uav3dcrop\2025\Day001_Oat\images\58.JPG,C:\Users\81902\Documents\Codex\2026-09-20\depth-anything-v2-python-uav-rgb\data\uav3dcrop_depth\2025\Day001_Oat\58_depth.tif,https://huggingface.co/datasets/Link-Dev/UAV3DCrop/resolve/main/2025/Day001_Oat/images/58.JPG?download=true,https://huggingface.co/datasets/Link-Dev/UAV3DCrop_depth/resolve/main/2025/Day001_Oat_depth/58_depth.tif?download=true,main,relative_scale_shift,32,20000,0.03370546875,0.033816195154190064,0.07917757406744796,0.0018640753269195556,0.330771116530253,0.04783924189904217,0.5298649983536384,0.07961296293435825
2025/Day001_Oat,2025,Day001,oat,58.JPG,58,DJI Mavic 3M RGB camera,nadir,nadir,0.9999859307819823,5280,3956,58_depth.tif,True,True,OPENCV,C:\Users\81902\Documents\Codex\2026-09-20\depth-anything-v2-python-uav-rgb\data\uav3dcrop\2025\Day001_Oat\images\58.JPG,C:\Users\81902\Documents\Codex\2026-09-20\depth-anything-v2-python-uav-rgb\data\uav3dcrop_depth\2025\Day001_Oat\58_depth.tif,https://huggingface.co/datasets/Link-Dev/UAV3DCrop/resolve/main/2025/Day001_Oat/images/58.JPG?download=true,https://huggingface.co/datasets/Link-Dev/UAV3DCrop_depth/resolve/main/2025/Day001_Oat_depth/58_depth.tif?download=true,main,metric_raw,64,20000,0.053341015625,0.06793496301174164,0.12137676142142423,0.010291488432884216,0.31016933745339303,0.10558980352444679,0.5348492338111716,0.11193296277399697
2025/Day001_Oat,2025,Day001,oat,58.JPG,58,DJI Mavic 3M RGB camera,nadir,nadir,0.9999859307819823,5280,3956,58_depth.tif,True,True,OPENCV,C:\Users\81902\Documents\Codex\2026-09-20\depth-anything-v2-python-uav-rgb\data\uav3dcrop\2025\Day001_Oat\images\58.JPG,C:\Users\81902\Documents\Codex\2026-09-20\depth-anything-v2-python-uav-rgb\data\uav3dcrop_depth\2025\Day001_Oat\58_depth.tif,https://huggingface.co/datasets/Link-Dev/UAV3DCrop/resolve/main/2025/Day001_Oat/images/58.JPG?download=true,https://huggingface.co/datasets/Link-Dev/UAV3DCrop_depth/resolve/main/2025/Day001_Oat_depth/58_depth.tif?download=true,main,metric_bias_corrected,64,20000,0.053341015625,0.06793496103286743,0.12137675923736166,0.010291489696502686,0.3101693772413602,0.10559020772859957,0.5348492338111716,0.11193296277399697
2025/Day001_Oat,2025,Day001,oat,58.JPG,58,DJI Mavic 3M RGB camera,nadir,nadir,0.9999859307819823,5280,3956,58_depth.tif,True,True,OPENCV,C:\Users\81902\Documents\Codex\2026-09-20\depth-anything-v2-python-uav-rgb\data\uav3dcrop\2025\Day001_Oat\images\58.JPG,C:\Users\81902\Documents\Codex\2026-09-20\depth-anything-v2-python-uav-rgb\data\uav3dcrop_depth\2025\Day001_Oat\58_depth.tif,https://huggingface.co/datasets/Link-Dev/UAV3DCrop/resolve/main/2025/Day001_Oat/images/58.JPG?download=true,https://huggingface.co/datasets/Link-Dev/UAV3DCrop_depth/resolve/main/2025/Day001_Oat_depth/58_depth.tif?download=true,main,metric_scale_shift,64,20000,0.053341015625,0.0558158890247345,0.11672164586437626,0.003392211484909058,-0.3101691715557103,-0.10558998822033727,0.46515076618882845,0.11193296277399697
2025/Day001_Oat,2025,Day001,oat,58.JPG,58,DJI Mavic 3M RGB camera,nadir,nadir,0.9999859307819823,5280,3956,58_depth.tif,True,True,OPENCV,C:\Users\81902\Documents\Codex\2026-09-20\depth-anything-v2-python-uav-rgb\data\uav3dcrop\2025\Day001_Oat\images\58.JPG,C:\Users\81902\Documents\Codex\2026-09-20\depth-anything-v2-python-uav-rgb\data\uav3dcrop_depth\2025\Day001_Oat\58_depth.tif,https://huggingface.co/datasets/Link-Dev/UAV3DCrop/resolve/main/2025/Day001_Oat/images/58.JPG?download=true,https://huggingface.co/datasets/Link-Dev/UAV3DCrop_depth/resolve/main/2025/Day001_Oat_depth/58_depth.tif?download=true,main,relative_scale_shift,64,20000,0.053341015625,0.05327336039543152,0.1111840981110334,0.0032832151889801028,0.30859522124472655,0.10563026488312127,0.5686480474542758,0.11193296277399697
2025/Day001_Oat,2025,Day001,oat,58.JPG,58,DJI Mavic 3M RGB camera,nadir,nadir,0.9999859307819823,5280,3956,58_depth.tif,True,True,OPENCV,C:\Users\81902\Documents\Codex\2026-09-20\depth-anything-v2-python-uav-rgb\data\uav3dcrop\2025\Day001_Oat\images\58.JPG,C:\Users\81902\Documents\Codex\2026-09-20\depth-anything-v2-python-uav-rgb\data\uav3dcrop_depth\2025\Day001_Oat\58_depth.tif,https://huggingface.co/datasets/Link-Dev/UAV3DCrop/resolve/main/2025/Day001_Oat/images/58.JPG?download=true,https://huggingface.co/datasets/Link-Dev/UAV3DCrop_depth/resolve/main/2025/Day001_Oat_depth/58_depth.tif?download=true,main,metric_raw,128,20000,0.061314453125,0.09448783903121949,0.1666758651281421,0.024414713525772094,0.26649606145113697,0.07001668930180359,0.5289626270164762,0.128672153986468
2025/Day001_Oat,2025,Day001,oat,58.JPG,58,DJI Mavic 3M RGB camera,nadir,nadir,0.9999859307819823,5280,3956,58_depth.tif,True,True,OPENCV,C:\Users\81902\Documents\Codex\2026-09-20\depth-anything-v2-python-uav-rgb\data\uav3dcrop\2025\Day001_Oat\images\58.JPG,C:\Users\81902\Documents\Codex\2026-09-20\depth-anything-v2-python-uav-rgb\data\uav3dcrop_depth\2025\Day001_Oat\58_depth.tif,https://huggingface.co/datasets/Link-Dev/UAV3DCrop/resolve/main/2025/Day001_Oat/images/58.JPG?download=true,https://huggingface.co/datasets/Link-Dev/UAV3DCrop_depth/resolve/main/2025/Day001_Oat_depth/58_depth.tif?download=true,main,metric_bias_corrected,128,20000,0.061314453125,0.09448784313201904,0.1666758624297507,0.02441471347808838,0.2664960705637846,0.07001653489171566,0.5289626270164762,0.128672153986468
2025/Day001_Oat,2025,Day001,oat,58.JPG,58,DJI Mavic 3M RGB camera,nadir,nadir,0.9999859307819823,5280,3956,58_depth.tif,True,True,OPENCV,C:\Users\81902\Documents\Codex\2026-09-20\depth-anything-v2-python-uav-rgb\data\uav3dcrop\2025\Day001_Oat\images\58.JPG,C:\Users\81902\Documents\Codex\2026-09-20\depth-anything-v2-python-uav-rgb\data\uav3dcrop_depth\2025\Day001_Oat\58_depth.tif,https://huggingface.co/datasets/Link-Dev/UAV3DCrop/resolve/main/2025/Day001_Oat/images/58.JPG?download=true,https://huggingface.co/datasets/Link-Dev/UAV3DCrop_depth/resolve/main/2025/Day001_Oat_depth/58_depth.tif?download=true,main,metric_scale_shift,128,20000,0.061314453125,0.06469198417663574,0.1356980895363232,0.006925700569152832,-0.2664960230348487,-0.07001730857139139,0.4709799644066824,0.128672153986468
2025/Day001_Oat,2025,Day001,oat,58.JPG,58,DJI Mavic 3M RGB camera,nadir,nadir,0.9999859307819823,5280,3956,58_depth.tif,True,True,OPENCV,C:\Users\81902\Documents\Codex\2026-09-20\depth-anything-v2-python-uav-rgb\data\uav3dcrop\2025\Day001_Oat\images\58.JPG,C:\Users\81902\Documents\Codex\2026-09-20\depth-anything-v2-python-uav-rgb\data\uav3dcrop_depth\2025\Day001_Oat\58_depth.tif,https://huggingface.co/datasets/Link-Dev/UAV3DCrop/resolve/main/2025/Day001_Oat/images/58.JPG?download=true,https://huggingface.co/datasets/Link-Dev/UAV3DCrop_depth/resolve/main/2025/Day001_Oat_depth/58_depth.tif?download=true,main,relative_scale_shift,128,20000,0.061314453125,0.06108205943107605,0.12777429598196302,0.007246672582626343,0.24019516315203224,0.06769554897396099,0.5737987255295941,0.128672153986468
2025/Day001_Oat,2025,Day001,oat,87.JPG,87,DJI Mavic 3M RGB camera,nadir,nadir,0.9999919169704282,5280,3956,87_depth.tif,True,True,OPENCV,C:\Users\81902\Documents\Codex\2026-09-20\depth-anything-v2-python-uav-rgb\data\uav3dcrop\2025\Day001_Oat\images\87.JPG,C:\Users\81902\Documents\Codex\2026-09-20\depth-anything-v2-python-uav-rgb\data\uav3dcrop_depth\2025\Day001_Oat\87_depth.tif,https://huggingface.co/datasets/Link-Dev/UAV3DCrop/resolve/main/2025/Day001_Oat/images/87.JPG?download=true,https://huggingface.co/datasets/Link-Dev/UAV3DCrop_depth/resolve/main/2025/Day001_Oat_depth/87_depth.tif?download=true,main,metric_raw,8,20000,0.012522265625,0.015384622931480407,0.04071534193754349,0.0005950883150100708,0.0360030841628958,0.008517430117717493,0.49977274793200616,0.04006389647336692
2025/Day001_Oat,2025,Day001,oat,87.JPG,87,DJI Mavic 3M RGB camera,nadir,nadir,0.9999919169704282,5280,3956,87_depth.tif,True,True,OPENCV,C:\Users\81902\Documents\Codex\2026-09-20\depth-anything-v2-python-uav-rgb\data\uav3dcrop\2025\Day001_Oat\images\87.JPG,C:\Users\81902\Documents\Codex\2026-09-20\depth-anything-v2-python-uav-rgb\data\uav3dcrop_depth\2025\Day001_Oat\87_depth.tif,https://huggingface.co/datasets/Link-Dev/UAV3DCrop/resolve/main/2025/Day001_Oat/images/87.JPG?download=true,https://huggingface.co/datasets/Link-Dev/UAV3DCrop_depth/resolve/main/2025/Day001_Oat_depth/87_depth.tif?download=true,main,metric_bias_corrected,8,20000,0.012522265625,0.015384622240066528,0.04071534982222972,0.0005950907230377197,0.036002212297132734,0.00851730322826572,0.49977274793200616,0.04006389647336692
2025/Day001_Oat,2025,Day001,oat,87.JPG,87,DJI Mavic 3M RGB camera,nadir,nadir,0.9999919169704282,5280,3956,87_depth.tif,True,True,OPENCV,C:\Users\81902\Documents\Codex\2026-09-20\depth-anything-v2-python-uav-rgb\data\uav3dcrop\2025\Day001_Oat\images\87.JPG,C:\Users\81902\Documents\Codex\2026-09-20\depth-anything-v2-python-uav-rgb\data\uav3dcrop_depth\2025\Day001_Oat\87_depth.tif,https://huggingface.co/datasets/Link-Dev/UAV3DCrop/resolve/main/2025/Day001_Oat/images/87.JPG?download=true,https://huggingface.co/datasets/Link-Dev/UAV3DCrop_depth/resolve/main/2025/Day001_Oat_depth/87_depth.tif?download=true,main,metric_scale_shift,8,20000,0.012522265625,0.012601129627227783,0.04006202724202608,0.0007874195098876954,0.03600813240602491,0.00851571567547975,0.4991364421416235,0.04006389647336692
2025/Day001_Oat,2025,Day001,oat,87.JPG,87,DJI Mavic 3M RGB camera,nadir,nadir,0.9999919169704282,5280,3956,87_depth.tif,True,True,OPENCV,C:\Users\81902\Documents\Codex\2026-09-20\depth-anything-v2-python-uav-rgb\data\uav3dcrop\2025\Day001_Oat\images\87.JPG,C:\Users\81902\Documents\Codex\2026-09-20\depth-anything-v2-python-uav-rgb\data\uav3dcrop_depth\2025\Day001_Oat\87_depth.tif,https://huggingface.co/datasets/Link-Dev/UAV3DCrop/resolve/main/2025/Day001_Oat/images/87.JPG?download=true,https://huggingface.co/datasets/Link-Dev/UAV3DCrop_depth/resolve/main/2025/Day001_Oat_depth/87_depth.tif?download=true,main,relative_scale_shift,8,20000,0.012522265625,0.012826792001724242,0.03971345483814639,0.0001749727725982666,0.2523158840986369,0.07628548068601713,0.5594036905735842,0.04006389647336692
2025/Day001_Oat,2025,Day001,oat,87.JPG,87,DJI Mavic 3M RGB camera,nadir,nadir,0.9999919169704282,5280,3956,87_depth.tif,True,True,OPENCV,C:\Users\81902\Documents\Codex\2026-09-20\depth-anything-v2-python-uav-rgb\data\uav3dcrop\2025\Day001_Oat\images\87.JPG,C:\Users\81902\Documents\Codex\2026-09-20\depth-anything-v2-python-uav-rgb\data\uav3dcrop_depth\2025\Day001_Oat\87_depth.tif,https://huggingface.co/datasets/Link-Dev/UAV3DCrop/resolve/main/2025/Day001_Oat/images/87.JPG?download=true,https://huggingface.co/datasets/Link-Dev/UAV3DCrop_depth/resolve/main/2025/Day001_Oat_depth/87_depth.tif?download=true,main,metric_raw,16,20000,0.024683984375,0.028874311351776122,0.06390442709043839,0.0010744391441345215,0.036034928810373325,0.004592702059500816,0.504988325196349,0.06285348057665037
2025/Day001_Oat,2025,Day001,oat,87.JPG,87,DJI Mavic 3M RGB camera,nadir,nadir,0.9999919169704282,5280,3956,87_depth.tif,True,True,OPENCV,C:\Users\81902\Documents\Codex\2026-09-20\depth-anything-v2-python-uav-rgb\data\uav3dcrop\2025\Day001_Oat\images\87.JPG,C:\Users\81902\Documents\Codex\2026-09-20\depth-anything-v2-python-uav-rgb\data\uav3dcrop_depth\2025\Day001_Oat\87_depth.tif,https://huggingface.co/datasets/Link-Dev/UAV3DCrop/resolve/main/2025/Day001_Oat/images/87.JPG?download=true,https://huggingface.co/datasets/Link-Dev/UAV3DCrop_depth/resolve/main/2025/Day001_Oat_depth/87_depth.tif?download=true,main,metric_bias_corrected,16,20000,0.024683984375,0.02887430877685547,0.06390442837827656,0.0010744422912597655,0.03603492444103868,0.004591795598137178,0.504988325196349,0.06285348057665037
2025/Day001_Oat,2025,Day001,oat,87.JPG,87,DJI Mavic 3M RGB camera,nadir,nadir,0.9999919169704282,5280,3956,87_depth.tif,True,True,OPENCV,C:\Users\81902\Documents\Codex\2026-09-20\depth-anything-v2-python-uav-rgb\data\uav3dcrop\2025\Day001_Oat\images\87.JPG,C:\Users\81902\Documents\Codex\2026-09-20\depth-anything-v2-python-uav-rgb\data\uav3dcrop_depth\2025\Day001_Oat\87_depth.tif,https://huggingface.co/datasets/Link-Dev/UAV3DCrop/resolve/main/2025/Day001_Oat/images/87.JPG?download=true,https://huggingface.co/datasets/Link-Dev/UAV3DCrop_depth/resolve/main/2025/Day001_Oat_depth/87_depth.tif?download=true,main,metric_scale_shift,16,20000,0.024683984375,0.024772373723983766,0.06286008378727719,0.001656620740890503,0.03603419255189312,0.0045907559990360095,0.5045637868817661,0.06285348057665037
2025/Day001_Oat,2025,Day001,oat,87.JPG,87,DJI Mavic 3M RGB camera,nadir,nadir,0.9999919169704282,5280,3956,87_depth.tif,True,True,OPENCV,C:\Users\81902\Documents\Codex\2026-09-20\depth-anything-v2-python-uav-rgb\data\uav3dcrop\2025\Day001_Oat\images\87.JPG,C:\Users\81902\Documents\Codex\2026-09-20\depth-anything-v2-python-uav-rgb\data\uav3dcrop_depth\2025\Day001_Oat\87_depth.tif,https://huggingface.co/datasets/Link-Dev/UAV3DCrop/resolve/main/2025/Day001_Oat/images/87.JPG?download=true,https://huggingface.co/datasets/Link-Dev/UAV3DCrop_depth/resolve/main/2025/Day001_Oat_depth/87_depth.tif?download=true,main,relative_scale_shift,16,20000,0.024683984375,0.0248696656703949,0.06191674732206126,0.000425087308883667,0.3353881916921212,0.09510477310919435,0.5526781292011604,0.06285348057665037
2025/Day001_Oat,2025,Day001,oat,87.JPG,87,DJI Mavic 3M RGB camera,nadir,nadir,0.9999919169704282,5280,3956,87_depth.tif,True,True,OPENCV,C:\Users\81902\Documents\Codex\2026-09-20\depth-anything-v2-python-uav-rgb\data\uav3dcrop\2025\Day001_Oat\images\87.JPG,C:\Users\81902\Documents\Codex\2026-09-20\depth-anything-v2-python-uav-rgb\data\uav3dcrop_depth\2025\Day001_Oat\87_depth.tif,https://huggingface.co/datasets/Link-Dev/UAV3DCrop/resolve/main/2025/Day001_Oat/images/87.JPG?download=true,https://huggingface.co/datasets/Link-Dev/UAV3DCrop_depth/resolve/main/2025/Day001_Oat_depth/87_depth.tif?download=true,main,metric_raw,32,20000,0.043545703125,0.050018124389648436,0.09295016061622804,0.001442300510406494,0.052954685575333685,0.013813871133035557,0.504826314171534,0.09102444664111956
2025/Day001_Oat,2025,Day001,oat,87.JPG,87,DJI Mavic 3M RGB camera,nadir,nadir,0.9999919169704282,5280,3956,87_depth.tif,True,True,OPENCV,C:\Users\81902\Documents\Codex\2026-09-20\depth-anything-v2-python-uav-rgb\data\uav3dcrop\2025\Day001_Oat\images\87.JPG,C:\Users\81902\Documents\Codex\2026-09-20\depth-anything-v2-python-uav-rgb\data\uav3dcrop_depth\2025\Day001_Oat\87_depth.tif,https://huggingface.co/datasets/Link-Dev/UAV3DCrop/resolve/main/2025/Day001_Oat/images/87.JPG?download=true,https://huggingface.co/datasets/Link-Dev/UAV3DCrop_depth/resolve/main/2025/Day001_Oat_depth/87_depth.tif?download=true,main,metric_bias_corrected,32,20000,0.043545703125,0.05001811947822571,0.09295015444621776,0.001442302942276001,0.052954933622556856,0.01381422985138565,0.504826314171534,0.09102444664111956
2025/Day001_Oat,2025,Day001,oat,87.JPG,87,DJI Mavic 3M RGB camera,nadir,nadir,0.9999919169704282,5280,3956,87_depth.tif,True,True,OPENCV,C:\Users\81902\Documents\Codex\2026-09-20\depth-anything-v2-python-uav-rgb\data\uav3dcrop\2025\Day001_Oat\images\87.JPG,C:\Users\81902\Documents\Codex\2026-09-20\depth-anything-v2-python-uav-rgb\data\uav3dcrop_depth\2025\Day001_Oat\87_depth.tif,https://huggingface.co/datasets/Link-Dev/UAV3DCrop/resolve/main/2025/Day001_Oat/images/87.JPG?download=true,https://huggingface.co/datasets/Link-Dev/UAV3DCrop_depth/resolve/main/2025/Day001_Oat_depth/87_depth.tif?download=true,main,metric_scale_shift,32,20000,0.043545703125,0.043631083917617795,0.09101695877669136,0.0024171268939971926,0.05295633573732203,0.013821635213029482,0.5046418690439595,0.09102444664111956
2025/Day001_Oat,2025,Day001,oat,87.JPG,87,DJI Mavic 3M RGB camera,nadir,nadir,0.9999919169704282,5280,3956,87_depth.tif,True,True,OPENCV,C:\Users\81902\Documents\Codex\2026-09-20\depth-anything-v2-python-uav-rgb\data\uav3dcrop\2025\Day001_Oat\images\87.JPG,C:\Users\81902\Documents\Codex\2026-09-20\depth-anything-v2-python-uav-rgb\data\uav3dcrop_depth\2025\Day001_Oat\87_depth.tif,https://huggingface.co/datasets/Link-Dev/UAV3DCrop/resolve/main/2025/Day001_Oat/images/87.JPG?download=true,https://huggingface.co/datasets/Link-Dev/UAV3DCrop_depth/resolve/main/2025/Day001_Oat_depth/87_depth.tif?download=true,main,relative_scale_shift,32,20000,0.043545703125,0.04334973640441894,0.08901782640665547,1.3265132904052734e-05,0.381798133499971,0.14636867244619428,0.5670458038733477,0.09102444664111956
2025/Day001_Oat,2025,Day001,oat,87.JPG,87,DJI Mavic 3M RGB camera,nadir,nadir,0.9999919169704282,5280,3956,87_depth.tif,True,True,OPENCV,C:\Users\81902\Documents\Codex\2026-09-20\depth-anything-v2-python-uav-rgb\data\uav3dcrop\2025\Day001_Oat\images\87.JPG,C:\Users\81902\Documents\Codex\2026-09-20\depth-anything-v2-python-uav-rgb\data\uav3dcrop_depth\2025\Day001_Oat\87_depth.tif,https://huggingface.co/datasets/Link-Dev/UAV3DCrop/resolve/main/2025/Day001_Oat/images/87.JPG?download=true,https://huggingface.co/datasets/Link-Dev/UAV3DCrop_depth/resolve/main/2025/Day001_Oat_depth/87_depth.tif?download=true,main,metric_raw,64,20000,0.071612890625,0.08164206819534302,0.1343026760433672,0.0026168359756469726,0.051245658219271746,0.03127145895392493,0.5222539812168232,0.12963553750919007
2025/Day001_Oat,2025,Day001,oat,87.JPG,87,DJI Mavic 3M RGB camera,nadir,nadir,0.9999919169704282,5280,3956,87_depth.tif,True,True,OPENCV,C:\Users\81902\Documents\Codex\2026-09-20\depth-anything-v2-python-uav-rgb\data\uav3dcrop\2025\Day001_Oat\images\87.JPG,C:\Users\81902\Documents\Codex\2026-09-20\depth-anything-v2-python-uav-rgb\data\uav3dcrop_depth\2025\Day001_Oat\87_depth.tif,https://huggingface.co/datasets/Link-Dev/UAV3DCrop/resolve/main/2025/Day001_Oat/images/87.JPG?download=true,https://huggingface.co/datasets/Link-Dev/UAV3DCrop_depth/resolve/main/2025/Day001_Oat_depth/87_depth.tif?download=true,main,metric_bias_corrected,64,20000,0.071612890625,0.08164206709861756,0.13430267653466418,0.00261683554649353,0.05124564865370082,0.03127141642454775,0.5222539812168232,0.12963553750919007
2025/Day001_Oat,2025,Day001,oat,87.JPG,87,DJI Mavic 3M RGB camera,nadir,nadir,0.9999919169704282,5280,3956,87_depth.tif,True,True,OPENCV,C:\Users\81902\Documents\Codex\2026-09-20\depth-anything-v2-python-uav-rgb\data\uav3dcrop\2025\Day001_Oat\images\87.JPG,C:\Users\81902\Documents\Codex\2026-09-20\depth-anything-v2-python-uav-rgb\data\uav3dcrop_depth\2025\Day001_Oat\87_depth.tif,https://huggingface.co/datasets/Link-Dev/UAV3DCrop/resolve/main/2025/Day001_Oat/images/87.JPG?download=true,https://huggingface.co/datasets/Link-Dev/UAV3DCrop_depth/resolve/main/2025/Day001_Oat_depth/87_depth.tif?download=true,main,metric_scale_shift,64,20000,0.071612890625,0.07167396264076233,0.12966629828165363,0.004989398050308227,0.05124515110054586,0.031271917344242,0.5220789826751444,0.12963553750919007
2025/Day001_Oat,2025,Day001,oat,87.JPG,87,DJI Mavic 3M RGB camera,nadir,nadir,0.9999919169704282,5280,3956,87_depth.tif,True,True,OPENCV,C:\Users\81902\Documents\Codex\2026-09-20\depth-anything-v2-python-uav-rgb\data\uav3dcrop\2025\Day001_Oat\images\87.JPG,C:\Users\81902\Documents\Codex\2026-09-20\depth-anything-v2-python-uav-rgb\data\uav3dcrop_depth\2025\Day001_Oat\87_depth.tif,https://huggingface.co/datasets/Link-Dev/UAV3DCrop/resolve/main/2025/Day001_Oat/images/87.JPG?download=true,https://huggingface.co/datasets/Link-Dev/UAV3DCrop_depth/resolve/main/2025/Day001_Oat_depth/87_depth.tif?download=true,main,relative_scale_shift,64,20000,0.071612890625,0.07061054949760437,0.12515859013553388,0.00013603014945983886,0.45083778033754296,0.23109650180825952,0.597386688444263,0.12963553750919007
2025/Day001_Oat,2025,Day001,oat,87.JPG,87,DJI Mavic 3M RGB camera,nadir,nadir,0.9999919169704282,5280,3956,87_depth.tif,True,True,OPENCV,C:\Users\81902\Documents\Codex\2026-09-20\depth-anything-v2-python-uav-rgb\data\uav3dcrop\2025\Day001_Oat\images\87.JPG,C:\Users\81902\Documents\Codex\2026-09-20\depth-anything-v2-python-uav-rgb\data\uav3dcrop_depth\2025\Day001_Oat\87_depth.tif,https://huggingface.co/datasets/Link-Dev/UAV3DCrop/resolve/main/2025/Day001_Oat/images/87.JPG?download=true,https://huggingface.co/datasets/Link-Dev/UAV3DCrop_depth/resolve/main/2025/Day001_Oat_depth/87_depth.tif?download=true,main,metric_raw,128,20000,0.091625390625,0.10995469617843628,0.17027394090355252,0.008498087167739869,0.028805066049141168,0.014820156932953571,0.5266611064776202,0.15944614248505054
2025/Day001_Oat,2025,Day001,oat,87.JPG,87,DJI Mavic 3M RGB camera,nadir,nadir,0.9999919169704282,5280,3956,87_depth.tif,True,True,OPENCV,C:\Users\81902\Documents\Codex\2026-09-20\depth-anything-v2-python-uav-rgb\data\uav3dcrop\2025\Day001_Oat\images\87.JPG,C:\Users\81902\Documents\Codex\2026-09-20\depth-anything-v2-python-uav-rgb\data\uav3dcrop_depth\2025\Day001_Oat\87_depth.tif,https://huggingface.co/datasets/Link-Dev/UAV3DCrop/resolve/main/2025/Day001_Oat/images/87.JPG?download=true,https://huggingface.co/datasets/Link-Dev/UAV3DCrop_depth/resolve/main/2025/Day001_Oat_depth/87_depth.tif?download=true,main,metric_bias_corrected,128,20000,0.091625390625,0.1099546893119812,0.17027393756260767,0.008498091411590577,0.028805109418662517,0.014820480697112863,0.5266611064776202,0.15944614248505054
2025/Day001_Oat,2025,Day001,oat,87.JPG,87,DJI Mavic 3M RGB camera,nadir,nadir,0.9999919169704282,5280,3956,87_depth.tif,True,True,OPENCV,C:\Users\81902\Documents\Codex\2026-09-20\depth-anything-v2-python-uav-rgb\data\uav3dcrop\2025\Day001_Oat\images\87.JPG,C:\Users\81902\Documents\Codex\2026-09-20\depth-anything-v2-python-uav-rgb\data\uav3dcrop_depth\2025\Day001_Oat\87_depth.tif,https://huggingface.co/datasets/Link-Dev/UAV3DCrop/resolve/main/2025/Day001_Oat/images/87.JPG?download=true,https://huggingface.co/datasets/Link-Dev/UAV3DCrop_depth/resolve/main/2025/Day001_Oat_depth/87_depth.tif?download=true,main,metric_scale_shift,128,20000,0.091625390625,0.09166339921951294,0.15986860075797277,0.012249821090698242,0.02880517078950374,0.014819132165923317,0.5266055045871559,0.15944614248505054
2025/Day001_Oat,2025,Day001,oat,87.JPG,87,DJI Mavic 3M RGB camera,nadir,nadir,0.9999919169704282,5280,3956,87_depth.tif,True,True,OPENCV,C:\Users\81902\Documents\Codex\2026-09-20\depth-anything-v2-python-uav-rgb\data\uav3dcrop\2025\Day001_Oat\images\87.JPG,C:\Users\81902\Documents\Codex\2026-09-20\depth-anything-v2-python-uav-rgb\data\uav3dcrop_depth\2025\Day001_Oat\87_depth.tif,https://huggingface.co/datasets/Link-Dev/UAV3DCrop/resolve/main/2025/Day001_Oat/images/87.JPG?download=true,https://huggingface.co/datasets/Link-Dev/UAV3DCrop_depth/resolve/main/2025/Day001_Oat_depth/87_depth.tif?download=true,main,relative_scale_shift,128,20000,0.091625390625,0.08985052151679992,0.15113761316210128,0.002220330190658569,0.4902816744541178,0.2738849808354921,0.6086182930219628,0.15944614248505054
2025/Day001_Oat,2025,Day001,oat,358.JPG,358,DJI Mavic 3M RGB camera,nadir,nadir,0.9999615547999979,5280,3956,358_depth.tif,True,True,OPENCV,C:\Users\81902\Documents\Codex\2026-09-20\depth-anything-v2-python-uav-rgb\data\uav3dcrop\2025\Day001_Oat\images\358.JPG,C:\Users\81902\Documents\Codex\2026-09-20\depth-anything-v2-python-uav-rgb\data\uav3dcrop_depth\2025\Day001_Oat\358_depth.tif,https://huggingface.co/datasets/Link-Dev/UAV3DCrop/resolve/main/2025/Day001_Oat/images/358.JPG?download=true,https://huggingface.co/datasets/Link-Dev/UAV3DCrop_depth/resolve/main/2025/Day001_Oat_depth/358_depth.tif?download=true,main,metric_raw,8,20000,0.00821015625,0.012705905938148498,0.0358980696749973,0.00015213053226470946,0.06435053578004721,-0.008218840767080434,0.4789186783846924,0.03489719261967036
2025/Day001_Oat,2025,Day001,oat,358.JPG,358,DJI Mavic 3M RGB camera,nadir,nadir,0.9999615547999979,5280,3956,358_depth.tif,True,True,OPENCV,C:\Users\81902\Documents\Codex\2026-09-20\depth-anything-v2-python-uav-rgb\data\uav3dcrop\2025\Day001_Oat\images\358.JPG,C:\Users\81902\Documents\Codex\2026-09-20\depth-anything-v2-python-uav-rgb\data\uav3dcrop_depth\2025\Day001_Oat\358_depth.tif,https://huggingface.co/datasets/Link-Dev/UAV3DCrop/resolve/main/2025/Day001_Oat/images/358.JPG?download=true,https://huggingface.co/datasets/Link-Dev/UAV3DCrop_depth/resolve/main/2025/Day001_Oat_depth/358_depth.tif?download=true,main,metric_bias_corrected,8,20000,0.00821015625,0.01270590763092041,0.03589807053427642,0.00015213270187377928,0.06435047722602805,-0.008218708837339014,0.4789186783846924,0.03489719261967036
2025/Day001_Oat,2025,Day001,oat,358.JPG,358,DJI Mavic 3M RGB camera,nadir,nadir,0.9999615547999979,5280,3956,358_depth.tif,True,True,OPENCV,C:\Users\81902\Documents\Codex\2026-09-20\depth-anything-v2-python-uav-rgb\data\uav3dcrop\2025\Day001_Oat\images\358.JPG,C:\Users\81902\Documents\Codex\2026-09-20\depth-anything-v2-python-uav-rgb\data\uav3dcrop_depth\2025\Day001_Oat\358_depth.tif,https://huggingface.co/datasets/Link-Dev/UAV3DCrop/resolve/main/2025/Day001_Oat/images/358.JPG?download=true,https://huggingface.co/datasets/Link-Dev/UAV3DCrop_depth/resolve/main/2025/Day001_Oat_depth/358_depth.tif?download=true,main,metric_scale_shift,8,20000,0.00821015625,0.008466953277587891,0.034855521023859,9.503993988037109e-05,0.06435293853231122,-0.008210643212483796,0.4786961842251641,0.03489719261967036
2025/Day001_Oat,2025,Day001,oat,358.JPG,358,DJI Mavic 3M RGB camera,nadir,nadir,0.9999615547999979,5280,3956,358_depth.tif,True,True,OPENCV,C:\Users\81902\Documents\Codex\2026-09-20\depth-anything-v2-python-uav-rgb\data\uav3dcrop\2025\Day001_Oat\images\358.JPG,C:\Users\81902\Documents\Codex\2026-09-20\depth-anything-v2-python-uav-rgb\data\uav3dcrop_depth\2025\Day001_Oat\358_depth.tif,https://huggingface.co/datasets/Link-Dev/UAV3DCrop/resolve/main/2025/Day001_Oat/images/358.JPG?download=true,https://huggingface.co/datasets/Link-Dev/UAV3DCrop_depth/resolve/main/2025/Day001_Oat_depth/358_depth.tif?download=true,main,relative_scale_shift,8,20000,0.00821015625,0.008520932769775391,0.034146965995389016,0.00019560699462890625,0.24803613573661404,0.0852720134344255,0.5324285237512515,0.03489719261967036
2025/Day001_Oat,2025,Day001,oat,358.JPG,358,DJI Mavic 3M RGB camera,nadir,nadir,0.9999615547999979,5280,3956,358_depth.tif,True,True,OPENCV,C:\Users\81902\Documents\Codex\2026-09-20\depth-anything-v2-python-uav-rgb\data\uav3dcrop\2025\Day001_Oat\images\358.JPG,C:\Users\81902\Documents\Codex\2026-09-20\depth-anything-v2-python-uav-rgb\data\uav3dcrop_depth\2025\Day001_Oat\358_depth.tif,https://huggingface.co/datasets/Link-Dev/UAV3DCrop/resolve/main/2025/Day001_Oat/images/358.JPG?download=true,https://huggingface.co/datasets/Link-Dev/UAV3DCrop_depth/resolve/main/2025/Day001_Oat_depth/358_depth.tif?download=true,main,metric_raw,16,20000,0.014928515625,0.022300133204460143,0.051107771310129155,0.0002108271360397339,0.06788462195832834,-0.03005765089333254,0.47304810248972684,0.04900028959071941
2025/Day001_Oat,2025,Day001,oat,358.JPG,358,DJI Mavic 3M RGB camera,nadir,nadir,0.9999615547999979,5280,3956,358_depth.tif,True,True,OPENCV,C:\Users\81902\Documents\Codex\2026-09-20\depth-anything-v2-python-uav-rgb\data\uav3dcrop\2025\Day001_Oat\images\358.JPG,C:\Users\81902\Documents\Codex\2026-09-20\depth-anything-v2-python-uav-rgb\data\uav3dcrop_depth\2025\Day001_Oat\358_depth.tif,https://huggingface.co/datasets/Link-Dev/UAV3DCrop/resolve/main/2025/Day001_Oat/images/358.JPG?download=true,https://huggingface.co/datasets/Link-Dev/UAV3DCrop_depth/resolve/main/2025/Day001_Oat_depth/358_depth.tif?download=true,main,metric_bias_corrected,16,20000,0.014928515625,0.022300132751464842,0.05110776714612516,0.00021082067489624023,0.06788487050382075,-0.03005684877706554,0.47296752880509224,0.04900028959071941
2025/Day001_Oat,2025,Day001,oat,358.JPG,358,DJI Mavic 3M RGB camera,nadir,nadir,0.9999615547999979,5280,3956,358_depth.tif,True,True,OPENCV,C:\Users\81902\Documents\Codex\2026-09-20\depth-anything-v2-python-uav-rgb\data\uav3dcrop\2025\Day001_Oat\images\358.JPG,C:\Users\81902\Documents\Codex\2026-09-20\depth-anything-v2-python-uav-rgb\data\uav3dcrop_depth\2025\Day001_Oat\358_depth.tif,https://huggingface.co/datasets/Link-Dev/UAV3DCrop/resolve/main/2025/Day001_Oat/images/358.JPG?download=true,https://huggingface.co/datasets/Link-Dev/UAV3DCrop_depth/resolve/main/2025/Day001_Oat_depth/358_depth.tif?download=true,main,metric_scale_shift,16,20000,0.014928515625,0.015266767978668213,0.0489290494771055,0.00014095754623413086,0.06788468451498214,-0.030055691240821962,0.47288695512045764,0.04900028959071941
2025/Day001_Oat,2025,Day001,oat,358.JPG,358,DJI Mavic 3M RGB camera,nadir,nadir,0.9999615547999979,5280,3956,358_depth.tif,True,True,OPENCV,C:\Users\81902\Documents\Codex\2026-09-20\depth-anything-v2-python-uav-rgb\data\uav3dcrop\2025\Day001_Oat\images\358.JPG,C:\Users\81902\Documents\Codex\2026-09-20\depth-anything-v2-python-uav-rgb\data\uav3dcrop_depth\2025\Day001_Oat\358_depth.tif,https://huggingface.co/datasets/Link-Dev/UAV3DCrop/resolve/main/2025/Day001_Oat/images/358.JPG?download=true,https://huggingface.co/datasets/Link-Dev/UAV3DCrop_depth/resolve/main/2025/Day001_Oat_depth/358_depth.tif?download=true,main,relative_scale_shift,16,20000,0.014928515625,0.01522878270149231,0.0472925169776573,0.00025922303199768065,0.29336577494084265,0.08269016518983754,0.5167190395616792,0.04900028959071941
2025/Day001_Oat,2025,Day001,oat,358.JPG,358,DJI Mavic 3M RGB camera,nadir,nadir,0.9999615547999979,5280,3956,358_depth.tif,True,True,OPENCV,C:\Users\81902\Documents\Codex\2026-09-20\depth-anything-v2-python-uav-rgb\data\uav3dcrop\2025\Day001_Oat\images\358.JPG,C:\Users\81902\Documents\Codex\2026-09-20\depth-anything-v2-python-uav-rgb\data\uav3dcrop_depth\2025\Day001_Oat\358_depth.tif,https://huggingface.co/datasets/Link-Dev/UAV3DCrop/resolve/main/2025/Day001_Oat/images/358.JPG?download=true,https://huggingface.co/datasets/Link-Dev/UAV3DCrop_depth/resolve/main/2025/Day001_Oat_depth/358_depth.tif?download=true,main,metric_raw,32,20000,0.027618359375,0.0389988183259964,0.07621663995795806,0.0008660711526870728,0.11738416765784761,-0.015837987067231444,0.4764911337990328,0.07367086008774511
2025/Day001_Oat,2025,Day001,oat,358.JPG,358,DJI Mavic 3M RGB camera,nadir,nadir,0.9999615547999979,5280,3956,358_depth.tif,True,True,OPENCV,C:\Users\81902\Documents\Codex\2026-09-20\depth-anything-v2-python-uav-rgb\data\uav3dcrop\2025\Day001_Oat\images\358.JPG,C:\Users\81902\Documents\Codex\2026-09-20\depth-anything-v2-python-uav-rgb\data\uav3dcrop_depth\2025\Day001_Oat\358_depth.tif,https://huggingface.co/datasets/Link-Dev/UAV3DCrop/resolve/main/2025/Day001_Oat/images/358.JPG?download=true,https://huggingface.co/datasets/Link-Dev/UAV3DCrop_depth/resolve/main/2025/Day001_Oat_depth/358_depth.tif?download=true,main,metric_bias_corrected,32,20000,0.027618359375,0.03899881725311279,0.0762166416820349,0.0008660717010498047,0.11738411247919193,-0.015838251718835406,0.4764911337990328,0.07367086008774511
2025/Day001_Oat,2025,Day001,oat,358.JPG,358,DJI Mavic 3M RGB camera,nadir,nadir,0.9999615547999979,5280,3956,358_depth.tif,True,True,OPENCV,C:\Users\81902\Documents\Codex\2026-09-20\depth-anything-v2-python-uav-rgb\data\uav3dcrop\2025\Day001_Oat\images\358.JPG,C:\Users\81902\Documents\Codex\2026-09-20\depth-anything-v2-python-uav-rgb\data\uav3dcrop_depth\2025\Day001_Oat\358_depth.tif,https://huggingface.co/datasets/Link-Dev/UAV3DCrop/resolve/main/2025/Day001_Oat/images/358.JPG?download=true,https://huggingface.co/datasets/Link-Dev/UAV3DCrop_depth/resolve/main/2025/Day001_Oat_depth/358_depth.tif?download=true,main,metric_scale_shift,32,20000,0.027618359375,0.02798408727645874,0.07345243913391443,0.0006985148429870606,0.11737993321302669,-0.015841155303136636,0.47635679742074155,0.07367086008774511
2025/Day001_Oat,2025,Day001,oat,358.JPG,358,DJI Mavic 3M RGB camera,nadir,nadir,0.9999615547999979,5280,3956,358_depth.tif,True,True,OPENCV,C:\Users\81902\Documents\Codex\2026-09-20\depth-anything-v2-python-uav-rgb\data\uav3dcrop\2025\Day001_Oat\images\358.JPG,C:\Users\81902\Documents\Codex\2026-09-20\depth-anything-v2-python-uav-rgb\data\uav3dcrop_depth\2025\Day001_Oat\358_depth.tif,https://huggingface.co/datasets/Link-Dev/UAV3DCrop/resolve/main/2025/Day001_Oat/images/358.JPG?download=true,https://huggingface.co/datasets/Link-Dev/UAV3DCrop_depth/resolve/main/2025/Day001_Oat_depth/358_depth.tif?download=true,main,relative_scale_shift,32,20000,0.027618359375,0.027235886526107787,0.06903751923755908,0.0011484887599945068,0.4009067498574186,0.1126208950061445,0.527807630306287,0.07367086008774511
2025/Day001_Oat,2025,Day001,oat,358.JPG,358,DJI Mavic 3M RGB camera,nadir,nadir,0.9999615547999979,5280,3956,358_depth.tif,True,True,OPENCV,C:\Users\81902\Documents\Codex\2026-09-20\depth-anything-v2-python-uav-rgb\data\uav3dcrop\2025\Day001_Oat\images\358.JPG,C:\Users\81902\Documents\Codex\2026-09-20\depth-anything-v2-python-uav-rgb\data\uav3dcrop_depth\2025\Day001_Oat\358_depth.tif,https://huggingface.co/datasets/Link-Dev/UAV3DCrop/resolve/main/2025/Day001_Oat/images/358.JPG?download=true,https://huggingface.co/datasets/Link-Dev/UAV3DCrop_depth/resolve/main/2025/Day001_Oat_depth/358_depth.tif?download=true,main,metric_raw,64,20000,0.046026953125,0.06392496387958527,0.11061687518374348,0.0024214080572128294,0.1491612633435325,-0.011767096628659808,0.47650518401746195,0.10691239628585518
2025/Day001_Oat,2025,Day001,oat,358.JPG,358,DJI Mavic 3M RGB camera,nadir,nadir,0.9999615547999979,5280,3956,358_depth.tif,True,True,OPENCV,C:\Users\81902\Documents\Codex\2026-09-20\depth-anything-v2-python-uav-rgb\data\uav3dcrop\2025\Day001_Oat\images\358.JPG,C:\Users\81902\Documents\Codex\2026-09-20\depth-anything-v2-python-uav-rgb\data\uav3dcrop_depth\2025\Day001_Oat\358_depth.tif,https://huggingface.co/datasets/Link-Dev/UAV3DCrop/resolve/main/2025/Day001_Oat/images/358.JPG?download=true,https://huggingface.co/datasets/Link-Dev/UAV3DCrop_depth/resolve/main/2025/Day001_Oat_depth/358_depth.tif?download=true,main,metric_bias_corrected,64,20000,0.046026953125,0.06392496361732483,0.11061687842752707,0.0024214114665985107,0.14916118638334933,-0.011766769555932921,0.47650518401746195,0.10691239628585518
2025/Day001_Oat,2025,Day001,oat,358.JPG,358,DJI Mavic 3M RGB camera,nadir,nadir,0.9999615547999979,5280,3956,358_depth.tif,True,True,OPENCV,C:\Users\81902\Documents\Codex\2026-09-20\depth-anything-v2-python-uav-rgb\data\uav3dcrop\2025\Day001_Oat\images\358.JPG,C:\Users\81902\Documents\Codex\2026-09-20\depth-anything-v2-python-uav-rgb\data\uav3dcrop_depth\2025\Day001_Oat\358_depth.tif,https://huggingface.co/datasets/Link-Dev/UAV3DCrop/resolve/main/2025/Day001_Oat/images/358.JPG?download=true,https://huggingface.co/datasets/Link-Dev/UAV3DCrop_depth/resolve/main/2025/Day001_Oat_depth/358_depth.tif?download=true,main,metric_scale_shift,64,20000,0.046026953125,0.04644710650444031,0.10647004914884203,0.0021096760272979738,0.14916222401931414,-0.011767494283783353,0.4764445522342812,0.10691239628585518
2025/Day001_Oat,2025,Day001,oat,358.JPG,358,DJI Mavic 3M RGB camera,nadir,nadir,0.9999615547999979,5280,3956,358_depth.tif,True,True,OPENCV,C:\Users\81902\Documents\Codex\2026-09-20\depth-anything-v2-python-uav-rgb\data\uav3dcrop\2025\Day001_Oat\images\358.JPG,C:\Users\81902\Documents\Codex\2026-09-20\depth-anything-v2-python-uav-rgb\data\uav3dcrop_depth\2025\Day001_Oat\358_depth.tif,https://huggingface.co/datasets/Link-Dev/UAV3DCrop/resolve/main/2025/Day001_Oat/images/358.JPG?download=true,https://huggingface.co/datasets/Link-Dev/UAV3DCrop_depth/resolve/main/2025/Day001_Oat_depth/358_depth.tif?download=true,main,relative_scale_shift,64,20000,0.046026953125,0.04397351908683777,0.09719401572587631,0.0022970935344696045,0.4583345606741768,0.13493670838134483,0.5296186260837932,0.10691239628585518
2025/Day001_Oat,2025,Day001,oat,358.JPG,358,DJI Mavic 3M RGB camera,nadir,nadir,0.9999615547999979,5280,3956,358_depth.tif,True,True,OPENCV,C:\Users\81902\Documents\Codex\2026-09-20\depth-anything-v2-python-uav-rgb\data\uav3dcrop\2025\Day001_Oat\images\358.JPG,C:\Users\81902\Documents\Codex\2026-09-20\depth-anything-v2-python-uav-rgb\data\uav3dcrop_depth\2025\Day001_Oat\358_depth.tif,https://huggingface.co/datasets/Link-Dev/UAV3DCrop/resolve/main/2025/Day001_Oat/images/358.JPG?download=true,https://huggingface.co/datasets/Link-Dev/UAV3DCrop_depth/resolve/main/2025/Day001_Oat_depth/358_depth.tif?download=true,main,metric_raw,128,20000,0.063100390625,0.09120046701431274,0.14361004812979206,0.0031863779544830323,0.18600461919170366,0.036867268843804625,0.4885701222996914,0.13589391782903157
2025/Day001_Oat,2025,Day001,oat,358.JPG,358,DJI Mavic 3M RGB camera,nadir,nadir,0.9999615547999979,5280,3956,358_depth.tif,True,True,OPENCV,C:\Users\81902\Documents\Codex\2026-09-20\depth-anything-v2-python-uav-rgb\data\uav3dcrop\2025\Day001_Oat\images\358.JPG,C:\Users\81902\Documents\Codex\2026-09-20\depth-anything-v2-python-uav-rgb\data\uav3dcrop_depth\2025\Day001_Oat\358_depth.tif,https://huggingface.co/datasets/Link-Dev/UAV3DCrop/resolve/main/2025/Day001_Oat/images/358.JPG?download=true,https://huggingface.co/datasets/Link-Dev/UAV3DCrop_depth/resolve/main/2025/Day001_Oat_depth/358_depth.tif?download=true,main,metric_bias_corrected,128,20000,0.063100390625,0.09120046834945679,0.14361005030351612,0.003186372947692871,0.18600460226549564,0.036867472856252165,0.4885701222996914,0.13589391782903157
2025/Day001_Oat,2025,Day001,oat,358.JPG,358,DJI Mavic 3M RGB camera,nadir,nadir,0.9999615547999979,5280,3956,358_depth.tif,True,True,OPENCV,C:\Users\81902\Documents\Codex\2026-09-20\depth-anything-v2-python-uav-rgb\data\uav3dcrop\2025\Day001_Oat\images\358.JPG,C:\Users\81902\Documents\Codex\2026-09-20\depth-anything-v2-python-uav-rgb\data\uav3dcrop_depth\2025\Day001_Oat\358_depth.tif,https://huggingface.co/datasets/Link-Dev/UAV3DCrop/resolve/main/2025/Day001_Oat/images/358.JPG?download=true,https://huggingface.co/datasets/Link-Dev/UAV3DCrop_depth/resolve/main/2025/Day001_Oat_depth/358_depth.tif?download=true,main,metric_scale_shift,128,20000,0.063100390625,0.06348961935043335,0.13497604011869196,0.0018463027954101563,0.18600487659734002,0.036867247669802435,0.4885701222996914,0.13589391782903157
2025/Day001_Oat,2025,Day001,oat,358.JPG,358,DJI Mavic 3M RGB camera,nadir,nadir,0.9999615547999979,5280,3956,358_depth.tif,True,True,OPENCV,C:\Users\81902\Documents\Codex\2026-09-20\depth-anything-v2-python-uav-rgb\data\uav3dcrop\2025\Day001_Oat\images\358.JPG,C:\Users\81902\Documents\Codex\2026-09-20\depth-anything-v2-python-uav-rgb\data\uav3dcrop_depth\2025\Day001_Oat\358_depth.tif,https://huggingface.co/datasets/Link-Dev/UAV3DCrop/resolve/main/2025/Day001_Oat/images/358.JPG?download=true,https://huggingface.co/datasets/Link-Dev/UAV3DCrop_depth/resolve/main/2025/Day001_Oat_depth/358_depth.tif?download=true,main,relative_scale_shift,128,20000,0.063100390625,0.05676081171035766,0.11281383188378376,0.0036229906082153322,0.5933796687721784,0.21451904652218753,0.536518459252486,0.13589391782903157
2025/Day001_Oat,2025,Day001,oat,387.JPG,387,DJI Mavic 3M RGB camera,nadir,nadir,0.9999937964863553,5280,3956,387_depth.tif,True,True,OPENCV,C:\Users\81902\Documents\Codex\2026-09-20\depth-anything-v2-python-uav-rgb\data\uav3dcrop\2025\Day001_Oat\images\387.JPG,C:\Users\81902\Documents\Codex\2026-09-20\depth-anything-v2-python-uav-rgb\data\uav3dcrop_depth\2025\Day001_Oat\387_depth.tif,https://huggingface.co/datasets/Link-Dev/UAV3DCrop/resolve/main/2025/Day001_Oat/images/387.JPG?download=true,https://huggingface.co/datasets/Link-Dev/UAV3DCrop_depth/resolve/main/2025/Day001_Oat_depth/387_depth.tif?download=true,main,metric_raw,8,20000,0.00914140625,0.013298885226249694,0.05528578462482569,0.0004969909906387329,0.014591097396140978,0.0436756665659376,0.5115822130299896,0.033027532903435276
2025/Day001_Oat,2025,Day001,oat,387.JPG,387,DJI Mavic 3M RGB camera,nadir,nadir,0.9999937964863553,5280,3956,387_depth.tif,True,True,OPENCV,C:\Users\81902\Documents\Codex\2026-09-20\depth-anything-v2-python-uav-rgb\data\uav3dcrop\2025\Day001_Oat\images\387.JPG,C:\Users\81902\Documents\Codex\2026-09-20\depth-anything-v2-python-uav-rgb\data\uav3dcrop_depth\2025\Day001_Oat\387_depth.tif,https://huggingface.co/datasets/Link-Dev/UAV3DCrop/resolve/main/2025/Day001_Oat/images/387.JPG?download=true,https://huggingface.co/datasets/Link-Dev/UAV3DCrop_depth/resolve/main/2025/Day001_Oat_depth/387_depth.tif?download=true,main,metric_bias_corrected,8,20000,0.00914140625,0.013298878383636475,0.05528578461434479,0.0004969953536987304,0.014591066723996515,0.043676576791059595,0.5115822130299896,0.033027532903435276
2025/Day001_Oat,2025,Day001,oat,387.JPG,387,DJI Mavic 3M RGB camera,nadir,nadir,0.9999937964863553,5280,3956,387_depth.tif,True,True,OPENCV,C:\Users\81902\Documents\Codex\2026-09-20\depth-anything-v2-python-uav-rgb\data\uav3dcrop\2025\Day001_Oat\images\387.JPG,C:\Users\81902\Documents\Codex\2026-09-20\depth-anything-v2-python-uav-rgb\data\uav3dcrop_depth\2025\Day001_Oat\387_depth.tif,https://huggingface.co/datasets/Link-Dev/UAV3DCrop/resolve/main/2025/Day001_Oat/images/387.JPG?download=true,https://huggingface.co/datasets/Link-Dev/UAV3DCrop_depth/resolve/main/2025/Day001_Oat_depth/387_depth.tif?download=true,main,metric_scale_shift,8,20000,0.00914140625,0.009607217836380005,0.033547959587928354,0.00024816107749938966,-0.014591564766823422,-0.04368140100720676,0.4880041365046536,0.033027532903435276
2025/Day001_Oat,2025,Day001,oat,387.JPG,387,DJI Mavic 3M RGB camera,nadir,nadir,0.9999937964863553,5280,3956,387_depth.tif,True,True,OPENCV,C:\Users\81902\Documents\Codex\2026-09-20\depth-anything-v2-python-uav-rgb\data\uav3dcrop\2025\Day001_Oat\images\387.JPG,C:\Users\81902\Documents\Codex\2026-09-20\depth-anything-v2-python-uav-rgb\data\uav3dcrop_depth\2025\Day001_Oat\387_depth.tif,https://huggingface.co/datasets/Link-Dev/UAV3DCrop/resolve/main/2025/Day001_Oat/images/387.JPG?download=true,https://huggingface.co/datasets/Link-Dev/UAV3DCrop_depth/resolve/main/2025/Day001_Oat_depth/387_depth.tif?download=true,main,relative_scale_shift,8,20000,0.00914140625,0.00921861891746521,0.03309943513011504,0.0003413587093353271,-0.18086807184752693,-0.16739002081007084,0.4264736297828335,0.033027532903435276
2025/Day001_Oat,2025,Day001,oat,387.JPG,387,DJI Mavic 3M RGB camera,nadir,nadir,0.9999937964863553,5280,3956,387_depth.tif,True,True,OPENCV,C:\Users\81902\Documents\Codex\2026-09-20\depth-anything-v2-python-uav-rgb\data\uav3dcrop\2025\Day001_Oat\images\387.JPG,C:\Users\81902\Documents\Codex\2026-09-20\depth-anything-v2-python-uav-rgb\data\uav3dcrop_depth\2025\Day001_Oat\387_depth.tif,https://huggingface.co/datasets/Link-Dev/UAV3DCrop/resolve/main/2025/Day001_Oat/images/387.JPG?download=true,https://huggingface.co/datasets/Link-Dev/UAV3DCrop_depth/resolve/main/2025/Day001_Oat_depth/387_depth.tif?download=true,main,metric_raw,16,20000,0.01757890625,0.023017948603630066,0.051007935788315764,0.002199888300895691,0.07402413312496707,0.03353429855296443,0.5037616611495637,0.048881323214038236
2025/Day001_Oat,2025,Day001,oat,387.JPG,387,DJI Mavic 3M RGB camera,nadir,nadir,0.9999937964863553,5280,3956,387_depth.tif,True,True,OPENCV,C:\Users\81902\Documents\Codex\2026-09-20\depth-anything-v2-python-uav-rgb\data\uav3dcrop\2025\Day001_Oat\images\387.JPG,C:\Users\81902\Documents\Codex\2026-09-20\depth-anything-v2-python-uav-rgb\data\uav3dcrop_depth\2025\Day001_Oat\387_depth.tif,https://huggingface.co/datasets/Link-Dev/UAV3DCrop/resolve/main/2025/Day001_Oat/images/387.JPG?download=true,https://huggingface.co/datasets/Link-Dev/UAV3DCrop_depth/resolve/main/2025/Day001_Oat_depth/387_depth.tif?download=true,main,metric_bias_corrected,16,20000,0.01757890625,0.0230179536819458,0.05100794338643851,0.0021998996734619142,0.07402370717076108,0.03353440443036742,0.5037616611495637,0.048881323214038236
2025/Day001_Oat,2025,Day001,oat,387.JPG,387,DJI Mavic 3M RGB camera,nadir,nadir,0.9999937964863553,5280,3956,387_depth.tif,True,True,OPENCV,C:\Users\81902\Documents\Codex\2026-09-20\depth-anything-v2-python-uav-rgb\data\uav3dcrop\2025\Day001_Oat\images\387.JPG,C:\Users\81902\Documents\Codex\2026-09-20\depth-anything-v2-python-uav-rgb\data\uav3dcrop_depth\2025\Day001_Oat\387_depth.tif,https://huggingface.co/datasets/Link-Dev/UAV3DCrop/resolve/main/2025/Day001_Oat/images/387.JPG?download=true,https://huggingface.co/datasets/Link-Dev/UAV3DCrop_depth/resolve/main/2025/Day001_Oat_depth/387_depth.tif?download=true,main,metric_scale_shift,16,20000,0.01757890625,0.018041285037994386,0.049105653131644236,0.0009100914001464843,-0.07402503422193792,-0.03353233184578752,0.4960878724044538,0.048881323214038236
2025/Day001_Oat,2025,Day001,oat,387.JPG,387,DJI Mavic 3M RGB camera,nadir,nadir,0.9999937964863553,5280,3956,387_depth.tif,True,True,OPENCV,C:\Users\81902\Documents\Codex\2026-09-20\depth-anything-v2-python-uav-rgb\data\uav3dcrop\2025\Day001_Oat\images\387.JPG,C:\Users\81902\Documents\Codex\2026-09-20\depth-anything-v2-python-uav-rgb\data\uav3dcrop_depth\2025\Day001_Oat\387_depth.tif,https://huggingface.co/datasets/Link-Dev/UAV3DCrop/resolve/main/2025/Day001_Oat/images/387.JPG?download=true,https://huggingface.co/datasets/Link-Dev/UAV3DCrop_depth/resolve/main/2025/Day001_Oat_depth/387_depth.tif?download=true,main,relative_scale_shift,16,20000,0.01757890625,0.017696950817108155,0.04908487832354511,0.0011806508064270019,-0.2883489122298882,-0.16907627550730064,0.4547095997592537,0.048881323214038236
2025/Day001_Oat,2025,Day001,oat,387.JPG,387,DJI Mavic 3M RGB camera,nadir,nadir,0.9999937964863553,5280,3956,387_depth.tif,True,True,OPENCV,C:\Users\81902\Documents\Codex\2026-09-20\depth-anything-v2-python-uav-rgb\data\uav3dcrop\2025\Day001_Oat\images\387.JPG,C:\Users\81902\Documents\Codex\2026-09-20\depth-anything-v2-python-uav-rgb\data\uav3dcrop_depth\2025\Day001_Oat\387_depth.tif,https://huggingface.co/datasets/Link-Dev/UAV3DCrop/resolve/main/2025/Day001_Oat/images/387.JPG?download=true,https://huggingface.co/datasets/Link-Dev/UAV3DCrop_depth/resolve/main/2025/Day001_Oat_depth/387_depth.tif?download=true,main,metric_raw,32,20000,0.032650390625,0.04067068161964416,0.09736000844285492,0.00371846661567688,0.0651629583908001,0.05271384996608701,0.51045892494929,0.0771842003254339
2025/Day001_Oat,2025,Day001,oat,387.JPG,387,DJI Mavic 3M RGB camera,nadir,nadir,0.9999937964863553,5280,3956,387_depth.tif,True,True,OPENCV,C:\Users\81902\Documents\Codex\2026-09-20\depth-anything-v2-python-uav-rgb\data\uav3dcrop\2025\Day001_Oat\images\387.JPG,C:\Users\81902\Documents\Codex\2026-09-20\depth-anything-v2-python-uav-rgb\data\uav3dcrop_depth\2025\Day001_Oat\387_depth.tif,https://huggingface.co/datasets/Link-Dev/UAV3DCrop/resolve/main/2025/Day001_Oat/images/387.JPG?download=true,https://huggingface.co/datasets/Link-Dev/UAV3DCrop_depth/resolve/main/2025/Day001_Oat_depth/387_depth.tif?download=true,main,metric_bias_corrected,32,20000,0.032650390625,0.04067067685127258,0.09736001688020726,0.00371846604347229,0.065162919061439,0.05271395726644345,0.51045892494929,0.0771842003254339
2025/Day001_Oat,2025,Day001,oat,387.JPG,387,DJI Mavic 3M RGB camera,nadir,nadir,0.9999937964863553,5280,3956,387_depth.tif,True,True,OPENCV,C:\Users\81902\Documents\Codex\2026-09-20\depth-anything-v2-python-uav-rgb\data\uav3dcrop\2025\Day001_Oat\images\387.JPG,C:\Users\81902\Documents\Codex\2026-09-20\depth-anything-v2-python-uav-rgb\data\uav3dcrop_depth\2025\Day001_Oat\387_depth.tif,https://huggingface.co/datasets/Link-Dev/UAV3DCrop/resolve/main/2025/Day001_Oat/images/387.JPG?download=true,https://huggingface.co/datasets/Link-Dev/UAV3DCrop_depth/resolve/main/2025/Day001_Oat_depth/387_depth.tif?download=true,main,metric_scale_shift,32,20000,0.032650390625,0.03331648788452148,0.07808923700204526,0.0011674067497253419,-0.06516287439249442,-0.052713491820730256,0.48941430020283977,0.0771842003254339
2025/Day001_Oat,2025,Day001,oat,387.JPG,387,DJI Mavic 3M RGB camera,nadir,nadir,0.9999937964863553,5280,3956,387_depth.tif,True,True,OPENCV,C:\Users\81902\Documents\Codex\2026-09-20\depth-anything-v2-python-uav-rgb\data\uav3dcrop\2025\Day001_Oat\images\387.JPG,C:\Users\81902\Documents\Codex\2026-09-20\depth-anything-v2-python-uav-rgb\data\uav3dcrop_depth\2025\Day001_Oat\387_depth.tif,https://huggingface.co/datasets/Link-Dev/UAV3DCrop/resolve/main/2025/Day001_Oat/images/387.JPG?download=true,https://huggingface.co/datasets/Link-Dev/UAV3DCrop_depth/resolve/main/2025/Day001_Oat_depth/387_depth.tif?download=true,main,relative_scale_shift,32,20000,0.032650390625,0.032870926094055175,0.0776444414874497,0.0016877495765686035,-0.3390325106386773,-0.19135782359510603,0.4551217038539554,0.0771842003254339
2025/Day001_Oat,2025,Day001,oat,387.JPG,387,DJI Mavic 3M RGB camera,nadir,nadir,0.9999937964863553,5280,3956,387_depth.tif,True,True,OPENCV,C:\Users\81902\Documents\Codex\2026-09-20\depth-anything-v2-python-uav-rgb\data\uav3dcrop\2025\Day001_Oat\images\387.JPG,C:\Users\81902\Documents\Codex\2026-09-20\depth-anything-v2-python-uav-rgb\data\uav3dcrop_depth\2025\Day001_Oat\387_depth.tif,https://huggingface.co/datasets/Link-Dev/UAV3DCrop/resolve/main/2025/Day001_Oat/images/387.JPG?download=true,https://huggingface.co/datasets/Link-Dev/UAV3DCrop_depth/resolve/main/2025/Day001_Oat_depth/387_depth.tif?download=true,main,metric_raw,64,20000,0.054605078125,0.06496059722900391,0.11410789930635352,0.00725804615020752,0.1695942511404583,0.053696095462250334,0.5066223267014506,0.11102001324496348
2025/Day001_Oat,2025,Day001,oat,387.JPG,387,DJI Mavic 3M RGB camera,nadir,nadir,0.9999937964863553,5280,3956,387_depth.tif,True,True,OPENCV,C:\Users\81902\Documents\Codex\2026-09-20\depth-anything-v2-python-uav-rgb\data\uav3dcrop\2025\Day001_Oat\images\387.JPG,C:\Users\81902\Documents\Codex\2026-09-20\depth-anything-v2-python-uav-rgb\data\uav3dcrop_depth\2025\Day001_Oat\387_depth.tif,https://huggingface.co/datasets/Link-Dev/UAV3DCrop/resolve/main/2025/Day001_Oat/images/387.JPG?download=true,https://huggingface.co/datasets/Link-Dev/UAV3DCrop_depth/resolve/main/2025/Day001_Oat_depth/387_depth.tif?download=true,main,metric_bias_corrected,64,20000,0.054605078125,0.06496059875488282,0.11410789887404377,0.007258042716979981,0.16959425442741016,0.05369592154819624,0.5066223267014506,0.11102001324496348
2025/Day001_Oat,2025,Day001,oat,387.JPG,387,DJI Mavic 3M RGB camera,nadir,nadir,0.9999937964863553,5280,3956,387_depth.tif,True,True,OPENCV,C:\Users\81902\Documents\Codex\2026-09-20\depth-anything-v2-python-uav-rgb\data\uav3dcrop\2025\Day001_Oat\images\387.JPG,C:\Users\81902\Documents\Codex\2026-09-20\depth-anything-v2-python-uav-rgb\data\uav3dcrop_depth\2025\Day001_Oat\387_depth.tif,https://huggingface.co/datasets/Link-Dev/UAV3DCrop/resolve/main/2025/Day001_Oat/images/387.JPG?download=true,https://huggingface.co/datasets/Link-Dev/UAV3DCrop_depth/resolve/main/2025/Day001_Oat_depth/387_depth.tif?download=true,main,metric_scale_shift,64,20000,0.054605078125,0.05542445769309998,0.11222316383782929,0.001404115056991577,-0.16959458522943716,-0.05369492494333732,0.49337767329854937,0.11102001324496348
2025/Day001_Oat,2025,Day001,oat,387.JPG,387,DJI Mavic 3M RGB camera,nadir,nadir,0.9999937964863553,5280,3956,387_depth.tif,True,True,OPENCV,C:\Users\81902\Documents\Codex\2026-09-20\depth-anything-v2-python-uav-rgb\data\uav3dcrop\2025\Day001_Oat\images\387.JPG,C:\Users\81902\Documents\Codex\2026-09-20\depth-anything-v2-python-uav-rgb\data\uav3dcrop_depth\2025\Day001_Oat\387_depth.tif,https://huggingface.co/datasets/Link-Dev/UAV3DCrop/resolve/main/2025/Day001_Oat/images/387.JPG?download=true,https://huggingface.co/datasets/Link-Dev/UAV3DCrop_depth/resolve/main/2025/Day001_Oat_depth/387_depth.tif?download=true,main,relative_scale_shift,64,20000,0.054605078125,0.05505977520942688,0.11205764325672224,0.0025422656536102295,-0.43282949469984927,-0.25214026701321557,0.44756607992660974,0.11102001324496348
2025/Day001_Oat,2025,Day001,oat,387.JPG,387,DJI Mavic 3M RGB camera,nadir,nadir,0.9999937964863553,5280,3956,387_depth.tif,True,True,OPENCV,C:\Users\81902\Documents\Codex\2026-09-20\depth-anything-v2-python-uav-rgb\data\uav3dcrop\2025\Day001_Oat\images\387.JPG,C:\Users\81902\Documents\Codex\2026-09-20\depth-anything-v2-python-uav-rgb\data\uav3dcrop_depth\2025\Day001_Oat\387_depth.tif,https://huggingface.co/datasets/Link-Dev/UAV3DCrop/resolve/main/2025/Day001_Oat/images/387.JPG?download=true,https://huggingface.co/datasets/Link-Dev/UAV3DCrop_depth/resolve/main/2025/Day001_Oat_depth/387_depth.tif?download=true,main,metric_raw,128,20000,0.072729296875,0.0909826895236969,0.15107910715253955,0.016789218759536744,0.18435763627566318,0.04577735277852597,0.50047446274072,0.14247800902766727
2025/Day001_Oat,2025,Day001,oat,387.JPG,387,DJI Mavic 3M RGB camera,nadir,nadir,0.9999937964863553,5280,3956,387_depth.tif,True,True,OPENCV,C:\Users\81902\Documents\Codex\2026-09-20\depth-anything-v2-python-uav-rgb\data\uav3dcrop\2025\Day001_Oat\images\387.JPG,C:\Users\81902\Documents\Codex\2026-09-20\depth-anything-v2-python-uav-rgb\data\uav3dcrop_depth\2025\Day001_Oat\387_depth.tif,https://huggingface.co/datasets/Link-Dev/UAV3DCrop/resolve/main/2025/Day001_Oat/images/387.JPG?download=true,https://huggingface.co/datasets/Link-Dev/UAV3DCrop_depth/resolve/main/2025/Day001_Oat_depth/387_depth.tif?download=true,main,metric_bias_corrected,128,20000,0.072729296875,0.09098268637657166,0.15107911428775736,0.01678921332359314,0.18435753451240647,0.04577687771244718,0.500418643594753,0.14247800902766727
2025/Day001_Oat,2025,Day001,oat,387.JPG,387,DJI Mavic 3M RGB camera,nadir,nadir,0.9999937964863553,5280,3956,387_depth.tif,True,True,OPENCV,C:\Users\81902\Documents\Codex\2026-09-20\depth-anything-v2-python-uav-rgb\data\uav3dcrop\2025\Day001_Oat\images\387.JPG,C:\Users\81902\Documents\Codex\2026-09-20\depth-anything-v2-python-uav-rgb\data\uav3dcrop_depth\2025\Day001_Oat\387_depth.tif,https://huggingface.co/datasets/Link-Dev/UAV3DCrop/resolve/main/2025/Day001_Oat/images/387.JPG?download=true,https://huggingface.co/datasets/Link-Dev/UAV3DCrop_depth/resolve/main/2025/Day001_Oat_depth/387_depth.tif?download=true,main,metric_scale_shift,128,20000,0.072729296875,0.07403864803314208,0.14463402730274344,0.0036932661056518555,-0.18435744974365803,-0.04577574526865893,0.49952553725927995,0.14247800902766727
2025/Day001_Oat,2025,Day001,oat,387.JPG,387,DJI Mavic 3M RGB camera,nadir,nadir,0.9999937964863553,5280,3956,387_depth.tif,True,True,OPENCV,C:\Users\81902\Documents\Codex\2026-09-20\depth-anything-v2-python-uav-rgb\data\uav3dcrop\2025\Day001_Oat\images\387.JPG,C:\Users\81902\Documents\Codex\2026-09-20\depth-anything-v2-python-uav-rgb\data\uav3dcrop_depth\2025\Day001_Oat\387_depth.tif,https://huggingface.co/datasets/Link-Dev/UAV3DCrop/resolve/main/2025/Day001_Oat/images/387.JPG?download=true,https://huggingface.co/datasets/Link-Dev/UAV3DCrop_depth/resolve/main/2025/Day001_Oat_depth/387_depth.tif?download=true,main,relative_scale_shift,128,20000,0.072729296875,0.0736159065246582,0.14473515368055834,0.006088123607635498,-0.5248793527952053,-0.2871180283037801,0.43762210438180293,0.14247800902766727
2025/Day001_Oat,2025,Day001,oat,416.JPG,416,DJI Mavic 3M RGB camera,nadir,nadir,0.9999649198832232,5280,3956,416_depth.tif,True,True,OPENCV,C:\Users\81902\Documents\Codex\2026-09-20\depth-anything-v2-python-uav-rgb\data\uav3dcrop\2025\Day001_Oat\images\416.JPG,C:\Users\81902\Documents\Codex\2026-09-20\depth-anything-v2-python-uav-rgb\data\uav3dcrop_depth\2025\Day001_Oat\416_depth.tif,https://huggingface.co/datasets/Link-Dev/UAV3DCrop/resolve/main/2025/Day001_Oat/images/416.JPG?download=true,https://huggingface.co/datasets/Link-Dev/UAV3DCrop_depth/resolve/main/2025/Day001_Oat_depth/416_depth.tif?download=true,main,metric_raw,8,20000,0.0158375,0.018742216539382933,0.0548691605035193,-0.0003477906703948975,0.014807777211923917,0.09025261260266393,0.5415355837088683,0.0485561676162176
2025/Day001_Oat,2025,Day001,oat,416.JPG,416,DJI Mavic 3M RGB camera,nadir,nadir,0.9999649198832232,5280,3956,416_depth.tif,True,True,OPENCV,C:\Users\81902\Documents\Codex\2026-09-20\depth-anything-v2-python-uav-rgb\data\uav3dcrop\2025\Day001_Oat\images\416.JPG,C:\Users\81902\Documents\Codex\2026-09-20\depth-anything-v2-python-uav-rgb\data\uav3dcrop_depth\2025\Day001_Oat\416_depth.tif,https://huggingface.co/datasets/Link-Dev/UAV3DCrop/resolve/main/2025/Day001_Oat/images/416.JPG?download=true,https://huggingface.co/datasets/Link-Dev/UAV3DCrop_depth/resolve/main/2025/Day001_Oat_depth/416_depth.tif?download=true,main,metric_bias_corrected,8,20000,0.0158375,0.018742217111587526,0.054869160212588225,-0.00034779448509216306,0.01480792240663726,0.09025276936573105,0.5415355837088683,0.0485561676162176
2025/Day001_Oat,2025,Day001,oat,416.JPG,416,DJI Mavic 3M RGB camera,nadir,nadir,0.9999649198832232,5280,3956,416_depth.tif,True,True,OPENCV,C:\Users\81902\Documents\Codex\2026-09-20\depth-anything-v2-python-uav-rgb\data\uav3dcrop\2025\Day001_Oat\images\416.JPG,C:\Users\81902\Documents\Codex\2026-09-20\depth-anything-v2-python-uav-rgb\data\uav3dcrop_depth\2025\Day001_Oat\416_depth.tif,https://huggingface.co/datasets/Link-Dev/UAV3DCrop/resolve/main/2025/Day001_Oat/images/416.JPG?download=true,https://huggingface.co/datasets/Link-Dev/UAV3DCrop_depth/resolve/main/2025/Day001_Oat_depth/416_depth.tif?download=true,main,metric_scale_shift,8,20000,0.0158375,0.01690682578086853,0.049431186156668305,-0.0004066521167755127,-0.01480845121249627,-0.09025582851249653,0.4583793895076949,0.0485561676162176
2025/Day001_Oat,2025,Day001,oat,416.JPG,416,DJI Mavic 3M RGB camera,nadir,nadir,0.9999649198832232,5280,3956,416_depth.tif,True,True,OPENCV,C:\Users\81902\Documents\Codex\2026-09-20\depth-anything-v2-python-uav-rgb\data\uav3dcrop\2025\Day001_Oat\images\416.JPG,C:\Users\81902\Documents\Codex\2026-09-20\depth-anything-v2-python-uav-rgb\data\uav3dcrop_depth\2025\Day001_Oat\416_depth.tif,https://huggingface.co/datasets/Link-Dev/UAV3DCrop/resolve/main/2025/Day001_Oat/images/416.JPG?download=true,https://huggingface.co/datasets/Link-Dev/UAV3DCrop_depth/resolve/main/2025/Day001_Oat_depth/416_depth.tif?download=true,main,relative_scale_shift,8,20000,0.0158375,0.016260019826889037,0.047524263324285734,-0.0006709959506988525,0.21121780223018757,0.22526679416577924,0.5883003145990987,0.0485561676162176
2025/Day001_Oat,2025,Day001,oat,416.JPG,416,DJI Mavic 3M RGB camera,nadir,nadir,0.9999649198832232,5280,3956,416_depth.tif,True,True,OPENCV,C:\Users\81902\Documents\Codex\2026-09-20\depth-anything-v2-python-uav-rgb\data\uav3dcrop\2025\Day001_Oat\images\416.JPG,C:\Users\81902\Documents\Codex\2026-09-20\depth-anything-v2-python-uav-rgb\data\uav3dcrop_depth\2025\Day001_Oat\416_depth.tif,https://huggingface.co/datasets/Link-Dev/UAV3DCrop/resolve/main/2025/Day001_Oat/images/416.JPG?download=true,https://huggingface.co/datasets/Link-Dev/UAV3DCrop_depth/resolve/main/2025/Day001_Oat_depth/416_depth.tif?download=true,main,metric_raw,16,20000,0.03082734375,0.03468013687133789,0.07666960810992522,0.0016077935218811036,0.0429664219296442,0.09532469400277002,0.5352913628152807,0.0755581153373677
2025/Day001_Oat,2025,Day001,oat,416.JPG,416,DJI Mavic 3M RGB camera,nadir,nadir,0.9999649198832232,5280,3956,416_depth.tif,True,True,OPENCV,C:\Users\81902\Documents\Codex\2026-09-20\depth-anything-v2-python-uav-rgb\data\uav3dcrop\2025\Day001_Oat\images\416.JPG,C:\Users\81902\Documents\Codex\2026-09-20\depth-anything-v2-python-uav-rgb\data\uav3dcrop_depth\2025\Day001_Oat\416_depth.tif,https://huggingface.co/datasets/Link-Dev/UAV3DCrop/resolve/main/2025/Day001_Oat/images/416.JPG?download=true,https://huggingface.co/datasets/Link-Dev/UAV3DCrop_depth/resolve/main/2025/Day001_Oat_depth/416_depth.tif?download=true,main,metric_bias_corrected,16,20000,0.03082734375,0.03468013854026795,0.0766696080730488,0.0016077917575836181,0.04296637347719184,0.09532473288211162,0.535224459757811,0.0755581153373677
2025/Day001_Oat,2025,Day001,oat,416.JPG,416,DJI Mavic 3M RGB camera,nadir,nadir,0.9999649198832232,5280,3956,416_depth.tif,True,True,OPENCV,C:\Users\81902\Documents\Codex\2026-09-20\depth-anything-v2-python-uav-rgb\data\uav3dcrop\2025\Day001_Oat\images\416.JPG,C:\Users\81902\Documents\Codex\2026-09-20\depth-anything-v2-python-uav-rgb\data\uav3dcrop_depth\2025\Day001_Oat\416_depth.tif,https://huggingface.co/datasets/Link-Dev/UAV3DCrop/resolve/main/2025/Day001_Oat/images/416.JPG?download=true,https://huggingface.co/datasets/Link-Dev/UAV3DCrop_depth/resolve/main/2025/Day001_Oat_depth/416_depth.tif?download=true,main,metric_scale_shift,16,20000,0.03082734375,0.032108046007156374,0.07598225973035969,0.000423997163772583,-0.042965931457481364,-0.09532401427116959,0.46470863718471933,0.0755581153373677
2025/Day001_Oat,2025,Day001,oat,416.JPG,416,DJI Mavic 3M RGB camera,nadir,nadir,0.9999649198832232,5280,3956,416_depth.tif,True,True,OPENCV,C:\Users\81902\Documents\Codex\2026-09-20\depth-anything-v2-python-uav-rgb\data\uav3dcrop\2025\Day001_Oat\images\416.JPG,C:\Users\81902\Documents\Codex\2026-09-20\depth-anything-v2-python-uav-rgb\data\uav3dcrop_depth\2025\Day001_Oat\416_depth.tif,https://huggingface.co/datasets/Link-Dev/UAV3DCrop/resolve/main/2025/Day001_Oat/images/416.JPG?download=true,https://huggingface.co/datasets/Link-Dev/UAV3DCrop_depth/resolve/main/2025/Day001_Oat_depth/416_depth.tif?download=true,main,relative_scale_shift,16,20000,0.03082734375,0.030853989124298094,0.07251820752038414,0.00035569896697998046,0.2960245177023004,0.2545554259269749,0.5852679467451662,0.0755581153373677
2025/Day001_Oat,2025,Day001,oat,416.JPG,416,DJI Mavic 3M RGB camera,nadir,nadir,0.9999649198832232,5280,3956,416_depth.tif,True,True,OPENCV,C:\Users\81902\Documents\Codex\2026-09-20\depth-anything-v2-python-uav-rgb\data\uav3dcrop\2025\Day001_Oat\images\416.JPG,C:\Users\81902\Documents\Codex\2026-09-20\depth-anything-v2-python-uav-rgb\data\uav3dcrop_depth\2025\Day001_Oat\416_depth.tif,https://huggingface.co/datasets/Link-Dev/UAV3DCrop/resolve/main/2025/Day001_Oat/images/416.JPG?download=true,https://huggingface.co/datasets/Link-Dev/UAV3DCrop_depth/resolve/main/2025/Day001_Oat_depth/416_depth.tif?download=true,main,metric_raw,32,20000,0.05721953125,0.06213138029575348,0.11956446260876223,0.0021527759313583372,0.06586095785581646,0.1258459369282191,0.5415836945062669,0.11450316073523638
2025/Day001_Oat,2025,Day001,oat,416.JPG,416,DJI Mavic 3M RGB camera,nadir,nadir,0.9999649198832232,5280,3956,416_depth.tif,True,True,OPENCV,C:\Users\81902\Documents\Codex\2026-09-20\depth-anything-v2-python-uav-rgb\data\uav3dcrop\2025\Day001_Oat\images\416.JPG,C:\Users\81902\Documents\Codex\2026-09-20\depth-anything-v2-python-uav-rgb\data\uav3dcrop_depth\2025\Day001_Oat\416_depth.tif,https://huggingface.co/datasets/Link-Dev/UAV3DCrop/resolve/main/2025/Day001_Oat/images/416.JPG?download=true,https://huggingface.co/datasets/Link-Dev/UAV3DCrop_depth/resolve/main/2025/Day001_Oat_depth/416_depth.tif?download=true,main,metric_bias_corrected,32,20000,0.05721953125,0.06213137469291687,0.11956445871057797,0.0021527746677398683,0.06586101134001295,0.12584649614777185,0.5415836945062669,0.11450316073523638
2025/Day001_Oat,2025,Day001,oat,416.JPG,416,DJI Mavic 3M RGB camera,nadir,nadir,0.9999649198832232,5280,3956,416_depth.tif,True,True,OPENCV,C:\Users\81902\Documents\Codex\2026-09-20\depth-anything-v2-python-uav-rgb\data\uav3dcrop\2025\Day001_Oat\images\416.JPG,C:\Users\81902\Documents\Codex\2026-09-20\depth-anything-v2-python-uav-rgb\data\uav3dcrop_depth\2025\Day001_Oat\416_depth.tif,https://huggingface.co/datasets/Link-Dev/UAV3DCrop/resolve/main/2025/Day001_Oat/images/416.JPG?download=true,https://huggingface.co/datasets/Link-Dev/UAV3DCrop_depth/resolve/main/2025/Day001_Oat_depth/416_depth.tif?download=true,main,metric_scale_shift,32,20000,0.05721953125,0.059229880094528196,0.11625215175741294,0.00047538113594055176,-0.06586111927922944,-0.12584592354306556,0.45841630549373313,0.11450316073523638
2025/Day001_Oat,2025,Day001,oat,416.JPG,416,DJI Mavic 3M RGB camera,nadir,nadir,0.9999649198832232,5280,3956,416_depth.tif,True,True,OPENCV,C:\Users\81902\Documents\Codex\2026-09-20\depth-anything-v2-python-uav-rgb\data\uav3dcrop\2025\Day001_Oat\images\416.JPG,C:\Users\81902\Documents\Codex\2026-09-20\depth-anything-v2-python-uav-rgb\data\uav3dcrop_depth\2025\Day001_Oat\416_depth.tif,https://huggingface.co/datasets/Link-Dev/UAV3DCrop/resolve/main/2025/Day001_Oat/images/416.JPG?download=true,https://huggingface.co/datasets/Link-Dev/UAV3DCrop_depth/resolve/main/2025/Day001_Oat_depth/416_depth.tif?download=true,main,relative_scale_shift,32,20000,0.05721953125,0.0553094078540802,0.10733750528869176,-7.434401512145996e-05,0.36368474952214624,0.3094488913521332,0.5955839287806021,0.11450316073523638
2025/Day001_Oat,2025,Day001,oat,416.JPG,416,DJI Mavic 3M RGB camera,nadir,nadir,0.9999649198832232,5280,3956,416_depth.tif,True,True,OPENCV,C:\Users\81902\Documents\Codex\2026-09-20\depth-anything-v2-python-uav-rgb\data\uav3dcrop\2025\Day001_Oat\images\416.JPG,C:\Users\81902\Documents\Codex\2026-09-20\depth-anything-v2-python-uav-rgb\data\uav3dcrop_depth\2025\Day001_Oat\416_depth.tif,https://huggingface.co/datasets/Link-Dev/UAV3DCrop/resolve/main/2025/Day001_Oat/images/416.JPG?download=true,https://huggingface.co/datasets/Link-Dev/UAV3DCrop_depth/resolve/main/2025/Day001_Oat_depth/416_depth.tif?download=true,main,metric_raw,64,20000,0.098075,0.10447912168502807,0.1675991856537497,0.005314520263671875,0.12583218624351403,0.12204882633006857,0.5387348969438521,0.16751992599347218
2025/Day001_Oat,2025,Day001,oat,416.JPG,416,DJI Mavic 3M RGB camera,nadir,nadir,0.9999649198832232,5280,3956,416_depth.tif,True,True,OPENCV,C:\Users\81902\Documents\Codex\2026-09-20\depth-anything-v2-python-uav-rgb\data\uav3dcrop\2025\Day001_Oat\images\416.JPG,C:\Users\81902\Documents\Codex\2026-09-20\depth-anything-v2-python-uav-rgb\data\uav3dcrop_depth\2025\Day001_Oat\416_depth.tif,https://huggingface.co/datasets/Link-Dev/UAV3DCrop/resolve/main/2025/Day001_Oat/images/416.JPG?download=true,https://huggingface.co/datasets/Link-Dev/UAV3DCrop_depth/resolve/main/2025/Day001_Oat_depth/416_depth.tif?download=true,main,metric_bias_corrected,64,20000,0.098075,0.10447911911010742,0.1675991795636156,0.005314517879486084,0.1258323140222472,0.12204917235200455,0.5387348969438521,0.16751992599347218
2025/Day001_Oat,2025,Day001,oat,416.JPG,416,DJI Mavic 3M RGB camera,nadir,nadir,0.9999649198832232,5280,3956,416_depth.tif,True,True,OPENCV,C:\Users\81902\Documents\Codex\2026-09-20\depth-anything-v2-python-uav-rgb\data\uav3dcrop\2025\Day001_Oat\images\416.JPG,C:\Users\81902\Documents\Codex\2026-09-20\depth-anything-v2-python-uav-rgb\data\uav3dcrop_depth\2025\Day001_Oat\416_depth.tif,https://huggingface.co/datasets/Link-Dev/UAV3DCrop/resolve/main/2025/Day001_Oat/images/416.JPG?download=true,https://huggingface.co/datasets/Link-Dev/UAV3DCrop_depth/resolve/main/2025/Day001_Oat_depth/416_depth.tif?download=true,main,metric_scale_shift,64,20000,0.098075,0.10094408273696899,0.16979544082928766,0.000996012783050537,-0.1258319572972985,-0.12204845435696535,0.4612651030561478,0.16751992599347218
2025/Day001_Oat,2025,Day001,oat,416.JPG,416,DJI Mavic 3M RGB camera,nadir,nadir,0.9999649198832232,5280,3956,416_depth.tif,True,True,OPENCV,C:\Users\81902\Documents\Codex\2026-09-20\depth-anything-v2-python-uav-rgb\data\uav3dcrop\2025\Day001_Oat\images\416.JPG,C:\Users\81902\Documents\Codex\2026-09-20\depth-anything-v2-python-uav-rgb\data\uav3dcrop_depth\2025\Day001_Oat\416_depth.tif,https://huggingface.co/datasets/Link-Dev/UAV3DCrop/resolve/main/2025/Day001_Oat/images/416.JPG?download=true,https://huggingface.co/datasets/Link-Dev/UAV3DCrop_depth/resolve/main/2025/Day001_Oat_depth/416_depth.tif?download=true,main,relative_scale_shift,64,20000,0.098075,0.09021008138656617,0.15133923741646152,0.0006781916618347168,0.4465352502027228,0.39578286231901566,0.6189382756546936,0.16751992599347218
2025/Day001_Oat,2025,Day001,oat,416.JPG,416,DJI Mavic 3M RGB camera,nadir,nadir,0.9999649198832232,5280,3956,416_depth.tif,True,True,OPENCV,C:\Users\81902\Documents\Codex\2026-09-20\depth-anything-v2-python-uav-rgb\data\uav3dcrop\2025\Day001_Oat\images\416.JPG,C:\Users\81902\Documents\Codex\2026-09-20\depth-anything-v2-python-uav-rgb\data\uav3dcrop_depth\2025\Day001_Oat\416_depth.tif,https://huggingface.co/datasets/Link-Dev/UAV3DCrop/resolve/main/2025/Day001_Oat/images/416.JPG?download=true,https://huggingface.co/datasets/Link-Dev/UAV3DCrop_depth/resolve/main/2025/Day001_Oat_depth/416_depth.tif?download=true,main,metric_raw,128,20000,0.14041640625,0.1519374552488327,0.22061627160338929,0.014600328850746155,0.13739677100596503,0.10104357474306909,0.532706806838696,0.21887822692688336
2025/Day001_Oat,2025,Day001,oat,416.JPG,416,DJI Mavic 3M RGB camera,nadir,nadir,0.9999649198832232,5280,3956,416_depth.tif,True,True,OPENCV,C:\Users\81902\Documents\Codex\2026-09-20\depth-anything-v2-python-uav-rgb\data\uav3dcrop\2025\Day001_Oat\images\416.JPG,C:\Users\81902\Documents\Codex\2026-09-20\depth-anything-v2-python-uav-rgb\data\uav3dcrop_depth\2025\Day001_Oat\416_depth.tif,https://huggingface.co/datasets/Link-Dev/UAV3DCrop/resolve/main/2025/Day001_Oat/images/416.JPG?download=true,https://huggingface.co/datasets/Link-Dev/UAV3DCrop_depth/resolve/main/2025/Day001_Oat_depth/416_depth.tif?download=true,main,metric_bias_corrected,128,20000,0.14041640625,0.1519374554157257,0.22061627376063064,0.01460033221244812,0.13739674002287228,0.1010438443279925,0.532706806838696,0.21887822692688336
2025/Day001_Oat,2025,Day001,oat,416.JPG,416,DJI Mavic 3M RGB camera,nadir,nadir,0.9999649198832232,5280,3956,416_depth.tif,True,True,OPENCV,C:\Users\81902\Documents\Codex\2026-09-20\depth-anything-v2-python-uav-rgb\data\uav3dcrop\2025\Day001_Oat\images\416.JPG,C:\Users\81902\Documents\Codex\2026-09-20\depth-anything-v2-python-uav-rgb\data\uav3dcrop_depth\2025\Day001_Oat\416_depth.tif,https://huggingface.co/datasets/Link-Dev/UAV3DCrop/resolve/main/2025/Day001_Oat/images/416.JPG?download=true,https://huggingface.co/datasets/Link-Dev/UAV3DCrop_depth/resolve/main/2025/Day001_Oat_depth/416_depth.tif?download=true,main,metric_scale_shift,128,20000,0.14041640625,0.14475569124221802,0.22309549488862288,0.0058087343215942385,-0.13739681837727913,-0.10104375062790773,0.4672400976956568,0.21887822692688336
2025/Day001_Oat,2025,Day001,oat,416.JPG,416,DJI Mavic 3M RGB camera,nadir,nadir,0.9999649198832232,5280,3956,416_depth.tif,True,True,OPENCV,C:\Users\81902\Documents\Codex\2026-09-20\depth-anything-v2-python-uav-rgb\data\uav3dcrop\2025\Day001_Oat\images\416.JPG,C:\Users\81902\Documents\Codex\2026-09-20\depth-anything-v2-python-uav-rgb\data\uav3dcrop_depth\2025\Day001_Oat\416_depth.tif,https://huggingface.co/datasets/Link-Dev/UAV3DCrop/resolve/main/2025/Day001_Oat/images/416.JPG?download=true,https://huggingface.co/datasets/Link-Dev/UAV3DCrop_depth/resolve/main/2025/Day001_Oat_depth/416_depth.tif?download=true,main,relative_scale_shift,128,20000,0.14041640625,0.12101467680931091,0.18671094352441897,0.0038670732021331786,0.5331496027941977,0.4765499695965067,0.6321015185303175,0.21887822692688336
2025/Day001_Oat,2025,Day001,oat,445.JPG,445,DJI Mavic 3M RGB camera,nadir,nadir,0.9999606054532906,5280,3956,445_depth.tif,True,True,OPENCV,C:\Users\81902\Documents\Codex\2026-09-20\depth-anything-v2-python-uav-rgb\data\uav3dcrop\2025\Day001_Oat\images\445.JPG,C:\Users\81902\Documents\Codex\2026-09-20\depth-anything-v2-python-uav-rgb\data\uav3dcrop_depth\2025\Day001_Oat\445_depth.tif,https://huggingface.co/datasets/Link-Dev/UAV3DCrop/resolve/main/2025/Day001_Oat/images/445.JPG?download=true,https://huggingface.co/datasets/Link-Dev/UAV3DCrop_depth/resolve/main/2025/Day001_Oat_depth/445_depth.tif?download=true,main,metric_raw,8,20000,0.011621875,0.014571608543395996,0.04069192096174979,0.004220065832138062,0.022851072288699082,0.08870232153561194,0.5395465559016961,0.039691329162901225
2025/Day001_Oat,2025,Day001,oat,445.JPG,445,DJI Mavic 3M RGB camera,nadir,nadir,0.9999606054532906,5280,3956,445_depth.tif,True,True,OPENCV,C:\Users\81902\Documents\Codex\2026-09-20\depth-anything-v2-python-uav-rgb\data\uav3dcrop\2025\Day001_Oat\images\445.JPG,C:\Users\81902\Documents\Codex\2026-09-20\depth-anything-v2-python-uav-rgb\data\uav3dcrop_depth\2025\Day001_Oat\445_depth.tif,https://huggingface.co/datasets/Link-Dev/UAV3DCrop/resolve/main/2025/Day001_Oat/images/445.JPG?download=true,https://huggingface.co/datasets/Link-Dev/UAV3DCrop_depth/resolve/main/2025/Day001_Oat_depth/445_depth.tif?download=true,main,metric_bias_corrected,8,20000,0.011621875,0.014571615362167358,0.04069192232677786,0.004220064306259155,0.022850970050693278,0.08870242150644699,0.539460020768432,0.039691329162901225
2025/Day001_Oat,2025,Day001,oat,445.JPG,445,DJI Mavic 3M RGB camera,nadir,nadir,0.9999606054532906,5280,3956,445_depth.tif,True,True,OPENCV,C:\Users\81902\Documents\Codex\2026-09-20\depth-anything-v2-python-uav-rgb\data\uav3dcrop\2025\Day001_Oat\images\445.JPG,C:\Users\81902\Documents\Codex\2026-09-20\depth-anything-v2-python-uav-rgb\data\uav3dcrop_depth\2025\Day001_Oat\445_depth.tif,https://huggingface.co/datasets/Link-Dev/UAV3DCrop/resolve/main/2025/Day001_Oat/images/445.JPG?download=true,https://huggingface.co/datasets/Link-Dev/UAV3DCrop_depth/resolve/main/2025/Day001_Oat_depth/445_depth.tif?download=true,main,metric_scale_shift,8,20000,0.011621875,0.012248669385910033,0.03989625787413358,0.003850675058364868,0.022852251100923576,0.08870309811973563,0.539460020768432,0.039691329162901225
2025/Day001_Oat,2025,Day001,oat,445.JPG,445,DJI Mavic 3M RGB camera,nadir,nadir,0.9999606054532906,5280,3956,445_depth.tif,True,True,OPENCV,C:\Users\81902\Documents\Codex\2026-09-20\depth-anything-v2-python-uav-rgb\data\uav3dcrop\2025\Day001_Oat\images\445.JPG,C:\Users\81902\Documents\Codex\2026-09-20\depth-anything-v2-python-uav-rgb\data\uav3dcrop_depth\2025\Day001_Oat\445_depth.tif,https://huggingface.co/datasets/Link-Dev/UAV3DCrop/resolve/main/2025/Day001_Oat/images/445.JPG?download=true,https://huggingface.co/datasets/Link-Dev/UAV3DCrop_depth/resolve/main/2025/Day001_Oat_depth/445_depth.tif?download=true,main,relative_scale_shift,8,20000,0.011621875,0.012459475326538086,0.038960815616441935,0.0009955324172973633,0.2014219017088443,0.18403626794486305,0.7082900657667013,0.039691329162901225
2025/Day001_Oat,2025,Day001,oat,445.JPG,445,DJI Mavic 3M RGB camera,nadir,nadir,0.9999606054532906,5280,3956,445_depth.tif,True,True,OPENCV,C:\Users\81902\Documents\Codex\2026-09-20\depth-anything-v2-python-uav-rgb\data\uav3dcrop\2025\Day001_Oat\images\445.JPG,C:\Users\81902\Documents\Codex\2026-09-20\depth-anything-v2-python-uav-rgb\data\uav3dcrop_depth\2025\Day001_Oat\445_depth.tif,https://huggingface.co/datasets/Link-Dev/UAV3DCrop/resolve/main/2025/Day001_Oat/images/445.JPG?download=true,https://huggingface.co/datasets/Link-Dev/UAV3DCrop_depth/resolve/main/2025/Day001_Oat_depth/445_depth.tif?download=true,main,metric_raw,16,20000,0.0225625,0.0267729332447052,0.06261500944162693,0.0073079345703125,0.04137989898416753,0.1227241256832072,0.5384362680683311,0.060918215217720395
2025/Day001_Oat,2025,Day001,oat,445.JPG,445,DJI Mavic 3M RGB camera,nadir,nadir,0.9999606054532906,5280,3956,445_depth.tif,True,True,OPENCV,C:\Users\81902\Documents\Codex\2026-09-20\depth-anything-v2-python-uav-rgb\data\uav3dcrop\2025\Day001_Oat\images\445.JPG,C:\Users\81902\Documents\Codex\2026-09-20\depth-anything-v2-python-uav-rgb\data\uav3dcrop_depth\2025\Day001_Oat\445_depth.tif,https://huggingface.co/datasets/Link-Dev/UAV3DCrop/resolve/main/2025/Day001_Oat/images/445.JPG?download=true,https://huggingface.co/datasets/Link-Dev/UAV3DCrop_depth/resolve/main/2025/Day001_Oat_depth/445_depth.tif?download=true,main,metric_bias_corrected,16,20000,0.0225625,0.02677292833328247,0.06261500369646178,0.007307935523986816,0.04138030607958637,0.12272442812645547,0.5384362680683311,0.060918215217720395
2025/Day001_Oat,2025,Day001,oat,445.JPG,445,DJI Mavic 3M RGB camera,nadir,nadir,0.9999606054532906,5280,3956,445_depth.tif,True,True,OPENCV,C:\Users\81902\Documents\Codex\2026-09-20\depth-anything-v2-python-uav-rgb\data\uav3dcrop\2025\Day001_Oat\images\445.JPG,C:\Users\81902\Documents\Codex\2026-09-20\depth-anything-v2-python-uav-rgb\data\uav3dcrop_depth\2025\Day001_Oat\445_depth.tif,https://huggingface.co/datasets/Link-Dev/UAV3DCrop/resolve/main/2025/Day001_Oat/images/445.JPG?download=true,https://huggingface.co/datasets/Link-Dev/UAV3DCrop_depth/resolve/main/2025/Day001_Oat_depth/445_depth.tif?download=true,main,metric_scale_shift,16,20000,0.0225625,0.02310043258666992,0.06122208887647955,0.006382494926452637,0.041380639832535135,0.12272592477849525,0.5384362680683311,0.060918215217720395
2025/Day001_Oat,2025,Day001,oat,445.JPG,445,DJI Mavic 3M RGB camera,nadir,nadir,0.9999606054532906,5280,3956,445_depth.tif,True,True,OPENCV,C:\Users\81902\Documents\Codex\2026-09-20\depth-anything-v2-python-uav-rgb\data\uav3dcrop\2025\Day001_Oat\images\445.JPG,C:\Users\81902\Documents\Codex\2026-09-20\depth-anything-v2-python-uav-rgb\data\uav3dcrop_depth\2025\Day001_Oat\445_depth.tif,https://huggingface.co/datasets/Link-Dev/UAV3DCrop/resolve/main/2025/Day001_Oat/images/445.JPG?download=true,https://huggingface.co/datasets/Link-Dev/UAV3DCrop_depth/resolve/main/2025/Day001_Oat_depth/445_depth.tif?download=true,main,relative_scale_shift,16,20000,0.0225625,0.022075621461868287,0.05821088526968298,0.0007009019374847412,0.2972320923694763,0.20785161350603212,0.7238501971090671,0.060918215217720395
2025/Day001_Oat,2025,Day001,oat,445.JPG,445,DJI Mavic 3M RGB camera,nadir,nadir,0.9999606054532906,5280,3956,445_depth.tif,True,True,OPENCV,C:\Users\81902\Documents\Codex\2026-09-20\depth-anything-v2-python-uav-rgb\data\uav3dcrop\2025\Day001_Oat\images\445.JPG,C:\Users\81902\Documents\Codex\2026-09-20\depth-anything-v2-python-uav-rgb\data\uav3dcrop_depth\2025\Day001_Oat\445_depth.tif,https://huggingface.co/datasets/Link-Dev/UAV3DCrop/resolve/main/2025/Day001_Oat/images/445.JPG?download=true,https://huggingface.co/datasets/Link-Dev/UAV3DCrop_depth/resolve/main/2025/Day001_Oat_depth/445_depth.tif?download=true,main,metric_raw,32,20000,0.041698828125,0.048023115563392636,0.09679901815284145,0.013030059123039246,0.039460189347646384,0.15219559027500607,0.5452679589509692,0.09349465655475062
2025/Day001_Oat,2025,Day001,oat,445.JPG,445,DJI Mavic 3M RGB camera,nadir,nadir,0.9999606054532906,5280,3956,445_depth.tif,True,True,OPENCV,C:\Users\81902\Documents\Codex\2026-09-20\depth-anything-v2-python-uav-rgb\data\uav3dcrop\2025\Day001_Oat\images\445.JPG,C:\Users\81902\Documents\Codex\2026-09-20\depth-anything-v2-python-uav-rgb\data\uav3dcrop_depth\2025\Day001_Oat\445_depth.tif,https://huggingface.co/datasets/Link-Dev/UAV3DCrop/resolve/main/2025/Day001_Oat/images/445.JPG?download=true,https://huggingface.co/datasets/Link-Dev/UAV3DCrop_depth/resolve/main/2025/Day001_Oat_depth/445_depth.tif?download=true,main,metric_bias_corrected,32,20000,0.041698828125,0.048023117637634276,0.09679902167674728,0.013030063343048095,0.03946008531827013,0.15219537009088505,0.5452679589509692,0.09349465655475062
2025/Day001_Oat,2025,Day001,oat,445.JPG,445,DJI Mavic 3M RGB camera,nadir,nadir,0.9999606054532906,5280,3956,445_depth.tif,True,True,OPENCV,C:\Users\81902\Documents\Codex\2026-09-20\depth-anything-v2-python-uav-rgb\data\uav3dcrop\2025\Day001_Oat\images\445.JPG,C:\Users\81902\Documents\Codex\2026-09-20\depth-anything-v2-python-uav-rgb\data\uav3dcrop_depth\2025\Day001_Oat\445_depth.tif,https://huggingface.co/datasets/Link-Dev/UAV3DCrop/resolve/main/2025/Day001_Oat/images/445.JPG?download=true,https://huggingface.co/datasets/Link-Dev/UAV3DCrop_depth/resolve/main/2025/Day001_Oat_depth/445_depth.tif?download=true,main,metric_scale_shift,32,20000,0.041698828125,0.042114996004104614,0.09414103592045676,0.01114701828956604,0.03946011238895221,0.15219444526648299,0.5452679589509692,0.09349465655475062
2025/Day001_Oat,2025,Day001,oat,445.JPG,445,DJI Mavic 3M RGB camera,nadir,nadir,0.9999606054532906,5280,3956,445_depth.tif,True,True,OPENCV,C:\Users\81902\Documents\Codex\2026-09-20\depth-anything-v2-python-uav-rgb\data\uav3dcrop\2025\Day001_Oat\images\445.JPG,C:\Users\81902\Documents\Codex\2026-09-20\depth-anything-v2-python-uav-rgb\data\uav3dcrop_depth\2025\Day001_Oat\445_depth.tif,https://huggingface.co/datasets/Link-Dev/UAV3DCrop/resolve/main/2025/Day001_Oat/images/445.JPG?download=true,https://huggingface.co/datasets/Link-Dev/UAV3DCrop_depth/resolve/main/2025/Day001_Oat_depth/445_depth.tif?download=true,main,relative_scale_shift,32,20000,0.041698828125,0.03845998549461365,0.08827267259925466,0.00016397109031677246,0.33579544883943885,0.25973370179511146,0.7363169897377423,0.09349465655475062
2025/Day001_Oat,2025,Day001,oat,445.JPG,445,DJI Mavic 3M RGB camera,nadir,nadir,0.9999606054532906,5280,3956,445_depth.tif,True,True,OPENCV,C:\Users\81902\Documents\Codex\2026-09-20\depth-anything-v2-python-uav-rgb\data\uav3dcrop\2025\Day001_Oat\images\445.JPG,C:\Users\81902\Documents\Codex\2026-09-20\depth-anything-v2-python-uav-rgb\data\uav3dcrop_depth\2025\Day001_Oat\445_depth.tif,https://huggingface.co/datasets/Link-Dev/UAV3DCrop/resolve/main/2025/Day001_Oat/images/445.JPG?download=true,https://huggingface.co/datasets/Link-Dev/UAV3DCrop_depth/resolve/main/2025/Day001_Oat_depth/445_depth.tif?download=true,main,metric_raw,64,20000,0.07452578125,0.08416042437553406,0.14741511238048186,0.03085872001647949,0.07574415380179533,0.18481425208886168,0.5313653136531366,0.1408944627311375
2025/Day001_Oat,2025,Day001,oat,445.JPG,445,DJI Mavic 3M RGB camera,nadir,nadir,0.9999606054532906,5280,3956,445_depth.tif,True,True,OPENCV,C:\Users\81902\Documents\Codex\2026-09-20\depth-anything-v2-python-uav-rgb\data\uav3dcrop\2025\Day001_Oat\images\445.JPG,C:\Users\81902\Documents\Codex\2026-09-20\depth-anything-v2-python-uav-rgb\data\uav3dcrop_depth\2025\Day001_Oat\445_depth.tif,https://huggingface.co/datasets/Link-Dev/UAV3DCrop/resolve/main/2025/Day001_Oat/images/445.JPG?download=true,https://huggingface.co/datasets/Link-Dev/UAV3DCrop_depth/resolve/main/2025/Day001_Oat_depth/445_depth.tif?download=true,main,metric_bias_corrected,64,20000,0.07452578125,0.08416042370796203,0.1474151105389921,0.03085872254371643,0.07574420353155226,0.18481416472670475,0.5313653136531366,0.1408944627311375
2025/Day001_Oat,2025,Day001,oat,445.JPG,445,DJI Mavic 3M RGB camera,nadir,nadir,0.9999606054532906,5280,3956,445_depth.tif,True,True,OPENCV,C:\Users\81902\Documents\Codex\2026-09-20\depth-anything-v2-python-uav-rgb\data\uav3dcrop\2025\Day001_Oat\images\445.JPG,C:\Users\81902\Documents\Codex\2026-09-20\depth-anything-v2-python-uav-rgb\data\uav3dcrop_depth\2025\Day001_Oat\445_depth.tif,https://huggingface.co/datasets/Link-Dev/UAV3DCrop/resolve/main/2025/Day001_Oat/images/445.JPG?download=true,https://huggingface.co/datasets/Link-Dev/UAV3DCrop_depth/resolve/main/2025/Day001_Oat_depth/445_depth.tif?download=true,main,metric_scale_shift,64,20000,0.07452578125,0.07516773519515992,0.1430008745115484,0.0266599383354187,0.07574431284556812,0.18481444787129037,0.5313653136531366,0.1408944627311375
2025/Day001_Oat,2025,Day001,oat,445.JPG,445,DJI Mavic 3M RGB camera,nadir,nadir,0.9999606054532906,5280,3956,445_depth.tif,True,True,OPENCV,C:\Users\81902\Documents\Codex\2026-09-20\depth-anything-v2-python-uav-rgb\data\uav3dcrop\2025\Day001_Oat\images\445.JPG,C:\Users\81902\Documents\Codex\2026-09-20\depth-anything-v2-python-uav-rgb\data\uav3dcrop_depth\2025\Day001_Oat\445_depth.tif,https://huggingface.co/datasets/Link-Dev/UAV3DCrop/resolve/main/2025/Day001_Oat/images/445.JPG?download=true,https://huggingface.co/datasets/Link-Dev/UAV3DCrop_depth/resolve/main/2025/Day001_Oat_depth/445_depth.tif?download=true,main,relative_scale_shift,64,20000,0.07452578125,0.06542205924987793,0.13283517568768352,0.0035277369499206544,0.3557071475386438,0.27916524374301394,0.766832450933205,0.1408944627311375
2025/Day001_Oat,2025,Day001,oat,445.JPG,445,DJI Mavic 3M RGB camera,nadir,nadir,0.9999606054532906,5280,3956,445_depth.tif,True,True,OPENCV,C:\Users\81902\Documents\Codex\2026-09-20\depth-anything-v2-python-uav-rgb\data\uav3dcrop\2025\Day001_Oat\images\445.JPG,C:\Users\81902\Documents\Codex\2026-09-20\depth-anything-v2-python-uav-rgb\data\uav3dcrop_depth\2025\Day001_Oat\445_depth.tif,https://huggingface.co/datasets/Link-Dev/UAV3DCrop/resolve/main/2025/Day001_Oat/images/445.JPG?download=true,https://huggingface.co/datasets/Link-Dev/UAV3DCrop_depth/resolve/main/2025/Day001_Oat_depth/445_depth.tif?download=true,main,metric_raw,128,20000,0.114588671875,0.13000142323970795,0.19663322853441936,0.05839688274860382,0.10447033352910748,0.21635157112132386,0.5168917171090072,0.18093259788289687
2025/Day001_Oat,2025,Day001,oat,445.JPG,445,DJI Mavic 3M RGB camera,nadir,nadir,0.9999606054532906,5280,3956,445_depth.tif,True,True,OPENCV,C:\Users\81902\Documents\Codex\2026-09-20\depth-anything-v2-python-uav-rgb\data\uav3dcrop\2025\Day001_Oat\images\445.JPG,C:\Users\81902\Documents\Codex\2026-09-20\depth-anything-v2-python-uav-rgb\data\uav3dcrop_depth\2025\Day001_Oat\445_depth.tif,https://huggingface.co/datasets/Link-Dev/UAV3DCrop/resolve/main/2025/Day001_Oat/images/445.JPG?download=true,https://huggingface.co/datasets/Link-Dev/UAV3DCrop_depth/resolve/main/2025/Day001_Oat_depth/445_depth.tif?download=true,main,metric_bias_corrected,128,20000,0.114588671875,0.13000142560005187,0.19663323124470042,0.058396881532669066,0.104470304204671,0.21635186818329286,0.5168917171090072,0.18093259788289687
2025/Day001_Oat,2025,Day001,oat,445.JPG,445,DJI Mavic 3M RGB camera,nadir,nadir,0.9999606054532906,5280,3956,445_depth.tif,True,True,OPENCV,C:\Users\81902\Documents\Codex\2026-09-20\depth-anything-v2-python-uav-rgb\data\uav3dcrop\2025\Day001_Oat\images\445.JPG,C:\Users\81902\Documents\Codex\2026-09-20\depth-anything-v2-python-uav-rgb\data\uav3dcrop_depth\2025\Day001_Oat\445_depth.tif,https://huggingface.co/datasets/Link-Dev/UAV3DCrop/resolve/main/2025/Day001_Oat/images/445.JPG?download=true,https://huggingface.co/datasets/Link-Dev/UAV3DCrop_depth/resolve/main/2025/Day001_Oat_depth/445_depth.tif?download=true,main,metric_scale_shift,128,20000,0.114588671875,0.11613836717605591,0.186533256372168,0.04913744592666626,0.10447009804675267,0.21635155872388037,0.5168917171090072,0.18093259788289687
2025/Day001_Oat,2025,Day001,oat,445.JPG,445,DJI Mavic 3M RGB camera,nadir,nadir,0.9999606054532906,5280,3956,445_depth.tif,True,True,OPENCV,C:\Users\81902\Documents\Codex\2026-09-20\depth-anything-v2-python-uav-rgb\data\uav3dcrop\2025\Day001_Oat\images\445.JPG,C:\Users\81902\Documents\Codex\2026-09-20\depth-anything-v2-python-uav-rgb\data\uav3dcrop_depth\2025\Day001_Oat\445_depth.tif,https://huggingface.co/datasets/Link-Dev/UAV3DCrop/resolve/main/2025/Day001_Oat/images/445.JPG?download=true,https://huggingface.co/datasets/Link-Dev/UAV3DCrop_depth/resolve/main/2025/Day001_Oat_depth/445_depth.tif?download=true,main,relative_scale_shift,128,20000,0.114588671875,0.0918390769958496,0.1654740545868114,0.0032134411811828613,0.4545343136458609,0.33457139021225685,0.8090951420145894,0.18093259788289687
2025/Day001_Oat,2025,Day001,oat,96.JPG,96,DJI Mavic 3M RGB camera,oblique,oblique,0.7043685218326969,5280,3956,96_depth.tif,True,True,OPENCV,C:\Users\81902\Documents\Codex\2026-09-20\depth-anything-v2-python-uav-rgb\data\uav3dcrop\2025\Day001_Oat\images\96.JPG,C:\Users\81902\Documents\Codex\2026-09-20\depth-anything-v2-python-uav-rgb\data\uav3dcrop_depth\2025\Day001_Oat\96_depth.tif,https://huggingface.co/datasets/Link-Dev/UAV3DCrop/resolve/main/2025/Day001_Oat/images/96.JPG?download=true,https://huggingface.co/datasets/Link-Dev/UAV3DCrop_depth/resolve/main/2025/Day001_Oat_depth/96_depth.tif?download=true,main,metric_raw,8,20000,0.03726796875,0.04474187672138214,0.19506347255983808,-0.003214392304420471,-0.004146310402107839,0.05237446780177478,0.5244302562738317,0.19253583929134102
2025/Day001_Oat,2025,Day001,oat,96.JPG,96,DJI Mavic 3M RGB camera,oblique,oblique,0.7043685218326969,5280,3956,96_depth.tif,True,True,OPENCV,C:\Users\81902\Documents\Codex\2026-09-20\depth-anything-v2-python-uav-rgb\data\uav3dcrop\2025\Day001_Oat\images\96.JPG,C:\Users\81902\Documents\Codex\2026-09-20\depth-anything-v2-python-uav-rgb\data\uav3dcrop_depth\2025\Day001_Oat\96_depth.tif,https://huggingface.co/datasets/Link-Dev/UAV3DCrop/resolve/main/2025/Day001_Oat/images/96.JPG?download=true,https://huggingface.co/datasets/Link-Dev/UAV3DCrop_depth/resolve/main/2025/Day001_Oat_depth/96_depth.tif?download=true,main,metric_bias_corrected,8,20000,0.03726796875,0.04474187707901001,0.1950634690208784,-0.0032143996238708497,-0.004146204645098648,0.052375140027980285,0.5244302562738317,0.19253583929134102
2025/Day001_Oat,2025,Day001,oat,96.JPG,96,DJI Mavic 3M RGB camera,oblique,oblique,0.7043685218326969,5280,3956,96_depth.tif,True,True,OPENCV,C:\Users\81902\Documents\Codex\2026-09-20\depth-anything-v2-python-uav-rgb\data\uav3dcrop\2025\Day001_Oat\images\96.JPG,C:\Users\81902\Documents\Codex\2026-09-20\depth-anything-v2-python-uav-rgb\data\uav3dcrop_depth\2025\Day001_Oat\96_depth.tif,https://huggingface.co/datasets/Link-Dev/UAV3DCrop/resolve/main/2025/Day001_Oat/images/96.JPG?download=true,https://huggingface.co/datasets/Link-Dev/UAV3DCrop_depth/resolve/main/2025/Day001_Oat_depth/96_depth.tif?download=true,main,metric_scale_shift,8,20000,0.03726796875,0.05410053329467773,0.2006118789963461,-0.0044879293441772465,-0.004146392403481553,0.05237527044732834,0.5244302562738317,0.19253583929134102
2025/Day001_Oat,2025,Day001,oat,96.JPG,96,DJI Mavic 3M RGB camera,oblique,oblique,0.7043685218326969,5280,3956,96_depth.tif,True,True,OPENCV,C:\Users\81902\Documents\Codex\2026-09-20\depth-anything-v2-python-uav-rgb\data\uav3dcrop\2025\Day001_Oat\images\96.JPG,C:\Users\81902\Documents\Codex\2026-09-20\depth-anything-v2-python-uav-rgb\data\uav3dcrop_depth\2025\Day001_Oat\96_depth.tif,https://huggingface.co/datasets/Link-Dev/UAV3DCrop/resolve/main/2025/Day001_Oat/images/96.JPG?download=true,https://huggingface.co/datasets/Link-Dev/UAV3DCrop_depth/resolve/main/2025/Day001_Oat_depth/96_depth.tif?download=true,main,relative_scale_shift,8,20000,0.03726796875,0.038698932552337646,0.1899561877051027,-0.00295703649520874,0.1641474098825395,0.27246655275941534,0.6005143211847123,0.19253583929134102
2025/Day001_Oat,2025,Day001,oat,96.JPG,96,DJI Mavic 3M RGB camera,oblique,oblique,0.7043685218326969,5280,3956,96_depth.tif,True,True,OPENCV,C:\Users\81902\Documents\Codex\2026-09-20\depth-anything-v2-python-uav-rgb\data\uav3dcrop\2025\Day001_Oat\images\96.JPG,C:\Users\81902\Documents\Codex\2026-09-20\depth-anything-v2-python-uav-rgb\data\uav3dcrop_depth\2025\Day001_Oat\96_depth.tif,https://huggingface.co/datasets/Link-Dev/UAV3DCrop/resolve/main/2025/Day001_Oat/images/96.JPG?download=true,https://huggingface.co/datasets/Link-Dev/UAV3DCrop_depth/resolve/main/2025/Day001_Oat_depth/96_depth.tif?download=true,main,metric_raw,16,20000,0.063933203125,0.0744608337879181,0.22786262307934058,-0.006746478891372681,0.08982281646719176,0.0908707537676727,0.5345423752734457,0.22615565658569498
2025/Day001_Oat,2025,Day001,oat,96.JPG,96,DJI Mavic 3M RGB camera,oblique,oblique,0.7043685218326969,5280,3956,96_depth.tif,True,True,OPENCV,C:\Users\81902\Documents\Codex\2026-09-20\depth-anything-v2-python-uav-rgb\data\uav3dcrop\2025\Day001_Oat\images\96.JPG,C:\Users\81902\Documents\Codex\2026-09-20\depth-anything-v2-python-uav-rgb\data\uav3dcrop_depth\2025\Day001_Oat\96_depth.tif,https://huggingface.co/datasets/Link-Dev/UAV3DCrop/resolve/main/2025/Day001_Oat/images/96.JPG?download=true,https://huggingface.co/datasets/Link-Dev/UAV3DCrop_depth/resolve/main/2025/Day001_Oat_depth/96_depth.tif?download=true,main,metric_bias_corrected,16,20000,0.063933203125,0.0744608337879181,0.22786262861667372,-0.006746472883224487,0.08982269450486938,0.0908702276359324,0.5345423752734457,0.22615565658569498
2025/Day001_Oat,2025,Day001,oat,96.JPG,96,DJI Mavic 3M RGB camera,oblique,oblique,0.7043685218326969,5280,3956,96_depth.tif,True,True,OPENCV,C:\Users\81902\Documents\Codex\2026-09-20\depth-anything-v2-python-uav-rgb\data\uav3dcrop\2025\Day001_Oat\images\96.JPG,C:\Users\81902\Documents\Codex\2026-09-20\depth-anything-v2-python-uav-rgb\data\uav3dcrop_depth\2025\Day001_Oat\96_depth.tif,https://huggingface.co/datasets/Link-Dev/UAV3DCrop/resolve/main/2025/Day001_Oat/images/96.JPG?download=true,https://huggingface.co/datasets/Link-Dev/UAV3DCrop_depth/resolve/main/2025/Day001_Oat_depth/96_depth.tif?download=true,main,metric_scale_shift,16,20000,0.063933203125,0.09011056632995605,0.2387058571862537,-0.009820728302001954,0.0898227064914264,0.09087094365210967,0.5345423752734457,0.22615565658569498
2025/Day001_Oat,2025,Day001,oat,96.JPG,96,DJI Mavic 3M RGB camera,oblique,oblique,0.7043685218326969,5280,3956,96_depth.tif,True,True,OPENCV,C:\Users\81902\Documents\Codex\2026-09-20\depth-anything-v2-python-uav-rgb\data\uav3dcrop\2025\Day001_Oat\images\96.JPG,C:\Users\81902\Documents\Codex\2026-09-20\depth-anything-v2-python-uav-rgb\data\uav3dcrop_depth\2025\Day001_Oat\96_depth.tif,https://huggingface.co/datasets/Link-Dev/UAV3DCrop/resolve/main/2025/Day001_Oat/images/96.JPG?download=true,https://huggingface.co/datasets/Link-Dev/UAV3DCrop_depth/resolve/main/2025/Day001_Oat_depth/96_depth.tif?download=true,main,relative_scale_shift,16,20000,0.063933203125,0.06269343461990357,0.21648878413165823,-0.005693249225616455,0.29112528364472295,0.28985216204297454,0.580692964504975,0.22615565658569498
2025/Day001_Oat,2025,Day001,oat,96.JPG,96,DJI Mavic 3M RGB camera,oblique,oblique,0.7043685218326969,5280,3956,96_depth.tif,True,True,OPENCV,C:\Users\81902\Documents\Codex\2026-09-20\depth-anything-v2-python-uav-rgb\data\uav3dcrop\2025\Day001_Oat\images\96.JPG,C:\Users\81902\Documents\Codex\2026-09-20\depth-anything-v2-python-uav-rgb\data\uav3dcrop_depth\2025\Day001_Oat\96_depth.tif,https://huggingface.co/datasets/Link-Dev/UAV3DCrop/resolve/main/2025/Day001_Oat/images/96.JPG?download=true,https://huggingface.co/datasets/Link-Dev/UAV3DCrop_depth/resolve/main/2025/Day001_Oat_depth/96_depth.tif?download=true,main,metric_raw,32,20000,0.11028671875,0.12581530997753143,0.34830697505006186,-0.01229429132938385,0.14813921428670346,0.11457168572152121,0.537006474546147,0.3489757980253385
2025/Day001_Oat,2025,Day001,oat,96.JPG,96,DJI Mavic 3M RGB camera,oblique,oblique,0.7043685218326969,5280,3956,96_depth.tif,True,True,OPENCV,C:\Users\81902\Documents\Codex\2026-09-20\depth-anything-v2-python-uav-rgb\data\uav3dcrop\2025\Day001_Oat\images\96.JPG,C:\Users\81902\Documents\Codex\2026-09-20\depth-anything-v2-python-uav-rgb\data\uav3dcrop_depth\2025\Day001_Oat\96_depth.tif,https://huggingface.co/datasets/Link-Dev/UAV3DCrop/resolve/main/2025/Day001_Oat/images/96.JPG?download=true,https://huggingface.co/datasets/Link-Dev/UAV3DCrop_depth/resolve/main/2025/Day001_Oat_depth/96_depth.tif?download=true,main,metric_bias_corrected,32,20000,0.11028671875,0.1258153176307678,0.34830697112305353,-0.012294279193878174,0.14813924170203055,0.11457106140834604,0.537006474546147,0.3489757980253385
2025/Day001_Oat,2025,Day001,oat,96.JPG,96,DJI Mavic 3M RGB camera,oblique,oblique,0.7043685218326969,5280,3956,96_depth.tif,True,True,OPENCV,C:\Users\81902\Documents\Codex\2026-09-20\depth-anything-v2-python-uav-rgb\data\uav3dcrop\2025\Day001_Oat\images\96.JPG,C:\Users\81902\Documents\Codex\2026-09-20\depth-anything-v2-python-uav-rgb\data\uav3dcrop_depth\2025\Day001_Oat\96_depth.tif,https://huggingface.co/datasets/Link-Dev/UAV3DCrop/resolve/main/2025/Day001_Oat/images/96.JPG?download=true,https://huggingface.co/datasets/Link-Dev/UAV3DCrop_depth/resolve/main/2025/Day001_Oat_depth/96_depth.tif?download=true,main,metric_scale_shift,32,20000,0.11028671875,0.1500635474205017,0.36759238062155764,-0.017238273906707763,0.14813915229997668,0.11457142139436823,0.537006474546147,0.3489757980253385
2025/Day001_Oat,2025,Day001,oat,96.JPG,96,DJI Mavic 3M RGB camera,oblique,oblique,0.7043685218326969,5280,3956,96_depth.tif,True,True,OPENCV,C:\Users\81902\Documents\Codex\2026-09-20\depth-anything-v2-python-uav-rgb\data\uav3dcrop\2025\Day001_Oat\images\96.JPG,C:\Users\81902\Documents\Codex\2026-09-20\depth-anything-v2-python-uav-rgb\data\uav3dcrop_depth\2025\Day001_Oat\96_depth.tif,https://huggingface.co/datasets/Link-Dev/UAV3DCrop/resolve/main/2025/Day001_Oat/images/96.JPG?download=true,https://huggingface.co/datasets/Link-Dev/UAV3DCrop_depth/resolve/main/2025/Day001_Oat_depth/96_depth.tif?download=true,main,relative_scale_shift,32,20000,0.11028671875,0.10188305883407593,0.3294691747952875,-0.011218189907073975,0.3315180324568573,0.3744128079177082,0.5907705979433795,0.3489757980253385
2025/Day001_Oat,2025,Day001,oat,96.JPG,96,DJI Mavic 3M RGB camera,oblique,oblique,0.7043685218326969,5280,3956,96_depth.tif,True,True,OPENCV,C:\Users\81902\Documents\Codex\2026-09-20\depth-anything-v2-python-uav-rgb\data\uav3dcrop\2025\Day001_Oat\images\96.JPG,C:\Users\81902\Documents\Codex\2026-09-20\depth-anything-v2-python-uav-rgb\data\uav3dcrop_depth\2025\Day001_Oat\96_depth.tif,https://huggingface.co/datasets/Link-Dev/UAV3DCrop/resolve/main/2025/Day001_Oat/images/96.JPG?download=true,https://huggingface.co/datasets/Link-Dev/UAV3DCrop_depth/resolve/main/2025/Day001_Oat_depth/96_depth.tif?download=true,main,metric_raw,64,20000,0.159090625,0.18070804424285888,0.4188099652235152,-0.028403678035736082,0.1909539565429733,0.13113196186730708,0.5392220709253449,0.42108858713135444
2025/Day001_Oat,2025,Day001,oat,96.JPG,96,DJI Mavic 3M RGB camera,oblique,oblique,0.7043685218326969,5280,3956,96_depth.tif,True,True,OPENCV,C:\Users\81902\Documents\Codex\2026-09-20\depth-anything-v2-python-uav-rgb\data\uav3dcrop\2025\Day001_Oat\images\96.JPG,C:\Users\81902\Documents\Codex\2026-09-20\depth-anything-v2-python-uav-rgb\data\uav3dcrop_depth\2025\Day001_Oat\96_depth.tif,https://huggingface.co/datasets/Link-Dev/UAV3DCrop/resolve/main/2025/Day001_Oat/images/96.JPG?download=true,https://huggingface.co/datasets/Link-Dev/UAV3DCrop_depth/resolve/main/2025/Day001_Oat_depth/96_depth.tif?download=true,main,metric_bias_corrected,64,20000,0.159090625,0.18070804028511048,0.4188099753925876,-0.028403677988052368,0.19095388397794272,0.13113209473732765,0.5391628677994198,0.42108858713135444
2025/Day001_Oat,2025,Day001,oat,96.JPG,96,DJI Mavic 3M RGB camera,oblique,oblique,0.7043685218326969,5280,3956,96_depth.tif,True,True,OPENCV,C:\Users\81902\Documents\Codex\2026-09-20\depth-anything-v2-python-uav-rgb\data\uav3dcrop\2025\Day001_Oat\images\96.JPG,C:\Users\81902\Documents\Codex\2026-09-20\depth-anything-v2-python-uav-rgb\data\uav3dcrop_depth\2025\Day001_Oat\96_depth.tif,https://huggingface.co/datasets/Link-Dev/UAV3DCrop/resolve/main/2025/Day001_Oat/images/96.JPG?download=true,https://huggingface.co/datasets/Link-Dev/UAV3DCrop_depth/resolve/main/2025/Day001_Oat_depth/96_depth.tif?download=true,main,metric_scale_shift,64,20000,0.159090625,0.2177808108329773,0.4519793918917711,-0.04189640169143677,0.19095398088557217,0.131131944550454,0.5392220709253449,0.42108858713135444
2025/Day001_Oat,2025,Day001,oat,96.JPG,96,DJI Mavic 3M RGB camera,oblique,oblique,0.7043685218326969,5280,3956,96_depth.tif,True,True,OPENCV,C:\Users\81902\Documents\Codex\2026-09-20\depth-anything-v2-python-uav-rgb\data\uav3dcrop\2025\Day001_Oat\images\96.JPG,C:\Users\81902\Documents\Codex\2026-09-20\depth-anything-v2-python-uav-rgb\data\uav3dcrop_depth\2025\Day001_Oat\96_depth.tif,https://huggingface.co/datasets/Link-Dev/UAV3DCrop/resolve/main/2025/Day001_Oat/images/96.JPG?download=true,https://huggingface.co/datasets/Link-Dev/UAV3DCrop_depth/resolve/main/2025/Day001_Oat_depth/96_depth.tif?download=true,main,relative_scale_shift,64,20000,0.159090625,0.1369177240371704,0.38064506864499875,-0.022815206909179687,0.4311427012042232,0.4393232799565611,0.5874726185542597,0.42108858713135444
2025/Day001_Oat,2025,Day001,oat,96.JPG,96,DJI Mavic 3M RGB camera,oblique,oblique,0.7043685218326969,5280,3956,96_depth.tif,True,True,OPENCV,C:\Users\81902\Documents\Codex\2026-09-20\depth-anything-v2-python-uav-rgb\data\uav3dcrop\2025\Day001_Oat\images\96.JPG,C:\Users\81902\Documents\Codex\2026-09-20\depth-anything-v2-python-uav-rgb\data\uav3dcrop_depth\2025\Day001_Oat\96_depth.tif,https://huggingface.co/datasets/Link-Dev/UAV3DCrop/resolve/main/2025/Day001_Oat/images/96.JPG?download=true,https://huggingface.co/datasets/Link-Dev/UAV3DCrop_depth/resolve/main/2025/Day001_Oat_depth/96_depth.tif?download=true,main,metric_raw,128,20000,0.209478125,0.25047753024101255,0.5536673944291314,-0.07007045435905457,0.26337587598652085,0.10820956047147179,0.5278150884262368,0.562848899485229
2025/Day001_Oat,2025,Day001,oat,96.JPG,96,DJI Mavic 3M RGB camera,oblique,oblique,0.7043685218326969,5280,3956,96_depth.tif,True,True,OPENCV,C:\Users\81902\Documents\Codex\2026-09-20\depth-anything-v2-python-uav-rgb\data\uav3dcrop\2025\Day001_Oat\images\96.JPG,C:\Users\81902\Documents\Codex\2026-09-20\depth-anything-v2-python-uav-rgb\data\uav3dcrop_depth\2025\Day001_Oat\96_depth.tif,https://huggingface.co/datasets/Link-Dev/UAV3DCrop/resolve/main/2025/Day001_Oat/images/96.JPG?download=true,https://huggingface.co/datasets/Link-Dev/UAV3DCrop_depth/resolve/main/2025/Day001_Oat_depth/96_depth.tif?download=true,main,metric_bias_corrected,128,20000,0.209478125,0.2504775273323059,0.5536674030903834,-0.0700704402923584,0.26337582549647776,0.10820932976214223,0.5278150884262368,0.562848899485229
2025/Day001_Oat,2025,Day001,oat,96.JPG,96,DJI Mavic 3M RGB camera,oblique,oblique,0.7043685218326969,5280,3956,96_depth.tif,True,True,OPENCV,C:\Users\81902\Documents\Codex\2026-09-20\depth-anything-v2-python-uav-rgb\data\uav3dcrop\2025\Day001_Oat\images\96.JPG,C:\Users\81902\Documents\Codex\2026-09-20\depth-anything-v2-python-uav-rgb\data\uav3dcrop_depth\2025\Day001_Oat\96_depth.tif,https://huggingface.co/datasets/Link-Dev/UAV3DCrop/resolve/main/2025/Day001_Oat/images/96.JPG?download=true,https://huggingface.co/datasets/Link-Dev/UAV3DCrop_depth/resolve/main/2025/Day001_Oat_depth/96_depth.tif?download=true,main,metric_scale_shift,128,20000,0.209478125,0.3146149897575378,0.6146953667574142,-0.09248462724685669,0.26337593835757234,0.10820952025838351,0.5278150884262368,0.562848899485229
2025/Day001_Oat,2025,Day001,oat,96.JPG,96,DJI Mavic 3M RGB camera,oblique,oblique,0.7043685218326969,5280,3956,96_depth.tif,True,True,OPENCV,C:\Users\81902\Documents\Codex\2026-09-20\depth-anything-v2-python-uav-rgb\data\uav3dcrop\2025\Day001_Oat\images\96.JPG,C:\Users\81902\Documents\Codex\2026-09-20\depth-anything-v2-python-uav-rgb\data\uav3dcrop_depth\2025\Day001_Oat\96_depth.tif,https://huggingface.co/datasets/Link-Dev/UAV3DCrop/resolve/main/2025/Day001_Oat/images/96.JPG?download=true,https://huggingface.co/datasets/Link-Dev/UAV3DCrop_depth/resolve/main/2025/Day001_Oat_depth/96_depth.tif?download=true,main,relative_scale_shift,128,20000,0.209478125,0.1879906002998352,0.510808632757257,-0.06058792924880981,0.4340372387163528,0.4679659344292186,0.5795276471905082,0.562848899485229
2025/Day001_Oat,2025,Day001,oat,166.JPG,166,DJI Mavic 3M RGB camera,oblique,oblique,0.7105216300603896,5280,3956,166_depth.tif,True,True,OPENCV,C:\Users\81902\Documents\Codex\2026-09-20\depth-anything-v2-python-uav-rgb\data\uav3dcrop\2025\Day001_Oat\images\166.JPG,C:\Users\81902\Documents\Codex\2026-09-20\depth-anything-v2-python-uav-rgb\data\uav3dcrop_depth\2025\Day001_Oat\166_depth.tif,https://huggingface.co/datasets/Link-Dev/UAV3DCrop/resolve/main/2025/Day001_Oat/images/166.JPG?download=true,https://huggingface.co/datasets/Link-Dev/UAV3DCrop_depth/resolve/main/2025/Day001_Oat_depth/166_depth.tif?download=true,main,metric_raw,8,20000,0.02267578125,0.02712505021095276,0.10205199445785901,0.0008494757652282715,0.05392458659593194,0.012213929065423417,0.5116050595603586,0.10111603090777925
2025/Day001_Oat,2025,Day001,oat,166.JPG,166,DJI Mavic 3M RGB camera,oblique,oblique,0.7105216300603896,5280,3956,166_depth.tif,True,True,OPENCV,C:\Users\81902\Documents\Codex\2026-09-20\depth-anything-v2-python-uav-rgb\data\uav3dcrop\2025\Day001_Oat\images\166.JPG,C:\Users\81902\Documents\Codex\2026-09-20\depth-anything-v2-python-uav-rgb\data\uav3dcrop_depth\2025\Day001_Oat\166_depth.tif,https://huggingface.co/datasets/Link-Dev/UAV3DCrop/resolve/main/2025/Day001_Oat/images/166.JPG?download=true,https://huggingface.co/datasets/Link-Dev/UAV3DCrop_depth/resolve/main/2025/Day001_Oat_depth/166_depth.tif?download=true,main,metric_bias_corrected,8,20000,0.02267578125,0.027125051689147948,0.10205198868489679,0.0008494781494140625,0.05392485702461299,0.012215973834846384,0.5116050595603586,0.10111603090777925
2025/Day001_Oat,2025,Day001,oat,166.JPG,166,DJI Mavic 3M RGB camera,oblique,oblique,0.7105216300603896,5280,3956,166_depth.tif,True,True,OPENCV,C:\Users\81902\Documents\Codex\2026-09-20\depth-anything-v2-python-uav-rgb\data\uav3dcrop\2025\Day001_Oat\images\166.JPG,C:\Users\81902\Documents\Codex\2026-09-20\depth-anything-v2-python-uav-rgb\data\uav3dcrop_depth\2025\Day001_Oat\166_depth.tif,https://huggingface.co/datasets/Link-Dev/UAV3DCrop/resolve/main/2025/Day001_Oat/images/166.JPG?download=true,https://huggingface.co/datasets/Link-Dev/UAV3DCrop_depth/resolve/main/2025/Day001_Oat_depth/166_depth.tif?download=true,main,metric_scale_shift,8,20000,0.02267578125,0.05348615026473999,0.13834847991455138,0.010227388286590576,0.05392445442425258,0.012214282183300614,0.5116050595603586,0.10111603090777925
2025/Day001_Oat,2025,Day001,oat,166.JPG,166,DJI Mavic 3M RGB camera,oblique,oblique,0.7105216300603896,5280,3956,166_depth.tif,True,True,OPENCV,C:\Users\81902\Documents\Codex\2026-09-20\depth-anything-v2-python-uav-rgb\data\uav3dcrop\2025\Day001_Oat\images\166.JPG,C:\Users\81902\Documents\Codex\2026-09-20\depth-anything-v2-python-uav-rgb\data\uav3dcrop_depth\2025\Day001_Oat\166_depth.tif,https://huggingface.co/datasets/Link-Dev/UAV3DCrop/resolve/main/2025/Day001_Oat/images/166.JPG?download=true,https://huggingface.co/datasets/Link-Dev/UAV3DCrop_depth/resolve/main/2025/Day001_Oat_depth/166_depth.tif?download=true,main,relative_scale_shift,8,20000,0.02267578125,0.024039884853363037,0.10025682387152399,-0.001842485523223877,0.1325021732988794,0.07625010691637703,0.5171312783986246,0.10111603090777925
2025/Day001_Oat,2025,Day001,oat,166.JPG,166,DJI Mavic 3M RGB camera,oblique,oblique,0.7105216300603896,5280,3956,166_depth.tif,True,True,OPENCV,C:\Users\81902\Documents\Codex\2026-09-20\depth-anything-v2-python-uav-rgb\data\uav3dcrop\2025\Day001_Oat\images\166.JPG,C:\Users\81902\Documents\Codex\2026-09-20\depth-anything-v2-python-uav-rgb\data\uav3dcrop_depth\2025\Day001_Oat\166_depth.tif,https://huggingface.co/datasets/Link-Dev/UAV3DCrop/resolve/main/2025/Day001_Oat/images/166.JPG?download=true,https://huggingface.co/datasets/Link-Dev/UAV3DCrop_depth/resolve/main/2025/Day001_Oat_depth/166_depth.tif?download=true,main,metric_raw,16,20000,0.03911875,0.045724475955963136,0.15031999544110494,0.00278877477645874,0.06352722696098416,0.005387769984303266,0.5084326306141155,0.14820584406276113
2025/Day001_Oat,2025,Day001,oat,166.JPG,166,DJI Mavic 3M RGB camera,oblique,oblique,0.7105216300603896,5280,3956,166_depth.tif,True,True,OPENCV,C:\Users\81902\Documents\Codex\2026-09-20\depth-anything-v2-python-uav-rgb\data\uav3dcrop\2025\Day001_Oat\images\166.JPG,C:\Users\81902\Documents\Codex\2026-09-20\depth-anything-v2-python-uav-rgb\data\uav3dcrop_depth\2025\Day001_Oat\166_depth.tif,https://huggingface.co/datasets/Link-Dev/UAV3DCrop/resolve/main/2025/Day001_Oat/images/166.JPG?download=true,https://huggingface.co/datasets/Link-Dev/UAV3DCrop_depth/resolve/main/2025/Day001_Oat_depth/166_depth.tif?download=true,main,metric_bias_corrected,16,20000,0.03911875,0.04572446899414063,0.1503199872972349,0.0027887712478637697,0.06352742525645902,0.00538860435974544,0.5084326306141155,0.14820584406276113
2025/Day001_Oat,2025,Day001,oat,166.JPG,166,DJI Mavic 3M RGB camera,oblique,oblique,0.7105216300603896,5280,3956,166_depth.tif,True,True,OPENCV,C:\Users\81902\Documents\Codex\2026-09-20\depth-anything-v2-python-uav-rgb\data\uav3dcrop\2025\Day001_Oat\images\166.JPG,C:\Users\81902\Documents\Codex\2026-09-20\depth-anything-v2-python-uav-rgb\data\uav3dcrop_depth\2025\Day001_Oat\166_depth.tif,https://huggingface.co/datasets/Link-Dev/UAV3DCrop/resolve/main/2025/Day001_Oat/images/166.JPG?download=true,https://huggingface.co/datasets/Link-Dev/UAV3DCrop_depth/resolve/main/2025/Day001_Oat_depth/166_depth.tif?download=true,main,metric_scale_shift,16,20000,0.03911875,0.09152988243103027,0.2246599265713255,0.020472087287902833,0.06352714561582726,0.005387924207357706,0.5084326306141155,0.14820584406276113
2025/Day001_Oat,2025,Day001,oat,166.JPG,166,DJI Mavic 3M RGB camera,oblique,oblique,0.7105216300603896,5280,3956,166_depth.tif,True,True,OPENCV,C:\Users\81902\Documents\Codex\2026-09-20\depth-anything-v2-python-uav-rgb\data\uav3dcrop\2025\Day001_Oat\images\166.JPG,C:\Users\81902\Documents\Codex\2026-09-20\depth-anything-v2-python-uav-rgb\data\uav3dcrop_depth\2025\Day001_Oat\166_depth.tif,https://huggingface.co/datasets/Link-Dev/UAV3DCrop/resolve/main/2025/Day001_Oat/images/166.JPG?download=true,https://huggingface.co/datasets/Link-Dev/UAV3DCrop_depth/resolve/main/2025/Day001_Oat_depth/166_depth.tif?download=true,main,relative_scale_shift,16,20000,0.03911875,0.040713715553283694,0.14432456157358747,-0.0017357566833496093,0.2288536235467104,0.09058522730087847,0.5157653528872594,0.14820584406276113
2025/Day001_Oat,2025,Day001,oat,166.JPG,166,DJI Mavic 3M RGB camera,oblique,oblique,0.7105216300603896,5280,3956,166_depth.tif,True,True,OPENCV,C:\Users\81902\Documents\Codex\2026-09-20\depth-anything-v2-python-uav-rgb\data\uav3dcrop\2025\Day001_Oat\images\166.JPG,C:\Users\81902\Documents\Codex\2026-09-20\depth-anything-v2-python-uav-rgb\data\uav3dcrop_depth\2025\Day001_Oat\166_depth.tif,https://huggingface.co/datasets/Link-Dev/UAV3DCrop/resolve/main/2025/Day001_Oat/images/166.JPG?download=true,https://huggingface.co/datasets/Link-Dev/UAV3DCrop_depth/resolve/main/2025/Day001_Oat_depth/166_depth.tif?download=true,main,metric_raw,32,20000,0.0579828125,0.06702219951152802,0.18814583453630507,0.00675049135684967,0.1160227306613106,0.02105605783639382,0.5235276259866424,0.18433168928373203
2025/Day001_Oat,2025,Day001,oat,166.JPG,166,DJI Mavic 3M RGB camera,oblique,oblique,0.7105216300603896,5280,3956,166_depth.tif,True,True,OPENCV,C:\Users\81902\Documents\Codex\2026-09-20\depth-anything-v2-python-uav-rgb\data\uav3dcrop\2025\Day001_Oat\images\166.JPG,C:\Users\81902\Documents\Codex\2026-09-20\depth-anything-v2-python-uav-rgb\data\uav3dcrop_depth\2025\Day001_Oat\166_depth.tif,https://huggingface.co/datasets/Link-Dev/UAV3DCrop/resolve/main/2025/Day001_Oat/images/166.JPG?download=true,https://huggingface.co/datasets/Link-Dev/UAV3DCrop_depth/resolve/main/2025/Day001_Oat_depth/166_depth.tif?download=true,main,metric_bias_corrected,32,20000,0.0579828125,0.06702219696044921,0.18814582979755556,0.0067504890441894535,0.1160227799828206,0.021056376450960906,0.5235276259866424,0.18433168928373203
2025/Day001_Oat,2025,Day001,oat,166.JPG,166,DJI Mavic 3M RGB camera,oblique,oblique,0.7105216300603896,5280,3956,166_depth.tif,True,True,OPENCV,C:\Users\81902\Documents\Codex\2026-09-20\depth-anything-v2-python-uav-rgb\data\uav3dcrop\2025\Day001_Oat\images\166.JPG,C:\Users\81902\Documents\Codex\2026-09-20\depth-anything-v2-python-uav-rgb\data\uav3dcrop_depth\2025\Day001_Oat\166_depth.tif,https://huggingface.co/datasets/Link-Dev/UAV3DCrop/resolve/main/2025/Day001_Oat/images/166.JPG?download=true,https://huggingface.co/datasets/Link-Dev/UAV3DCrop_depth/resolve/main/2025/Day001_Oat_depth/166_depth.tif?download=true,main,metric_scale_shift,32,20000,0.0579828125,0.14627718105316162,0.34837330276202444,0.03856788749694824,0.11602273924631752,0.02105632500330088,0.5235276259866424,0.18433168928373203
2025/Day001_Oat,2025,Day001,oat,166.JPG,166,DJI Mavic 3M RGB camera,oblique,oblique,0.7105216300603896,5280,3956,166_depth.tif,True,True,OPENCV,C:\Users\81902\Documents\Codex\2026-09-20\depth-anything-v2-python-uav-rgb\data\uav3dcrop\2025\Day001_Oat\images\166.JPG,C:\Users\81902\Documents\Codex\2026-09-20\depth-anything-v2-python-uav-rgb\data\uav3dcrop_depth\2025\Day001_Oat\166_depth.tif,https://huggingface.co/datasets/Link-Dev/UAV3DCrop/resolve/main/2025/Day001_Oat/images/166.JPG?download=true,https://huggingface.co/datasets/Link-Dev/UAV3DCrop_depth/resolve/main/2025/Day001_Oat_depth/166_depth.tif?download=true,main,relative_scale_shift,32,20000,0.0579828125,0.05810812692642212,0.17329567535634202,-0.0021684739112854,0.3516810224462143,0.08543742546380599,0.4941560412871888,0.18433168928373203
2025/Day001_Oat,2025,Day001,oat,166.JPG,166,DJI Mavic 3M RGB camera,oblique,oblique,0.7105216300603896,5280,3956,166_depth.tif,True,True,OPENCV,C:\Users\81902\Documents\Codex\2026-09-20\depth-anything-v2-python-uav-rgb\data\uav3dcrop\2025\Day001_Oat\images\166.JPG,C:\Users\81902\Documents\Codex\2026-09-20\depth-anything-v2-python-uav-rgb\data\uav3dcrop_depth\2025\Day001_Oat\166_depth.tif,https://huggingface.co/datasets/Link-Dev/UAV3DCrop/resolve/main/2025/Day001_Oat/images/166.JPG?download=true,https://huggingface.co/datasets/Link-Dev/UAV3DCrop_depth/resolve/main/2025/Day001_Oat_depth/166_depth.tif?download=true,main,metric_raw,64,20000,0.072857421875,0.08618615293502807,0.22086003971625576,0.015938974857330323,0.17939217239027058,0.02110601525729493,0.5479553403282217,0.21276257152203187
2025/Day001_Oat,2025,Day001,oat,166.JPG,166,DJI Mavic 3M RGB camera,oblique,oblique,0.7105216300603896,5280,3956,166_depth.tif,True,True,OPENCV,C:\Users\81902\Documents\Codex\2026-09-20\depth-anything-v2-python-uav-rgb\data\uav3dcrop\2025\Day001_Oat\images\166.JPG,C:\Users\81902\Documents\Codex\2026-09-20\depth-anything-v2-python-uav-rgb\data\uav3dcrop_depth\2025\Day001_Oat\166_depth.tif,https://huggingface.co/datasets/Link-Dev/UAV3DCrop/resolve/main/2025/Day001_Oat/images/166.JPG?download=true,https://huggingface.co/datasets/Link-Dev/UAV3DCrop_depth/resolve/main/2025/Day001_Oat_depth/166_depth.tif?download=true,main,metric_bias_corrected,64,20000,0.072857421875,0.08618615303039551,0.2208600439162162,0.0159389684677124,0.17939210769328526,0.02110577700099113,0.5479553403282217,0.21276257152203187
2025/Day001_Oat,2025,Day001,oat,166.JPG,166,DJI Mavic 3M RGB camera,oblique,oblique,0.7105216300603896,5280,3956,166_depth.tif,True,True,OPENCV,C:\Users\81902\Documents\Codex\2026-09-20\depth-anything-v2-python-uav-rgb\data\uav3dcrop\2025\Day001_Oat\images\166.JPG,C:\Users\81902\Documents\Codex\2026-09-20\depth-anything-v2-python-uav-rgb\data\uav3dcrop_depth\2025\Day001_Oat\166_depth.tif,https://huggingface.co/datasets/Link-Dev/UAV3DCrop/resolve/main/2025/Day001_Oat/images/166.JPG?download=true,https://huggingface.co/datasets/Link-Dev/UAV3DCrop_depth/resolve/main/2025/Day001_Oat_depth/166_depth.tif?download=true,main,metric_scale_shift,64,20000,0.072857421875,0.2208174144744873,0.5362367021311126,0.08433750324249267,0.17939218306873586,0.021105627778343225,0.5479553403282217,0.21276257152203187
2025/Day001_Oat,2025,Day001,oat,166.JPG,166,DJI Mavic 3M RGB camera,oblique,oblique,0.7105216300603896,5280,3956,166_depth.tif,True,True,OPENCV,C:\Users\81902\Documents\Codex\2026-09-20\depth-anything-v2-python-uav-rgb\data\uav3dcrop\2025\Day001_Oat\images\166.JPG,C:\Users\81902\Documents\Codex\2026-09-20\depth-anything-v2-python-uav-rgb\data\uav3dcrop_depth\2025\Day001_Oat\166_depth.tif,https://huggingface.co/datasets/Link-Dev/UAV3DCrop/resolve/main/2025/Day001_Oat/images/166.JPG?download=true,https://huggingface.co/datasets/Link-Dev/UAV3DCrop_depth/resolve/main/2025/Day001_Oat_depth/166_depth.tif?download=true,main,relative_scale_shift,64,20000,0.072857421875,0.07051872873306274,0.1853683607230334,-0.0030018868446350096,0.5096712281932099,0.11261718382785406,0.5005380683346785,0.21276257152203187
2025/Day001_Oat,2025,Day001,oat,166.JPG,166,DJI Mavic 3M RGB camera,oblique,oblique,0.7105216300603896,5280,3956,166_depth.tif,True,True,OPENCV,C:\Users\81902\Documents\Codex\2026-09-20\depth-anything-v2-python-uav-rgb\data\uav3dcrop\2025\Day001_Oat\images\166.JPG,C:\Users\81902\Documents\Codex\2026-09-20\depth-anything-v2-python-uav-rgb\data\uav3dcrop_depth\2025\Day001_Oat\166_depth.tif,https://huggingface.co/datasets/Link-Dev/UAV3DCrop/resolve/main/2025/Day001_Oat/images/166.JPG?download=true,https://huggingface.co/datasets/Link-Dev/UAV3DCrop_depth/resolve/main/2025/Day001_Oat_depth/166_depth.tif?download=true,main,metric_raw,128,20000,0.101765234375,0.11725673072338104,0.26335648250015753,0.02643961832523346,0.25287477236886235,0.036423748722922256,0.5751518367828292,0.2559607549027478
2025/Day001_Oat,2025,Day001,oat,166.JPG,166,DJI Mavic 3M RGB camera,oblique,oblique,0.7105216300603896,5280,3956,166_depth.tif,True,True,OPENCV,C:\Users\81902\Documents\Codex\2026-09-20\depth-anything-v2-python-uav-rgb\data\uav3dcrop\2025\Day001_Oat\images\166.JPG,C:\Users\81902\Documents\Codex\2026-09-20\depth-anything-v2-python-uav-rgb\data\uav3dcrop_depth\2025\Day001_Oat\166_depth.tif,https://huggingface.co/datasets/Link-Dev/UAV3DCrop/resolve/main/2025/Day001_Oat/images/166.JPG?download=true,https://huggingface.co/datasets/Link-Dev/UAV3DCrop_depth/resolve/main/2025/Day001_Oat_depth/166_depth.tif?download=true,main,metric_bias_corrected,128,20000,0.101765234375,0.11725673198699951,0.26335648634257525,0.026439610099792482,0.25287475134535,0.0364235116138439,0.5751518367828292,0.2559607549027478
2025/Day001_Oat,2025,Day001,oat,166.JPG,166,DJI Mavic 3M RGB camera,oblique,oblique,0.7105216300603896,5280,3956,166_depth.tif,True,True,OPENCV,C:\Users\81902\Documents\Codex\2026-09-20\depth-anything-v2-python-uav-rgb\data\uav3dcrop\2025\Day001_Oat\images\166.JPG,C:\Users\81902\Documents\Codex\2026-09-20\depth-anything-v2-python-uav-rgb\data\uav3dcrop_depth\2025\Day001_Oat\166_depth.tif,https://huggingface.co/datasets/Link-Dev/UAV3DCrop/resolve/main/2025/Day001_Oat/images/166.JPG?download=true,https://huggingface.co/datasets/Link-Dev/UAV3DCrop_depth/resolve/main/2025/Day001_Oat_depth/166_depth.tif?download=true,main,metric_scale_shift,128,20000,0.101765234375,0.3320122957229614,0.7349814978639324,0.15848385314941407,0.2528747776318994,0.03642370293138831,0.5751518367828292,0.2559607549027478
2025/Day001_Oat,2025,Day001,oat,166.JPG,166,DJI Mavic 3M RGB camera,oblique,oblique,0.7105216300603896,5280,3956,166_depth.tif,True,True,OPENCV,C:\Users\81902\Documents\Codex\2026-09-20\depth-anything-v2-python-uav-rgb\data\uav3dcrop\2025\Day001_Oat\images\166.JPG,C:\Users\81902\Documents\Codex\2026-09-20\depth-anything-v2-python-uav-rgb\data\uav3dcrop_depth\2025\Day001_Oat\166_depth.tif,https://huggingface.co/datasets/Link-Dev/UAV3DCrop/resolve/main/2025/Day001_Oat/images/166.JPG?download=true,https://huggingface.co/datasets/Link-Dev/UAV3DCrop_depth/resolve/main/2025/Day001_Oat_depth/166_depth.tif?download=true,main,relative_scale_shift,128,20000,0.101765234375,0.09566216182708741,0.2133061658122388,-0.009814573860168457,0.5685669731211329,0.12203884742747774,0.4887670263576862,0.2559607549027478
2025/Day001_Oat,2025,Day001,oat,237.JPG,237,DJI Mavic 3M RGB camera,oblique,oblique,0.7067726276480871,5280,3956,237_depth.tif,True,True,OPENCV,C:\Users\81902\Documents\Codex\2026-09-20\depth-anything-v2-python-uav-rgb\data\uav3dcrop\2025\Day001_Oat\images\237.JPG,C:\Users\81902\Documents\Codex\2026-09-20\depth-anything-v2-python-uav-rgb\data\uav3dcrop_depth\2025\Day001_Oat\237_depth.tif,https://huggingface.co/datasets/Link-Dev/UAV3DCrop/resolve/main/2025/Day001_Oat/images/237.JPG?download=true,https://huggingface.co/datasets/Link-Dev/UAV3DCrop_depth/resolve/main/2025/Day001_Oat_depth/237_depth.tif?download=true,main,metric_raw,8,20000,0.03470234375,0.042170650243759156,0.1630719796531979,0.004513941192626953,0.05629120859173812,0.012632951643430344,0.5079915270556519,0.16202411718682777
2025/Day001_Oat,2025,Day001,oat,237.JPG,237,DJI Mavic 3M RGB camera,oblique,oblique,0.7067726276480871,5280,3956,237_depth.tif,True,True,OPENCV,C:\Users\81902\Documents\Codex\2026-09-20\depth-anything-v2-python-uav-rgb\data\uav3dcrop\2025\Day001_Oat\images\237.JPG,C:\Users\81902\Documents\Codex\2026-09-20\depth-anything-v2-python-uav-rgb\data\uav3dcrop_depth\2025\Day001_Oat\237_depth.tif,https://huggingface.co/datasets/Link-Dev/UAV3DCrop/resolve/main/2025/Day001_Oat/images/237.JPG?download=true,https://huggingface.co/datasets/Link-Dev/UAV3DCrop_depth/resolve/main/2025/Day001_Oat_depth/237_depth.tif?download=true,main,metric_bias_corrected,8,20000,0.03470234375,0.04217065839767456,0.1630719855563003,0.004513941669464111,0.05629099973000718,0.012632859344194319,0.5077989601386482,0.16202411718682777
2025/Day001_Oat,2025,Day001,oat,237.JPG,237,DJI Mavic 3M RGB camera,oblique,oblique,0.7067726276480871,5280,3956,237_depth.tif,True,True,OPENCV,C:\Users\81902\Documents\Codex\2026-09-20\depth-anything-v2-python-uav-rgb\data\uav3dcrop\2025\Day001_Oat\images\237.JPG,C:\Users\81902\Documents\Codex\2026-09-20\depth-anything-v2-python-uav-rgb\data\uav3dcrop_depth\2025\Day001_Oat\237_depth.tif,https://huggingface.co/datasets/Link-Dev/UAV3DCrop/resolve/main/2025/Day001_Oat/images/237.JPG?download=true,https://huggingface.co/datasets/Link-Dev/UAV3DCrop_depth/resolve/main/2025/Day001_Oat_depth/237_depth.tif?download=true,main,metric_scale_shift,8,20000,0.03470234375,0.05612968692779541,0.17208949151528785,0.008033703804016114,0.0562911454893677,0.012633708719291667,0.5079915270556519,0.16202411718682777
2025/Day001_Oat,2025,Day001,oat,237.JPG,237,DJI Mavic 3M RGB camera,oblique,oblique,0.7067726276480871,5280,3956,237_depth.tif,True,True,OPENCV,C:\Users\81902\Documents\Codex\2026-09-20\depth-anything-v2-python-uav-rgb\data\uav3dcrop\2025\Day001_Oat\images\237.JPG,C:\Users\81902\Documents\Codex\2026-09-20\depth-anything-v2-python-uav-rgb\data\uav3dcrop_depth\2025\Day001_Oat\237_depth.tif,https://huggingface.co/datasets/Link-Dev/UAV3DCrop/resolve/main/2025/Day001_Oat/images/237.JPG?download=true,https://huggingface.co/datasets/Link-Dev/UAV3DCrop_depth/resolve/main/2025/Day001_Oat_depth/237_depth.tif?download=true,main,relative_scale_shift,8,20000,0.03470234375,0.03666611270904541,0.1576644424425814,0.0015456836700439454,0.23895939974258562,0.2551240297939653,0.5988831118813788,0.16202411718682777
2025/Day001_Oat,2025,Day001,oat,237.JPG,237,DJI Mavic 3M RGB camera,oblique,oblique,0.7067726276480871,5280,3956,237_depth.tif,True,True,OPENCV,C:\Users\81902\Documents\Codex\2026-09-20\depth-anything-v2-python-uav-rgb\data\uav3dcrop\2025\Day001_Oat\images\237.JPG,C:\Users\81902\Documents\Codex\2026-09-20\depth-anything-v2-python-uav-rgb\data\uav3dcrop_depth\2025\Day001_Oat\237_depth.tif,https://huggingface.co/datasets/Link-Dev/UAV3DCrop/resolve/main/2025/Day001_Oat/images/237.JPG?download=true,https://huggingface.co/datasets/Link-Dev/UAV3DCrop_depth/resolve/main/2025/Day001_Oat_depth/237_depth.tif?download=true,main,metric_raw,16,20000,0.058388671875,0.06949051911830902,0.217148065859206,0.007107708811759949,0.07159517329787418,0.040866234860643204,0.510763358778626,0.21442370549536505
2025/Day001_Oat,2025,Day001,oat,237.JPG,237,DJI Mavic 3M RGB camera,oblique,oblique,0.7067726276480871,5280,3956,237_depth.tif,True,True,OPENCV,C:\Users\81902\Documents\Codex\2026-09-20\depth-anything-v2-python-uav-rgb\data\uav3dcrop\2025\Day001_Oat\images\237.JPG,C:\Users\81902\Documents\Codex\2026-09-20\depth-anything-v2-python-uav-rgb\data\uav3dcrop_depth\2025\Day001_Oat\237_depth.tif,https://huggingface.co/datasets/Link-Dev/UAV3DCrop/resolve/main/2025/Day001_Oat/images/237.JPG?download=true,https://huggingface.co/datasets/Link-Dev/UAV3DCrop_depth/resolve/main/2025/Day001_Oat_depth/237_depth.tif?download=true,main,metric_bias_corrected,16,20000,0.058388671875,0.06949051113128663,0.21714805058617154,0.0071077108383178714,0.07159545809753888,0.04086628857795502,0.510763358778626,0.21442370549536505
2025/Day001_Oat,2025,Day001,oat,237.JPG,237,DJI Mavic 3M RGB camera,oblique,oblique,0.7067726276480871,5280,3956,237_depth.tif,True,True,OPENCV,C:\Users\81902\Documents\Codex\2026-09-20\depth-anything-v2-python-uav-rgb\data\uav3dcrop\2025\Day001_Oat\images\237.JPG,C:\Users\81902\Documents\Codex\2026-09-20\depth-anything-v2-python-uav-rgb\data\uav3dcrop_depth\2025\Day001_Oat\237_depth.tif,https://huggingface.co/datasets/Link-Dev/UAV3DCrop/resolve/main/2025/Day001_Oat/images/237.JPG?download=true,https://huggingface.co/datasets/Link-Dev/UAV3DCrop_depth/resolve/main/2025/Day001_Oat_depth/237_depth.tif?download=true,main,metric_scale_shift,16,20000,0.058388671875,0.09300169901847839,0.2386591266257257,0.014001297235488892,0.07159529348100532,0.04086591765131564,0.510763358778626,0.21442370549536505
2025/Day001_Oat,2025,Day001,oat,237.JPG,237,DJI Mavic 3M RGB camera,oblique,oblique,0.7067726276480871,5280,3956,237_depth.tif,True,True,OPENCV,C:\Users\81902\Documents\Codex\2026-09-20\depth-anything-v2-python-uav-rgb\data\uav3dcrop\2025\Day001_Oat\images\237.JPG,C:\Users\81902\Documents\Codex\2026-09-20\depth-anything-v2-python-uav-rgb\data\uav3dcrop_depth\2025\Day001_Oat\237_depth.tif,https://huggingface.co/datasets/Link-Dev/UAV3DCrop/resolve/main/2025/Day001_Oat/images/237.JPG?download=true,https://huggingface.co/datasets/Link-Dev/UAV3DCrop_depth/resolve/main/2025/Day001_Oat_depth/237_depth.tif?download=true,main,relative_scale_shift,16,20000,0.058388671875,0.05815967864990235,0.20706185554137693,-0.00043912105560302734,0.2930171705495605,0.2872686059298358,0.5893893129770993,0.21442370549536505
2025/Day001_Oat,2025,Day001,oat,237.JPG,237,DJI Mavic 3M RGB camera,oblique,oblique,0.7067726276480871,5280,3956,237_depth.tif,True,True,OPENCV,C:\Users\81902\Documents\Codex\2026-09-20\depth-anything-v2-python-uav-rgb\data\uav3dcrop\2025\Day001_Oat\images\237.JPG,C:\Users\81902\Documents\Codex\2026-09-20\depth-anything-v2-python-uav-rgb\data\uav3dcrop_depth\2025\Day001_Oat\237_depth.tif,https://huggingface.co/datasets/Link-Dev/UAV3DCrop/resolve/main/2025/Day001_Oat/images/237.JPG?download=true,https://huggingface.co/datasets/Link-Dev/UAV3DCrop_depth/resolve/main/2025/Day001_Oat_depth/237_depth.tif?download=true,main,metric_raw,32,20000,0.096551171875,0.11213611707687378,0.32074429718778974,0.015543767070770263,0.08438594380408344,0.0897437474160102,0.5264138389886893,0.3147468544618774
2025/Day001_Oat,2025,Day001,oat,237.JPG,237,DJI Mavic 3M RGB camera,oblique,oblique,0.7067726276480871,5280,3956,237_depth.tif,True,True,OPENCV,C:\Users\81902\Documents\Codex\2026-09-20\depth-anything-v2-python-uav-rgb\data\uav3dcrop\2025\Day001_Oat\images\237.JPG,C:\Users\81902\Documents\Codex\2026-09-20\depth-anything-v2-python-uav-rgb\data\uav3dcrop_depth\2025\Day001_Oat\237_depth.tif,https://huggingface.co/datasets/Link-Dev/UAV3DCrop/resolve/main/2025/Day001_Oat/images/237.JPG?download=true,https://huggingface.co/datasets/Link-Dev/UAV3DCrop_depth/resolve/main/2025/Day001_Oat_depth/237_depth.tif?download=true,main,metric_bias_corrected,32,20000,0.096551171875,0.11213611307144165,0.32074429185756653,0.015543766498565674,0.08438602576165127,0.08974380251868996,0.5264138389886893,0.3147468544618774
2025/Day001_Oat,2025,Day001,oat,237.JPG,237,DJI Mavic 3M RGB camera,oblique,oblique,0.7067726276480871,5280,3956,237_depth.tif,True,True,OPENCV,C:\Users\81902\Documents\Codex\2026-09-20\depth-anything-v2-python-uav-rgb\data\uav3dcrop\2025\Day001_Oat\images\237.JPG,C:\Users\81902\Documents\Codex\2026-09-20\depth-anything-v2-python-uav-rgb\data\uav3dcrop_depth\2025\Day001_Oat\237_depth.tif,https://huggingface.co/datasets/Link-Dev/UAV3DCrop/resolve/main/2025/Day001_Oat/images/237.JPG?download=true,https://huggingface.co/datasets/Link-Dev/UAV3DCrop_depth/resolve/main/2025/Day001_Oat_depth/237_depth.tif?download=true,main,metric_scale_shift,32,20000,0.096551171875,0.1516601273536682,0.36545358343820056,0.02985305347442627,0.08438591320127287,0.08974388656427208,0.5264138389886893,0.3147468544618774
2025/Day001_Oat,2025,Day001,oat,237.JPG,237,DJI Mavic 3M RGB camera,oblique,oblique,0.7067726276480871,5280,3956,237_depth.tif,True,True,OPENCV,C:\Users\81902\Documents\Codex\2026-09-20\depth-anything-v2-python-uav-rgb\data\uav3dcrop\2025\Day001_Oat\images\237.JPG,C:\Users\81902\Documents\Codex\2026-09-20\depth-anything-v2-python-uav-rgb\data\uav3dcrop_depth\2025\Day001_Oat\237_depth.tif,https://huggingface.co/datasets/Link-Dev/UAV3DCrop/resolve/main/2025/Day001_Oat/images/237.JPG?download=true,https://huggingface.co/datasets/Link-Dev/UAV3DCrop_depth/resolve/main/2025/Day001_Oat_depth/237_depth.tif?download=true,main,relative_scale_shift,32,20000,0.096551171875,0.08849016675949097,0.29864419548265736,0.0017350300788879394,0.34209924910274003,0.326553597472115,0.584896872920825,0.3147468544618774
2025/Day001_Oat,2025,Day001,oat,237.JPG,237,DJI Mavic 3M RGB camera,oblique,oblique,0.7067726276480871,5280,3956,237_depth.tif,True,True,OPENCV,C:\Users\81902\Documents\Codex\2026-09-20\depth-anything-v2-python-uav-rgb\data\uav3dcrop\2025\Day001_Oat\images\237.JPG,C:\Users\81902\Documents\Codex\2026-09-20\depth-anything-v2-python-uav-rgb\data\uav3dcrop_depth\2025\Day001_Oat\237_depth.tif,https://huggingface.co/datasets/Link-Dev/UAV3DCrop/resolve/main/2025/Day001_Oat/images/237.JPG?download=true,https://huggingface.co/datasets/Link-Dev/UAV3DCrop_depth/resolve/main/2025/Day001_Oat_depth/237_depth.tif?download=true,main,metric_raw,64,20000,0.129795703125,0.15229758014678954,0.3718117000742192,0.026579516553878784,0.12341188086356113,0.15123363564934425,0.5455322265625,0.35899938094295586
2025/Day001_Oat,2025,Day001,oat,237.JPG,237,DJI Mavic 3M RGB camera,oblique,oblique,0.7067726276480871,5280,3956,237_depth.tif,True,True,OPENCV,C:\Users\81902\Documents\Codex\2026-09-20\depth-anything-v2-python-uav-rgb\data\uav3dcrop\2025\Day001_Oat\images\237.JPG,C:\Users\81902\Documents\Codex\2026-09-20\depth-anything-v2-python-uav-rgb\data\uav3dcrop_depth\2025\Day001_Oat\237_depth.tif,https://huggingface.co/datasets/Link-Dev/UAV3DCrop/resolve/main/2025/Day001_Oat/images/237.JPG?download=true,https://huggingface.co/datasets/Link-Dev/UAV3DCrop_depth/resolve/main/2025/Day001_Oat_depth/237_depth.tif?download=true,main,metric_bias_corrected,64,20000,0.129795703125,0.1522975827217102,0.37181168155719346,0.02657951421737671,0.12341202503100926,0.15123394440716684,0.5455322265625,0.35899938094295586
2025/Day001_Oat,2025,Day001,oat,237.JPG,237,DJI Mavic 3M RGB camera,oblique,oblique,0.7067726276480871,5280,3956,237_depth.tif,True,True,OPENCV,C:\Users\81902\Documents\Codex\2026-09-20\depth-anything-v2-python-uav-rgb\data\uav3dcrop\2025\Day001_Oat\images\237.JPG,C:\Users\81902\Documents\Codex\2026-09-20\depth-anything-v2-python-uav-rgb\data\uav3dcrop_depth\2025\Day001_Oat\237_depth.tif,https://huggingface.co/datasets/Link-Dev/UAV3DCrop/resolve/main/2025/Day001_Oat/images/237.JPG?download=true,https://huggingface.co/datasets/Link-Dev/UAV3DCrop_depth/resolve/main/2025/Day001_Oat_depth/237_depth.tif?download=true,main,metric_scale_shift,64,20000,0.129795703125,0.2178746102809906,0.4659681224991376,0.055884607458114625,0.1234119088623971,0.15123369691200517,0.5455322265625,0.35899938094295586
2025/Day001_Oat,2025,Day001,oat,237.JPG,237,DJI Mavic 3M RGB camera,oblique,oblique,0.7067726276480871,5280,3956,237_depth.tif,True,True,OPENCV,C:\Users\81902\Documents\Codex\2026-09-20\depth-anything-v2-python-uav-rgb\data\uav3dcrop\2025\Day001_Oat\images\237.JPG,C:\Users\81902\Documents\Codex\2026-09-20\depth-anything-v2-python-uav-rgb\data\uav3dcrop_depth\2025\Day001_Oat\237_depth.tif,https://huggingface.co/datasets/Link-Dev/UAV3DCrop/resolve/main/2025/Day001_Oat/images/237.JPG?download=true,https://huggingface.co/datasets/Link-Dev/UAV3DCrop_depth/resolve/main/2025/Day001_Oat_depth/237_depth.tif?download=true,main,relative_scale_shift,64,20000,0.129795703125,0.11692176342010498,0.3311249388270201,-0.0007074481964111329,0.44101610363562216,0.4044620483066709,0.60772705078125,0.35899938094295586
2025/Day001_Oat,2025,Day001,oat,237.JPG,237,DJI Mavic 3M RGB camera,oblique,oblique,0.7067726276480871,5280,3956,237_depth.tif,True,True,OPENCV,C:\Users\81902\Documents\Codex\2026-09-20\depth-anything-v2-python-uav-rgb\data\uav3dcrop\2025\Day001_Oat\images\237.JPG,C:\Users\81902\Documents\Codex\2026-09-20\depth-anything-v2-python-uav-rgb\data\uav3dcrop_depth\2025\Day001_Oat\237_depth.tif,https://huggingface.co/datasets/Link-Dev/UAV3DCrop/resolve/main/2025/Day001_Oat/images/237.JPG?download=true,https://huggingface.co/datasets/Link-Dev/UAV3DCrop_depth/resolve/main/2025/Day001_Oat_depth/237_depth.tif?download=true,main,metric_raw,128,20000,0.170254296875,0.21084800515174865,0.429042833296708,0.05521199164390564,0.16973459760099566,0.1362677397864386,0.5364333929498645,0.3959002210413621
2025/Day001_Oat,2025,Day001,oat,237.JPG,237,DJI Mavic 3M RGB camera,oblique,oblique,0.7067726276480871,5280,3956,237_depth.tif,True,True,OPENCV,C:\Users\81902\Documents\Codex\2026-09-20\depth-anything-v2-python-uav-rgb\data\uav3dcrop\2025\Day001_Oat\images\237.JPG,C:\Users\81902\Documents\Codex\2026-09-20\depth-anything-v2-python-uav-rgb\data\uav3dcrop_depth\2025\Day001_Oat\237_depth.tif,https://huggingface.co/datasets/Link-Dev/UAV3DCrop/resolve/main/2025/Day001_Oat/images/237.JPG?download=true,https://huggingface.co/datasets/Link-Dev/UAV3DCrop_depth/resolve/main/2025/Day001_Oat_depth/237_depth.tif?download=true,main,metric_bias_corrected,128,20000,0.170254296875,0.21084799795150758,0.42904282260693655,0.05521198682785034,0.169734635516865,0.13626780874764763,0.5364333929498645,0.3959002210413621
2025/Day001_Oat,2025,Day001,oat,237.JPG,237,DJI Mavic 3M RGB camera,oblique,oblique,0.7067726276480871,5280,3956,237_depth.tif,True,True,OPENCV,C:\Users\81902\Documents\Codex\2026-09-20\depth-anything-v2-python-uav-rgb\data\uav3dcrop\2025\Day001_Oat\images\237.JPG,C:\Users\81902\Documents\Codex\2026-09-20\depth-anything-v2-python-uav-rgb\data\uav3dcrop_depth\2025\Day001_Oat\237_depth.tif,https://huggingface.co/datasets/Link-Dev/UAV3DCrop/resolve/main/2025/Day001_Oat/images/237.JPG?download=true,https://huggingface.co/datasets/Link-Dev/UAV3DCrop_depth/resolve/main/2025/Day001_Oat_depth/237_depth.tif?download=true,main,metric_scale_shift,128,20000,0.170254296875,0.3355346662044525,0.6284157589882612,0.11708272013664246,0.16973459158876952,0.13626774001118702,0.5364333929498645,0.3959002210413621
2025/Day001_Oat,2025,Day001,oat,237.JPG,237,DJI Mavic 3M RGB camera,oblique,oblique,0.7067726276480871,5280,3956,237_depth.tif,True,True,OPENCV,C:\Users\81902\Documents\Codex\2026-09-20\depth-anything-v2-python-uav-rgb\data\uav3dcrop\2025\Day001_Oat\images\237.JPG,C:\Users\81902\Documents\Codex\2026-09-20\depth-anything-v2-python-uav-rgb\data\uav3dcrop_depth\2025\Day001_Oat\237_depth.tif,https://huggingface.co/datasets/Link-Dev/UAV3DCrop/resolve/main/2025/Day001_Oat/images/237.JPG?download=true,https://huggingface.co/datasets/Link-Dev/UAV3DCrop_depth/resolve/main/2025/Day001_Oat_depth/237_depth.tif?download=true,main,relative_scale_shift,128,20000,0.170254296875,0.15079785346984864,0.3474154377992931,-0.0007907497406005859,0.5553652180939086,0.46191078375861416,0.6200888478624589,0.3959002210413621
2025/Day001_Oat,2025,Day001,oat,308.JPG,308,DJI Mavic 3M RGB camera,oblique,oblique,0.7074544938563304,5280,3956,308_depth.tif,True,True,OPENCV,C:\Users\81902\Documents\Codex\2026-09-20\depth-anything-v2-python-uav-rgb\data\uav3dcrop\2025\Day001_Oat\images\308.JPG,C:\Users\81902\Documents\Codex\2026-09-20\depth-anything-v2-python-uav-rgb\data\uav3dcrop_depth\2025\Day001_Oat\308_depth.tif,https://huggingface.co/datasets/Link-Dev/UAV3DCrop/resolve/main/2025/Day001_Oat/images/308.JPG?download=true,https://huggingface.co/datasets/Link-Dev/UAV3DCrop_depth/resolve/main/2025/Day001_Oat_depth/308_depth.tif?download=true,main,metric_raw,8,20000,0.019525390625,0.02716018810272217,0.22363895348519786,0.00018315420150756835,0.0016465797591833393,0.03274706664987595,0.5191547375596456,0.2219632038857836
2025/Day001_Oat,2025,Day001,oat,308.JPG,308,DJI Mavic 3M RGB camera,oblique,oblique,0.7074544938563304,5280,3956,308_depth.tif,True,True,OPENCV,C:\Users\81902\Documents\Codex\2026-09-20\depth-anything-v2-python-uav-rgb\data\uav3dcrop\2025\Day001_Oat\images\308.JPG,C:\Users\81902\Documents\Codex\2026-09-20\depth-anything-v2-python-uav-rgb\data\uav3dcrop_depth\2025\Day001_Oat\308_depth.tif,https://huggingface.co/datasets/Link-Dev/UAV3DCrop/resolve/main/2025/Day001_Oat/images/308.JPG?download=true,https://huggingface.co/datasets/Link-Dev/UAV3DCrop_depth/resolve/main/2025/Day001_Oat_depth/308_depth.tif?download=true,main,metric_bias_corrected,8,20000,0.019525390625,0.027160190582275392,0.22363895390879848,0.0001831623077392578,0.0016465671725211157,0.032747748253334825,0.5191547375596456,0.2219632038857836
2025/Day001_Oat,2025,Day001,oat,308.JPG,308,DJI Mavic 3M RGB camera,oblique,oblique,0.7074544938563304,5280,3956,308_depth.tif,True,True,OPENCV,C:\Users\81902\Documents\Codex\2026-09-20\depth-anything-v2-python-uav-rgb\data\uav3dcrop\2025\Day001_Oat\images\308.JPG,C:\Users\81902\Documents\Codex\2026-09-20\depth-anything-v2-python-uav-rgb\data\uav3dcrop_depth\2025\Day001_Oat\308_depth.tif,https://huggingface.co/datasets/Link-Dev/UAV3DCrop/resolve/main/2025/Day001_Oat/images/308.JPG?download=true,https://huggingface.co/datasets/Link-Dev/UAV3DCrop_depth/resolve/main/2025/Day001_Oat_depth/308_depth.tif?download=true,main,metric_scale_shift,8,20000,0.019525390625,0.037208415365219114,0.22883552277043714,0.0012688023090362548,0.001646678207863853,0.03274779139410882,0.5191547375596456,0.2219632038857836
2025/Day001_Oat,2025,Day001,oat,308.JPG,308,DJI Mavic 3M RGB camera,oblique,oblique,0.7074544938563304,5280,3956,308_depth.tif,True,True,OPENCV,C:\Users\81902\Documents\Codex\2026-09-20\depth-anything-v2-python-uav-rgb\data\uav3dcrop\2025\Day001_Oat\images\308.JPG,C:\Users\81902\Documents\Codex\2026-09-20\depth-anything-v2-python-uav-rgb\data\uav3dcrop_depth\2025\Day001_Oat\308_depth.tif,https://huggingface.co/datasets/Link-Dev/UAV3DCrop/resolve/main/2025/Day001_Oat/images/308.JPG?download=true,https://huggingface.co/datasets/Link-Dev/UAV3DCrop_depth/resolve/main/2025/Day001_Oat_depth/308_depth.tif?download=true,main,relative_scale_shift,8,20000,0.019525390625,0.020966063213348388,0.22082518836885737,-0.0015291722297668456,0.10286329424299197,0.0745310496366692,0.5366053169734152,0.2219632038857836
2025/Day001_Oat,2025,Day001,oat,308.JPG,308,DJI Mavic 3M RGB camera,oblique,oblique,0.7074544938563304,5280,3956,308_depth.tif,True,True,OPENCV,C:\Users\81902\Documents\Codex\2026-09-20\depth-anything-v2-python-uav-rgb\data\uav3dcrop\2025\Day001_Oat\images\308.JPG,C:\Users\81902\Documents\Codex\2026-09-20\depth-anything-v2-python-uav-rgb\data\uav3dcrop_depth\2025\Day001_Oat\308_depth.tif,https://huggingface.co/datasets/Link-Dev/UAV3DCrop/resolve/main/2025/Day001_Oat/images/308.JPG?download=true,https://huggingface.co/datasets/Link-Dev/UAV3DCrop_depth/resolve/main/2025/Day001_Oat_depth/308_depth.tif?download=true,main,metric_raw,16,20000,0.037932421875,0.04956081156730652,0.3308771212984458,0.00602546215057373,0.05460841914527282,0.04743861031255188,0.5222629144178874,0.3295662726041266
2025/Day001_Oat,2025,Day001,oat,308.JPG,308,DJI Mavic 3M RGB camera,oblique,oblique,0.7074544938563304,5280,3956,308_depth.tif,True,True,OPENCV,C:\Users\81902\Documents\Codex\2026-09-20\depth-anything-v2-python-uav-rgb\data\uav3dcrop\2025\Day001_Oat\images\308.JPG,C:\Users\81902\Documents\Codex\2026-09-20\depth-anything-v2-python-uav-rgb\data\uav3dcrop_depth\2025\Day001_Oat\308_depth.tif,https://huggingface.co/datasets/Link-Dev/UAV3DCrop/resolve/main/2025/Day001_Oat/images/308.JPG?download=true,https://huggingface.co/datasets/Link-Dev/UAV3DCrop_depth/resolve/main/2025/Day001_Oat_depth/308_depth.tif?download=true,main,metric_bias_corrected,16,20000,0.037932421875,0.04956081342697143,0.3308771217851058,0.0060254605293273925,0.054608413221092125,0.047438477177638085,0.5222629144178874,0.3295662726041266
2025/Day001_Oat,2025,Day001,oat,308.JPG,308,DJI Mavic 3M RGB camera,oblique,oblique,0.7074544938563304,5280,3956,308_depth.tif,True,True,OPENCV,C:\Users\81902\Documents\Codex\2026-09-20\depth-anything-v2-python-uav-rgb\data\uav3dcrop\2025\Day001_Oat\images\308.JPG,C:\Users\81902\Documents\Codex\2026-09-20\depth-anything-v2-python-uav-rgb\data\uav3dcrop_depth\2025\Day001_Oat\308_depth.tif,https://huggingface.co/datasets/Link-Dev/UAV3DCrop/resolve/main/2025/Day001_Oat/images/308.JPG?download=true,https://huggingface.co/datasets/Link-Dev/UAV3DCrop_depth/resolve/main/2025/Day001_Oat_depth/308_depth.tif?download=true,main,metric_scale_shift,16,20000,0.037932421875,0.0670655704498291,0.34050469402925254,0.008273610782623292,0.054608612569160296,0.04743902662643828,0.5222629144178874,0.3295662726041266
2025/Day001_Oat,2025,Day001,oat,308.JPG,308,DJI Mavic 3M RGB camera,oblique,oblique,0.7074544938563304,5280,3956,308_depth.tif,True,True,OPENCV,C:\Users\81902\Documents\Codex\2026-09-20\depth-anything-v2-python-uav-rgb\data\uav3dcrop\2025\Day001_Oat\images\308.JPG,C:\Users\81902\Documents\Codex\2026-09-20\depth-anything-v2-python-uav-rgb\data\uav3dcrop_depth\2025\Day001_Oat\308_depth.tif,https://huggingface.co/datasets/Link-Dev/UAV3DCrop/resolve/main/2025/Day001_Oat/images/308.JPG?download=true,https://huggingface.co/datasets/Link-Dev/UAV3DCrop_depth/resolve/main/2025/Day001_Oat_depth/308_depth.tif?download=true,main,relative_scale_shift,16,20000,0.037932421875,0.03917613344192505,0.32582345075732017,0.002462053966522217,0.17372373205000405,0.09666533826043713,0.5431765612952968,0.3295662726041266
2025/Day001_Oat,2025,Day001,oat,308.JPG,308,DJI Mavic 3M RGB camera,oblique,oblique,0.7074544938563304,5280,3956,308_depth.tif,True,True,OPENCV,C:\Users\81902\Documents\Codex\2026-09-20\depth-anything-v2-python-uav-rgb\data\uav3dcrop\2025\Day001_Oat\images\308.JPG,C:\Users\81902\Documents\Codex\2026-09-20\depth-anything-v2-python-uav-rgb\data\uav3dcrop_depth\2025\Day001_Oat\308_depth.tif,https://huggingface.co/datasets/Link-Dev/UAV3DCrop/resolve/main/2025/Day001_Oat/images/308.JPG?download=true,https://huggingface.co/datasets/Link-Dev/UAV3DCrop_depth/resolve/main/2025/Day001_Oat_depth/308_depth.tif?download=true,main,metric_raw,32,20000,0.060914453125,0.08051168940067291,0.43115099984224114,0.011196510910987854,0.02753359271559369,0.05963130387052672,0.5185773261352811,0.4221710224406314
2025/Day001_Oat,2025,Day001,oat,308.JPG,308,DJI Mavic 3M RGB camera,oblique,oblique,0.7074544938563304,5280,3956,308_depth.tif,True,True,OPENCV,C:\Users\81902\Documents\Codex\2026-09-20\depth-anything-v2-python-uav-rgb\data\uav3dcrop\2025\Day001_Oat\images\308.JPG,C:\Users\81902\Documents\Codex\2026-09-20\depth-anything-v2-python-uav-rgb\data\uav3dcrop_depth\2025\Day001_Oat\308_depth.tif,https://huggingface.co/datasets/Link-Dev/UAV3DCrop/resolve/main/2025/Day001_Oat/images/308.JPG?download=true,https://huggingface.co/datasets/Link-Dev/UAV3DCrop_depth/resolve/main/2025/Day001_Oat_depth/308_depth.tif?download=true,main,metric_bias_corrected,32,20000,0.060914453125,0.08051169996261597,0.4311509998485248,0.011196506977081298,0.027533592947882365,0.05963055944296825,0.5184979358526516,0.4221710224406314
2025/Day001_Oat,2025,Day001,oat,308.JPG,308,DJI Mavic 3M RGB camera,oblique,oblique,0.7074544938563304,5280,3956,308_depth.tif,True,True,OPENCV,C:\Users\81902\Documents\Codex\2026-09-20\depth-anything-v2-python-uav-rgb\data\uav3dcrop\2025\Day001_Oat\images\308.JPG,C:\Users\81902\Documents\Codex\2026-09-20\depth-anything-v2-python-uav-rgb\data\uav3dcrop_depth\2025\Day001_Oat\308_depth.tif,https://huggingface.co/datasets/Link-Dev/UAV3DCrop/resolve/main/2025/Day001_Oat/images/308.JPG?download=true,https://huggingface.co/datasets/Link-Dev/UAV3DCrop_depth/resolve/main/2025/Day001_Oat_depth/308_depth.tif?download=true,main,metric_scale_shift,32,20000,0.060914453125,0.11072393436431885,0.4626761748471675,0.015357969856262208,0.02753364073426151,0.05963103981379056,0.5185773261352811,0.4221710224406314
2025/Day001_Oat,2025,Day001,oat,308.JPG,308,DJI Mavic 3M RGB camera,oblique,oblique,0.7074544938563304,5280,3956,308_depth.tif,True,True,OPENCV,C:\Users\81902\Documents\Codex\2026-09-20\depth-anything-v2-python-uav-rgb\data\uav3dcrop\2025\Day001_Oat\images\308.JPG,C:\Users\81902\Documents\Codex\2026-09-20\depth-anything-v2-python-uav-rgb\data\uav3dcrop_depth\2025\Day001_Oat\308_depth.tif,https://huggingface.co/datasets/Link-Dev/UAV3DCrop/resolve/main/2025/Day001_Oat/images/308.JPG?download=true,https://huggingface.co/datasets/Link-Dev/UAV3DCrop_depth/resolve/main/2025/Day001_Oat_depth/308_depth.tif?download=true,main,relative_scale_shift,32,20000,0.060914453125,0.06151836090087891,0.4125259636775659,0.004192732048034668,0.2479361781796849,0.12728766186318863,0.5538266116227374,0.4221710224406314
2025/Day001_Oat,2025,Day001,oat,308.JPG,308,DJI Mavic 3M RGB camera,oblique,oblique,0.7074544938563304,5280,3956,308_depth.tif,True,True,OPENCV,C:\Users\81902\Documents\Codex\2026-09-20\depth-anything-v2-python-uav-rgb\data\uav3dcrop\2025\Day001_Oat\images\308.JPG,C:\Users\81902\Documents\Codex\2026-09-20\depth-anything-v2-python-uav-rgb\data\uav3dcrop_depth\2025\Day001_Oat\308_depth.tif,https://huggingface.co/datasets/Link-Dev/UAV3DCrop/resolve/main/2025/Day001_Oat/images/308.JPG?download=true,https://huggingface.co/datasets/Link-Dev/UAV3DCrop_depth/resolve/main/2025/Day001_Oat_depth/308_depth.tif?download=true,main,metric_raw,64,20000,0.084151953125,0.11117672023773194,0.4512955740339899,0.017128113412857054,0.09615027223791486,0.11223504304690039,0.5378893214682982,0.4394766222494135
2025/Day001_Oat,2025,Day001,oat,308.JPG,308,DJI Mavic 3M RGB camera,oblique,oblique,0.7074544938563304,5280,3956,308_depth.tif,True,True,OPENCV,C:\Users\81902\Documents\Codex\2026-09-20\depth-anything-v2-python-uav-rgb\data\uav3dcrop\2025\Day001_Oat\images\308.JPG,C:\Users\81902\Documents\Codex\2026-09-20\depth-anything-v2-python-uav-rgb\data\uav3dcrop_depth\2025\Day001_Oat\308_depth.tif,https://huggingface.co/datasets/Link-Dev/UAV3DCrop/resolve/main/2025/Day001_Oat/images/308.JPG?download=true,https://huggingface.co/datasets/Link-Dev/UAV3DCrop_depth/resolve/main/2025/Day001_Oat_depth/308_depth.tif?download=true,main,metric_bias_corrected,64,20000,0.084151953125,0.11117671365737915,0.4512955736697937,0.017128117847442628,0.09615028101932967,0.11223538504931102,0.5378893214682982,0.4394766222494135
2025/Day001_Oat,2025,Day001,oat,308.JPG,308,DJI Mavic 3M RGB camera,oblique,oblique,0.7074544938563304,5280,3956,308_depth.tif,True,True,OPENCV,C:\Users\81902\Documents\Codex\2026-09-20\depth-anything-v2-python-uav-rgb\data\uav3dcrop\2025\Day001_Oat\images\308.JPG,C:\Users\81902\Documents\Codex\2026-09-20\depth-anything-v2-python-uav-rgb\data\uav3dcrop_depth\2025\Day001_Oat\308_depth.tif,https://huggingface.co/datasets/Link-Dev/UAV3DCrop/resolve/main/2025/Day001_Oat/images/308.JPG?download=true,https://huggingface.co/datasets/Link-Dev/UAV3DCrop_depth/resolve/main/2025/Day001_Oat_depth/308_depth.tif?download=true,main,metric_scale_shift,64,20000,0.084151953125,0.15706695351600647,0.5120881876088833,0.026020950078964232,0.09615031142953473,0.112235253864212,0.5378893214682982,0.4394766222494135
2025/Day001_Oat,2025,Day001,oat,308.JPG,308,DJI Mavic 3M RGB camera,oblique,oblique,0.7074544938563304,5280,3956,308_depth.tif,True,True,OPENCV,C:\Users\81902\Documents\Codex\2026-09-20\depth-anything-v2-python-uav-rgb\data\uav3dcrop\2025\Day001_Oat\images\308.JPG,C:\Users\81902\Documents\Codex\2026-09-20\depth-anything-v2-python-uav-rgb\data\uav3dcrop_depth\2025\Day001_Oat\308_depth.tif,https://huggingface.co/datasets/Link-Dev/UAV3DCrop/resolve/main/2025/Day001_Oat/images/308.JPG?download=true,https://huggingface.co/datasets/Link-Dev/UAV3DCrop_depth/resolve/main/2025/Day001_Oat_depth/308_depth.tif?download=true,main,relative_scale_shift,64,20000,0.084151953125,0.08157261867523194,0.42138121991071265,0.0040126991271972655,0.3013131863113445,0.16410965068815342,0.5707035595105673,0.4394766222494135
2025/Day001_Oat,2025,Day001,oat,308.JPG,308,DJI Mavic 3M RGB camera,oblique,oblique,0.7074544938563304,5280,3956,308_depth.tif,True,True,OPENCV,C:\Users\81902\Documents\Codex\2026-09-20\depth-anything-v2-python-uav-rgb\data\uav3dcrop\2025\Day001_Oat\images\308.JPG,C:\Users\81902\Documents\Codex\2026-09-20\depth-anything-v2-python-uav-rgb\data\uav3dcrop_depth\2025\Day001_Oat\308_depth.tif,https://huggingface.co/datasets/Link-Dev/UAV3DCrop/resolve/main/2025/Day001_Oat/images/308.JPG?download=true,https://huggingface.co/datasets/Link-Dev/UAV3DCrop_depth/resolve/main/2025/Day001_Oat_depth/308_depth.tif?download=true,main,metric_raw,128,20000,0.117338671875,0.15759430820941925,0.5652279183482147,0.03614236357212067,0.11737951832927256,0.11707877613262098,0.5450260481270156,0.5460429641586116
2025/Day001_Oat,2025,Day001,oat,308.JPG,308,DJI Mavic 3M RGB camera,oblique,oblique,0.7074544938563304,5280,3956,308_depth.tif,True,True,OPENCV,C:\Users\81902\Documents\Codex\2026-09-20\depth-anything-v2-python-uav-rgb\data\uav3dcrop\2025\Day001_Oat\images\308.JPG,C:\Users\81902\Documents\Codex\2026-09-20\depth-anything-v2-python-uav-rgb\data\uav3dcrop_depth\2025\Day001_Oat\308_depth.tif,https://huggingface.co/datasets/Link-Dev/UAV3DCrop/resolve/main/2025/Day001_Oat/images/308.JPG?download=true,https://huggingface.co/datasets/Link-Dev/UAV3DCrop_depth/resolve/main/2025/Day001_Oat_depth/308_depth.tif?download=true,main,metric_bias_corrected,128,20000,0.117338671875,0.15759430227279664,0.5652279146202964,0.0361423659324646,0.11737952775356811,0.11707897590578392,0.5450260481270156,0.5460429641586116
2025/Day001_Oat,2025,Day001,oat,308.JPG,308,DJI Mavic 3M RGB camera,oblique,oblique,0.7074544938563304,5280,3956,308_depth.tif,True,True,OPENCV,C:\Users\81902\Documents\Codex\2026-09-20\depth-anything-v2-python-uav-rgb\data\uav3dcrop\2025\Day001_Oat\images\308.JPG,C:\Users\81902\Documents\Codex\2026-09-20\depth-anything-v2-python-uav-rgb\data\uav3dcrop_depth\2025\Day001_Oat\308_depth.tif,https://huggingface.co/datasets/Link-Dev/UAV3DCrop/resolve/main/2025/Day001_Oat/images/308.JPG?download=true,https://huggingface.co/datasets/Link-Dev/UAV3DCrop_depth/resolve/main/2025/Day001_Oat_depth/308_depth.tif?download=true,main,metric_scale_shift,128,20000,0.117338671875,0.22958436579704283,0.6646955290064492,0.06013123250007629,0.11737952144128547,0.11707842247051362,0.5450260481270156,0.5460429641586116
2025/Day001_Oat,2025,Day001,oat,308.JPG,308,DJI Mavic 3M RGB camera,oblique,oblique,0.7074544938563304,5280,3956,308_depth.tif,True,True,OPENCV,C:\Users\81902\Documents\Codex\2026-09-20\depth-anything-v2-python-uav-rgb\data\uav3dcrop\2025\Day001_Oat\images\308.JPG,C:\Users\81902\Documents\Codex\2026-09-20\depth-anything-v2-python-uav-rgb\data\uav3dcrop_depth\2025\Day001_Oat\308_depth.tif,https://huggingface.co/datasets/Link-Dev/UAV3DCrop/resolve/main/2025/Day001_Oat/images/308.JPG?download=true,https://huggingface.co/datasets/Link-Dev/UAV3DCrop_depth/resolve/main/2025/Day001_Oat_depth/308_depth.tif?download=true,main,relative_scale_shift,128,20000,0.117338671875,0.11095098114013671,0.5140513577352915,0.0022185930252075197,0.3659795134987056,0.18408212758060372,0.5824857355494915,0.5460429641586116
2025/Day001_Oat,2025,Day001,oat,487.JPG,487,DJI Mavic 3M RGB camera,oblique,oblique,0.7080546480846165,5280,3956,487_depth.tif,True,True,OPENCV,C:\Users\81902\Documents\Codex\2026-09-20\depth-anything-v2-python-uav-rgb\data\uav3dcrop\2025\Day001_Oat\images\487.JPG,C:\Users\81902\Documents\Codex\2026-09-20\depth-anything-v2-python-uav-rgb\data\uav3dcrop_depth\2025\Day001_Oat\487_depth.tif,https://huggingface.co/datasets/Link-Dev/UAV3DCrop/resolve/main/2025/Day001_Oat/images/487.JPG?download=true,https://huggingface.co/datasets/Link-Dev/UAV3DCrop_depth/resolve/main/2025/Day001_Oat_depth/487_depth.tif?download=true,main,metric_raw,8,20000,0.02713359375,0.035070667338371275,0.10905730949928104,0.0021545663118362427,0.018775406142002158,0.025977505409998634,0.5101168126825198,0.10255212535841149
2025/Day001_Oat,2025,Day001,oat,487.JPG,487,DJI Mavic 3M RGB camera,oblique,oblique,0.7080546480846165,5280,3956,487_depth.tif,True,True,OPENCV,C:\Users\81902\Documents\Codex\2026-09-20\depth-anything-v2-python-uav-rgb\data\uav3dcrop\2025\Day001_Oat\images\487.JPG,C:\Users\81902\Documents\Codex\2026-09-20\depth-anything-v2-python-uav-rgb\data\uav3dcrop_depth\2025\Day001_Oat\487_depth.tif,https://huggingface.co/datasets/Link-Dev/UAV3DCrop/resolve/main/2025/Day001_Oat/images/487.JPG?download=true,https://huggingface.co/datasets/Link-Dev/UAV3DCrop_depth/resolve/main/2025/Day001_Oat_depth/487_depth.tif?download=true,main,metric_bias_corrected,8,20000,0.02713359375,0.03507066984176636,0.10905731582207752,0.002154573726654053,0.018775296683648388,0.02597741576086372,0.5101168126825198,0.10255212535841149
2025/Day001_Oat,2025,Day001,oat,487.JPG,487,DJI Mavic 3M RGB camera,oblique,oblique,0.7080546480846165,5280,3956,487_depth.tif,True,True,OPENCV,C:\Users\81902\Documents\Codex\2026-09-20\depth-anything-v2-python-uav-rgb\data\uav3dcrop\2025\Day001_Oat\images\487.JPG,C:\Users\81902\Documents\Codex\2026-09-20\depth-anything-v2-python-uav-rgb\data\uav3dcrop_depth\2025\Day001_Oat\487_depth.tif,https://huggingface.co/datasets/Link-Dev/UAV3DCrop/resolve/main/2025/Day001_Oat/images/487.JPG?download=true,https://huggingface.co/datasets/Link-Dev/UAV3DCrop_depth/resolve/main/2025/Day001_Oat_depth/487_depth.tif?download=true,main,metric_scale_shift,8,20000,0.02713359375,0.05654487075805664,0.15035354632844972,0.003857280921936035,0.01877546815234269,0.0259777588238729,0.5101168126825198,0.10255212535841149
2025/Day001_Oat,2025,Day001,oat,487.JPG,487,DJI Mavic 3M RGB camera,oblique,oblique,0.7080546480846165,5280,3956,487_depth.tif,True,True,OPENCV,C:\Users\81902\Documents\Codex\2026-09-20\depth-anything-v2-python-uav-rgb\data\uav3dcrop\2025\Day001_Oat\images\487.JPG,C:\Users\81902\Documents\Codex\2026-09-20\depth-anything-v2-python-uav-rgb\data\uav3dcrop_depth\2025\Day001_Oat\487_depth.tif,https://huggingface.co/datasets/Link-Dev/UAV3DCrop/resolve/main/2025/Day001_Oat/images/487.JPG?download=true,https://huggingface.co/datasets/Link-Dev/UAV3DCrop_depth/resolve/main/2025/Day001_Oat_depth/487_depth.tif?download=true,main,relative_scale_shift,8,20000,0.02713359375,0.029455726432800294,0.1003238223969435,-0.0004097837448120117,0.20964331318209437,0.14411052979474895,0.5566332916145181,0.10255212535841149
2025/Day001_Oat,2025,Day001,oat,487.JPG,487,DJI Mavic 3M RGB camera,oblique,oblique,0.7080546480846165,5280,3956,487_depth.tif,True,True,OPENCV,C:\Users\81902\Documents\Codex\2026-09-20\depth-anything-v2-python-uav-rgb\data\uav3dcrop\2025\Day001_Oat\images\487.JPG,C:\Users\81902\Documents\Codex\2026-09-20\depth-anything-v2-python-uav-rgb\data\uav3dcrop_depth\2025\Day001_Oat\487_depth.tif,https://huggingface.co/datasets/Link-Dev/UAV3DCrop/resolve/main/2025/Day001_Oat/images/487.JPG?download=true,https://huggingface.co/datasets/Link-Dev/UAV3DCrop_depth/resolve/main/2025/Day001_Oat_depth/487_depth.tif?download=true,main,metric_raw,16,20000,0.051062890625,0.06357114417552948,0.1634231818139629,0.0023241375207901003,0.08125834587034095,0.013915274945451831,0.4979990395389787,0.1524449626722199
2025/Day001_Oat,2025,Day001,oat,487.JPG,487,DJI Mavic 3M RGB camera,oblique,oblique,0.7080546480846165,5280,3956,487_depth.tif,True,True,OPENCV,C:\Users\81902\Documents\Codex\2026-09-20\depth-anything-v2-python-uav-rgb\data\uav3dcrop\2025\Day001_Oat\images\487.JPG,C:\Users\81902\Documents\Codex\2026-09-20\depth-anything-v2-python-uav-rgb\data\uav3dcrop_depth\2025\Day001_Oat\487_depth.tif,https://huggingface.co/datasets/Link-Dev/UAV3DCrop/resolve/main/2025/Day001_Oat/images/487.JPG?download=true,https://huggingface.co/datasets/Link-Dev/UAV3DCrop_depth/resolve/main/2025/Day001_Oat_depth/487_depth.tif?download=true,main,metric_bias_corrected,16,20000,0.051062890625,0.06357114810943604,0.16342318908288342,0.0023241371154785156,0.08125824836473648,0.013914887275147475,0.4979990395389787,0.1524449626722199
2025/Day001_Oat,2025,Day001,oat,487.JPG,487,DJI Mavic 3M RGB camera,oblique,oblique,0.7080546480846165,5280,3956,487_depth.tif,True,True,OPENCV,C:\Users\81902\Documents\Codex\2026-09-20\depth-anything-v2-python-uav-rgb\data\uav3dcrop\2025\Day001_Oat\images\487.JPG,C:\Users\81902\Documents\Codex\2026-09-20\depth-anything-v2-python-uav-rgb\data\uav3dcrop_depth\2025\Day001_Oat\487_depth.tif,https://huggingface.co/datasets/Link-Dev/UAV3DCrop/resolve/main/2025/Day001_Oat/images/487.JPG?download=true,https://huggingface.co/datasets/Link-Dev/UAV3DCrop_depth/resolve/main/2025/Day001_Oat_depth/487_depth.tif?download=true,main,metric_scale_shift,16,20000,0.051062890625,0.10131624345779419,0.24767879503955176,0.007172549247741699,0.08125834885039444,0.013915174959066214,0.4979990395389787,0.1524449626722199
2025/Day001_Oat,2025,Day001,oat,487.JPG,487,DJI Mavic 3M RGB camera,oblique,oblique,0.7080546480846165,5280,3956,487_depth.tif,True,True,OPENCV,C:\Users\81902\Documents\Codex\2026-09-20\depth-anything-v2-python-uav-rgb\data\uav3dcrop\2025\Day001_Oat\images\487.JPG,C:\Users\81902\Documents\Codex\2026-09-20\depth-anything-v2-python-uav-rgb\data\uav3dcrop_depth\2025\Day001_Oat\487_depth.tif,https://huggingface.co/datasets/Link-Dev/UAV3DCrop/resolve/main/2025/Day001_Oat/images/487.JPG?download=true,https://huggingface.co/datasets/Link-Dev/UAV3DCrop_depth/resolve/main/2025/Day001_Oat_depth/487_depth.tif?download=true,main,relative_scale_shift,16,20000,0.051062890625,0.052975125980377194,0.14445637954991478,-0.0035860377311706542,0.331617626019359,0.1513637813860315,0.5364174803905875,0.1524449626722199
2025/Day001_Oat,2025,Day001,oat,487.JPG,487,DJI Mavic 3M RGB camera,oblique,oblique,0.7080546480846165,5280,3956,487_depth.tif,True,True,OPENCV,C:\Users\81902\Documents\Codex\2026-09-20\depth-anything-v2-python-uav-rgb\data\uav3dcrop\2025\Day001_Oat\images\487.JPG,C:\Users\81902\Documents\Codex\2026-09-20\depth-anything-v2-python-uav-rgb\data\uav3dcrop_depth\2025\Day001_Oat\487_depth.tif,https://huggingface.co/datasets/Link-Dev/UAV3DCrop/resolve/main/2025/Day001_Oat/images/487.JPG?download=true,https://huggingface.co/datasets/Link-Dev/UAV3DCrop_depth/resolve/main/2025/Day001_Oat_depth/487_depth.tif?download=true,main,metric_raw,32,20000,0.0826015625,0.102935679769516,0.2237468491947613,0.0034174043655395506,0.13026452751500178,0.009844930753506318,0.49146161086459594,0.19939092431109254
2025/Day001_Oat,2025,Day001,oat,487.JPG,487,DJI Mavic 3M RGB camera,oblique,oblique,0.7080546480846165,5280,3956,487_depth.tif,True,True,OPENCV,C:\Users\81902\Documents\Codex\2026-09-20\depth-anything-v2-python-uav-rgb\data\uav3dcrop\2025\Day001_Oat\images\487.JPG,C:\Users\81902\Documents\Codex\2026-09-20\depth-anything-v2-python-uav-rgb\data\uav3dcrop_depth\2025\Day001_Oat\487_depth.tif,https://huggingface.co/datasets/Link-Dev/UAV3DCrop/resolve/main/2025/Day001_Oat/images/487.JPG?download=true,https://huggingface.co/datasets/Link-Dev/UAV3DCrop_depth/resolve/main/2025/Day001_Oat_depth/487_depth.tif?download=true,main,metric_bias_corrected,32,20000,0.0826015625,0.1029356746673584,0.22374684053580654,0.003417406463623047,0.1302645981047179,0.009845144308578583,0.49146161086459594,0.19939092431109254
2025/Day001_Oat,2025,Day001,oat,487.JPG,487,DJI Mavic 3M RGB camera,oblique,oblique,0.7080546480846165,5280,3956,487_depth.tif,True,True,OPENCV,C:\Users\81902\Documents\Codex\2026-09-20\depth-anything-v2-python-uav-rgb\data\uav3dcrop\2025\Day001_Oat\images\487.JPG,C:\Users\81902\Documents\Codex\2026-09-20\depth-anything-v2-python-uav-rgb\data\uav3dcrop_depth\2025\Day001_Oat\487_depth.tif,https://huggingface.co/datasets/Link-Dev/UAV3DCrop/resolve/main/2025/Day001_Oat/images/487.JPG?download=true,https://huggingface.co/datasets/Link-Dev/UAV3DCrop_depth/resolve/main/2025/Day001_Oat_depth/487_depth.tif?download=true,main,metric_scale_shift,32,20000,0.0826015625,0.17040652499198913,0.400907011452433,0.008962573957443237,0.13026451541339917,0.009844958840901644,0.49146161086459594,0.19939092431109254
2025/Day001_Oat,2025,Day001,oat,487.JPG,487,DJI Mavic 3M RGB camera,oblique,oblique,0.7080546480846165,5280,3956,487_depth.tif,True,True,OPENCV,C:\Users\81902\Documents\Codex\2026-09-20\depth-anything-v2-python-uav-rgb\data\uav3dcrop\2025\Day001_Oat\images\487.JPG,C:\Users\81902\Documents\Codex\2026-09-20\depth-anything-v2-python-uav-rgb\data\uav3dcrop_depth\2025\Day001_Oat\487_depth.tif,https://huggingface.co/datasets/Link-Dev/UAV3DCrop/resolve/main/2025/Day001_Oat/images/487.JPG?download=true,https://huggingface.co/datasets/Link-Dev/UAV3DCrop_depth/resolve/main/2025/Day001_Oat_depth/487_depth.tif?download=true,main,relative_scale_shift,32,20000,0.0826015625,0.08266976022720338,0.18149068922598355,-0.005170922946929932,0.429012749304936,0.17780391917156396,0.5288422751109318,0.19939092431109254
2025/Day001_Oat,2025,Day001,oat,487.JPG,487,DJI Mavic 3M RGB camera,oblique,oblique,0.7080546480846165,5280,3956,487_depth.tif,True,True,OPENCV,C:\Users\81902\Documents\Codex\2026-09-20\depth-anything-v2-python-uav-rgb\data\uav3dcrop\2025\Day001_Oat\images\487.JPG,C:\Users\81902\Documents\Codex\2026-09-20\depth-anything-v2-python-uav-rgb\data\uav3dcrop_depth\2025\Day001_Oat\487_depth.tif,https://huggingface.co/datasets/Link-Dev/UAV3DCrop/resolve/main/2025/Day001_Oat/images/487.JPG?download=true,https://huggingface.co/datasets/Link-Dev/UAV3DCrop_depth/resolve/main/2025/Day001_Oat_depth/487_depth.tif?download=true,main,metric_raw,64,20000,0.1283140625,0.16430352382659913,0.32752612485779237,0.01440437240600586,0.18489405794230332,0.002322359592277497,0.4818170686910738,0.27852805081744114
2025/Day001_Oat,2025,Day001,oat,487.JPG,487,DJI Mavic 3M RGB camera,oblique,oblique,0.7080546480846165,5280,3956,487_depth.tif,True,True,OPENCV,C:\Users\81902\Documents\Codex\2026-09-20\depth-anything-v2-python-uav-rgb\data\uav3dcrop\2025\Day001_Oat\images\487.JPG,C:\Users\81902\Documents\Codex\2026-09-20\depth-anything-v2-python-uav-rgb\data\uav3dcrop_depth\2025\Day001_Oat\487_depth.tif,https://huggingface.co/datasets/Link-Dev/UAV3DCrop/resolve/main/2025/Day001_Oat/images/487.JPG?download=true,https://huggingface.co/datasets/Link-Dev/UAV3DCrop_depth/resolve/main/2025/Day001_Oat_depth/487_depth.tif?download=true,main,metric_bias_corrected,64,20000,0.1283140625,0.1643035138130188,0.3275261214063407,0.014404371166229248,0.18489404461711606,0.00232232267995128,0.4818170686910738,0.27852805081744114
2025/Day001_Oat,2025,Day001,oat,487.JPG,487,DJI Mavic 3M RGB camera,oblique,oblique,0.7080546480846165,5280,3956,487_depth.tif,True,True,OPENCV,C:\Users\81902\Documents\Codex\2026-09-20\depth-anything-v2-python-uav-rgb\data\uav3dcrop\2025\Day001_Oat\images\487.JPG,C:\Users\81902\Documents\Codex\2026-09-20\depth-anything-v2-python-uav-rgb\data\uav3dcrop_depth\2025\Day001_Oat\487_depth.tif,https://huggingface.co/datasets/Link-Dev/UAV3DCrop/resolve/main/2025/Day001_Oat/images/487.JPG?download=true,https://huggingface.co/datasets/Link-Dev/UAV3DCrop_depth/resolve/main/2025/Day001_Oat_depth/487_depth.tif?download=true,main,metric_scale_shift,64,20000,0.1283140625,0.28700934710502624,0.6692229350477393,0.029778360509872436,0.18489405884333704,0.0023222552566129844,0.4818170686910738,0.27852805081744114
2025/Day001_Oat,2025,Day001,oat,487.JPG,487,DJI Mavic 3M RGB camera,oblique,oblique,0.7080546480846165,5280,3956,487_depth.tif,True,True,OPENCV,C:\Users\81902\Documents\Codex\2026-09-20\depth-anything-v2-python-uav-rgb\data\uav3dcrop\2025\Day001_Oat\images\487.JPG,C:\Users\81902\Documents\Codex\2026-09-20\depth-anything-v2-python-uav-rgb\data\uav3dcrop_depth\2025\Day001_Oat\487_depth.tif,https://huggingface.co/datasets/Link-Dev/UAV3DCrop/resolve/main/2025/Day001_Oat/images/487.JPG?download=true,https://huggingface.co/datasets/Link-Dev/UAV3DCrop_depth/resolve/main/2025/Day001_Oat_depth/487_depth.tif?download=true,main,relative_scale_shift,64,20000,0.1283140625,0.12343237400054932,0.24058868119159296,-0.006760755157470703,0.526994595912269,0.22715388766526798,0.5380188563732092,0.27852805081744114
2025/Day001_Oat,2025,Day001,oat,487.JPG,487,DJI Mavic 3M RGB camera,oblique,oblique,0.7080546480846165,5280,3956,487_depth.tif,True,True,OPENCV,C:\Users\81902\Documents\Codex\2026-09-20\depth-anything-v2-python-uav-rgb\data\uav3dcrop\2025\Day001_Oat\images\487.JPG,C:\Users\81902\Documents\Codex\2026-09-20\depth-anything-v2-python-uav-rgb\data\uav3dcrop_depth\2025\Day001_Oat\487_depth.tif,https://huggingface.co/datasets/Link-Dev/UAV3DCrop/resolve/main/2025/Day001_Oat/images/487.JPG?download=true,https://huggingface.co/datasets/Link-Dev/UAV3DCrop_depth/resolve/main/2025/Day001_Oat_depth/487_depth.tif?download=true,main,metric_raw,128,20000,0.17626953125,0.24442038440704345,0.455915868132756,0.02055235629081726,0.1843954028068658,-0.03581579506594499,0.4691896858668811,0.3639772556241589
2025/Day001_Oat,2025,Day001,oat,487.JPG,487,DJI Mavic 3M RGB camera,oblique,oblique,0.7080546480846165,5280,3956,487_depth.tif,True,True,OPENCV,C:\Users\81902\Documents\Codex\2026-09-20\depth-anything-v2-python-uav-rgb\data\uav3dcrop\2025\Day001_Oat\images\487.JPG,C:\Users\81902\Documents\Codex\2026-09-20\depth-anything-v2-python-uav-rgb\data\uav3dcrop_depth\2025\Day001_Oat\487_depth.tif,https://huggingface.co/datasets/Link-Dev/UAV3DCrop/resolve/main/2025/Day001_Oat/images/487.JPG?download=true,https://huggingface.co/datasets/Link-Dev/UAV3DCrop_depth/resolve/main/2025/Day001_Oat_depth/487_depth.tif?download=true,main,metric_bias_corrected,128,20000,0.17626953125,0.24442038450241088,0.45591586902381276,0.020552355670928956,0.18439539213838507,-0.03581599332351535,0.4691896858668811,0.3639772556241589
2025/Day001_Oat,2025,Day001,oat,487.JPG,487,DJI Mavic 3M RGB camera,oblique,oblique,0.7080546480846165,5280,3956,487_depth.tif,True,True,OPENCV,C:\Users\81902\Documents\Codex\2026-09-20\depth-anything-v2-python-uav-rgb\data\uav3dcrop\2025\Day001_Oat\images\487.JPG,C:\Users\81902\Documents\Codex\2026-09-20\depth-anything-v2-python-uav-rgb\data\uav3dcrop_depth\2025\Day001_Oat\487_depth.tif,https://huggingface.co/datasets/Link-Dev/UAV3DCrop/resolve/main/2025/Day001_Oat/images/487.JPG?download=true,https://huggingface.co/datasets/Link-Dev/UAV3DCrop_depth/resolve/main/2025/Day001_Oat_depth/487_depth.tif?download=true,main,metric_scale_shift,128,20000,0.17626953125,0.46634677047729495,1.0003552451038442,0.04292096300125122,0.1843954117542833,-0.03581573150637333,0.4691896858668811,0.3639772556241589
2025/Day001_Oat,2025,Day001,oat,487.JPG,487,DJI Mavic 3M RGB camera,oblique,oblique,0.7080546480846165,5280,3956,487_depth.tif,True,True,OPENCV,C:\Users\81902\Documents\Codex\2026-09-20\depth-anything-v2-python-uav-rgb\data\uav3dcrop\2025\Day001_Oat\images\487.JPG,C:\Users\81902\Documents\Codex\2026-09-20\depth-anything-v2-python-uav-rgb\data\uav3dcrop_depth\2025\Day001_Oat\487_depth.tif,https://huggingface.co/datasets/Link-Dev/UAV3DCrop/resolve/main/2025/Day001_Oat/images/487.JPG?download=true,https://huggingface.co/datasets/Link-Dev/UAV3DCrop_depth/resolve/main/2025/Day001_Oat_depth/487_depth.tif?download=true,main,relative_scale_shift,128,20000,0.17626953125,0.17409172897338868,0.30608787168675294,-0.01912821044921875,0.560115353299717,0.22793497879023525,0.5229426290702349,0.3639772556241589
2025/Day001_Oat,2025,Day001,oat,558.JPG,558,DJI Mavic 3M RGB camera,oblique,oblique,0.7085719022101711,5280,3956,558_depth.tif,True,True,OPENCV,C:\Users\81902\Documents\Codex\2026-09-20\depth-anything-v2-python-uav-rgb\data\uav3dcrop\2025\Day001_Oat\images\558.JPG,C:\Users\81902\Documents\Codex\2026-09-20\depth-anything-v2-python-uav-rgb\data\uav3dcrop_depth\2025\Day001_Oat\558_depth.tif,https://huggingface.co/datasets/Link-Dev/UAV3DCrop/resolve/main/2025/Day001_Oat/images/558.JPG?download=true,https://huggingface.co/datasets/Link-Dev/UAV3DCrop_depth/resolve/main/2025/Day001_Oat_depth/558_depth.tif?download=true,main,metric_raw,8,20000,0.020545703125,0.028216989803314208,0.08870130442292466,-0.0006071921825408935,0.06944073575558199,0.0836966623093479,0.5410653099366629,0.08539376412970674
2025/Day001_Oat,2025,Day001,oat,558.JPG,558,DJI Mavic 3M RGB camera,oblique,oblique,0.7085719022101711,5280,3956,558_depth.tif,True,True,OPENCV,C:\Users\81902\Documents\Codex\2026-09-20\depth-anything-v2-python-uav-rgb\data\uav3dcrop\2025\Day001_Oat\images\558.JPG,C:\Users\81902\Documents\Codex\2026-09-20\depth-anything-v2-python-uav-rgb\data\uav3dcrop_depth\2025\Day001_Oat\558_depth.tif,https://huggingface.co/datasets/Link-Dev/UAV3DCrop/resolve/main/2025/Day001_Oat/images/558.JPG?download=true,https://huggingface.co/datasets/Link-Dev/UAV3DCrop_depth/resolve/main/2025/Day001_Oat_depth/558_depth.tif?download=true,main,metric_bias_corrected,8,20000,0.020545703125,0.02821699800491333,0.08870130152641052,-0.0006071846961975098,0.06944093687611111,0.08369743556154946,0.5410653099366629,0.08539376412970674
2025/Day001_Oat,2025,Day001,oat,558.JPG,558,DJI Mavic 3M RGB camera,oblique,oblique,0.7085719022101711,5280,3956,558_depth.tif,True,True,OPENCV,C:\Users\81902\Documents\Codex\2026-09-20\depth-anything-v2-python-uav-rgb\data\uav3dcrop\2025\Day001_Oat\images\558.JPG,C:\Users\81902\Documents\Codex\2026-09-20\depth-anything-v2-python-uav-rgb\data\uav3dcrop_depth\2025\Day001_Oat\558_depth.tif,https://huggingface.co/datasets/Link-Dev/UAV3DCrop/resolve/main/2025/Day001_Oat/images/558.JPG?download=true,https://huggingface.co/datasets/Link-Dev/UAV3DCrop_depth/resolve/main/2025/Day001_Oat_depth/558_depth.tif?download=true,main,metric_scale_shift,8,20000,0.020545703125,0.03536048984527588,0.09642454158593923,-0.001327959442138672,0.06944041701428315,0.08369721040637902,0.5410653099366629,0.08539376412970674
2025/Day001_Oat,2025,Day001,oat,558.JPG,558,DJI Mavic 3M RGB camera,oblique,oblique,0.7085719022101711,5280,3956,558_depth.tif,True,True,OPENCV,C:\Users\81902\Documents\Codex\2026-09-20\depth-anything-v2-python-uav-rgb\data\uav3dcrop\2025\Day001_Oat\images\558.JPG,C:\Users\81902\Documents\Codex\2026-09-20\depth-anything-v2-python-uav-rgb\data\uav3dcrop_depth\2025\Day001_Oat\558_depth.tif,https://huggingface.co/datasets/Link-Dev/UAV3DCrop/resolve/main/2025/Day001_Oat/images/558.JPG?download=true,https://huggingface.co/datasets/Link-Dev/UAV3DCrop_depth/resolve/main/2025/Day001_Oat_depth/558_depth.tif?download=true,main,relative_scale_shift,8,20000,0.020545703125,0.02164079818725586,0.08104532105326141,0.0015844106674194336,0.31585216973998437,0.29296507322424803,0.6216384591423528,0.08539376412970674
2025/Day001_Oat,2025,Day001,oat,558.JPG,558,DJI Mavic 3M RGB camera,oblique,oblique,0.7085719022101711,5280,3956,558_depth.tif,True,True,OPENCV,C:\Users\81902\Documents\Codex\2026-09-20\depth-anything-v2-python-uav-rgb\data\uav3dcrop\2025\Day001_Oat\images\558.JPG,C:\Users\81902\Documents\Codex\2026-09-20\depth-anything-v2-python-uav-rgb\data\uav3dcrop_depth\2025\Day001_Oat\558_depth.tif,https://huggingface.co/datasets/Link-Dev/UAV3DCrop/resolve/main/2025/Day001_Oat/images/558.JPG?download=true,https://huggingface.co/datasets/Link-Dev/UAV3DCrop_depth/resolve/main/2025/Day001_Oat_depth/558_depth.tif?download=true,main,metric_raw,16,20000,0.036871875,0.047765756464004515,0.12100917133942858,-0.0034734260082244874,0.21646131245708716,0.11518632642130874,0.5376044568245125,0.11796346881545823
2025/Day001_Oat,2025,Day001,oat,558.JPG,558,DJI Mavic 3M RGB camera,oblique,oblique,0.7085719022101711,5280,3956,558_depth.tif,True,True,OPENCV,C:\Users\81902\Documents\Codex\2026-09-20\depth-anything-v2-python-uav-rgb\data\uav3dcrop\2025\Day001_Oat\images\558.JPG,C:\Users\81902\Documents\Codex\2026-09-20\depth-anything-v2-python-uav-rgb\data\uav3dcrop_depth\2025\Day001_Oat\558_depth.tif,https://huggingface.co/datasets/Link-Dev/UAV3DCrop/resolve/main/2025/Day001_Oat/images/558.JPG?download=true,https://huggingface.co/datasets/Link-Dev/UAV3DCrop_depth/resolve/main/2025/Day001_Oat_depth/558_depth.tif?download=true,main,metric_bias_corrected,16,20000,0.036871875,0.04776574649810791,0.12100916890774205,-0.0034734153747558593,0.21646129456216934,0.11518579505620272,0.5376044568245125,0.11796346881545823
2025/Day001_Oat,2025,Day001,oat,558.JPG,558,DJI Mavic 3M RGB camera,oblique,oblique,0.7085719022101711,5280,3956,558_depth.tif,True,True,OPENCV,C:\Users\81902\Documents\Codex\2026-09-20\depth-anything-v2-python-uav-rgb\data\uav3dcrop\2025\Day001_Oat\images\558.JPG,C:\Users\81902\Documents\Codex\2026-09-20\depth-anything-v2-python-uav-rgb\data\uav3dcrop_depth\2025\Day001_Oat\558_depth.tif,https://huggingface.co/datasets/Link-Dev/UAV3DCrop/resolve/main/2025/Day001_Oat/images/558.JPG?download=true,https://huggingface.co/datasets/Link-Dev/UAV3DCrop_depth/resolve/main/2025/Day001_Oat_depth/558_depth.tif?download=true,main,metric_scale_shift,16,20000,0.036871875,0.05968330888748169,0.1395800033058243,-0.005083661365509033,0.21646130768482033,0.11518706390375402,0.5376044568245125,0.11796346881545823
2025/Day001_Oat,2025,Day001,oat,558.JPG,558,DJI Mavic 3M RGB camera,oblique,oblique,0.7085719022101711,5280,3956,558_depth.tif,True,True,OPENCV,C:\Users\81902\Documents\Codex\2026-09-20\depth-anything-v2-python-uav-rgb\data\uav3dcrop\2025\Day001_Oat\images\558.JPG,C:\Users\81902\Documents\Codex\2026-09-20\depth-anything-v2-python-uav-rgb\data\uav3dcrop_depth\2025\Day001_Oat\558_depth.tif,https://huggingface.co/datasets/Link-Dev/UAV3DCrop/resolve/main/2025/Day001_Oat/images/558.JPG?download=true,https://huggingface.co/datasets/Link-Dev/UAV3DCrop_depth/resolve/main/2025/Day001_Oat_depth/558_depth.tif?download=true,main,relative_scale_shift,16,20000,0.036871875,0.036299629402160645,0.10705288880276558,0.000997554588317871,0.4202406814380626,0.3245847460815238,0.6088672237697307,0.11796346881545823
2025/Day001_Oat,2025,Day001,oat,558.JPG,558,DJI Mavic 3M RGB camera,oblique,oblique,0.7085719022101711,5280,3956,558_depth.tif,True,True,OPENCV,C:\Users\81902\Documents\Codex\2026-09-20\depth-anything-v2-python-uav-rgb\data\uav3dcrop\2025\Day001_Oat\images\558.JPG,C:\Users\81902\Documents\Codex\2026-09-20\depth-anything-v2-python-uav-rgb\data\uav3dcrop_depth\2025\Day001_Oat\558_depth.tif,https://huggingface.co/datasets/Link-Dev/UAV3DCrop/resolve/main/2025/Day001_Oat/images/558.JPG?download=true,https://huggingface.co/datasets/Link-Dev/UAV3DCrop_depth/resolve/main/2025/Day001_Oat_depth/558_depth.tif?download=true,main,metric_raw,32,20000,0.06693359375,0.0832346491098404,0.18667388523126124,-0.0040494649171829225,0.19680618101386446,0.1394962072951873,0.5476546743868324,0.17958687633491874
2025/Day001_Oat,2025,Day001,oat,558.JPG,558,DJI Mavic 3M RGB camera,oblique,oblique,0.7085719022101711,5280,3956,558_depth.tif,True,True,OPENCV,C:\Users\81902\Documents\Codex\2026-09-20\depth-anything-v2-python-uav-rgb\data\uav3dcrop\2025\Day001_Oat\images\558.JPG,C:\Users\81902\Documents\Codex\2026-09-20\depth-anything-v2-python-uav-rgb\data\uav3dcrop_depth\2025\Day001_Oat\558_depth.tif,https://huggingface.co/datasets/Link-Dev/UAV3DCrop/resolve/main/2025/Day001_Oat/images/558.JPG?download=true,https://huggingface.co/datasets/Link-Dev/UAV3DCrop_depth/resolve/main/2025/Day001_Oat_depth/558_depth.tif?download=true,main,metric_bias_corrected,32,20000,0.06693359375,0.08323464603424072,0.18667389112345747,-0.004049451637268066,0.1968061351837422,0.13949649167453718,0.5476546743868324,0.17958687633491874
2025/Day001_Oat,2025,Day001,oat,558.JPG,558,DJI Mavic 3M RGB camera,oblique,oblique,0.7085719022101711,5280,3956,558_depth.tif,True,True,OPENCV,C:\Users\81902\Documents\Codex\2026-09-20\depth-anything-v2-python-uav-rgb\data\uav3dcrop\2025\Day001_Oat\images\558.JPG,C:\Users\81902\Documents\Codex\2026-09-20\depth-anything-v2-python-uav-rgb\data\uav3dcrop_depth\2025\Day001_Oat\558_depth.tif,https://huggingface.co/datasets/Link-Dev/UAV3DCrop/resolve/main/2025/Day001_Oat/images/558.JPG?download=true,https://huggingface.co/datasets/Link-Dev/UAV3DCrop_depth/resolve/main/2025/Day001_Oat_depth/558_depth.tif?download=true,main,metric_scale_shift,32,20000,0.06693359375,0.10247834739685059,0.2170522002549705,-0.006764436340332031,0.19680628485715487,0.1394961162869233,0.5476546743868324,0.17958687633491874
2025/Day001_Oat,2025,Day001,oat,558.JPG,558,DJI Mavic 3M RGB camera,oblique,oblique,0.7085719022101711,5280,3956,558_depth.tif,True,True,OPENCV,C:\Users\81902\Documents\Codex\2026-09-20\depth-anything-v2-python-uav-rgb\data\uav3dcrop\2025\Day001_Oat\images\558.JPG,C:\Users\81902\Documents\Codex\2026-09-20\depth-anything-v2-python-uav-rgb\data\uav3dcrop_depth\2025\Day001_Oat\558_depth.tif,https://huggingface.co/datasets/Link-Dev/UAV3DCrop/resolve/main/2025/Day001_Oat/images/558.JPG?download=true,https://huggingface.co/datasets/Link-Dev/UAV3DCrop_depth/resolve/main/2025/Day001_Oat_depth/558_depth.tif?download=true,main,relative_scale_shift,32,20000,0.06693359375,0.059410445308685306,0.14932173622931844,0.004321442317962647,0.5630351508324962,0.3801479865413611,0.5967731442326459,0.17958687633491874
2025/Day001_Oat,2025,Day001,oat,558.JPG,558,DJI Mavic 3M RGB camera,oblique,oblique,0.7085719022101711,5280,3956,558_depth.tif,True,True,OPENCV,C:\Users\81902\Documents\Codex\2026-09-20\depth-anything-v2-python-uav-rgb\data\uav3dcrop\2025\Day001_Oat\images\558.JPG,C:\Users\81902\Documents\Codex\2026-09-20\depth-anything-v2-python-uav-rgb\data\uav3dcrop_depth\2025\Day001_Oat\558_depth.tif,https://huggingface.co/datasets/Link-Dev/UAV3DCrop/resolve/main/2025/Day001_Oat/images/558.JPG?download=true,https://huggingface.co/datasets/Link-Dev/UAV3DCrop_depth/resolve/main/2025/Day001_Oat_depth/558_depth.tif?download=true,main,metric_raw,64,20000,0.107574609375,0.13174658761024474,0.26730761654239005,-0.010328685903549194,0.25360270110473543,0.19341419142923935,0.5645867866445655,0.2493264643544366
2025/Day001_Oat,2025,Day001,oat,558.JPG,558,DJI Mavic 3M RGB camera,oblique,oblique,0.7085719022101711,5280,3956,558_depth.tif,True,True,OPENCV,C:\Users\81902\Documents\Codex\2026-09-20\depth-anything-v2-python-uav-rgb\data\uav3dcrop\2025\Day001_Oat\images\558.JPG,C:\Users\81902\Documents\Codex\2026-09-20\depth-anything-v2-python-uav-rgb\data\uav3dcrop_depth\2025\Day001_Oat\558_depth.tif,https://huggingface.co/datasets/Link-Dev/UAV3DCrop/resolve/main/2025/Day001_Oat/images/558.JPG?download=true,https://huggingface.co/datasets/Link-Dev/UAV3DCrop_depth/resolve/main/2025/Day001_Oat_depth/558_depth.tif?download=true,main,metric_bias_corrected,64,20000,0.107574609375,0.13174659328460694,0.2673076182126637,-0.01032868537902832,0.2536026800439576,0.193414539293545,0.5645867866445655,0.2493264643544366
2025/Day001_Oat,2025,Day001,oat,558.JPG,558,DJI Mavic 3M RGB camera,oblique,oblique,0.7085719022101711,5280,3956,558_depth.tif,True,True,OPENCV,C:\Users\81902\Documents\Codex\2026-09-20\depth-anything-v2-python-uav-rgb\data\uav3dcrop\2025\Day001_Oat\images\558.JPG,C:\Users\81902\Documents\Codex\2026-09-20\depth-anything-v2-python-uav-rgb\data\uav3dcrop_depth\2025\Day001_Oat\558_depth.tif,https://huggingface.co/datasets/Link-Dev/UAV3DCrop/resolve/main/2025/Day001_Oat/images/558.JPG?download=true,https://huggingface.co/datasets/Link-Dev/UAV3DCrop_depth/resolve/main/2025/Day001_Oat_depth/558_depth.tif?download=true,main,metric_scale_shift,64,20000,0.107574609375,0.16353286719322205,0.33618836998478324,-0.01693862404823303,0.2536027011318336,0.1934141974895705,0.5645867866445655,0.2493264643544366
2025/Day001_Oat,2025,Day001,oat,558.JPG,558,DJI Mavic 3M RGB camera,oblique,oblique,0.7085719022101711,5280,3956,558_depth.tif,True,True,OPENCV,C:\Users\81902\Documents\Codex\2026-09-20\depth-anything-v2-python-uav-rgb\data\uav3dcrop\2025\Day001_Oat\images\558.JPG,C:\Users\81902\Documents\Codex\2026-09-20\depth-anything-v2-python-uav-rgb\data\uav3dcrop_depth\2025\Day001_Oat\558_depth.tif,https://huggingface.co/datasets/Link-Dev/UAV3DCrop/resolve/main/2025/Day001_Oat/images/558.JPG?download=true,https://huggingface.co/datasets/Link-Dev/UAV3DCrop_depth/resolve/main/2025/Day001_Oat_depth/558_depth.tif?download=true,main,relative_scale_shift,64,20000,0.107574609375,0.08827485017776489,0.1941735972921264,0.007193877315521241,0.6339187643341625,0.47105913247850056,0.6079801089273029,0.2493264643544366
2025/Day001_Oat,2025,Day001,oat,558.JPG,558,DJI Mavic 3M RGB camera,oblique,oblique,0.7085719022101711,5280,3956,558_depth.tif,True,True,OPENCV,C:\Users\81902\Documents\Codex\2026-09-20\depth-anything-v2-python-uav-rgb\data\uav3dcrop\2025\Day001_Oat\images\558.JPG,C:\Users\81902\Documents\Codex\2026-09-20\depth-anything-v2-python-uav-rgb\data\uav3dcrop_depth\2025\Day001_Oat\558_depth.tif,https://huggingface.co/datasets/Link-Dev/UAV3DCrop/resolve/main/2025/Day001_Oat/images/558.JPG?download=true,https://huggingface.co/datasets/Link-Dev/UAV3DCrop_depth/resolve/main/2025/Day001_Oat_depth/558_depth.tif?download=true,main,metric_raw,128,20000,0.1496140625,0.18070742905139922,0.339288717264815,-0.012325407910346985,0.29344370424783506,0.20640265664709065,0.5761918355695118,0.3193458397270147
2025/Day001_Oat,2025,Day001,oat,558.JPG,558,DJI Mavic 3M RGB camera,oblique,oblique,0.7085719022101711,5280,3956,558_depth.tif,True,True,OPENCV,C:\Users\81902\Documents\Codex\2026-09-20\depth-anything-v2-python-uav-rgb\data\uav3dcrop\2025\Day001_Oat\images\558.JPG,C:\Users\81902\Documents\Codex\2026-09-20\depth-anything-v2-python-uav-rgb\data\uav3dcrop_depth\2025\Day001_Oat\558_depth.tif,https://huggingface.co/datasets/Link-Dev/UAV3DCrop/resolve/main/2025/Day001_Oat/images/558.JPG?download=true,https://huggingface.co/datasets/Link-Dev/UAV3DCrop_depth/resolve/main/2025/Day001_Oat_depth/558_depth.tif?download=true,main,metric_bias_corrected,128,20000,0.1496140625,0.18070743684768678,0.3392887271110057,-0.012325414371490479,0.2934436977339999,0.20640260256492693,0.5761918355695118,0.3193458397270147
2025/Day001_Oat,2025,Day001,oat,558.JPG,558,DJI Mavic 3M RGB camera,oblique,oblique,0.7085719022101711,5280,3956,558_depth.tif,True,True,OPENCV,C:\Users\81902\Documents\Codex\2026-09-20\depth-anything-v2-python-uav-rgb\data\uav3dcrop\2025\Day001_Oat\images\558.JPG,C:\Users\81902\Documents\Codex\2026-09-20\depth-anything-v2-python-uav-rgb\data\uav3dcrop_depth\2025\Day001_Oat\558_depth.tif,https://huggingface.co/datasets/Link-Dev/UAV3DCrop/resolve/main/2025/Day001_Oat/images/558.JPG?download=true,https://huggingface.co/datasets/Link-Dev/UAV3DCrop_depth/resolve/main/2025/Day001_Oat_depth/558_depth.tif?download=true,main,metric_scale_shift,128,20000,0.1496140625,0.22826594185829163,0.4346418595314566,-0.023367910814285277,0.2934437060657376,0.20640268711927062,0.5761918355695118,0.3193458397270147
2025/Day001_Oat,2025,Day001,oat,558.JPG,558,DJI Mavic 3M RGB camera,oblique,oblique,0.7085719022101711,5280,3956,558_depth.tif,True,True,OPENCV,C:\Users\81902\Documents\Codex\2026-09-20\depth-anything-v2-python-uav-rgb\data\uav3dcrop\2025\Day001_Oat\images\558.JPG,C:\Users\81902\Documents\Codex\2026-09-20\depth-anything-v2-python-uav-rgb\data\uav3dcrop_depth\2025\Day001_Oat\558_depth.tif,https://huggingface.co/datasets/Link-Dev/UAV3DCrop/resolve/main/2025/Day001_Oat/images/558.JPG?download=true,https://huggingface.co/datasets/Link-Dev/UAV3DCrop_depth/resolve/main/2025/Day001_Oat_depth/558_depth.tif?download=true,main,relative_scale_shift,128,20000,0.1496140625,0.11993161659240723,0.23367474211152203,0.017603302574157716,0.6878163273092581,0.5517663609180218,0.6110191264630317,0.3193458397270147
2025/Day001_Oat,2025,Day001,oat,629.JPG,629,DJI Mavic 3M RGB camera,oblique,oblique,0.7093736388252762,5280,3956,629_depth.tif,True,True,OPENCV,C:\Users\81902\Documents\Codex\2026-09-20\depth-anything-v2-python-uav-rgb\data\uav3dcrop\2025\Day001_Oat\images\629.JPG,C:\Users\81902\Documents\Codex\2026-09-20\depth-anything-v2-python-uav-rgb\data\uav3dcrop_depth\2025\Day001_Oat\629_depth.tif,https://huggingface.co/datasets/Link-Dev/UAV3DCrop/resolve/main/2025/Day001_Oat/images/629.JPG?download=true,https://huggingface.co/datasets/Link-Dev/UAV3DCrop_depth/resolve/main/2025/Day001_Oat_depth/629_depth.tif?download=true,main,metric_raw,8,20000,0.017930859375,0.025608815622329712,0.076044093545064,0.005219584417343139,0.0528401998825125,0.0928778864981747,0.5385799302277857,0.07154149376017568
2025/Day001_Oat,2025,Day001,oat,629.JPG,629,DJI Mavic 3M RGB camera,oblique,oblique,0.7093736388252762,5280,3956,629_depth.tif,True,True,OPENCV,C:\Users\81902\Documents\Codex\2026-09-20\depth-anything-v2-python-uav-rgb\data\uav3dcrop\2025\Day001_Oat\images\629.JPG,C:\Users\81902\Documents\Codex\2026-09-20\depth-anything-v2-python-uav-rgb\data\uav3dcrop_depth\2025\Day001_Oat\629_depth.tif,https://huggingface.co/datasets/Link-Dev/UAV3DCrop/resolve/main/2025/Day001_Oat/images/629.JPG?download=true,https://huggingface.co/datasets/Link-Dev/UAV3DCrop_depth/resolve/main/2025/Day001_Oat_depth/629_depth.tif?download=true,main,metric_bias_corrected,8,20000,0.017930859375,0.025608813858032226,0.07604411331614022,0.00521958236694336,0.05283964919278475,0.09287865595624381,0.5385799302277857,0.07154149376017568
2025/Day001_Oat,2025,Day001,oat,629.JPG,629,DJI Mavic 3M RGB camera,oblique,oblique,0.7093736388252762,5280,3956,629_depth.tif,True,True,OPENCV,C:\Users\81902\Documents\Codex\2026-09-20\depth-anything-v2-python-uav-rgb\data\uav3dcrop\2025\Day001_Oat\images\629.JPG,C:\Users\81902\Documents\Codex\2026-09-20\depth-anything-v2-python-uav-rgb\data\uav3dcrop_depth\2025\Day001_Oat\629_depth.tif,https://huggingface.co/datasets/Link-Dev/UAV3DCrop/resolve/main/2025/Day001_Oat/images/629.JPG?download=true,https://huggingface.co/datasets/Link-Dev/UAV3DCrop_depth/resolve/main/2025/Day001_Oat_depth/629_depth.tif?download=true,main,metric_scale_shift,8,20000,0.017930859375,0.037040051937103274,0.09172133757448798,0.011047263622283936,0.052840282977559244,0.09287718874113968,0.5385799302277857,0.07154149376017568
2025/Day001_Oat,2025,Day001,oat,629.JPG,629,DJI Mavic 3M RGB camera,oblique,oblique,0.7093736388252762,5280,3956,629_depth.tif,True,True,OPENCV,C:\Users\81902\Documents\Codex\2026-09-20\depth-anything-v2-python-uav-rgb\data\uav3dcrop\2025\Day001_Oat\images\629.JPG,C:\Users\81902\Documents\Codex\2026-09-20\depth-anything-v2-python-uav-rgb\data\uav3dcrop_depth\2025\Day001_Oat\629_depth.tif,https://huggingface.co/datasets/Link-Dev/UAV3DCrop/resolve/main/2025/Day001_Oat/images/629.JPG?download=true,https://huggingface.co/datasets/Link-Dev/UAV3DCrop_depth/resolve/main/2025/Day001_Oat_depth/629_depth.tif?download=true,main,relative_scale_shift,8,20000,0.017930859375,0.02081881093978882,0.06972480353121073,-0.00401966142654419,0.26784432901641597,0.23864228569465076,0.5769546480607428,0.07154149376017568
2025/Day001_Oat,2025,Day001,oat,629.JPG,629,DJI Mavic 3M RGB camera,oblique,oblique,0.7093736388252762,5280,3956,629_depth.tif,True,True,OPENCV,C:\Users\81902\Documents\Codex\2026-09-20\depth-anything-v2-python-uav-rgb\data\uav3dcrop\2025\Day001_Oat\images\629.JPG,C:\Users\81902\Documents\Codex\2026-09-20\depth-anything-v2-python-uav-rgb\data\uav3dcrop_depth\2025\Day001_Oat\629_depth.tif,https://huggingface.co/datasets/Link-Dev/UAV3DCrop/resolve/main/2025/Day001_Oat/images/629.JPG?download=true,https://huggingface.co/datasets/Link-Dev/UAV3DCrop_depth/resolve/main/2025/Day001_Oat_depth/629_depth.tif?download=true,main,metric_raw,16,20000,0.034433203125,0.04730539484024048,0.13086304339161975,0.007186175346374512,0.08292102234753243,0.12996031146316606,0.5500647224548847,0.11555939504872417
2025/Day001_Oat,2025,Day001,oat,629.JPG,629,DJI Mavic 3M RGB camera,oblique,oblique,0.7093736388252762,5280,3956,629_depth.tif,True,True,OPENCV,C:\Users\81902\Documents\Codex\2026-09-20\depth-anything-v2-python-uav-rgb\data\uav3dcrop\2025\Day001_Oat\images\629.JPG,C:\Users\81902\Documents\Codex\2026-09-20\depth-anything-v2-python-uav-rgb\data\uav3dcrop_depth\2025\Day001_Oat\629_depth.tif,https://huggingface.co/datasets/Link-Dev/UAV3DCrop/resolve/main/2025/Day001_Oat/images/629.JPG?download=true,https://huggingface.co/datasets/Link-Dev/UAV3DCrop_depth/resolve/main/2025/Day001_Oat_depth/629_depth.tif?download=true,main,metric_bias_corrected,16,20000,0.034433203125,0.04730538759231567,0.13086303838811947,0.0071861701011657715,0.08292099704187358,0.12995973421287282,0.5500647224548847,0.11555939504872417
2025/Day001_Oat,2025,Day001,oat,629.JPG,629,DJI Mavic 3M RGB camera,oblique,oblique,0.7093736388252762,5280,3956,629_depth.tif,True,True,OPENCV,C:\Users\81902\Documents\Codex\2026-09-20\depth-anything-v2-python-uav-rgb\data\uav3dcrop\2025\Day001_Oat\images\629.JPG,C:\Users\81902\Documents\Codex\2026-09-20\depth-anything-v2-python-uav-rgb\data\uav3dcrop_depth\2025\Day001_Oat\629_depth.tif,https://huggingface.co/datasets/Link-Dev/UAV3DCrop/resolve/main/2025/Day001_Oat/images/629.JPG?download=true,https://huggingface.co/datasets/Link-Dev/UAV3DCrop_depth/resolve/main/2025/Day001_Oat_depth/629_depth.tif?download=true,main,metric_scale_shift,16,20000,0.034433203125,0.06891957483291626,0.18000237213115736,0.019241126155853272,0.08292094887269674,0.12996015824250687,0.5500647224548847,0.11555939504872417
2025/Day001_Oat,2025,Day001,oat,629.JPG,629,DJI Mavic 3M RGB camera,oblique,oblique,0.7093736388252762,5280,3956,629_depth.tif,True,True,OPENCV,C:\Users\81902\Documents\Codex\2026-09-20\depth-anything-v2-python-uav-rgb\data\uav3dcrop\2025\Day001_Oat\images\629.JPG,C:\Users\81902\Documents\Codex\2026-09-20\depth-anything-v2-python-uav-rgb\data\uav3dcrop_depth\2025\Day001_Oat\629_depth.tif,https://huggingface.co/datasets/Link-Dev/UAV3DCrop/resolve/main/2025/Day001_Oat/images/629.JPG?download=true,https://huggingface.co/datasets/Link-Dev/UAV3DCrop_depth/resolve/main/2025/Day001_Oat_depth/629_depth.tif?download=true,main,relative_scale_shift,16,20000,0.034433203125,0.036848701095581055,0.10758468723179511,-0.010846017074584961,0.39212309419151714,0.2490903153355852,0.5543287900708139,0.11555939504872417
2025/Day001_Oat,2025,Day001,oat,629.JPG,629,DJI Mavic 3M RGB camera,oblique,oblique,0.7093736388252762,5280,3956,629_depth.tif,True,True,OPENCV,C:\Users\81902\Documents\Codex\2026-09-20\depth-anything-v2-python-uav-rgb\data\uav3dcrop\2025\Day001_Oat\images\629.JPG,C:\Users\81902\Documents\Codex\2026-09-20\depth-anything-v2-python-uav-rgb\data\uav3dcrop_depth\2025\Day001_Oat\629_depth.tif,https://huggingface.co/datasets/Link-Dev/UAV3DCrop/resolve/main/2025/Day001_Oat/images/629.JPG?download=true,https://huggingface.co/datasets/Link-Dev/UAV3DCrop_depth/resolve/main/2025/Day001_Oat_depth/629_depth.tif?download=true,main,metric_raw,32,20000,0.061642578125,0.081961998462677,0.1868366417613254,0.015065299272537231,0.13726584230688285,0.16535269015405818,0.5554335185424474,0.16658684130034848
2025/Day001_Oat,2025,Day001,oat,629.JPG,629,DJI Mavic 3M RGB camera,oblique,oblique,0.7093736388252762,5280,3956,629_depth.tif,True,True,OPENCV,C:\Users\81902\Documents\Codex\2026-09-20\depth-anything-v2-python-uav-rgb\data\uav3dcrop\2025\Day001_Oat\images\629.JPG,C:\Users\81902\Documents\Codex\2026-09-20\depth-anything-v2-python-uav-rgb\data\uav3dcrop_depth\2025\Day001_Oat\629_depth.tif,https://huggingface.co/datasets/Link-Dev/UAV3DCrop/resolve/main/2025/Day001_Oat/images/629.JPG?download=true,https://huggingface.co/datasets/Link-Dev/UAV3DCrop_depth/resolve/main/2025/Day001_Oat_depth/629_depth.tif?download=true,main,metric_bias_corrected,32,20000,0.061642578125,0.08196199083328247,0.18683663904617798,0.015065292263031006,0.13726588704155665,0.1653529199525432,0.5554335185424474,0.16658684130034848
2025/Day001_Oat,2025,Day001,oat,629.JPG,629,DJI Mavic 3M RGB camera,oblique,oblique,0.7093736388252762,5280,3956,629_depth.tif,True,True,OPENCV,C:\Users\81902\Documents\Codex\2026-09-20\depth-anything-v2-python-uav-rgb\data\uav3dcrop\2025\Day001_Oat\images\629.JPG,C:\Users\81902\Documents\Codex\2026-09-20\depth-anything-v2-python-uav-rgb\data\uav3dcrop_depth\2025\Day001_Oat\629_depth.tif,https://huggingface.co/datasets/Link-Dev/UAV3DCrop/resolve/main/2025/Day001_Oat/images/629.JPG?download=true,https://huggingface.co/datasets/Link-Dev/UAV3DCrop_depth/resolve/main/2025/Day001_Oat_depth/629_depth.tif?download=true,main,metric_scale_shift,32,20000,0.061642578125,0.11835678596496582,0.26343709399819343,0.03928525104522705,0.13726582562550724,0.16535280748135275,0.5554335185424474,0.16658684130034848
2025/Day001_Oat,2025,Day001,oat,629.JPG,629,DJI Mavic 3M RGB camera,oblique,oblique,0.7093736388252762,5280,3956,629_depth.tif,True,True,OPENCV,C:\Users\81902\Documents\Codex\2026-09-20\depth-anything-v2-python-uav-rgb\data\uav3dcrop\2025\Day001_Oat\images\629.JPG,C:\Users\81902\Documents\Codex\2026-09-20\depth-anything-v2-python-uav-rgb\data\uav3dcrop_depth\2025\Day001_Oat\629_depth.tif,https://huggingface.co/datasets/Link-Dev/UAV3DCrop/resolve/main/2025/Day001_Oat/images/629.JPG?download=true,https://huggingface.co/datasets/Link-Dev/UAV3DCrop_depth/resolve/main/2025/Day001_Oat_depth/629_depth.tif?download=true,main,relative_scale_shift,32,20000,0.061642578125,0.060368383502960206,0.143688556395183,-0.02260553026199341,0.523868619199207,0.29054991902434113,0.5436102855666106,0.16658684130034848
2025/Day001_Oat,2025,Day001,oat,629.JPG,629,DJI Mavic 3M RGB camera,oblique,oblique,0.7093736388252762,5280,3956,629_depth.tif,True,True,OPENCV,C:\Users\81902\Documents\Codex\2026-09-20\depth-anything-v2-python-uav-rgb\data\uav3dcrop\2025\Day001_Oat\images\629.JPG,C:\Users\81902\Documents\Codex\2026-09-20\depth-anything-v2-python-uav-rgb\data\uav3dcrop_depth\2025\Day001_Oat\629_depth.tif,https://huggingface.co/datasets/Link-Dev/UAV3DCrop/resolve/main/2025/Day001_Oat/images/629.JPG?download=true,https://huggingface.co/datasets/Link-Dev/UAV3DCrop_depth/resolve/main/2025/Day001_Oat_depth/629_depth.tif?download=true,main,metric_raw,64,20000,0.10221796875,0.1309495423555374,0.26431333442137706,0.028548439908027648,0.20992684165312497,0.2254985484259529,0.5834851601528064,0.23407768821586433
2025/Day001_Oat,2025,Day001,oat,629.JPG,629,DJI Mavic 3M RGB camera,oblique,oblique,0.7093736388252762,5280,3956,629_depth.tif,True,True,OPENCV,C:\Users\81902\Documents\Codex\2026-09-20\depth-anything-v2-python-uav-rgb\data\uav3dcrop\2025\Day001_Oat\images\629.JPG,C:\Users\81902\Documents\Codex\2026-09-20\depth-anything-v2-python-uav-rgb\data\uav3dcrop_depth\2025\Day001_Oat\629_depth.tif,https://huggingface.co/datasets/Link-Dev/UAV3DCrop/resolve/main/2025/Day001_Oat/images/629.JPG?download=true,https://huggingface.co/datasets/Link-Dev/UAV3DCrop_depth/resolve/main/2025/Day001_Oat_depth/629_depth.tif?download=true,main,metric_bias_corrected,64,20000,0.10221796875,0.13094954376220702,0.2643133323084282,0.028548441123962404,0.20992685186573332,0.2254982428900041,0.5834851601528064,0.23407768821586433
2025/Day001_Oat,2025,Day001,oat,629.JPG,629,DJI Mavic 3M RGB camera,oblique,oblique,0.7093736388252762,5280,3956,629_depth.tif,True,True,OPENCV,C:\Users\81902\Documents\Codex\2026-09-20\depth-anything-v2-python-uav-rgb\data\uav3dcrop\2025\Day001_Oat\images\629.JPG,C:\Users\81902\Documents\Codex\2026-09-20\depth-anything-v2-python-uav-rgb\data\uav3dcrop_depth\2025\Day001_Oat\629_depth.tif,https://huggingface.co/datasets/Link-Dev/UAV3DCrop/resolve/main/2025/Day001_Oat/images/629.JPG?download=true,https://huggingface.co/datasets/Link-Dev/UAV3DCrop_depth/resolve/main/2025/Day001_Oat_depth/629_depth.tif?download=true,main,metric_scale_shift,64,20000,0.10221796875,0.19048073444366456,0.39815074487711416,0.07431945190429687,0.20992684524141453,0.2254987576434085,0.5834851601528064,0.23407768821586433
2025/Day001_Oat,2025,Day001,oat,629.JPG,629,DJI Mavic 3M RGB camera,oblique,oblique,0.7093736388252762,5280,3956,629_depth.tif,True,True,OPENCV,C:\Users\81902\Documents\Codex\2026-09-20\depth-anything-v2-python-uav-rgb\data\uav3dcrop\2025\Day001_Oat\images\629.JPG,C:\Users\81902\Documents\Codex\2026-09-20\depth-anything-v2-python-uav-rgb\data\uav3dcrop_depth\2025\Day001_Oat\629_depth.tif,https://huggingface.co/datasets/Link-Dev/UAV3DCrop/resolve/main/2025/Day001_Oat/images/629.JPG?download=true,https://huggingface.co/datasets/Link-Dev/UAV3DCrop_depth/resolve/main/2025/Day001_Oat_depth/629_depth.tif?download=true,main,relative_scale_shift,64,20000,0.10221796875,0.09633296365737914,0.1873828332580991,-0.04315504961013794,0.627312218035912,0.3485502617543685,0.5417572729944167,0.23407768821586433
2025/Day001_Oat,2025,Day001,oat,629.JPG,629,DJI Mavic 3M RGB camera,oblique,oblique,0.7093736388252762,5280,3956,629_depth.tif,True,True,OPENCV,C:\Users\81902\Documents\Codex\2026-09-20\depth-anything-v2-python-uav-rgb\data\uav3dcrop\2025\Day001_Oat\images\629.JPG,C:\Users\81902\Documents\Codex\2026-09-20\depth-anything-v2-python-uav-rgb\data\uav3dcrop_depth\2025\Day001_Oat\629_depth.tif,https://huggingface.co/datasets/Link-Dev/UAV3DCrop/resolve/main/2025/Day001_Oat/images/629.JPG?download=true,https://huggingface.co/datasets/Link-Dev/UAV3DCrop_depth/resolve/main/2025/Day001_Oat_depth/629_depth.tif?download=true,main,metric_raw,128,20000,0.1605875,0.20350114936828614,0.38810424671470384,0.055779723739624025,0.29661243428993656,0.25426007804387896,0.6063050269809713,0.3334043924949648
2025/Day001_Oat,2025,Day001,oat,629.JPG,629,DJI Mavic 3M RGB camera,oblique,oblique,0.7093736388252762,5280,3956,629_depth.tif,True,True,OPENCV,C:\Users\81902\Documents\Codex\2026-09-20\depth-anything-v2-python-uav-rgb\data\uav3dcrop\2025\Day001_Oat\images\629.JPG,C:\Users\81902\Documents\Codex\2026-09-20\depth-anything-v2-python-uav-rgb\data\uav3dcrop_depth\2025\Day001_Oat\629_depth.tif,https://huggingface.co/datasets/Link-Dev/UAV3DCrop/resolve/main/2025/Day001_Oat/images/629.JPG?download=true,https://huggingface.co/datasets/Link-Dev/UAV3DCrop_depth/resolve/main/2025/Day001_Oat_depth/629_depth.tif?download=true,main,metric_bias_corrected,128,20000,0.1605875,0.20350115518569947,0.388104254841246,0.0557797324180603,0.2966124142989049,0.2542600903401679,0.6063050269809713,0.3334043924949648
2025/Day001_Oat,2025,Day001,oat,629.JPG,629,DJI Mavic 3M RGB camera,oblique,oblique,0.7093736388252762,5280,3956,629_depth.tif,True,True,OPENCV,C:\Users\81902\Documents\Codex\2026-09-20\depth-anything-v2-python-uav-rgb\data\uav3dcrop\2025\Day001_Oat\images\629.JPG,C:\Users\81902\Documents\Codex\2026-09-20\depth-anything-v2-python-uav-rgb\data\uav3dcrop_depth\2025\Day001_Oat\629_depth.tif,https://huggingface.co/datasets/Link-Dev/UAV3DCrop/resolve/main/2025/Day001_Oat/images/629.JPG?download=true,https://huggingface.co/datasets/Link-Dev/UAV3DCrop_depth/resolve/main/2025/Day001_Oat_depth/629_depth.tif?download=true,main,metric_scale_shift,128,20000,0.1605875,0.30194618549346924,0.6493317189925228,0.14945463542938234,0.2966124368604128,0.25426019947247525,0.6063050269809713,0.3334043924949648
2025/Day001_Oat,2025,Day001,oat,629.JPG,629,DJI Mavic 3M RGB camera,oblique,oblique,0.7093736388252762,5280,3956,629_depth.tif,True,True,OPENCV,C:\Users\81902\Documents\Codex\2026-09-20\depth-anything-v2-python-uav-rgb\data\uav3dcrop\2025\Day001_Oat\images\629.JPG,C:\Users\81902\Documents\Codex\2026-09-20\depth-anything-v2-python-uav-rgb\data\uav3dcrop_depth\2025\Day001_Oat\629_depth.tif,https://huggingface.co/datasets/Link-Dev/UAV3DCrop/resolve/main/2025/Day001_Oat/images/629.JPG?download=true,https://huggingface.co/datasets/Link-Dev/UAV3DCrop_depth/resolve/main/2025/Day001_Oat_depth/629_depth.tif?download=true,main,relative_scale_shift,128,20000,0.1605875,0.1570299120903015,0.26691191964074334,-0.08501320562362671,0.6527545184482382,0.404317415010269,0.5386537915364953,0.3334043924949648
2025/Day001_Oat,2025,Day001,oat,700.JPG,700,DJI Mavic 3M RGB camera,oblique,oblique,0.7083800399027272,5280,3956,700_depth.tif,True,True,OPENCV,C:\Users\81902\Documents\Codex\2026-09-20\depth-anything-v2-python-uav-rgb\data\uav3dcrop\2025\Day001_Oat\images\700.JPG,C:\Users\81902\Documents\Codex\2026-09-20\depth-anything-v2-python-uav-rgb\data\uav3dcrop_depth\2025\Day001_Oat\700_depth.tif,https://huggingface.co/datasets/Link-Dev/UAV3DCrop/resolve/main/2025/Day001_Oat/images/700.JPG?download=true,https://huggingface.co/datasets/Link-Dev/UAV3DCrop_depth/resolve/main/2025/Day001_Oat_depth/700_depth.tif?download=true,main,metric_raw,8,20000,0.0251328125,0.03697391839027405,0.13679065557614015,0.003075391149520874,0.04345887806429562,0.13631790142656042,0.548093548093548,0.12362481651423678
2025/Day001_Oat,2025,Day001,oat,700.JPG,700,DJI Mavic 3M RGB camera,oblique,oblique,0.7083800399027272,5280,3956,700_depth.tif,True,True,OPENCV,C:\Users\81902\Documents\Codex\2026-09-20\depth-anything-v2-python-uav-rgb\data\uav3dcrop\2025\Day001_Oat\images\700.JPG,C:\Users\81902\Documents\Codex\2026-09-20\depth-anything-v2-python-uav-rgb\data\uav3dcrop_depth\2025\Day001_Oat\700_depth.tif,https://huggingface.co/datasets/Link-Dev/UAV3DCrop/resolve/main/2025/Day001_Oat/images/700.JPG?download=true,https://huggingface.co/datasets/Link-Dev/UAV3DCrop_depth/resolve/main/2025/Day001_Oat_depth/700_depth.tif?download=true,main,metric_bias_corrected,8,20000,0.0251328125,0.036973921871185304,0.13679066030096626,0.003075380229949951,0.04345889943690142,0.1363177123439376,0.548093548093548,0.12362481651423678
2025/Day001_Oat,2025,Day001,oat,700.JPG,700,DJI Mavic 3M RGB camera,oblique,oblique,0.7083800399027272,5280,3956,700_depth.tif,True,True,OPENCV,C:\Users\81902\Documents\Codex\2026-09-20\depth-anything-v2-python-uav-rgb\data\uav3dcrop\2025\Day001_Oat\images\700.JPG,C:\Users\81902\Documents\Codex\2026-09-20\depth-anything-v2-python-uav-rgb\data\uav3dcrop_depth\2025\Day001_Oat\700_depth.tif,https://huggingface.co/datasets/Link-Dev/UAV3DCrop/resolve/main/2025/Day001_Oat/images/700.JPG?download=true,https://huggingface.co/datasets/Link-Dev/UAV3DCrop_depth/resolve/main/2025/Day001_Oat_depth/700_depth.tif?download=true,main,metric_scale_shift,8,20000,0.0251328125,0.046635438060760495,0.15744708735526974,0.0024397879600524903,0.0434587924891822,0.13631856012167995,0.548093548093548,0.12362481651423678
2025/Day001_Oat,2025,Day001,oat,700.JPG,700,DJI Mavic 3M RGB camera,oblique,oblique,0.7083800399027272,5280,3956,700_depth.tif,True,True,OPENCV,C:\Users\81902\Documents\Codex\2026-09-20\depth-anything-v2-python-uav-rgb\data\uav3dcrop\2025\Day001_Oat\images\700.JPG,C:\Users\81902\Documents\Codex\2026-09-20\depth-anything-v2-python-uav-rgb\data\uav3dcrop_depth\2025\Day001_Oat\700_depth.tif,https://huggingface.co/datasets/Link-Dev/UAV3DCrop/resolve/main/2025/Day001_Oat/images/700.JPG?download=true,https://huggingface.co/datasets/Link-Dev/UAV3DCrop_depth/resolve/main/2025/Day001_Oat_depth/700_depth.tif?download=true,main,relative_scale_shift,8,20000,0.0251328125,0.026345515537261964,0.12212057407517957,0.0039276946067810055,0.15925406184935803,0.14805679549448722,0.5268905268905268,0.12362481651423678
2025/Day001_Oat,2025,Day001,oat,700.JPG,700,DJI Mavic 3M RGB camera,oblique,oblique,0.7083800399027272,5280,3956,700_depth.tif,True,True,OPENCV,C:\Users\81902\Documents\Codex\2026-09-20\depth-anything-v2-python-uav-rgb\data\uav3dcrop\2025\Day001_Oat\images\700.JPG,C:\Users\81902\Documents\Codex\2026-09-20\depth-anything-v2-python-uav-rgb\data\uav3dcrop_depth\2025\Day001_Oat\700_depth.tif,https://huggingface.co/datasets/Link-Dev/UAV3DCrop/resolve/main/2025/Day001_Oat/images/700.JPG?download=true,https://huggingface.co/datasets/Link-Dev/UAV3DCrop_depth/resolve/main/2025/Day001_Oat_depth/700_depth.tif?download=true,main,metric_raw,16,20000,0.04636171875,0.06566963155269623,0.20114313671134262,0.005004996609687805,0.06519854829929236,0.15497812949937717,0.5436313973548016,0.17033123122339638
2025/Day001_Oat,2025,Day001,oat,700.JPG,700,DJI Mavic 3M RGB camera,oblique,oblique,0.7083800399027272,5280,3956,700_depth.tif,True,True,OPENCV,C:\Users\81902\Documents\Codex\2026-09-20\depth-anything-v2-python-uav-rgb\data\uav3dcrop\2025\Day001_Oat\images\700.JPG,C:\Users\81902\Documents\Codex\2026-09-20\depth-anything-v2-python-uav-rgb\data\uav3dcrop_depth\2025\Day001_Oat\700_depth.tif,https://huggingface.co/datasets/Link-Dev/UAV3DCrop/resolve/main/2025/Day001_Oat/images/700.JPG?download=true,https://huggingface.co/datasets/Link-Dev/UAV3DCrop_depth/resolve/main/2025/Day001_Oat_depth/700_depth.tif?download=true,main,metric_bias_corrected,16,20000,0.04636171875,0.06566962451934814,0.20114313603802772,0.005004990005493164,0.06519857493065674,0.15497919630086482,0.5436313973548016,0.17033123122339638
2025/Day001_Oat,2025,Day001,oat,700.JPG,700,DJI Mavic 3M RGB camera,oblique,oblique,0.7083800399027272,5280,3956,700_depth.tif,True,True,OPENCV,C:\Users\81902\Documents\Codex\2026-09-20\depth-anything-v2-python-uav-rgb\data\uav3dcrop\2025\Day001_Oat\images\700.JPG,C:\Users\81902\Documents\Codex\2026-09-20\depth-anything-v2-python-uav-rgb\data\uav3dcrop_depth\2025\Day001_Oat\700_depth.tif,https://huggingface.co/datasets/Link-Dev/UAV3DCrop/resolve/main/2025/Day001_Oat/images/700.JPG?download=true,https://huggingface.co/datasets/Link-Dev/UAV3DCrop_depth/resolve/main/2025/Day001_Oat_depth/700_depth.tif?download=true,main,metric_scale_shift,16,20000,0.04636171875,0.08345512380599976,0.247160077073484,0.004082469844818116,0.06519849060064209,0.15497785012606802,0.5436313973548016,0.17033123122339638
2025/Day001_Oat,2025,Day001,oat,700.JPG,700,DJI Mavic 3M RGB camera,oblique,oblique,0.7083800399027272,5280,3956,700_depth.tif,True,True,OPENCV,C:\Users\81902\Documents\Codex\2026-09-20\depth-anything-v2-python-uav-rgb\data\uav3dcrop\2025\Day001_Oat\images\700.JPG,C:\Users\81902\Documents\Codex\2026-09-20\depth-anything-v2-python-uav-rgb\data\uav3dcrop_depth\2025\Day001_Oat\700_depth.tif,https://huggingface.co/datasets/Link-Dev/UAV3DCrop/resolve/main/2025/Day001_Oat/images/700.JPG?download=true,https://huggingface.co/datasets/Link-Dev/UAV3DCrop_depth/resolve/main/2025/Day001_Oat_depth/700_depth.tif?download=true,main,relative_scale_shift,16,20000,0.04636171875,0.04670410499572754,0.1655193773404471,0.006121861839294434,0.23995697493453602,0.16478865855190541,0.5057504312823462,0.17033123122339638
2025/Day001_Oat,2025,Day001,oat,700.JPG,700,DJI Mavic 3M RGB camera,oblique,oblique,0.7083800399027272,5280,3956,700_depth.tif,True,True,OPENCV,C:\Users\81902\Documents\Codex\2026-09-20\depth-anything-v2-python-uav-rgb\data\uav3dcrop\2025\Day001_Oat\images\700.JPG,C:\Users\81902\Documents\Codex\2026-09-20\depth-anything-v2-python-uav-rgb\data\uav3dcrop_depth\2025\Day001_Oat\700_depth.tif,https://huggingface.co/datasets/Link-Dev/UAV3DCrop/resolve/main/2025/Day001_Oat/images/700.JPG?download=true,https://huggingface.co/datasets/Link-Dev/UAV3DCrop_depth/resolve/main/2025/Day001_Oat_depth/700_depth.tif?download=true,main,metric_raw,32,20000,0.07935390625,0.11104939925670623,0.26595076064363543,0.014098388695716857,0.12100644029763326,0.1721192890921125,0.5360391443447713,0.19114832366679285
2025/Day001_Oat,2025,Day001,oat,700.JPG,700,DJI Mavic 3M RGB camera,oblique,oblique,0.7083800399027272,5280,3956,700_depth.tif,True,True,OPENCV,C:\Users\81902\Documents\Codex\2026-09-20\depth-anything-v2-python-uav-rgb\data\uav3dcrop\2025\Day001_Oat\images\700.JPG,C:\Users\81902\Documents\Codex\2026-09-20\depth-anything-v2-python-uav-rgb\data\uav3dcrop_depth\2025\Day001_Oat\700_depth.tif,https://huggingface.co/datasets/Link-Dev/UAV3DCrop/resolve/main/2025/Day001_Oat/images/700.JPG?download=true,https://huggingface.co/datasets/Link-Dev/UAV3DCrop_depth/resolve/main/2025/Day001_Oat_depth/700_depth.tif?download=true,main,metric_bias_corrected,32,20000,0.07935390625,0.11104939851760864,0.26595076606675816,0.014098393154144287,0.12100642907271227,0.17211939959213507,0.5360391443447713,0.19114832366679285
2025/Day001_Oat,2025,Day001,oat,700.JPG,700,DJI Mavic 3M RGB camera,oblique,oblique,0.7083800399027272,5280,3956,700_depth.tif,True,True,OPENCV,C:\Users\81902\Documents\Codex\2026-09-20\depth-anything-v2-python-uav-rgb\data\uav3dcrop\2025\Day001_Oat\images\700.JPG,C:\Users\81902\Documents\Codex\2026-09-20\depth-anything-v2-python-uav-rgb\data\uav3dcrop_depth\2025\Day001_Oat\700_depth.tif,https://huggingface.co/datasets/Link-Dev/UAV3DCrop/resolve/main/2025/Day001_Oat/images/700.JPG?download=true,https://huggingface.co/datasets/Link-Dev/UAV3DCrop_depth/resolve/main/2025/Day001_Oat_depth/700_depth.tif?download=true,main,metric_scale_shift,32,20000,0.07935390625,0.1422664704322815,0.3659682575768682,0.013797744083404541,0.1210064368512528,0.17211963518281498,0.5360391443447713,0.19114832366679285
2025/Day001_Oat,2025,Day001,oat,700.JPG,700,DJI Mavic 3M RGB camera,oblique,oblique,0.7083800399027272,5280,3956,700_depth.tif,True,True,OPENCV,C:\Users\81902\Documents\Codex\2026-09-20\depth-anything-v2-python-uav-rgb\data\uav3dcrop\2025\Day001_Oat\images\700.JPG,C:\Users\81902\Documents\Codex\2026-09-20\depth-anything-v2-python-uav-rgb\data\uav3dcrop_depth\2025\Day001_Oat\700_depth.tif,https://huggingface.co/datasets/Link-Dev/UAV3DCrop/resolve/main/2025/Day001_Oat/images/700.JPG?download=true,https://huggingface.co/datasets/Link-Dev/UAV3DCrop_depth/resolve/main/2025/Day001_Oat_depth/700_depth.tif?download=true,main,relative_scale_shift,32,20000,0.07935390625,0.07680446252822876,0.17854382838658758,0.014507425594329834,0.3675943519615604,0.17448543818733925,0.49526378520795433,0.19114832366679285
2025/Day001_Oat,2025,Day001,oat,700.JPG,700,DJI Mavic 3M RGB camera,oblique,oblique,0.7083800399027272,5280,3956,700_depth.tif,True,True,OPENCV,C:\Users\81902\Documents\Codex\2026-09-20\depth-anything-v2-python-uav-rgb\data\uav3dcrop\2025\Day001_Oat\images\700.JPG,C:\Users\81902\Documents\Codex\2026-09-20\depth-anything-v2-python-uav-rgb\data\uav3dcrop_depth\2025\Day001_Oat\700_depth.tif,https://huggingface.co/datasets/Link-Dev/UAV3DCrop/resolve/main/2025/Day001_Oat/images/700.JPG?download=true,https://huggingface.co/datasets/Link-Dev/UAV3DCrop_depth/resolve/main/2025/Day001_Oat_depth/700_depth.tif?download=true,main,metric_raw,64,20000,0.13381640625,0.19037453832626341,0.4493660715123457,0.021884025859832762,0.16211427721124017,0.1996900003221413,0.5422954611159294,0.27863423085998174
2025/Day001_Oat,2025,Day001,oat,700.JPG,700,DJI Mavic 3M RGB camera,oblique,oblique,0.7083800399027272,5280,3956,700_depth.tif,True,True,OPENCV,C:\Users\81902\Documents\Codex\2026-09-20\depth-anything-v2-python-uav-rgb\data\uav3dcrop\2025\Day001_Oat\images\700.JPG,C:\Users\81902\Documents\Codex\2026-09-20\depth-anything-v2-python-uav-rgb\data\uav3dcrop_depth\2025\Day001_Oat\700_depth.tif,https://huggingface.co/datasets/Link-Dev/UAV3DCrop/resolve/main/2025/Day001_Oat/images/700.JPG?download=true,https://huggingface.co/datasets/Link-Dev/UAV3DCrop_depth/resolve/main/2025/Day001_Oat_depth/700_depth.tif?download=true,main,metric_bias_corrected,64,20000,0.13381640625,0.1903745331764221,0.4493660812680997,0.021884020519256593,0.16211427473743037,0.19969006171541565,0.5422954611159294,0.27863423085998174
2025/Day001_Oat,2025,Day001,oat,700.JPG,700,DJI Mavic 3M RGB camera,oblique,oblique,0.7083800399027272,5280,3956,700_depth.tif,True,True,OPENCV,C:\Users\81902\Documents\Codex\2026-09-20\depth-anything-v2-python-uav-rgb\data\uav3dcrop\2025\Day001_Oat\images\700.JPG,C:\Users\81902\Documents\Codex\2026-09-20\depth-anything-v2-python-uav-rgb\data\uav3dcrop_depth\2025\Day001_Oat\700_depth.tif,https://huggingface.co/datasets/Link-Dev/UAV3DCrop/resolve/main/2025/Day001_Oat/images/700.JPG?download=true,https://huggingface.co/datasets/Link-Dev/UAV3DCrop_depth/resolve/main/2025/Day001_Oat_depth/700_depth.tif?download=true,main,metric_scale_shift,64,20000,0.13381640625,0.24782307996749878,0.6579284414221981,0.0168397198677063,0.16211426969914888,0.19968986642842143,0.5422954611159294,0.27863423085998174
2025/Day001_Oat,2025,Day001,oat,700.JPG,700,DJI Mavic 3M RGB camera,oblique,oblique,0.7083800399027272,5280,3956,700_depth.tif,True,True,OPENCV,C:\Users\81902\Documents\Codex\2026-09-20\depth-anything-v2-python-uav-rgb\data\uav3dcrop\2025\Day001_Oat\images\700.JPG,C:\Users\81902\Documents\Codex\2026-09-20\depth-anything-v2-python-uav-rgb\data\uav3dcrop_depth\2025\Day001_Oat\700_depth.tif,https://huggingface.co/datasets/Link-Dev/UAV3DCrop/resolve/main/2025/Day001_Oat/images/700.JPG?download=true,https://huggingface.co/datasets/Link-Dev/UAV3DCrop_depth/resolve/main/2025/Day001_Oat_depth/700_depth.tif?download=true,main,relative_scale_shift,64,20000,0.13381640625,0.12300988903045654,0.2527736934495751,0.02830217971801758,0.4339836214586072,0.1965533292388258,0.4891587163920208,0.27863423085998174
2025/Day001_Oat,2025,Day001,oat,700.JPG,700,DJI Mavic 3M RGB camera,oblique,oblique,0.7083800399027272,5280,3956,700_depth.tif,True,True,OPENCV,C:\Users\81902\Documents\Codex\2026-09-20\depth-anything-v2-python-uav-rgb\data\uav3dcrop\2025\Day001_Oat\images\700.JPG,C:\Users\81902\Documents\Codex\2026-09-20\depth-anything-v2-python-uav-rgb\data\uav3dcrop_depth\2025\Day001_Oat\700_depth.tif,https://huggingface.co/datasets/Link-Dev/UAV3DCrop/resolve/main/2025/Day001_Oat/images/700.JPG?download=true,https://huggingface.co/datasets/Link-Dev/UAV3DCrop_depth/resolve/main/2025/Day001_Oat_depth/700_depth.tif?download=true,main,metric_raw,128,20000,0.196029296875,0.2988181428432465,0.6481560972093465,0.06060726952552795,0.1883339559386063,0.21199863982451994,0.5529333554927705,0.372139215853973
2025/Day001_Oat,2025,Day001,oat,700.JPG,700,DJI Mavic 3M RGB camera,oblique,oblique,0.7083800399027272,5280,3956,700_depth.tif,True,True,OPENCV,C:\Users\81902\Documents\Codex\2026-09-20\depth-anything-v2-python-uav-rgb\data\uav3dcrop\2025\Day001_Oat\images\700.JPG,C:\Users\81902\Documents\Codex\2026-09-20\depth-anything-v2-python-uav-rgb\data\uav3dcrop_depth\2025\Day001_Oat\700_depth.tif,https://huggingface.co/datasets/Link-Dev/UAV3DCrop/resolve/main/2025/Day001_Oat/images/700.JPG?download=true,https://huggingface.co/datasets/Link-Dev/UAV3DCrop_depth/resolve/main/2025/Day001_Oat_depth/700_depth.tif?download=true,main,metric_bias_corrected,128,20000,0.196029296875,0.2988181372642517,0.6481560989570576,0.06060725717544556,0.18833393322481604,0.21199854248309427,0.5529333554927705,0.372139215853973
2025/Day001_Oat,2025,Day001,oat,700.JPG,700,DJI Mavic 3M RGB camera,oblique,oblique,0.7083800399027272,5280,3956,700_depth.tif,True,True,OPENCV,C:\Users\81902\Documents\Codex\2026-09-20\depth-anything-v2-python-uav-rgb\data\uav3dcrop\2025\Day001_Oat\images\700.JPG,C:\Users\81902\Documents\Codex\2026-09-20\depth-anything-v2-python-uav-rgb\data\uav3dcrop_depth\2025\Day001_Oat\700_depth.tif,https://huggingface.co/datasets/Link-Dev/UAV3DCrop/resolve/main/2025/Day001_Oat/images/700.JPG?download=true,https://huggingface.co/datasets/Link-Dev/UAV3DCrop_depth/resolve/main/2025/Day001_Oat_depth/700_depth.tif?download=true,main,metric_scale_shift,128,20000,0.196029296875,0.40107428436279297,0.9706294335638422,0.06028901386260986,0.18833396455225598,0.21199836499623576,0.5529333554927705,0.372139215853973
2025/Day001_Oat,2025,Day001,oat,700.JPG,700,DJI Mavic 3M RGB camera,oblique,oblique,0.7083800399027272,5280,3956,700_depth.tif,True,True,OPENCV,C:\Users\81902\Documents\Codex\2026-09-20\depth-anything-v2-python-uav-rgb\data\uav3dcrop\2025\Day001_Oat\images\700.JPG,C:\Users\81902\Documents\Codex\2026-09-20\depth-anything-v2-python-uav-rgb\data\uav3dcrop_depth\2025\Day001_Oat\700_depth.tif,https://huggingface.co/datasets/Link-Dev/UAV3DCrop/resolve/main/2025/Day001_Oat/images/700.JPG?download=true,https://huggingface.co/datasets/Link-Dev/UAV3DCrop_depth/resolve/main/2025/Day001_Oat_depth/700_depth.tif?download=true,main,relative_scale_shift,128,20000,0.196029296875,0.18474402160644532,0.345857530069923,0.05868328018188477,0.4044240597539675,0.1786331782481384,0.47631710154562074,0.372139215853973
2025/Day007_Corn,2025,Day007,corn,1.JPG,1,DJI Mavic 3M RGB camera,nadir,nadir,0.9999954721327803,5280,3956,1_depth.tif,True,True,OPENCV,C:\Users\81902\Documents\Codex\2026-09-20\depth-anything-v2-python-uav-rgb\data\uav3dcrop\2025\Day007_Corn\images\1.JPG,C:\Users\81902\Documents\Codex\2026-09-20\depth-anything-v2-python-uav-rgb\data\uav3dcrop_depth\2025\Day007_Corn\1_depth.tif,https://huggingface.co/datasets/Link-Dev/UAV3DCrop/resolve/main/2025/Day007_Corn/images/1.JPG?download=true,https://huggingface.co/datasets/Link-Dev/UAV3DCrop_depth/resolve/main/2025/Day007_Corn_depth/1_depth.tif?download=true,main,metric_raw,8,20000,0.00427109375,0.010629110264778138,0.02653024457588185,0.0024799394845962525,0.027379375330734316,0.0039402433209191805,0.4949519230769231,0.022309301665356947
2025/Day007_Corn,2025,Day007,corn,1.JPG,1,DJI Mavic 3M RGB camera,nadir,nadir,0.9999954721327803,5280,3956,1_depth.tif,True,True,OPENCV,C:\Users\81902\Documents\Codex\2026-09-20\depth-anything-v2-python-uav-rgb\data\uav3dcrop\2025\Day007_Corn\images\1.JPG,C:\Users\81902\Documents\Codex\2026-09-20\depth-anything-v2-python-uav-rgb\data\uav3dcrop_depth\2025\Day007_Corn\1_depth.tif,https://huggingface.co/datasets/Link-Dev/UAV3DCrop/resolve/main/2025/Day007_Corn/images/1.JPG?download=true,https://huggingface.co/datasets/Link-Dev/UAV3DCrop_depth/resolve/main/2025/Day007_Corn_depth/1_depth.tif?download=true,main,metric_bias_corrected,8,20000,0.00427109375,0.010629098415374755,0.026530236954685163,0.002479948902130127,0.027379565740836803,0.003939642264483824,0.4947115384615385,0.022309301665356947
2025/Day007_Corn,2025,Day007,corn,1.JPG,1,DJI Mavic 3M RGB camera,nadir,nadir,0.9999954721327803,5280,3956,1_depth.tif,True,True,OPENCV,C:\Users\81902\Documents\Codex\2026-09-20\depth-anything-v2-python-uav-rgb\data\uav3dcrop\2025\Day007_Corn\images\1.JPG,C:\Users\81902\Documents\Codex\2026-09-20\depth-anything-v2-python-uav-rgb\data\uav3dcrop_depth\2025\Day007_Corn\1_depth.tif,https://huggingface.co/datasets/Link-Dev/UAV3DCrop/resolve/main/2025/Day007_Corn/images/1.JPG?download=true,https://huggingface.co/datasets/Link-Dev/UAV3DCrop_depth/resolve/main/2025/Day007_Corn_depth/1_depth.tif?download=true,main,metric_scale_shift,8,20000,0.00427109375,0.004425836658477783,0.022310755178474757,0.0006250626564025879,0.027368887710620144,0.003933771324282097,0.4935096153846154,0.022309301665356947
2025/Day007_Corn,2025,Day007,corn,1.JPG,1,DJI Mavic 3M RGB camera,nadir,nadir,0.9999954721327803,5280,3956,1_depth.tif,True,True,OPENCV,C:\Users\81902\Documents\Codex\2026-09-20\depth-anything-v2-python-uav-rgb\data\uav3dcrop\2025\Day007_Corn\images\1.JPG,C:\Users\81902\Documents\Codex\2026-09-20\depth-anything-v2-python-uav-rgb\data\uav3dcrop_depth\2025\Day007_Corn\1_depth.tif,https://huggingface.co/datasets/Link-Dev/UAV3DCrop/resolve/main/2025/Day007_Corn/images/1.JPG?download=true,https://huggingface.co/datasets/Link-Dev/UAV3DCrop_depth/resolve/main/2025/Day007_Corn_depth/1_depth.tif?download=true,main,relative_scale_shift,8,20000,0.00427109375,0.004404467678070068,0.022057444808514914,0.0007196732521057129,0.24409044501756308,0.148371192511495,0.5901442307692307,0.022309301665356947
2025/Day007_Corn,2025,Day007,corn,1.JPG,1,DJI Mavic 3M RGB camera,nadir,nadir,0.9999954721327803,5280,3956,1_depth.tif,True,True,OPENCV,C:\Users\81902\Documents\Codex\2026-09-20\depth-anything-v2-python-uav-rgb\data\uav3dcrop\2025\Day007_Corn\images\1.JPG,C:\Users\81902\Documents\Codex\2026-09-20\depth-anything-v2-python-uav-rgb\data\uav3dcrop_depth\2025\Day007_Corn\1_depth.tif,https://huggingface.co/datasets/Link-Dev/UAV3DCrop/resolve/main/2025/Day007_Corn/images/1.JPG?download=true,https://huggingface.co/datasets/Link-Dev/UAV3DCrop_depth/resolve/main/2025/Day007_Corn_depth/1_depth.tif?download=true,main,metric_raw,16,20000,0.0081921875,0.01861273250579834,0.045328289412101944,0.005260516214370728,0.040010502026667186,0.02143309783975332,0.5037105751391465,0.03951081023424109
2025/Day007_Corn,2025,Day007,corn,1.JPG,1,DJI Mavic 3M RGB camera,nadir,nadir,0.9999954721327803,5280,3956,1_depth.tif,True,True,OPENCV,C:\Users\81902\Documents\Codex\2026-09-20\depth-anything-v2-python-uav-rgb\data\uav3dcrop\2025\Day007_Corn\images\1.JPG,C:\Users\81902\Documents\Codex\2026-09-20\depth-anything-v2-python-uav-rgb\data\uav3dcrop_depth\2025\Day007_Corn\1_depth.tif,https://huggingface.co/datasets/Link-Dev/UAV3DCrop/resolve/main/2025/Day007_Corn/images/1.JPG?download=true,https://huggingface.co/datasets/Link-Dev/UAV3DCrop_depth/resolve/main/2025/Day007_Corn_depth/1_depth.tif?download=true,main,metric_bias_corrected,16,20000,0.0081921875,0.018612737560272218,0.04532829529244973,0.005260518932342529,0.04001036111740076,0.021432680721997593,0.5037105751391465,0.03951081023424109
2025/Day007_Corn,2025,Day007,corn,1.JPG,1,DJI Mavic 3M RGB camera,nadir,nadir,0.9999954721327803,5280,3956,1_depth.tif,True,True,OPENCV,C:\Users\81902\Documents\Codex\2026-09-20\depth-anything-v2-python-uav-rgb\data\uav3dcrop\2025\Day007_Corn\images\1.JPG,C:\Users\81902\Documents\Codex\2026-09-20\depth-anything-v2-python-uav-rgb\data\uav3dcrop_depth\2025\Day007_Corn\1_depth.tif,https://huggingface.co/datasets/Link-Dev/UAV3DCrop/resolve/main/2025/Day007_Corn/images/1.JPG?download=true,https://huggingface.co/datasets/Link-Dev/UAV3DCrop_depth/resolve/main/2025/Day007_Corn_depth/1_depth.tif?download=true,main,metric_scale_shift,16,20000,0.0081921875,0.008409550666809082,0.039511628322424476,0.0012801881790161134,0.039998587777338675,0.021408648289906622,0.5029375386518243,0.03951081023424109
2025/Day007_Corn,2025,Day007,corn,1.JPG,1,DJI Mavic 3M RGB camera,nadir,nadir,0.9999954721327803,5280,3956,1_depth.tif,True,True,OPENCV,C:\Users\81902\Documents\Codex\2026-09-20\depth-anything-v2-python-uav-rgb\data\uav3dcrop\2025\Day007_Corn\images\1.JPG,C:\Users\81902\Documents\Codex\2026-09-20\depth-anything-v2-python-uav-rgb\data\uav3dcrop_depth\2025\Day007_Corn\1_depth.tif,https://huggingface.co/datasets/Link-Dev/UAV3DCrop/resolve/main/2025/Day007_Corn/images/1.JPG?download=true,https://huggingface.co/datasets/Link-Dev/UAV3DCrop_depth/resolve/main/2025/Day007_Corn_depth/1_depth.tif?download=true,main,relative_scale_shift,16,20000,0.0081921875,0.008302896022796631,0.038836601899176135,0.001497885036468506,0.3057095841032902,0.1489580139859034,0.5827149041434756,0.03951081023424109
2025/Day007_Corn,2025,Day007,corn,1.JPG,1,DJI Mavic 3M RGB camera,nadir,nadir,0.9999954721327803,5280,3956,1_depth.tif,True,True,OPENCV,C:\Users\81902\Documents\Codex\2026-09-20\depth-anything-v2-python-uav-rgb\data\uav3dcrop\2025\Day007_Corn\images\1.JPG,C:\Users\81902\Documents\Codex\2026-09-20\depth-anything-v2-python-uav-rgb\data\uav3dcrop_depth\2025\Day007_Corn\1_depth.tif,https://huggingface.co/datasets/Link-Dev/UAV3DCrop/resolve/main/2025/Day007_Corn/images/1.JPG?download=true,https://huggingface.co/datasets/Link-Dev/UAV3DCrop_depth/resolve/main/2025/Day007_Corn_depth/1_depth.tif?download=true,main,metric_raw,32,20000,0.012818359375,0.02929980342388153,0.05700715553769924,0.009535463547706603,0.10017499799330162,0.032801899217144805,0.5138387484957883,0.04306072280206272
2025/Day007_Corn,2025,Day007,corn,1.JPG,1,DJI Mavic 3M RGB camera,nadir,nadir,0.9999954721327803,5280,3956,1_depth.tif,True,True,OPENCV,C:\Users\81902\Documents\Codex\2026-09-20\depth-anything-v2-python-uav-rgb\data\uav3dcrop\2025\Day007_Corn\images\1.JPG,C:\Users\81902\Documents\Codex\2026-09-20\depth-anything-v2-python-uav-rgb\data\uav3dcrop_depth\2025\Day007_Corn\1_depth.tif,https://huggingface.co/datasets/Link-Dev/UAV3DCrop/resolve/main/2025/Day007_Corn/images/1.JPG?download=true,https://huggingface.co/datasets/Link-Dev/UAV3DCrop_depth/resolve/main/2025/Day007_Corn_depth/1_depth.tif?download=true,main,metric_bias_corrected,32,20000,0.012818359375,0.029299798011779784,0.05700715460334354,0.009535470962524413,0.10017498258479747,0.03280228477976346,0.5138387484957883,0.04306072280206272
2025/Day007_Corn,2025,Day007,corn,1.JPG,1,DJI Mavic 3M RGB camera,nadir,nadir,0.9999954721327803,5280,3956,1_depth.tif,True,True,OPENCV,C:\Users\81902\Documents\Codex\2026-09-20\depth-anything-v2-python-uav-rgb\data\uav3dcrop\2025\Day007_Corn\images\1.JPG,C:\Users\81902\Documents\Codex\2026-09-20\depth-anything-v2-python-uav-rgb\data\uav3dcrop_depth\2025\Day007_Corn\1_depth.tif,https://huggingface.co/datasets/Link-Dev/UAV3DCrop/resolve/main/2025/Day007_Corn/images/1.JPG?download=true,https://huggingface.co/datasets/Link-Dev/UAV3DCrop_depth/resolve/main/2025/Day007_Corn_depth/1_depth.tif?download=true,main,metric_scale_shift,32,20000,0.012818359375,0.01310847520828247,0.04301386257267254,0.002037895679473877,0.10018117476008781,0.032802911917748936,0.5127557160048135,0.04306072280206272
2025/Day007_Corn,2025,Day007,corn,1.JPG,1,DJI Mavic 3M RGB camera,nadir,nadir,0.9999954721327803,5280,3956,1_depth.tif,True,True,OPENCV,C:\Users\81902\Documents\Codex\2026-09-20\depth-anything-v2-python-uav-rgb\data\uav3dcrop\2025\Day007_Corn\images\1.JPG,C:\Users\81902\Documents\Codex\2026-09-20\depth-anything-v2-python-uav-rgb\data\uav3dcrop_depth\2025\Day007_Corn\1_depth.tif,https://huggingface.co/datasets/Link-Dev/UAV3DCrop/resolve/main/2025/Day007_Corn/images/1.JPG?download=true,https://huggingface.co/datasets/Link-Dev/UAV3DCrop_depth/resolve/main/2025/Day007_Corn_depth/1_depth.tif?download=true,main,relative_scale_shift,32,20000,0.012818359375,0.012773935508728027,0.04060918034554261,0.0024782691955566407,0.5779759275989921,0.17842270288792855,0.5670276774969916,0.04306072280206272
2025/Day007_Corn,2025,Day007,corn,1.JPG,1,DJI Mavic 3M RGB camera,nadir,nadir,0.9999954721327803,5280,3956,1_depth.tif,True,True,OPENCV,C:\Users\81902\Documents\Codex\2026-09-20\depth-anything-v2-python-uav-rgb\data\uav3dcrop\2025\Day007_Corn\images\1.JPG,C:\Users\81902\Documents\Codex\2026-09-20\depth-anything-v2-python-uav-rgb\data\uav3dcrop_depth\2025\Day007_Corn\1_depth.tif,https://huggingface.co/datasets/Link-Dev/UAV3DCrop/resolve/main/2025/Day007_Corn/images/1.JPG?download=true,https://huggingface.co/datasets/Link-Dev/UAV3DCrop_depth/resolve/main/2025/Day007_Corn_depth/1_depth.tif?download=true,main,metric_raw,64,20000,0.02026640625,0.04806603803634644,0.08536269025049575,0.020223888397216797,0.130413636734294,0.02541481963359057,0.49922320041429313,0.06444248063619894
2025/Day007_Corn,2025,Day007,corn,1.JPG,1,DJI Mavic 3M RGB camera,nadir,nadir,0.9999954721327803,5280,3956,1_depth.tif,True,True,OPENCV,C:\Users\81902\Documents\Codex\2026-09-20\depth-anything-v2-python-uav-rgb\data\uav3dcrop\2025\Day007_Corn\images\1.JPG,C:\Users\81902\Documents\Codex\2026-09-20\depth-anything-v2-python-uav-rgb\data\uav3dcrop_depth\2025\Day007_Corn\1_depth.tif,https://huggingface.co/datasets/Link-Dev/UAV3DCrop/resolve/main/2025/Day007_Corn/images/1.JPG?download=true,https://huggingface.co/datasets/Link-Dev/UAV3DCrop_depth/resolve/main/2025/Day007_Corn_depth/1_depth.tif?download=true,main,metric_bias_corrected,64,20000,0.02026640625,0.048066044521331786,0.08536269544423482,0.020223891735076903,0.13041358172199302,0.02541442169922829,0.49922320041429313,0.06444248063619894
2025/Day007_Corn,2025,Day007,corn,1.JPG,1,DJI Mavic 3M RGB camera,nadir,nadir,0.9999954721327803,5280,3956,1_depth.tif,True,True,OPENCV,C:\Users\81902\Documents\Codex\2026-09-20\depth-anything-v2-python-uav-rgb\data\uav3dcrop\2025\Day007_Corn\images\1.JPG,C:\Users\81902\Documents\Codex\2026-09-20\depth-anything-v2-python-uav-rgb\data\uav3dcrop_depth\2025\Day007_Corn\1_depth.tif,https://huggingface.co/datasets/Link-Dev/UAV3DCrop/resolve/main/2025/Day007_Corn/images/1.JPG?download=true,https://huggingface.co/datasets/Link-Dev/UAV3DCrop_depth/resolve/main/2025/Day007_Corn_depth/1_depth.tif?download=true,main,metric_scale_shift,64,20000,0.02026640625,0.02070953817367554,0.06433514217228542,0.00331344575881958,0.13041010547885135,0.025418464808585166,0.4983946141895391,0.06444248063619894
2025/Day007_Corn,2025,Day007,corn,1.JPG,1,DJI Mavic 3M RGB camera,nadir,nadir,0.9999954721327803,5280,3956,1_depth.tif,True,True,OPENCV,C:\Users\81902\Documents\Codex\2026-09-20\depth-anything-v2-python-uav-rgb\data\uav3dcrop\2025\Day007_Corn\images\1.JPG,C:\Users\81902\Documents\Codex\2026-09-20\depth-anything-v2-python-uav-rgb\data\uav3dcrop_depth\2025\Day007_Corn\1_depth.tif,https://huggingface.co/datasets/Link-Dev/UAV3DCrop/resolve/main/2025/Day007_Corn/images/1.JPG?download=true,https://huggingface.co/datasets/Link-Dev/UAV3DCrop_depth/resolve/main/2025/Day007_Corn_depth/1_depth.tif?download=true,main,relative_scale_shift,64,20000,0.02026640625,0.01990196981430054,0.05912450844933107,0.004093063449859619,0.6804715291882594,0.2031599793087178,0.5605385810460901,0.06444248063619894
2025/Day007_Corn,2025,Day007,corn,1.JPG,1,DJI Mavic 3M RGB camera,nadir,nadir,0.9999954721327803,5280,3956,1_depth.tif,True,True,OPENCV,C:\Users\81902\Documents\Codex\2026-09-20\depth-anything-v2-python-uav-rgb\data\uav3dcrop\2025\Day007_Corn\images\1.JPG,C:\Users\81902\Documents\Codex\2026-09-20\depth-anything-v2-python-uav-rgb\data\uav3dcrop_depth\2025\Day007_Corn\1_depth.tif,https://huggingface.co/datasets/Link-Dev/UAV3DCrop/resolve/main/2025/Day007_Corn/images/1.JPG?download=true,https://huggingface.co/datasets/Link-Dev/UAV3DCrop_depth/resolve/main/2025/Day007_Corn_depth/1_depth.tif?download=true,main,metric_raw,128,20000,0.029223828125,0.07611222400665284,0.12433362759890017,0.04042119555473327,0.08931911319271443,-0.014670744053730535,0.4800849707912905,0.08154209338134186
2025/Day007_Corn,2025,Day007,corn,1.JPG,1,DJI Mavic 3M RGB camera,nadir,nadir,0.9999954721327803,5280,3956,1_depth.tif,True,True,OPENCV,C:\Users\81902\Documents\Codex\2026-09-20\depth-anything-v2-python-uav-rgb\data\uav3dcrop\2025\Day007_Corn\images\1.JPG,C:\Users\81902\Documents\Codex\2026-09-20\depth-anything-v2-python-uav-rgb\data\uav3dcrop_depth\2025\Day007_Corn\1_depth.tif,https://huggingface.co/datasets/Link-Dev/UAV3DCrop/resolve/main/2025/Day007_Corn/images/1.JPG?download=true,https://huggingface.co/datasets/Link-Dev/UAV3DCrop_depth/resolve/main/2025/Day007_Corn_depth/1_depth.tif?download=true,main,metric_bias_corrected,128,20000,0.029223828125,0.07611222648620605,0.1243336382983654,0.04042119674682617,0.08931901965583385,-0.014670790000133238,0.4799964595503629,0.08154209338134186
2025/Day007_Corn,2025,Day007,corn,1.JPG,1,DJI Mavic 3M RGB camera,nadir,nadir,0.9999954721327803,5280,3956,1_depth.tif,True,True,OPENCV,C:\Users\81902\Documents\Codex\2026-09-20\depth-anything-v2-python-uav-rgb\data\uav3dcrop\2025\Day007_Corn\images\1.JPG,C:\Users\81902\Documents\Codex\2026-09-20\depth-anything-v2-python-uav-rgb\data\uav3dcrop_depth\2025\Day007_Corn\1_depth.tif,https://huggingface.co/datasets/Link-Dev/UAV3DCrop/resolve/main/2025/Day007_Corn/images/1.JPG?download=true,https://huggingface.co/datasets/Link-Dev/UAV3DCrop_depth/resolve/main/2025/Day007_Corn_depth/1_depth.tif?download=true,main,metric_scale_shift,128,20000,0.029223828125,0.02993263578414917,0.08155530929913257,0.005653237247467041,0.08931934522640864,-0.014666626712126714,0.4797309258275801,0.08154209338134186
2025/Day007_Corn,2025,Day007,corn,1.JPG,1,DJI Mavic 3M RGB camera,nadir,nadir,0.9999954721327803,5280,3956,1_depth.tif,True,True,OPENCV,C:\Users\81902\Documents\Codex\2026-09-20\depth-anything-v2-python-uav-rgb\data\uav3dcrop\2025\Day007_Corn\images\1.JPG,C:\Users\81902\Documents\Codex\2026-09-20\depth-anything-v2-python-uav-rgb\data\uav3dcrop_depth\2025\Day007_Corn\1_depth.tif,https://huggingface.co/datasets/Link-Dev/UAV3DCrop/resolve/main/2025/Day007_Corn/images/1.JPG?download=true,https://huggingface.co/datasets/Link-Dev/UAV3DCrop_depth/resolve/main/2025/Day007_Corn_depth/1_depth.tif?download=true,main,relative_scale_shift,128,20000,0.029223828125,0.028582595825195314,0.071820047513211,0.0072452571868896485,0.785691861525215,0.18219130522663032,0.5374402549123739,0.08154209338134186
2025/Day007_Corn,2025,Day007,corn,33.JPG,33,DJI Mavic 3M RGB camera,nadir,nadir,0.9999647586221735,5280,3956,33_depth.tif,True,True,OPENCV,C:\Users\81902\Documents\Codex\2026-09-20\depth-anything-v2-python-uav-rgb\data\uav3dcrop\2025\Day007_Corn\images\33.JPG,C:\Users\81902\Documents\Codex\2026-09-20\depth-anything-v2-python-uav-rgb\data\uav3dcrop_depth\2025\Day007_Corn\33_depth.tif,https://huggingface.co/datasets/Link-Dev/UAV3DCrop/resolve/main/2025/Day007_Corn/images/33.JPG?download=true,https://huggingface.co/datasets/Link-Dev/UAV3DCrop_depth/resolve/main/2025/Day007_Corn_depth/33_depth.tif?download=true,main,metric_raw,8,20000,0.00260390625,0.007289485120773315,0.028073728180525004,0.00038429865837097166,-0.011297849759272805,-0.016215189234495435,0.5243500549249359,0.02594432090989444
2025/Day007_Corn,2025,Day007,corn,33.JPG,33,DJI Mavic 3M RGB camera,nadir,nadir,0.9999647586221735,5280,3956,33_depth.tif,True,True,OPENCV,C:\Users\81902\Documents\Codex\2026-09-20\depth-anything-v2-python-uav-rgb\data\uav3dcrop\2025\Day007_Corn\images\33.JPG,C:\Users\81902\Documents\Codex\2026-09-20\depth-anything-v2-python-uav-rgb\data\uav3dcrop_depth\2025\Day007_Corn\33_depth.tif,https://huggingface.co/datasets/Link-Dev/UAV3DCrop/resolve/main/2025/Day007_Corn/images/33.JPG?download=true,https://huggingface.co/datasets/Link-Dev/UAV3DCrop_depth/resolve/main/2025/Day007_Corn_depth/33_depth.tif?download=true,main,metric_bias_corrected,8,20000,0.00260390625,0.007289482402801513,0.02807372212119899,0.0003843026161193848,-0.011297102559233236,-0.016211789520952785,0.5243500549249359,0.02594432090989444
2025/Day007_Corn,2025,Day007,corn,33.JPG,33,DJI Mavic 3M RGB camera,nadir,nadir,0.9999647586221735,5280,3956,33_depth.tif,True,True,OPENCV,C:\Users\81902\Documents\Codex\2026-09-20\depth-anything-v2-python-uav-rgb\data\uav3dcrop\2025\Day007_Corn\images\33.JPG,C:\Users\81902\Documents\Codex\2026-09-20\depth-anything-v2-python-uav-rgb\data\uav3dcrop_depth\2025\Day007_Corn\33_depth.tif,https://huggingface.co/datasets/Link-Dev/UAV3DCrop/resolve/main/2025/Day007_Corn/images/33.JPG?download=true,https://huggingface.co/datasets/Link-Dev/UAV3DCrop_depth/resolve/main/2025/Day007_Corn_depth/33_depth.tif?download=true,main,metric_scale_shift,8,20000,0.00260390625,0.004536443710327148,0.026355829845007346,-0.00036405391693115235,-0.011297794036586943,-0.016210790667072487,0.5243500549249359,0.02594432090989444
2025/Day007_Corn,2025,Day007,corn,33.JPG,33,DJI Mavic 3M RGB camera,nadir,nadir,0.9999647586221735,5280,3956,33_depth.tif,True,True,OPENCV,C:\Users\81902\Documents\Codex\2026-09-20\depth-anything-v2-python-uav-rgb\data\uav3dcrop\2025\Day007_Corn\images\33.JPG,C:\Users\81902\Documents\Codex\2026-09-20\depth-anything-v2-python-uav-rgb\data\uav3dcrop_depth\2025\Day007_Corn\33_depth.tif,https://huggingface.co/datasets/Link-Dev/UAV3DCrop/resolve/main/2025/Day007_Corn/images/33.JPG?download=true,https://huggingface.co/datasets/Link-Dev/UAV3DCrop_depth/resolve/main/2025/Day007_Corn_depth/33_depth.tif?download=true,main,relative_scale_shift,8,20000,0.00260390625,0.0032078834533691408,0.02594975231034939,-0.0002621833801269531,0.011720048304872327,0.03611222137467494,0.6012449652142072,0.02594432090989444
2025/Day007_Corn,2025,Day007,corn,33.JPG,33,DJI Mavic 3M RGB camera,nadir,nadir,0.9999647586221735,5280,3956,33_depth.tif,True,True,OPENCV,C:\Users\81902\Documents\Codex\2026-09-20\depth-anything-v2-python-uav-rgb\data\uav3dcrop\2025\Day007_Corn\images\33.JPG,C:\Users\81902\Documents\Codex\2026-09-20\depth-anything-v2-python-uav-rgb\data\uav3dcrop_depth\2025\Day007_Corn\33_depth.tif,https://huggingface.co/datasets/Link-Dev/UAV3DCrop/resolve/main/2025/Day007_Corn/images/33.JPG?download=true,https://huggingface.co/datasets/Link-Dev/UAV3DCrop_depth/resolve/main/2025/Day007_Corn_depth/33_depth.tif?download=true,main,metric_raw,16,20000,0.004477734375,0.012138218927383423,0.027498613063056686,0.0009632031917572022,-0.008982444222844797,-0.015616983209010452,0.5357142857142857,0.022298884804386226
2025/Day007_Corn,2025,Day007,corn,33.JPG,33,DJI Mavic 3M RGB camera,nadir,nadir,0.9999647586221735,5280,3956,33_depth.tif,True,True,OPENCV,C:\Users\81902\Documents\Codex\2026-09-20\depth-anything-v2-python-uav-rgb\data\uav3dcrop\2025\Day007_Corn\images\33.JPG,C:\Users\81902\Documents\Codex\2026-09-20\depth-anything-v2-python-uav-rgb\data\uav3dcrop_depth\2025\Day007_Corn\33_depth.tif,https://huggingface.co/datasets/Link-Dev/UAV3DCrop/resolve/main/2025/Day007_Corn/images/33.JPG?download=true,https://huggingface.co/datasets/Link-Dev/UAV3DCrop_depth/resolve/main/2025/Day007_Corn_depth/33_depth.tif?download=true,main,metric_bias_corrected,16,20000,0.004477734375,0.012138220310211181,0.02749860370281223,0.0009632105827331543,-0.008982239992402948,-0.015617869822227268,0.5357142857142857,0.022298884804386226
2025/Day007_Corn,2025,Day007,corn,33.JPG,33,DJI Mavic 3M RGB camera,nadir,nadir,0.9999647586221735,5280,3956,33_depth.tif,True,True,OPENCV,C:\Users\81902\Documents\Codex\2026-09-20\depth-anything-v2-python-uav-rgb\data\uav3dcrop\2025\Day007_Corn\images\33.JPG,C:\Users\81902\Documents\Codex\2026-09-20\depth-anything-v2-python-uav-rgb\data\uav3dcrop_depth\2025\Day007_Corn\33_depth.tif,https://huggingface.co/datasets/Link-Dev/UAV3DCrop/resolve/main/2025/Day007_Corn/images/33.JPG?download=true,https://huggingface.co/datasets/Link-Dev/UAV3DCrop_depth/resolve/main/2025/Day007_Corn_depth/33_depth.tif?download=true,main,metric_scale_shift,16,20000,0.004477734375,0.007571832180023193,0.02331817096913716,-0.0005004635810852051,-0.008983106137982555,-0.015617115063513631,0.5357142857142857,0.022298884804386226
2025/Day007_Corn,2025,Day007,corn,33.JPG,33,DJI Mavic 3M RGB camera,nadir,nadir,0.9999647586221735,5280,3956,33_depth.tif,True,True,OPENCV,C:\Users\81902\Documents\Codex\2026-09-20\depth-anything-v2-python-uav-rgb\data\uav3dcrop\2025\Day007_Corn\images\33.JPG,C:\Users\81902\Documents\Codex\2026-09-20\depth-anything-v2-python-uav-rgb\data\uav3dcrop_depth\2025\Day007_Corn\33_depth.tif,https://huggingface.co/datasets/Link-Dev/UAV3DCrop/resolve/main/2025/Day007_Corn/images/33.JPG?download=true,https://huggingface.co/datasets/Link-Dev/UAV3DCrop_depth/resolve/main/2025/Day007_Corn_depth/33_depth.tif?download=true,main,relative_scale_shift,16,20000,0.004477734375,0.0054998935699462894,0.022257332365343406,-0.00029712409973144533,0.06335917600357327,0.025504747957682344,0.5831168831168831,0.022298884804386226
2025/Day007_Corn,2025,Day007,corn,33.JPG,33,DJI Mavic 3M RGB camera,nadir,nadir,0.9999647586221735,5280,3956,33_depth.tif,True,True,OPENCV,C:\Users\81902\Documents\Codex\2026-09-20\depth-anything-v2-python-uav-rgb\data\uav3dcrop\2025\Day007_Corn\images\33.JPG,C:\Users\81902\Documents\Codex\2026-09-20\depth-anything-v2-python-uav-rgb\data\uav3dcrop_depth\2025\Day007_Corn\33_depth.tif,https://huggingface.co/datasets/Link-Dev/UAV3DCrop/resolve/main/2025/Day007_Corn/images/33.JPG?download=true,https://huggingface.co/datasets/Link-Dev/UAV3DCrop_depth/resolve/main/2025/Day007_Corn_depth/33_depth.tif?download=true,main,metric_raw,32,20000,0.008289453125,0.020202783441543578,0.05372160585731248,0.0015689282894134522,-0.015724267475142138,-0.013307811235919365,0.5396017367869441,0.047938763516123716
2025/Day007_Corn,2025,Day007,corn,33.JPG,33,DJI Mavic 3M RGB camera,nadir,nadir,0.9999647586221735,5280,3956,33_depth.tif,True,True,OPENCV,C:\Users\81902\Documents\Codex\2026-09-20\depth-anything-v2-python-uav-rgb\data\uav3dcrop\2025\Day007_Corn\images\33.JPG,C:\Users\81902\Documents\Codex\2026-09-20\depth-anything-v2-python-uav-rgb\data\uav3dcrop_depth\2025\Day007_Corn\33_depth.tif,https://huggingface.co/datasets/Link-Dev/UAV3DCrop/resolve/main/2025/Day007_Corn/images/33.JPG?download=true,https://huggingface.co/datasets/Link-Dev/UAV3DCrop_depth/resolve/main/2025/Day007_Corn_depth/33_depth.tif?download=true,main,metric_bias_corrected,32,20000,0.008289453125,0.02020277986526489,0.053721602745204745,0.0015689295768737794,-0.01572422084093794,-0.013307316754862457,0.5396017367869441,0.047938763516123716
2025/Day007_Corn,2025,Day007,corn,33.JPG,33,DJI Mavic 3M RGB camera,nadir,nadir,0.9999647586221735,5280,3956,33_depth.tif,True,True,OPENCV,C:\Users\81902\Documents\Codex\2026-09-20\depth-anything-v2-python-uav-rgb\data\uav3dcrop\2025\Day007_Corn\images\33.JPG,C:\Users\81902\Documents\Codex\2026-09-20\depth-anything-v2-python-uav-rgb\data\uav3dcrop_depth\2025\Day007_Corn\33_depth.tif,https://huggingface.co/datasets/Link-Dev/UAV3DCrop/resolve/main/2025/Day007_Corn/images/33.JPG?download=true,https://huggingface.co/datasets/Link-Dev/UAV3DCrop_depth/resolve/main/2025/Day007_Corn_depth/33_depth.tif?download=true,main,metric_scale_shift,32,20000,0.008289453125,0.012740295791625977,0.04909206787903542,-0.0013725370407104492,-0.015724271299573843,-0.013309074836368028,0.5396017367869441,0.047938763516123716
2025/Day007_Corn,2025,Day007,corn,33.JPG,33,DJI Mavic 3M RGB camera,nadir,nadir,0.9999647586221735,5280,3956,33_depth.tif,True,True,OPENCV,C:\Users\81902\Documents\Codex\2026-09-20\depth-anything-v2-python-uav-rgb\data\uav3dcrop\2025\Day007_Corn\images\33.JPG,C:\Users\81902\Documents\Codex\2026-09-20\depth-anything-v2-python-uav-rgb\data\uav3dcrop_depth\2025\Day007_Corn\33_depth.tif,https://huggingface.co/datasets/Link-Dev/UAV3DCrop/resolve/main/2025/Day007_Corn/images/33.JPG?download=true,https://huggingface.co/datasets/Link-Dev/UAV3DCrop_depth/resolve/main/2025/Day007_Corn_depth/33_depth.tif?download=true,main,relative_scale_shift,32,20000,0.008289453125,0.009861849117279053,0.04795343149017681,-0.0009969983100891113,0.031255771617324596,0.039234772911952244,0.5843689175026201,0.047938763516123716
2025/Day007_Corn,2025,Day007,corn,33.JPG,33,DJI Mavic 3M RGB camera,nadir,nadir,0.9999647586221735,5280,3956,33_depth.tif,True,True,OPENCV,C:\Users\81902\Documents\Codex\2026-09-20\depth-anything-v2-python-uav-rgb\data\uav3dcrop\2025\Day007_Corn\images\33.JPG,C:\Users\81902\Documents\Codex\2026-09-20\depth-anything-v2-python-uav-rgb\data\uav3dcrop_depth\2025\Day007_Corn\33_depth.tif,https://huggingface.co/datasets/Link-Dev/UAV3DCrop/resolve/main/2025/Day007_Corn/images/33.JPG?download=true,https://huggingface.co/datasets/Link-Dev/UAV3DCrop_depth/resolve/main/2025/Day007_Corn_depth/33_depth.tif?download=true,main,metric_raw,64,20000,0.012519140625,0.03261028661727905,0.05859672533039119,0.0038287789821624756,-0.02514158091972832,-0.0229739604829262,0.5439160239931449,0.04334379829827597
2025/Day007_Corn,2025,Day007,corn,33.JPG,33,DJI Mavic 3M RGB camera,nadir,nadir,0.9999647586221735,5280,3956,33_depth.tif,True,True,OPENCV,C:\Users\81902\Documents\Codex\2026-09-20\depth-anything-v2-python-uav-rgb\data\uav3dcrop\2025\Day007_Corn\images\33.JPG,C:\Users\81902\Documents\Codex\2026-09-20\depth-anything-v2-python-uav-rgb\data\uav3dcrop_depth\2025\Day007_Corn\33_depth.tif,https://huggingface.co/datasets/Link-Dev/UAV3DCrop/resolve/main/2025/Day007_Corn/images/33.JPG?download=true,https://huggingface.co/datasets/Link-Dev/UAV3DCrop_depth/resolve/main/2025/Day007_Corn_depth/33_depth.tif?download=true,main,metric_bias_corrected,64,20000,0.012519140625,0.03261029348373413,0.05859672198532263,0.00382877721786499,-0.025141384062703588,-0.022974297641156168,0.5439160239931449,0.04334379829827597
2025/Day007_Corn,2025,Day007,corn,33.JPG,33,DJI Mavic 3M RGB camera,nadir,nadir,0.9999647586221735,5280,3956,33_depth.tif,True,True,OPENCV,C:\Users\81902\Documents\Codex\2026-09-20\depth-anything-v2-python-uav-rgb\data\uav3dcrop\2025\Day007_Corn\images\33.JPG,C:\Users\81902\Documents\Codex\2026-09-20\depth-anything-v2-python-uav-rgb\data\uav3dcrop_depth\2025\Day007_Corn\33_depth.tif,https://huggingface.co/datasets/Link-Dev/UAV3DCrop/resolve/main/2025/Day007_Corn/images/33.JPG?download=true,https://huggingface.co/datasets/Link-Dev/UAV3DCrop_depth/resolve/main/2025/Day007_Corn_depth/33_depth.tif?download=true,main,metric_scale_shift,64,20000,0.012519140625,0.019130891132354735,0.04658594159874243,-0.0021188246726989747,-0.02514188594494505,-0.022973700141470776,0.5439160239931449,0.04334379829827597
2025/Day007_Corn,2025,Day007,corn,33.JPG,33,DJI Mavic 3M RGB camera,nadir,nadir,0.9999647586221735,5280,3956,33_depth.tif,True,True,OPENCV,C:\Users\81902\Documents\Codex\2026-09-20\depth-anything-v2-python-uav-rgb\data\uav3dcrop\2025\Day007_Corn\images\33.JPG,C:\Users\81902\Documents\Codex\2026-09-20\depth-anything-v2-python-uav-rgb\data\uav3dcrop_depth\2025\Day007_Corn\33_depth.tif,https://huggingface.co/datasets/Link-Dev/UAV3DCrop/resolve/main/2025/Day007_Corn/images/33.JPG?download=true,https://huggingface.co/datasets/Link-Dev/UAV3DCrop_depth/resolve/main/2025/Day007_Corn_depth/33_depth.tif?download=true,main,relative_scale_shift,64,20000,0.012519140625,0.014727840232849121,0.04352529437930646,-0.001361503791809082,0.045519281011522174,0.05991817426413606,0.588796058269066,0.04334379829827597
2025/Day007_Corn,2025,Day007,corn,33.JPG,33,DJI Mavic 3M RGB camera,nadir,nadir,0.9999647586221735,5280,3956,33_depth.tif,True,True,OPENCV,C:\Users\81902\Documents\Codex\2026-09-20\depth-anything-v2-python-uav-rgb\data\uav3dcrop\2025\Day007_Corn\images\33.JPG,C:\Users\81902\Documents\Codex\2026-09-20\depth-anything-v2-python-uav-rgb\data\uav3dcrop_depth\2025\Day007_Corn\33_depth.tif,https://huggingface.co/datasets/Link-Dev/UAV3DCrop/resolve/main/2025/Day007_Corn/images/33.JPG?download=true,https://huggingface.co/datasets/Link-Dev/UAV3DCrop_depth/resolve/main/2025/Day007_Corn_depth/33_depth.tif?download=true,main,metric_raw,128,20000,0.021831640625,0.0555300537109375,0.08317791926024684,0.007817149877548217,-0.025832736902630053,-0.012568142048826371,0.5829467285234362,0.05349104349764129
2025/Day007_Corn,2025,Day007,corn,33.JPG,33,DJI Mavic 3M RGB camera,nadir,nadir,0.9999647586221735,5280,3956,33_depth.tif,True,True,OPENCV,C:\Users\81902\Documents\Codex\2026-09-20\depth-anything-v2-python-uav-rgb\data\uav3dcrop\2025\Day007_Corn\images\33.JPG,C:\Users\81902\Documents\Codex\2026-09-20\depth-anything-v2-python-uav-rgb\data\uav3dcrop_depth\2025\Day007_Corn\33_depth.tif,https://huggingface.co/datasets/Link-Dev/UAV3DCrop/resolve/main/2025/Day007_Corn/images/33.JPG?download=true,https://huggingface.co/datasets/Link-Dev/UAV3DCrop_depth/resolve/main/2025/Day007_Corn_depth/33_depth.tif?download=true,main,metric_bias_corrected,128,20000,0.021831640625,0.05553006420135498,0.08317792719827737,0.007817160606384278,-0.02583271633900987,-0.012568546248290144,0.5829467285234362,0.05349104349764129
2025/Day007_Corn,2025,Day007,corn,33.JPG,33,DJI Mavic 3M RGB camera,nadir,nadir,0.9999647586221735,5280,3956,33_depth.tif,True,True,OPENCV,C:\Users\81902\Documents\Codex\2026-09-20\depth-anything-v2-python-uav-rgb\data\uav3dcrop\2025\Day007_Corn\images\33.JPG,C:\Users\81902\Documents\Codex\2026-09-20\depth-anything-v2-python-uav-rgb\data\uav3dcrop_depth\2025\Day007_Corn\33_depth.tif,https://huggingface.co/datasets/Link-Dev/UAV3DCrop/resolve/main/2025/Day007_Corn/images/33.JPG?download=true,https://huggingface.co/datasets/Link-Dev/UAV3DCrop_depth/resolve/main/2025/Day007_Corn_depth/33_depth.tif?download=true,main,metric_scale_shift,128,20000,0.021831640625,0.03163393115997314,0.06010682876715276,-0.004198815536499024,-0.025832818043975393,-0.012568651603342824,0.5829467285234362,0.05349104349764129
2025/Day007_Corn,2025,Day007,corn,33.JPG,33,DJI Mavic 3M RGB camera,nadir,nadir,0.9999647586221735,5280,3956,33_depth.tif,True,True,OPENCV,C:\Users\81902\Documents\Codex\2026-09-20\depth-anything-v2-python-uav-rgb\data\uav3dcrop\2025\Day007_Corn\images\33.JPG,C:\Users\81902\Documents\Codex\2026-09-20\depth-anything-v2-python-uav-rgb\data\uav3dcrop_depth\2025\Day007_Corn\33_depth.tif,https://huggingface.co/datasets/Link-Dev/UAV3DCrop/resolve/main/2025/Day007_Corn/images/33.JPG?download=true,https://huggingface.co/datasets/Link-Dev/UAV3DCrop_depth/resolve/main/2025/Day007_Corn_depth/33_depth.tif?download=true,main,relative_scale_shift,128,20000,0.021831640625,0.02493717212677002,0.05427992892324429,-0.0029655118942260744,0.05062339439329293,0.09455448153963696,0.612302031674932,0.05349104349764129
2025/Day007_Corn,2025,Day007,corn,64.JPG,64,DJI Mavic 3M RGB camera,nadir,nadir,0.9999746975571722,5280,3956,64_depth.tif,True,True,OPENCV,C:\Users\81902\Documents\Codex\2026-09-20\depth-anything-v2-python-uav-rgb\data\uav3dcrop\2025\Day007_Corn\images\64.JPG,C:\Users\81902\Documents\Codex\2026-09-20\depth-anything-v2-python-uav-rgb\data\uav3dcrop_depth\2025\Day007_Corn\64_depth.tif,https://huggingface.co/datasets/Link-Dev/UAV3DCrop/resolve/main/2025/Day007_Corn/images/64.JPG?download=true,https://huggingface.co/datasets/Link-Dev/UAV3DCrop_depth/resolve/main/2025/Day007_Corn_depth/64_depth.tif?download=true,main,metric_raw,8,20000,0.00411796875,0.009809187150001526,0.05243805464615246,-0.001934598469734192,-0.009271887842011573,-0.02770188007040259,0.44839985616684647,0.051144083525497715
2025/Day007_Corn,2025,Day007,corn,64.JPG,64,DJI Mavic 3M RGB camera,nadir,nadir,0.9999746975571722,5280,3956,64_depth.tif,True,True,OPENCV,C:\Users\81902\Documents\Codex\2026-09-20\depth-anything-v2-python-uav-rgb\data\uav3dcrop\2025\Day007_Corn\images\64.JPG,C:\Users\81902\Documents\Codex\2026-09-20\depth-anything-v2-python-uav-rgb\data\uav3dcrop_depth\2025\Day007_Corn\64_depth.tif,https://huggingface.co/datasets/Link-Dev/UAV3DCrop/resolve/main/2025/Day007_Corn/images/64.JPG?download=true,https://huggingface.co/datasets/Link-Dev/UAV3DCrop_depth/resolve/main/2025/Day007_Corn_depth/64_depth.tif?download=true,main,metric_bias_corrected,8,20000,0.00411796875,0.009809179782867432,0.052438048852711465,-0.001934599781036377,-0.00927138971526855,-0.027702602214134505,0.44839985616684647,0.051144083525497715
2025/Day007_Corn,2025,Day007,corn,64.JPG,64,DJI Mavic 3M RGB camera,nadir,nadir,0.9999746975571722,5280,3956,64_depth.tif,True,True,OPENCV,C:\Users\81902\Documents\Codex\2026-09-20\depth-anything-v2-python-uav-rgb\data\uav3dcrop\2025\Day007_Corn\images\64.JPG,C:\Users\81902\Documents\Codex\2026-09-20\depth-anything-v2-python-uav-rgb\data\uav3dcrop_depth\2025\Day007_Corn\64_depth.tif,https://huggingface.co/datasets/Link-Dev/UAV3DCrop/resolve/main/2025/Day007_Corn/images/64.JPG?download=true,https://huggingface.co/datasets/Link-Dev/UAV3DCrop_depth/resolve/main/2025/Day007_Corn_depth/64_depth.tif?download=true,main,metric_scale_shift,8,20000,0.00411796875,0.004656242847442627,0.051151036677023566,-0.0007075991630554199,0.00925975988590499,0.027693461209187403,0.5501618122977346,0.051144083525497715
2025/Day007_Corn,2025,Day007,corn,64.JPG,64,DJI Mavic 3M RGB camera,nadir,nadir,0.9999746975571722,5280,3956,64_depth.tif,True,True,OPENCV,C:\Users\81902\Documents\Codex\2026-09-20\depth-anything-v2-python-uav-rgb\data\uav3dcrop\2025\Day007_Corn\images\64.JPG,C:\Users\81902\Documents\Codex\2026-09-20\depth-anything-v2-python-uav-rgb\data\uav3dcrop_depth\2025\Day007_Corn\64_depth.tif,https://huggingface.co/datasets/Link-Dev/UAV3DCrop/resolve/main/2025/Day007_Corn/images/64.JPG?download=true,https://huggingface.co/datasets/Link-Dev/UAV3DCrop_depth/resolve/main/2025/Day007_Corn_depth/64_depth.tif?download=true,main,relative_scale_shift,8,20000,0.00411796875,0.004186156558990479,0.05110691662296885,-0.0007667366981506348,0.11769000948255122,0.10084817567014043,0.6548004314994607,0.051144083525497715
2025/Day007_Corn,2025,Day007,corn,64.JPG,64,DJI Mavic 3M RGB camera,nadir,nadir,0.9999746975571722,5280,3956,64_depth.tif,True,True,OPENCV,C:\Users\81902\Documents\Codex\2026-09-20\depth-anything-v2-python-uav-rgb\data\uav3dcrop\2025\Day007_Corn\images\64.JPG,C:\Users\81902\Documents\Codex\2026-09-20\depth-anything-v2-python-uav-rgb\data\uav3dcrop_depth\2025\Day007_Corn\64_depth.tif,https://huggingface.co/datasets/Link-Dev/UAV3DCrop/resolve/main/2025/Day007_Corn/images/64.JPG?download=true,https://huggingface.co/datasets/Link-Dev/UAV3DCrop_depth/resolve/main/2025/Day007_Corn_depth/64_depth.tif?download=true,main,metric_raw,16,20000,0.00814765625,0.01747738699913025,0.07547627247899269,-0.0032696741104125977,0.022973869210367915,-0.04232891200614575,0.456308610400682,0.07381062851124887
2025/Day007_Corn,2025,Day007,corn,64.JPG,64,DJI Mavic 3M RGB camera,nadir,nadir,0.9999746975571722,5280,3956,64_depth.tif,True,True,OPENCV,C:\Users\81902\Documents\Codex\2026-09-20\depth-anything-v2-python-uav-rgb\data\uav3dcrop\2025\Day007_Corn\images\64.JPG,C:\Users\81902\Documents\Codex\2026-09-20\depth-anything-v2-python-uav-rgb\data\uav3dcrop_depth\2025\Day007_Corn\64_depth.tif,https://huggingface.co/datasets/Link-Dev/UAV3DCrop/resolve/main/2025/Day007_Corn/images/64.JPG?download=true,https://huggingface.co/datasets/Link-Dev/UAV3DCrop_depth/resolve/main/2025/Day007_Corn_depth/64_depth.tif?download=true,main,metric_bias_corrected,16,20000,0.00814765625,0.017477378177642822,0.07547627428145455,-0.0032696660041809083,0.02297372748899678,-0.04232902444295884,0.456308610400682,0.07381062851124887
2025/Day007_Corn,2025,Day007,corn,64.JPG,64,DJI Mavic 3M RGB camera,nadir,nadir,0.9999746975571722,5280,3956,64_depth.tif,True,True,OPENCV,C:\Users\81902\Documents\Codex\2026-09-20\depth-anything-v2-python-uav-rgb\data\uav3dcrop\2025\Day007_Corn\images\64.JPG,C:\Users\81902\Documents\Codex\2026-09-20\depth-anything-v2-python-uav-rgb\data\uav3dcrop_depth\2025\Day007_Corn\64_depth.tif,https://huggingface.co/datasets/Link-Dev/UAV3DCrop/resolve/main/2025/Day007_Corn/images/64.JPG?download=true,https://huggingface.co/datasets/Link-Dev/UAV3DCrop_depth/resolve/main/2025/Day007_Corn_depth/64_depth.tif?download=true,main,metric_scale_shift,16,20000,0.00814765625,0.00894754867553711,0.07387856961877183,-0.0009056795120239258,-0.02297445665862174,0.042333779872538065,0.5434782608695652,0.07381062851124887
2025/Day007_Corn,2025,Day007,corn,64.JPG,64,DJI Mavic 3M RGB camera,nadir,nadir,0.9999746975571722,5280,3956,64_depth.tif,True,True,OPENCV,C:\Users\81902\Documents\Codex\2026-09-20\depth-anything-v2-python-uav-rgb\data\uav3dcrop\2025\Day007_Corn\images\64.JPG,C:\Users\81902\Documents\Codex\2026-09-20\depth-anything-v2-python-uav-rgb\data\uav3dcrop_depth\2025\Day007_Corn\64_depth.tif,https://huggingface.co/datasets/Link-Dev/UAV3DCrop/resolve/main/2025/Day007_Corn/images/64.JPG?download=true,https://huggingface.co/datasets/Link-Dev/UAV3DCrop_depth/resolve/main/2025/Day007_Corn_depth/64_depth.tif?download=true,main,relative_scale_shift,16,20000,0.00814765625,0.008256408977508544,0.07371162758492474,-0.001034536075592041,0.1374651574793054,0.13223582416229812,0.6436487638533674,0.07381062851124887
2025/Day007_Corn,2025,Day007,corn,64.JPG,64,DJI Mavic 3M RGB camera,nadir,nadir,0.9999746975571722,5280,3956,64_depth.tif,True,True,OPENCV,C:\Users\81902\Documents\Codex\2026-09-20\depth-anything-v2-python-uav-rgb\data\uav3dcrop\2025\Day007_Corn\images\64.JPG,C:\Users\81902\Documents\Codex\2026-09-20\depth-anything-v2-python-uav-rgb\data\uav3dcrop_depth\2025\Day007_Corn\64_depth.tif,https://huggingface.co/datasets/Link-Dev/UAV3DCrop/resolve/main/2025/Day007_Corn/images/64.JPG?download=true,https://huggingface.co/datasets/Link-Dev/UAV3DCrop_depth/resolve/main/2025/Day007_Corn_depth/64_depth.tif?download=true,main,metric_raw,32,20000,0.0127453125,0.028284843063354492,0.09084655329995717,-0.007124231052398682,0.01633879400971984,-0.049316152235411574,0.46137551193334275,0.08489238218317574
2025/Day007_Corn,2025,Day007,corn,64.JPG,64,DJI Mavic 3M RGB camera,nadir,nadir,0.9999746975571722,5280,3956,64_depth.tif,True,True,OPENCV,C:\Users\81902\Documents\Codex\2026-09-20\depth-anything-v2-python-uav-rgb\data\uav3dcrop\2025\Day007_Corn\images\64.JPG,C:\Users\81902\Documents\Codex\2026-09-20\depth-anything-v2-python-uav-rgb\data\uav3dcrop_depth\2025\Day007_Corn\64_depth.tif,https://huggingface.co/datasets/Link-Dev/UAV3DCrop/resolve/main/2025/Day007_Corn/images/64.JPG?download=true,https://huggingface.co/datasets/Link-Dev/UAV3DCrop_depth/resolve/main/2025/Day007_Corn_depth/64_depth.tif?download=true,main,metric_bias_corrected,32,20000,0.0127453125,0.028284847736358643,0.09084656132245908,-0.007124230861663818,0.016338569549453678,-0.04931587793822137,0.46137551193334275,0.08489238218317574
2025/Day007_Corn,2025,Day007,corn,64.JPG,64,DJI Mavic 3M RGB camera,nadir,nadir,0.9999746975571722,5280,3956,64_depth.tif,True,True,OPENCV,C:\Users\81902\Documents\Codex\2026-09-20\depth-anything-v2-python-uav-rgb\data\uav3dcrop\2025\Day007_Corn\images\64.JPG,C:\Users\81902\Documents\Codex\2026-09-20\depth-anything-v2-python-uav-rgb\data\uav3dcrop_depth\2025\Day007_Corn\64_depth.tif,https://huggingface.co/datasets/Link-Dev/UAV3DCrop/resolve/main/2025/Day007_Corn/images/64.JPG?download=true,https://huggingface.co/datasets/Link-Dev/UAV3DCrop_depth/resolve/main/2025/Day007_Corn_depth/64_depth.tif?download=true,main,metric_scale_shift,32,20000,0.0127453125,0.01380786771774292,0.085050964549059,-0.002418089771270752,-0.016339368053299053,0.0493142409413728,0.5386244880666573,0.08489238218317574
2025/Day007_Corn,2025,Day007,corn,64.JPG,64,DJI Mavic 3M RGB camera,nadir,nadir,0.9999746975571722,5280,3956,64_depth.tif,True,True,OPENCV,C:\Users\81902\Documents\Codex\2026-09-20\depth-anything-v2-python-uav-rgb\data\uav3dcrop\2025\Day007_Corn\images\64.JPG,C:\Users\81902\Documents\Codex\2026-09-20\depth-anything-v2-python-uav-rgb\data\uav3dcrop_depth\2025\Day007_Corn\64_depth.tif,https://huggingface.co/datasets/Link-Dev/UAV3DCrop/resolve/main/2025/Day007_Corn/images/64.JPG?download=true,https://huggingface.co/datasets/Link-Dev/UAV3DCrop_depth/resolve/main/2025/Day007_Corn_depth/64_depth.tif?download=true,main,relative_scale_shift,32,20000,0.0127453125,0.012856109619140625,0.08460128190621499,-0.0026448392868041993,0.3132685468231506,0.16924943425649489,0.653156333851151,0.08489238218317574
2025/Day007_Corn,2025,Day007,corn,64.JPG,64,DJI Mavic 3M RGB camera,nadir,nadir,0.9999746975571722,5280,3956,64_depth.tif,True,True,OPENCV,C:\Users\81902\Documents\Codex\2026-09-20\depth-anything-v2-python-uav-rgb\data\uav3dcrop\2025\Day007_Corn\images\64.JPG,C:\Users\81902\Documents\Codex\2026-09-20\depth-anything-v2-python-uav-rgb\data\uav3dcrop_depth\2025\Day007_Corn\64_depth.tif,https://huggingface.co/datasets/Link-Dev/UAV3DCrop/resolve/main/2025/Day007_Corn/images/64.JPG?download=true,https://huggingface.co/datasets/Link-Dev/UAV3DCrop_depth/resolve/main/2025/Day007_Corn_depth/64_depth.tif?download=true,main,metric_raw,64,20000,0.02016484375,0.04667940518856049,0.11051180101255154,-0.01530764982700348,0.014338990959334635,-0.045942533337880356,0.4738947789557912,0.09801574136856933
2025/Day007_Corn,2025,Day007,corn,64.JPG,64,DJI Mavic 3M RGB camera,nadir,nadir,0.9999746975571722,5280,3956,64_depth.tif,True,True,OPENCV,C:\Users\81902\Documents\Codex\2026-09-20\depth-anything-v2-python-uav-rgb\data\uav3dcrop\2025\Day007_Corn\images\64.JPG,C:\Users\81902\Documents\Codex\2026-09-20\depth-anything-v2-python-uav-rgb\data\uav3dcrop_depth\2025\Day007_Corn\64_depth.tif,https://huggingface.co/datasets/Link-Dev/UAV3DCrop/resolve/main/2025/Day007_Corn/images/64.JPG?download=true,https://huggingface.co/datasets/Link-Dev/UAV3DCrop_depth/resolve/main/2025/Day007_Corn_depth/64_depth.tif?download=true,main,metric_bias_corrected,64,20000,0.02016484375,0.04667941246032715,0.11051181305148737,-0.015307652282714844,0.014338797613675914,-0.04594224813936162,0.47379475895179035,0.09801574136856933
2025/Day007_Corn,2025,Day007,corn,64.JPG,64,DJI Mavic 3M RGB camera,nadir,nadir,0.9999746975571722,5280,3956,64_depth.tif,True,True,OPENCV,C:\Users\81902\Documents\Codex\2026-09-20\depth-anything-v2-python-uav-rgb\data\uav3dcrop\2025\Day007_Corn\images\64.JPG,C:\Users\81902\Documents\Codex\2026-09-20\depth-anything-v2-python-uav-rgb\data\uav3dcrop_depth\2025\Day007_Corn\64_depth.tif,https://huggingface.co/datasets/Link-Dev/UAV3DCrop/resolve/main/2025/Day007_Corn/images/64.JPG?download=true,https://huggingface.co/datasets/Link-Dev/UAV3DCrop_depth/resolve/main/2025/Day007_Corn_depth/64_depth.tif?download=true,main,metric_scale_shift,64,20000,0.02016484375,0.02143582763671875,0.09837558554879465,-0.005403312873840332,-0.01433779238967869,0.0459432378539234,0.5260052010402081,0.09801574136856933
2025/Day007_Corn,2025,Day007,corn,64.JPG,64,DJI Mavic 3M RGB camera,nadir,nadir,0.9999746975571722,5280,3956,64_depth.tif,True,True,OPENCV,C:\Users\81902\Documents\Codex\2026-09-20\depth-anything-v2-python-uav-rgb\data\uav3dcrop\2025\Day007_Corn\images\64.JPG,C:\Users\81902\Documents\Codex\2026-09-20\depth-anything-v2-python-uav-rgb\data\uav3dcrop_depth\2025\Day007_Corn\64_depth.tif,https://huggingface.co/datasets/Link-Dev/UAV3DCrop/resolve/main/2025/Day007_Corn/images/64.JPG?download=true,https://huggingface.co/datasets/Link-Dev/UAV3DCrop_depth/resolve/main/2025/Day007_Corn_depth/64_depth.tif?download=true,main,relative_scale_shift,64,20000,0.02016484375,0.02023427906036377,0.09759926396726082,-0.005938228225708008,0.360619242954154,0.2356234344940033,0.6769353870774155,0.09801574136856933
2025/Day007_Corn,2025,Day007,corn,64.JPG,64,DJI Mavic 3M RGB camera,nadir,nadir,0.9999746975571722,5280,3956,64_depth.tif,True,True,OPENCV,C:\Users\81902\Documents\Codex\2026-09-20\depth-anything-v2-python-uav-rgb\data\uav3dcrop\2025\Day007_Corn\images\64.JPG,C:\Users\81902\Documents\Codex\2026-09-20\depth-anything-v2-python-uav-rgb\data\uav3dcrop_depth\2025\Day007_Corn\64_depth.tif,https://huggingface.co/datasets/Link-Dev/UAV3DCrop/resolve/main/2025/Day007_Corn/images/64.JPG?download=true,https://huggingface.co/datasets/Link-Dev/UAV3DCrop_depth/resolve/main/2025/Day007_Corn_depth/64_depth.tif?download=true,main,metric_raw,128,20000,0.03218359375,0.07977994198799133,0.147821192913142,-0.031002012538909912,-0.027836054237541125,-0.02945436918496146,0.49518026565464895,0.11171390559590696
2025/Day007_Corn,2025,Day007,corn,64.JPG,64,DJI Mavic 3M RGB camera,nadir,nadir,0.9999746975571722,5280,3956,64_depth.tif,True,True,OPENCV,C:\Users\81902\Documents\Codex\2026-09-20\depth-anything-v2-python-uav-rgb\data\uav3dcrop\2025\Day007_Corn\images\64.JPG,C:\Users\81902\Documents\Codex\2026-09-20\depth-anything-v2-python-uav-rgb\data\uav3dcrop_depth\2025\Day007_Corn\64_depth.tif,https://huggingface.co/datasets/Link-Dev/UAV3DCrop/resolve/main/2025/Day007_Corn/images/64.JPG?download=true,https://huggingface.co/datasets/Link-Dev/UAV3DCrop_depth/resolve/main/2025/Day007_Corn_depth/64_depth.tif?download=true,main,metric_bias_corrected,128,20000,0.03218359375,0.07977995195388794,0.14782120155195194,-0.031002012538909912,-0.02783613541262291,-0.029454154443585973,0.49518026565464895,0.11171390559590696
2025/Day007_Corn,2025,Day007,corn,64.JPG,64,DJI Mavic 3M RGB camera,nadir,nadir,0.9999746975571722,5280,3956,64_depth.tif,True,True,OPENCV,C:\Users\81902\Documents\Codex\2026-09-20\depth-anything-v2-python-uav-rgb\data\uav3dcrop\2025\Day007_Corn\images\64.JPG,C:\Users\81902\Documents\Codex\2026-09-20\depth-anything-v2-python-uav-rgb\data\uav3dcrop_depth\2025\Day007_Corn\64_depth.tif,https://huggingface.co/datasets/Link-Dev/UAV3DCrop/resolve/main/2025/Day007_Corn/images/64.JPG?download=true,https://huggingface.co/datasets/Link-Dev/UAV3DCrop_depth/resolve/main/2025/Day007_Corn_depth/64_depth.tif?download=true,main,metric_scale_shift,128,20000,0.03218359375,0.03362274961471558,0.11222398097037345,-0.009334679317474365,0.027836029010487873,0.029455397365371252,0.5047438330170778,0.11171390559590696
2025/Day007_Corn,2025,Day007,corn,64.JPG,64,DJI Mavic 3M RGB camera,nadir,nadir,0.9999746975571722,5280,3956,64_depth.tif,True,True,OPENCV,C:\Users\81902\Documents\Codex\2026-09-20\depth-anything-v2-python-uav-rgb\data\uav3dcrop\2025\Day007_Corn\images\64.JPG,C:\Users\81902\Documents\Codex\2026-09-20\depth-anything-v2-python-uav-rgb\data\uav3dcrop_depth\2025\Day007_Corn\64_depth.tif,https://huggingface.co/datasets/Link-Dev/UAV3DCrop/resolve/main/2025/Day007_Corn/images/64.JPG?download=true,https://huggingface.co/datasets/Link-Dev/UAV3DCrop_depth/resolve/main/2025/Day007_Corn_depth/64_depth.tif?download=true,main,relative_scale_shift,128,20000,0.03218359375,0.03200588617324829,0.11100549230328305,-0.010605698490142822,0.47635649019316617,0.3007395326129547,0.6900189753320684,0.11171390559590696
2025/Day007_Corn,2025,Day007,corn,578.JPG,578,DJI Mavic 3M RGB camera,nadir,nadir,0.9999915345736107,5280,3956,578_depth.tif,True,True,OPENCV,C:\Users\81902\Documents\Codex\2026-09-20\depth-anything-v2-python-uav-rgb\data\uav3dcrop\2025\Day007_Corn\images\578.JPG,C:\Users\81902\Documents\Codex\2026-09-20\depth-anything-v2-python-uav-rgb\data\uav3dcrop_depth\2025\Day007_Corn\578_depth.tif,https://huggingface.co/datasets/Link-Dev/UAV3DCrop/resolve/main/2025/Day007_Corn/images/578.JPG?download=true,https://huggingface.co/datasets/Link-Dev/UAV3DCrop_depth/resolve/main/2025/Day007_Corn_depth/578_depth.tif?download=true,main,metric_raw,8,20000,0.00546015625,0.011052837467193604,0.04882759008609032,-0.00012792353630065918,0.07025841069004664,3.667826909702303e-05,0.48983451536643025,0.04791005595179065
2025/Day007_Corn,2025,Day007,corn,578.JPG,578,DJI Mavic 3M RGB camera,nadir,nadir,0.9999915345736107,5280,3956,578_depth.tif,True,True,OPENCV,C:\Users\81902\Documents\Codex\2026-09-20\depth-anything-v2-python-uav-rgb\data\uav3dcrop\2025\Day007_Corn\images\578.JPG,C:\Users\81902\Documents\Codex\2026-09-20\depth-anything-v2-python-uav-rgb\data\uav3dcrop_depth\2025\Day007_Corn\578_depth.tif,https://huggingface.co/datasets/Link-Dev/UAV3DCrop/resolve/main/2025/Day007_Corn/images/578.JPG?download=true,https://huggingface.co/datasets/Link-Dev/UAV3DCrop_depth/resolve/main/2025/Day007_Corn_depth/578_depth.tif?download=true,main,metric_bias_corrected,8,20000,0.00546015625,0.011052849674224853,0.04882759134657564,-0.0001279231071472168,0.07025831816238741,3.853549574336726e-05,0.48983451536643025,0.04791005595179065
2025/Day007_Corn,2025,Day007,corn,578.JPG,578,DJI Mavic 3M RGB camera,nadir,nadir,0.9999915345736107,5280,3956,578_depth.tif,True,True,OPENCV,C:\Users\81902\Documents\Codex\2026-09-20\depth-anything-v2-python-uav-rgb\data\uav3dcrop\2025\Day007_Corn\images\578.JPG,C:\Users\81902\Documents\Codex\2026-09-20\depth-anything-v2-python-uav-rgb\data\uav3dcrop_depth\2025\Day007_Corn\578_depth.tif,https://huggingface.co/datasets/Link-Dev/UAV3DCrop/resolve/main/2025/Day007_Corn/images/578.JPG?download=true,https://huggingface.co/datasets/Link-Dev/UAV3DCrop_depth/resolve/main/2025/Day007_Corn_depth/578_depth.tif?download=true,main,metric_scale_shift,8,20000,0.00546015625,0.0067485270500183105,0.047791797602934796,-2.4627971649169923e-05,0.07025908513740363,3.939858706321885e-05,0.48983451536643025,0.04791005595179065
2025/Day007_Corn,2025,Day007,corn,578.JPG,578,DJI Mavic 3M RGB camera,nadir,nadir,0.9999915345736107,5280,3956,578_depth.tif,True,True,OPENCV,C:\Users\81902\Documents\Codex\2026-09-20\depth-anything-v2-python-uav-rgb\data\uav3dcrop\2025\Day007_Corn\images\578.JPG,C:\Users\81902\Documents\Codex\2026-09-20\depth-anything-v2-python-uav-rgb\data\uav3dcrop_depth\2025\Day007_Corn\578_depth.tif,https://huggingface.co/datasets/Link-Dev/UAV3DCrop/resolve/main/2025/Day007_Corn/images/578.JPG?download=true,https://huggingface.co/datasets/Link-Dev/UAV3DCrop_depth/resolve/main/2025/Day007_Corn_depth/578_depth.tif?download=true,main,relative_scale_shift,8,20000,0.00546015625,0.006567333030700683,0.04789693360833597,-0.00017713184356689453,0.11508445973443265,0.11025825683181692,0.6411347517730497,0.04791005595179065
2025/Day007_Corn,2025,Day007,corn,578.JPG,578,DJI Mavic 3M RGB camera,nadir,nadir,0.9999915345736107,5280,3956,578_depth.tif,True,True,OPENCV,C:\Users\81902\Documents\Codex\2026-09-20\depth-anything-v2-python-uav-rgb\data\uav3dcrop\2025\Day007_Corn\images\578.JPG,C:\Users\81902\Documents\Codex\2026-09-20\depth-anything-v2-python-uav-rgb\data\uav3dcrop_depth\2025\Day007_Corn\578_depth.tif,https://huggingface.co/datasets/Link-Dev/UAV3DCrop/resolve/main/2025/Day007_Corn/images/578.JPG?download=true,https://huggingface.co/datasets/Link-Dev/UAV3DCrop_depth/resolve/main/2025/Day007_Corn_depth/578_depth.tif?download=true,main,metric_raw,16,20000,0.009159375,0.017805700707435607,0.06245532258251745,-0.0008439754724502564,0.13821415027770748,0.03871845789652008,0.5283687943262412,0.06080774799971525
2025/Day007_Corn,2025,Day007,corn,578.JPG,578,DJI Mavic 3M RGB camera,nadir,nadir,0.9999915345736107,5280,3956,578_depth.tif,True,True,OPENCV,C:\Users\81902\Documents\Codex\2026-09-20\depth-anything-v2-python-uav-rgb\data\uav3dcrop\2025\Day007_Corn\images\578.JPG,C:\Users\81902\Documents\Codex\2026-09-20\depth-anything-v2-python-uav-rgb\data\uav3dcrop_depth\2025\Day007_Corn\578_depth.tif,https://huggingface.co/datasets/Link-Dev/UAV3DCrop/resolve/main/2025/Day007_Corn/images/578.JPG?download=true,https://huggingface.co/datasets/Link-Dev/UAV3DCrop_depth/resolve/main/2025/Day007_Corn_depth/578_depth.tif?download=true,main,metric_bias_corrected,16,20000,0.009159375,0.017805699634552002,0.062455321218625105,-0.000843976879119873,0.1382141598603625,0.03871875838174444,0.5283687943262412,0.06080774799971525
2025/Day007_Corn,2025,Day007,corn,578.JPG,578,DJI Mavic 3M RGB camera,nadir,nadir,0.9999915345736107,5280,3956,578_depth.tif,True,True,OPENCV,C:\Users\81902\Documents\Codex\2026-09-20\depth-anything-v2-python-uav-rgb\data\uav3dcrop\2025\Day007_Corn\images\578.JPG,C:\Users\81902\Documents\Codex\2026-09-20\depth-anything-v2-python-uav-rgb\data\uav3dcrop_depth\2025\Day007_Corn\578_depth.tif,https://huggingface.co/datasets/Link-Dev/UAV3DCrop/resolve/main/2025/Day007_Corn/images/578.JPG?download=true,https://huggingface.co/datasets/Link-Dev/UAV3DCrop_depth/resolve/main/2025/Day007_Corn_depth/578_depth.tif?download=true,main,metric_scale_shift,16,20000,0.009159375,0.011056835746765137,0.06026977684280083,-0.00018412227630615235,0.13821364947549775,0.03871549958789325,0.5283687943262412,0.06080774799971525
2025/Day007_Corn,2025,Day007,corn,578.JPG,578,DJI Mavic 3M RGB camera,nadir,nadir,0.9999915345736107,5280,3956,578_depth.tif,True,True,OPENCV,C:\Users\81902\Documents\Codex\2026-09-20\depth-anything-v2-python-uav-rgb\data\uav3dcrop\2025\Day007_Corn\images\578.JPG,C:\Users\81902\Documents\Codex\2026-09-20\depth-anything-v2-python-uav-rgb\data\uav3dcrop_depth\2025\Day007_Corn\578_depth.tif,https://huggingface.co/datasets/Link-Dev/UAV3DCrop/resolve/main/2025/Day007_Corn/images/578.JPG?download=true,https://huggingface.co/datasets/Link-Dev/UAV3DCrop_depth/resolve/main/2025/Day007_Corn_depth/578_depth.tif?download=true,main,relative_scale_shift,16,20000,0.009159375,0.010470714569091797,0.058628621348492074,-0.0006830682754516602,0.2658031710257841,0.15238854208453964,0.6563238770685579,0.06080774799971525
2025/Day007_Corn,2025,Day007,corn,578.JPG,578,DJI Mavic 3M RGB camera,nadir,nadir,0.9999915345736107,5280,3956,578_depth.tif,True,True,OPENCV,C:\Users\81902\Documents\Codex\2026-09-20\depth-anything-v2-python-uav-rgb\data\uav3dcrop\2025\Day007_Corn\images\578.JPG,C:\Users\81902\Documents\Codex\2026-09-20\depth-anything-v2-python-uav-rgb\data\uav3dcrop_depth\2025\Day007_Corn\578_depth.tif,https://huggingface.co/datasets/Link-Dev/UAV3DCrop/resolve/main/2025/Day007_Corn/images/578.JPG?download=true,https://huggingface.co/datasets/Link-Dev/UAV3DCrop_depth/resolve/main/2025/Day007_Corn_depth/578_depth.tif?download=true,main,metric_raw,32,20000,0.01400703125,0.0271755836725235,0.07299437365425408,-0.00010592658519744873,0.2259207653042618,0.02600535391495148,0.5124801901743264,0.07165251533261909
2025/Day007_Corn,2025,Day007,corn,578.JPG,578,DJI Mavic 3M RGB camera,nadir,nadir,0.9999915345736107,5280,3956,578_depth.tif,True,True,OPENCV,C:\Users\81902\Documents\Codex\2026-09-20\depth-anything-v2-python-uav-rgb\data\uav3dcrop\2025\Day007_Corn\images\578.JPG,C:\Users\81902\Documents\Codex\2026-09-20\depth-anything-v2-python-uav-rgb\data\uav3dcrop_depth\2025\Day007_Corn\578_depth.tif,https://huggingface.co/datasets/Link-Dev/UAV3DCrop/resolve/main/2025/Day007_Corn/images/578.JPG?download=true,https://huggingface.co/datasets/Link-Dev/UAV3DCrop_depth/resolve/main/2025/Day007_Corn_depth/578_depth.tif?download=true,main,metric_bias_corrected,32,20000,0.01400703125,0.027175588703155517,0.07299437891003309,-0.0001059260368347168,0.22592067184521594,0.026004950881308893,0.5124801901743264,0.07165251533261909
2025/Day007_Corn,2025,Day007,corn,578.JPG,578,DJI Mavic 3M RGB camera,nadir,nadir,0.9999915345736107,5280,3956,578_depth.tif,True,True,OPENCV,C:\Users\81902\Documents\Codex\2026-09-20\depth-anything-v2-python-uav-rgb\data\uav3dcrop\2025\Day007_Corn\images\578.JPG,C:\Users\81902\Documents\Codex\2026-09-20\depth-anything-v2-python-uav-rgb\data\uav3dcrop_depth\2025\Day007_Corn\578_depth.tif,https://huggingface.co/datasets/Link-Dev/UAV3DCrop/resolve/main/2025/Day007_Corn/images/578.JPG?download=true,https://huggingface.co/datasets/Link-Dev/UAV3DCrop_depth/resolve/main/2025/Day007_Corn_depth/578_depth.tif?download=true,main,metric_scale_shift,32,20000,0.01400703125,0.01673132600784302,0.070157746361111,0.0006049365043640137,0.22592123621480878,0.02600805839972867,0.5124801901743264,0.07165251533261909
2025/Day007_Corn,2025,Day007,corn,578.JPG,578,DJI Mavic 3M RGB camera,nadir,nadir,0.9999915345736107,5280,3956,578_depth.tif,True,True,OPENCV,C:\Users\81902\Documents\Codex\2026-09-20\depth-anything-v2-python-uav-rgb\data\uav3dcrop\2025\Day007_Corn\images\578.JPG,C:\Users\81902\Documents\Codex\2026-09-20\depth-anything-v2-python-uav-rgb\data\uav3dcrop_depth\2025\Day007_Corn\578_depth.tif,https://huggingface.co/datasets/Link-Dev/UAV3DCrop/resolve/main/2025/Day007_Corn/images/578.JPG?download=true,https://huggingface.co/datasets/Link-Dev/UAV3DCrop_depth/resolve/main/2025/Day007_Corn_depth/578_depth.tif?download=true,main,relative_scale_shift,32,20000,0.01400703125,0.015433812141418457,0.06602749762356856,0.0001478250503540039,0.38920748189586757,0.21391868945373632,0.6899762282091918,0.07165251533261909
2025/Day007_Corn,2025,Day007,corn,578.JPG,578,DJI Mavic 3M RGB camera,nadir,nadir,0.9999915345736107,5280,3956,578_depth.tif,True,True,OPENCV,C:\Users\81902\Documents\Codex\2026-09-20\depth-anything-v2-python-uav-rgb\data\uav3dcrop\2025\Day007_Corn\images\578.JPG,C:\Users\81902\Documents\Codex\2026-09-20\depth-anything-v2-python-uav-rgb\data\uav3dcrop_depth\2025\Day007_Corn\578_depth.tif,https://huggingface.co/datasets/Link-Dev/UAV3DCrop/resolve/main/2025/Day007_Corn/images/578.JPG?download=true,https://huggingface.co/datasets/Link-Dev/UAV3DCrop_depth/resolve/main/2025/Day007_Corn_depth/578_depth.tif?download=true,main,metric_raw,64,20000,0.022875,0.04174680547714233,0.09141531627782629,0.0003647593021392822,0.29105999410889505,0.043728391508028375,0.5078568598970025,0.08837866190919262
2025/Day007_Corn,2025,Day007,corn,578.JPG,578,DJI Mavic 3M RGB camera,nadir,nadir,0.9999915345736107,5280,3956,578_depth.tif,True,True,OPENCV,C:\Users\81902\Documents\Codex\2026-09-20\depth-anything-v2-python-uav-rgb\data\uav3dcrop\2025\Day007_Corn\images\578.JPG,C:\Users\81902\Documents\Codex\2026-09-20\depth-anything-v2-python-uav-rgb\data\uav3dcrop_depth\2025\Day007_Corn\578_depth.tif,https://huggingface.co/datasets/Link-Dev/UAV3DCrop/resolve/main/2025/Day007_Corn/images/578.JPG?download=true,https://huggingface.co/datasets/Link-Dev/UAV3DCrop_depth/resolve/main/2025/Day007_Corn_depth/578_depth.tif?download=true,main,metric_bias_corrected,64,20000,0.022875,0.04174681282043457,0.09141531401999407,0.0003647626876831055,0.2910600370796414,0.0437284060930846,0.5078568598970025,0.08837866190919262
2025/Day007_Corn,2025,Day007,corn,578.JPG,578,DJI Mavic 3M RGB camera,nadir,nadir,0.9999915345736107,5280,3956,578_depth.tif,True,True,OPENCV,C:\Users\81902\Documents\Codex\2026-09-20\depth-anything-v2-python-uav-rgb\data\uav3dcrop\2025\Day007_Corn\images\578.JPG,C:\Users\81902\Documents\Codex\2026-09-20\depth-anything-v2-python-uav-rgb\data\uav3dcrop_depth\2025\Day007_Corn\578_depth.tif,https://huggingface.co/datasets/Link-Dev/UAV3DCrop/resolve/main/2025/Day007_Corn/images/578.JPG?download=true,https://huggingface.co/datasets/Link-Dev/UAV3DCrop_depth/resolve/main/2025/Day007_Corn_depth/578_depth.tif?download=true,main,metric_scale_shift,64,20000,0.022875,0.02627333879470825,0.08529371258223624,0.0021907753944396973,0.29105935937365474,0.04372972845039924,0.5075927637660108,0.08837866190919262
2025/Day007_Corn,2025,Day007,corn,578.JPG,578,DJI Mavic 3M RGB camera,nadir,nadir,0.9999915345736107,5280,3956,578_depth.tif,True,True,OPENCV,C:\Users\81902\Documents\Codex\2026-09-20\depth-anything-v2-python-uav-rgb\data\uav3dcrop\2025\Day007_Corn\images\578.JPG,C:\Users\81902\Documents\Codex\2026-09-20\depth-anything-v2-python-uav-rgb\data\uav3dcrop_depth\2025\Day007_Corn\578_depth.tif,https://huggingface.co/datasets/Link-Dev/UAV3DCrop/resolve/main/2025/Day007_Corn/images/578.JPG?download=true,https://huggingface.co/datasets/Link-Dev/UAV3DCrop_depth/resolve/main/2025/Day007_Corn_depth/578_depth.tif?download=true,main,relative_scale_shift,64,20000,0.022875,0.02275130319595337,0.07658651337969072,0.0006909260749816895,0.49912012843135206,0.2789529178670479,0.6974778819490295,0.08837866190919262
2025/Day007_Corn,2025,Day007,corn,578.JPG,578,DJI Mavic 3M RGB camera,nadir,nadir,0.9999915345736107,5280,3956,578_depth.tif,True,True,OPENCV,C:\Users\81902\Documents\Codex\2026-09-20\depth-anything-v2-python-uav-rgb\data\uav3dcrop\2025\Day007_Corn\images\578.JPG,C:\Users\81902\Documents\Codex\2026-09-20\depth-anything-v2-python-uav-rgb\data\uav3dcrop_depth\2025\Day007_Corn\578_depth.tif,https://huggingface.co/datasets/Link-Dev/UAV3DCrop/resolve/main/2025/Day007_Corn/images/578.JPG?download=true,https://huggingface.co/datasets/Link-Dev/UAV3DCrop_depth/resolve/main/2025/Day007_Corn_depth/578_depth.tif?download=true,main,metric_raw,128,20000,0.0332609375,0.060511169981956485,0.11546968386279564,-0.0012528239488601685,0.3501385439556445,0.10483708094878845,0.5377062058130401,0.1063699334134181
2025/Day007_Corn,2025,Day007,corn,578.JPG,578,DJI Mavic 3M RGB camera,nadir,nadir,0.9999915345736107,5280,3956,578_depth.tif,True,True,OPENCV,C:\Users\81902\Documents\Codex\2026-09-20\depth-anything-v2-python-uav-rgb\data\uav3dcrop\2025\Day007_Corn\images\578.JPG,C:\Users\81902\Documents\Codex\2026-09-20\depth-anything-v2-python-uav-rgb\data\uav3dcrop_depth\2025\Day007_Corn\578_depth.tif,https://huggingface.co/datasets/Link-Dev/UAV3DCrop/resolve/main/2025/Day007_Corn/images/578.JPG?download=true,https://huggingface.co/datasets/Link-Dev/UAV3DCrop_depth/resolve/main/2025/Day007_Corn_depth/578_depth.tif?download=true,main,metric_bias_corrected,128,20000,0.0332609375,0.06051117525100708,0.11546969123813272,-0.0012528189659118652,0.35013846622046413,0.10483720329716667,0.5377062058130401,0.1063699334134181
2025/Day007_Corn,2025,Day007,corn,578.JPG,578,DJI Mavic 3M RGB camera,nadir,nadir,0.9999915345736107,5280,3956,578_depth.tif,True,True,OPENCV,C:\Users\81902\Documents\Codex\2026-09-20\depth-anything-v2-python-uav-rgb\data\uav3dcrop\2025\Day007_Corn\images\578.JPG,C:\Users\81902\Documents\Codex\2026-09-20\depth-anything-v2-python-uav-rgb\data\uav3dcrop_depth\2025\Day007_Corn\578_depth.tif,https://huggingface.co/datasets/Link-Dev/UAV3DCrop/resolve/main/2025/Day007_Corn/images/578.JPG?download=true,https://huggingface.co/datasets/Link-Dev/UAV3DCrop_depth/resolve/main/2025/Day007_Corn_depth/578_depth.tif?download=true,main,metric_scale_shift,128,20000,0.0332609375,0.03713689985275269,0.10067062114448072,0.003421461772918701,0.3501383441159636,0.10483738481204058,0.5377062058130401,0.1063699334134181
2025/Day007_Corn,2025,Day007,corn,578.JPG,578,DJI Mavic 3M RGB camera,nadir,nadir,0.9999915345736107,5280,3956,578_depth.tif,True,True,OPENCV,C:\Users\81902\Documents\Codex\2026-09-20\depth-anything-v2-python-uav-rgb\data\uav3dcrop\2025\Day007_Corn\images\578.JPG,C:\Users\81902\Documents\Codex\2026-09-20\depth-anything-v2-python-uav-rgb\data\uav3dcrop_depth\2025\Day007_Corn\578_depth.tif,https://huggingface.co/datasets/Link-Dev/UAV3DCrop/resolve/main/2025/Day007_Corn/images/578.JPG?download=true,https://huggingface.co/datasets/Link-Dev/UAV3DCrop_depth/resolve/main/2025/Day007_Corn_depth/578_depth.tif?download=true,main,relative_scale_shift,128,20000,0.0332609375,0.029352242851257326,0.08380196314846208,0.0006672130584716797,0.6161580033760928,0.3462423825353169,0.7137666928515318,0.1063699334134181
2025/Day007_Corn,2025,Day007,corn,609.JPG,609,DJI Mavic 3M RGB camera,nadir,nadir,0.9999944862551331,5280,3956,609_depth.tif,True,True,OPENCV,C:\Users\81902\Documents\Codex\2026-09-20\depth-anything-v2-python-uav-rgb\data\uav3dcrop\2025\Day007_Corn\images\609.JPG,C:\Users\81902\Documents\Codex\2026-09-20\depth-anything-v2-python-uav-rgb\data\uav3dcrop_depth\2025\Day007_Corn\609_depth.tif,https://huggingface.co/datasets/Link-Dev/UAV3DCrop/resolve/main/2025/Day007_Corn/images/609.JPG?download=true,https://huggingface.co/datasets/Link-Dev/UAV3DCrop_depth/resolve/main/2025/Day007_Corn_depth/609_depth.tif?download=true,main,metric_raw,8,20000,0.00301953125,0.00782794988155365,0.011828406667438706,-0.00014539830684661865,-0.011087131328612219,-0.01755519183665056,0.48626943005181344,0.0068730319892741625
2025/Day007_Corn,2025,Day007,corn,609.JPG,609,DJI Mavic 3M RGB camera,nadir,nadir,0.9999944862551331,5280,3956,609_depth.tif,True,True,OPENCV,C:\Users\81902\Documents\Codex\2026-09-20\depth-anything-v2-python-uav-rgb\data\uav3dcrop\2025\Day007_Corn\images\609.JPG,C:\Users\81902\Documents\Codex\2026-09-20\depth-anything-v2-python-uav-rgb\data\uav3dcrop_depth\2025\Day007_Corn\609_depth.tif,https://huggingface.co/datasets/Link-Dev/UAV3DCrop/resolve/main/2025/Day007_Corn/images/609.JPG?download=true,https://huggingface.co/datasets/Link-Dev/UAV3DCrop_depth/resolve/main/2025/Day007_Corn_depth/609_depth.tif?download=true,main,metric_bias_corrected,8,20000,0.00301953125,0.007827943992614746,0.011828407162578889,-0.0001453916549682617,-0.011088197441228895,-0.01755787128838876,0.48626943005181344,0.0068730319892741625
2025/Day007_Corn,2025,Day007,corn,609.JPG,609,DJI Mavic 3M RGB camera,nadir,nadir,0.9999944862551331,5280,3956,609_depth.tif,True,True,OPENCV,C:\Users\81902\Documents\Codex\2026-09-20\depth-anything-v2-python-uav-rgb\data\uav3dcrop\2025\Day007_Corn\images\609.JPG,C:\Users\81902\Documents\Codex\2026-09-20\depth-anything-v2-python-uav-rgb\data\uav3dcrop_depth\2025\Day007_Corn\609_depth.tif,https://huggingface.co/datasets/Link-Dev/UAV3DCrop/resolve/main/2025/Day007_Corn/images/609.JPG?download=true,https://huggingface.co/datasets/Link-Dev/UAV3DCrop_depth/resolve/main/2025/Day007_Corn_depth/609_depth.tif?download=true,main,metric_scale_shift,8,20000,0.00301953125,0.0031987031936645508,0.006884257832164712,0.00026789684295654294,0.011079258498890781,0.017540628255096117,0.5124352331606218,0.0068730319892741625
2025/Day007_Corn,2025,Day007,corn,609.JPG,609,DJI Mavic 3M RGB camera,nadir,nadir,0.9999944862551331,5280,3956,609_depth.tif,True,True,OPENCV,C:\Users\81902\Documents\Codex\2026-09-20\depth-anything-v2-python-uav-rgb\data\uav3dcrop\2025\Day007_Corn\images\609.JPG,C:\Users\81902\Documents\Codex\2026-09-20\depth-anything-v2-python-uav-rgb\data\uav3dcrop_depth\2025\Day007_Corn\609_depth.tif,https://huggingface.co/datasets/Link-Dev/UAV3DCrop/resolve/main/2025/Day007_Corn/images/609.JPG?download=true,https://huggingface.co/datasets/Link-Dev/UAV3DCrop_depth/resolve/main/2025/Day007_Corn_depth/609_depth.tif?download=true,main,relative_scale_shift,8,20000,0.00301953125,0.0030468005180358886,0.006880274109976614,0.0002578152656555176,-0.04576028809169741,-0.02395322299842739,0.46321243523316064,0.0068730319892741625
2025/Day007_Corn,2025,Day007,corn,609.JPG,609,DJI Mavic 3M RGB camera,nadir,nadir,0.9999944862551331,5280,3956,609_depth.tif,True,True,OPENCV,C:\Users\81902\Documents\Codex\2026-09-20\depth-anything-v2-python-uav-rgb\data\uav3dcrop\2025\Day007_Corn\images\609.JPG,C:\Users\81902\Documents\Codex\2026-09-20\depth-anything-v2-python-uav-rgb\data\uav3dcrop_depth\2025\Day007_Corn\609_depth.tif,https://huggingface.co/datasets/Link-Dev/UAV3DCrop/resolve/main/2025/Day007_Corn/images/609.JPG?download=true,https://huggingface.co/datasets/Link-Dev/UAV3DCrop_depth/resolve/main/2025/Day007_Corn_depth/609_depth.tif?download=true,main,metric_raw,16,20000,0.00564609375,0.012669622659683228,0.018558512995587268,-0.0004778305530548096,-0.04611295443428987,-0.04895236176362647,0.4751060820367751,0.009579512510379817
2025/Day007_Corn,2025,Day007,corn,609.JPG,609,DJI Mavic 3M RGB camera,nadir,nadir,0.9999944862551331,5280,3956,609_depth.tif,True,True,OPENCV,C:\Users\81902\Documents\Codex\2026-09-20\depth-anything-v2-python-uav-rgb\data\uav3dcrop\2025\Day007_Corn\images\609.JPG,C:\Users\81902\Documents\Codex\2026-09-20\depth-anything-v2-python-uav-rgb\data\uav3dcrop_depth\2025\Day007_Corn\609_depth.tif,https://huggingface.co/datasets/Link-Dev/UAV3DCrop/resolve/main/2025/Day007_Corn/images/609.JPG?download=true,https://huggingface.co/datasets/Link-Dev/UAV3DCrop_depth/resolve/main/2025/Day007_Corn_depth/609_depth.tif?download=true,main,metric_bias_corrected,16,20000,0.00564609375,0.012669624042510987,0.018558512773819525,-0.00047783899307250977,-0.04611314765872449,-0.048953075057850855,0.4751060820367751,0.009579512510379817
2025/Day007_Corn,2025,Day007,corn,609.JPG,609,DJI Mavic 3M RGB camera,nadir,nadir,0.9999944862551331,5280,3956,609_depth.tif,True,True,OPENCV,C:\Users\81902\Documents\Codex\2026-09-20\depth-anything-v2-python-uav-rgb\data\uav3dcrop\2025\Day007_Corn\images\609.JPG,C:\Users\81902\Documents\Codex\2026-09-20\depth-anything-v2-python-uav-rgb\data\uav3dcrop_depth\2025\Day007_Corn\609_depth.tif,https://huggingface.co/datasets/Link-Dev/UAV3DCrop/resolve/main/2025/Day007_Corn/images/609.JPG?download=true,https://huggingface.co/datasets/Link-Dev/UAV3DCrop_depth/resolve/main/2025/Day007_Corn_depth/609_depth.tif?download=true,main,metric_scale_shift,16,20000,0.00564609375,0.005875290298461914,0.00959360101681972,0.0006624664306640625,0.04612094845751286,0.04896335604264135,0.5243281471004243,0.009579512510379817
2025/Day007_Corn,2025,Day007,corn,609.JPG,609,DJI Mavic 3M RGB camera,nadir,nadir,0.9999944862551331,5280,3956,609_depth.tif,True,True,OPENCV,C:\Users\81902\Documents\Codex\2026-09-20\depth-anything-v2-python-uav-rgb\data\uav3dcrop\2025\Day007_Corn\images\609.JPG,C:\Users\81902\Documents\Codex\2026-09-20\depth-anything-v2-python-uav-rgb\data\uav3dcrop_depth\2025\Day007_Corn\609_depth.tif,https://huggingface.co/datasets/Link-Dev/UAV3DCrop/resolve/main/2025/Day007_Corn/images/609.JPG?download=true,https://huggingface.co/datasets/Link-Dev/UAV3DCrop_depth/resolve/main/2025/Day007_Corn_depth/609_depth.tif?download=true,main,relative_scale_shift,16,20000,0.00564609375,0.005689898490905762,0.009605883440996164,0.00063072509765625,-0.053708024046958174,-0.018818060273223743,0.47736916548797736,0.009579512510379817
2025/Day007_Corn,2025,Day007,corn,609.JPG,609,DJI Mavic 3M RGB camera,nadir,nadir,0.9999944862551331,5280,3956,609_depth.tif,True,True,OPENCV,C:\Users\81902\Documents\Codex\2026-09-20\depth-anything-v2-python-uav-rgb\data\uav3dcrop\2025\Day007_Corn\images\609.JPG,C:\Users\81902\Documents\Codex\2026-09-20\depth-anything-v2-python-uav-rgb\data\uav3dcrop_depth\2025\Day007_Corn\609_depth.tif,https://huggingface.co/datasets/Link-Dev/UAV3DCrop/resolve/main/2025/Day007_Corn/images/609.JPG?download=true,https://huggingface.co/datasets/Link-Dev/UAV3DCrop_depth/resolve/main/2025/Day007_Corn_depth/609_depth.tif?download=true,main,metric_raw,32,20000,0.00969375,0.019899275851249693,0.026684072622734853,-0.0006980310201644898,-0.08344233594519812,-0.07961923341159417,0.4662323362084786,0.013824717094189486
2025/Day007_Corn,2025,Day007,corn,609.JPG,609,DJI Mavic 3M RGB camera,nadir,nadir,0.9999944862551331,5280,3956,609_depth.tif,True,True,OPENCV,C:\Users\81902\Documents\Codex\2026-09-20\depth-anything-v2-python-uav-rgb\data\uav3dcrop\2025\Day007_Corn\images\609.JPG,C:\Users\81902\Documents\Codex\2026-09-20\depth-anything-v2-python-uav-rgb\data\uav3dcrop_depth\2025\Day007_Corn\609_depth.tif,https://huggingface.co/datasets/Link-Dev/UAV3DCrop/resolve/main/2025/Day007_Corn/images/609.JPG?download=true,https://huggingface.co/datasets/Link-Dev/UAV3DCrop_depth/resolve/main/2025/Day007_Corn_depth/609_depth.tif?download=true,main,metric_bias_corrected,32,20000,0.00969375,0.019899263286590575,0.026684065998066775,-0.0006980345726013184,-0.08344254710021741,-0.0796202265272376,0.4662323362084786,0.013824717094189486
2025/Day007_Corn,2025,Day007,corn,609.JPG,609,DJI Mavic 3M RGB camera,nadir,nadir,0.9999944862551331,5280,3956,609_depth.tif,True,True,OPENCV,C:\Users\81902\Documents\Codex\2026-09-20\depth-anything-v2-python-uav-rgb\data\uav3dcrop\2025\Day007_Corn\images\609.JPG,C:\Users\81902\Documents\Codex\2026-09-20\depth-anything-v2-python-uav-rgb\data\uav3dcrop_depth\2025\Day007_Corn\609_depth.tif,https://huggingface.co/datasets/Link-Dev/UAV3DCrop/resolve/main/2025/Day007_Corn/images/609.JPG?download=true,https://huggingface.co/datasets/Link-Dev/UAV3DCrop_depth/resolve/main/2025/Day007_Corn_depth/609_depth.tif?download=true,main,metric_scale_shift,32,20000,0.00969375,0.009924407768249512,0.013845118919117237,0.001342452049255371,0.08344442854725946,0.07962509879161621,0.5333088640117453,0.013824717094189486
2025/Day007_Corn,2025,Day007,corn,609.JPG,609,DJI Mavic 3M RGB camera,nadir,nadir,0.9999944862551331,5280,3956,609_depth.tif,True,True,OPENCV,C:\Users\81902\Documents\Codex\2026-09-20\depth-anything-v2-python-uav-rgb\data\uav3dcrop\2025\Day007_Corn\images\609.JPG,C:\Users\81902\Documents\Codex\2026-09-20\depth-anything-v2-python-uav-rgb\data\uav3dcrop_depth\2025\Day007_Corn\609_depth.tif,https://huggingface.co/datasets/Link-Dev/UAV3DCrop/resolve/main/2025/Day007_Corn/images/609.JPG?download=true,https://huggingface.co/datasets/Link-Dev/UAV3DCrop_depth/resolve/main/2025/Day007_Corn_depth/609_depth.tif?download=true,main,relative_scale_shift,32,20000,0.00969375,0.009754344844818115,0.013895145423470978,0.001288971996307373,-0.0506805857408174,-0.0017019065162362664,0.4965131216737016,0.013824717094189486
2025/Day007_Corn,2025,Day007,corn,609.JPG,609,DJI Mavic 3M RGB camera,nadir,nadir,0.9999944862551331,5280,3956,609_depth.tif,True,True,OPENCV,C:\Users\81902\Documents\Codex\2026-09-20\depth-anything-v2-python-uav-rgb\data\uav3dcrop\2025\Day007_Corn\images\609.JPG,C:\Users\81902\Documents\Codex\2026-09-20\depth-anything-v2-python-uav-rgb\data\uav3dcrop_depth\2025\Day007_Corn\609_depth.tif,https://huggingface.co/datasets/Link-Dev/UAV3DCrop/resolve/main/2025/Day007_Corn/images/609.JPG?download=true,https://huggingface.co/datasets/Link-Dev/UAV3DCrop_depth/resolve/main/2025/Day007_Corn_depth/609_depth.tif?download=true,main,metric_raw,64,20000,0.01313203125,0.029793809723854064,0.040385712522526526,-0.0020669912576675416,-0.1177378315822411,-0.07744359299940515,0.4824261275272162,0.0180778578571176
2025/Day007_Corn,2025,Day007,corn,609.JPG,609,DJI Mavic 3M RGB camera,nadir,nadir,0.9999944862551331,5280,3956,609_depth.tif,True,True,OPENCV,C:\Users\81902\Documents\Codex\2026-09-20\depth-anything-v2-python-uav-rgb\data\uav3dcrop\2025\Day007_Corn\images\609.JPG,C:\Users\81902\Documents\Codex\2026-09-20\depth-anything-v2-python-uav-rgb\data\uav3dcrop_depth\2025\Day007_Corn\609_depth.tif,https://huggingface.co/datasets/Link-Dev/UAV3DCrop/resolve/main/2025/Day007_Corn/images/609.JPG?download=true,https://huggingface.co/datasets/Link-Dev/UAV3DCrop_depth/resolve/main/2025/Day007_Corn_depth/609_depth.tif?download=true,main,metric_bias_corrected,64,20000,0.01313203125,0.029793810558319093,0.04038571606257928,-0.0020669859886169434,-0.1177379315282813,-0.07744353050802501,0.4824261275272162,0.0180778578571176
2025/Day007_Corn,2025,Day007,corn,609.JPG,609,DJI Mavic 3M RGB camera,nadir,nadir,0.9999944862551331,5280,3956,609_depth.tif,True,True,OPENCV,C:\Users\81902\Documents\Codex\2026-09-20\depth-anything-v2-python-uav-rgb\data\uav3dcrop\2025\Day007_Corn\images\609.JPG,C:\Users\81902\Documents\Codex\2026-09-20\depth-anything-v2-python-uav-rgb\data\uav3dcrop_depth\2025\Day007_Corn\609_depth.tif,https://huggingface.co/datasets/Link-Dev/UAV3DCrop/resolve/main/2025/Day007_Corn/images/609.JPG?download=true,https://huggingface.co/datasets/Link-Dev/UAV3DCrop_depth/resolve/main/2025/Day007_Corn_depth/609_depth.tif?download=true,main,metric_scale_shift,64,20000,0.01313203125,0.013401508140563964,0.01817022869979169,0.0026908378601074217,0.1177415278747958,0.077452499141544,0.5174183514774494,0.0180778578571176
2025/Day007_Corn,2025,Day007,corn,609.JPG,609,DJI Mavic 3M RGB camera,nadir,nadir,0.9999944862551331,5280,3956,609_depth.tif,True,True,OPENCV,C:\Users\81902\Documents\Codex\2026-09-20\depth-anything-v2-python-uav-rgb\data\uav3dcrop\2025\Day007_Corn\images\609.JPG,C:\Users\81902\Documents\Codex\2026-09-20\depth-anything-v2-python-uav-rgb\data\uav3dcrop_depth\2025\Day007_Corn\609_depth.tif,https://huggingface.co/datasets/Link-Dev/UAV3DCrop/resolve/main/2025/Day007_Corn/images/609.JPG?download=true,https://huggingface.co/datasets/Link-Dev/UAV3DCrop_depth/resolve/main/2025/Day007_Corn_depth/609_depth.tif?download=true,main,relative_scale_shift,64,20000,0.01313203125,0.013230991268157959,0.018291500216321196,0.002557843494415283,-0.08396353514059882,0.002309567340407918,0.4839035769828927,0.0180778578571176
2025/Day007_Corn,2025,Day007,corn,609.JPG,609,DJI Mavic 3M RGB camera,nadir,nadir,0.9999944862551331,5280,3956,609_depth.tif,True,True,OPENCV,C:\Users\81902\Documents\Codex\2026-09-20\depth-anything-v2-python-uav-rgb\data\uav3dcrop\2025\Day007_Corn\images\609.JPG,C:\Users\81902\Documents\Codex\2026-09-20\depth-anything-v2-python-uav-rgb\data\uav3dcrop_depth\2025\Day007_Corn\609_depth.tif,https://huggingface.co/datasets/Link-Dev/UAV3DCrop/resolve/main/2025/Day007_Corn/images/609.JPG?download=true,https://huggingface.co/datasets/Link-Dev/UAV3DCrop_depth/resolve/main/2025/Day007_Corn_depth/609_depth.tif?download=true,main,metric_raw,128,20000,0.0149921875,0.04542341318130493,0.06335379975681232,-0.00442835636138916,-0.18438846811487883,-0.07268533046536078,0.5076367466706794,0.021611908462751357
2025/Day007_Corn,2025,Day007,corn,609.JPG,609,DJI Mavic 3M RGB camera,nadir,nadir,0.9999944862551331,5280,3956,609_depth.tif,True,True,OPENCV,C:\Users\81902\Documents\Codex\2026-09-20\depth-anything-v2-python-uav-rgb\data\uav3dcrop\2025\Day007_Corn\images\609.JPG,C:\Users\81902\Documents\Codex\2026-09-20\depth-anything-v2-python-uav-rgb\data\uav3dcrop_depth\2025\Day007_Corn\609_depth.tif,https://huggingface.co/datasets/Link-Dev/UAV3DCrop/resolve/main/2025/Day007_Corn/images/609.JPG?download=true,https://huggingface.co/datasets/Link-Dev/UAV3DCrop_depth/resolve/main/2025/Day007_Corn_depth/609_depth.tif?download=true,main,metric_bias_corrected,128,20000,0.0149921875,0.0454234148979187,0.06335380169150033,-0.004428353786468506,-0.18438853205115577,-0.07268583975057952,0.5076367466706794,0.021611908462751357
2025/Day007_Corn,2025,Day007,corn,609.JPG,609,DJI Mavic 3M RGB camera,nadir,nadir,0.9999944862551331,5280,3956,609_depth.tif,True,True,OPENCV,C:\Users\81902\Documents\Codex\2026-09-20\depth-anything-v2-python-uav-rgb\data\uav3dcrop\2025\Day007_Corn\images\609.JPG,C:\Users\81902\Documents\Codex\2026-09-20\depth-anything-v2-python-uav-rgb\data\uav3dcrop_depth\2025\Day007_Corn\609_depth.tif,https://huggingface.co/datasets/Link-Dev/UAV3DCrop/resolve/main/2025/Day007_Corn/images/609.JPG?download=true,https://huggingface.co/datasets/Link-Dev/UAV3DCrop_depth/resolve/main/2025/Day007_Corn_depth/609_depth.tif?download=true,main,metric_scale_shift,128,20000,0.0149921875,0.015447060203552247,0.02202723464900756,0.005542561340332031,0.18439001279258946,0.07268410955165218,0.49198705891204575,0.021611908462751357
2025/Day007_Corn,2025,Day007,corn,609.JPG,609,DJI Mavic 3M RGB camera,nadir,nadir,0.9999944862551331,5280,3956,609_depth.tif,True,True,OPENCV,C:\Users\81902\Documents\Codex\2026-09-20\depth-anything-v2-python-uav-rgb\data\uav3dcrop\2025\Day007_Corn\images\609.JPG,C:\Users\81902\Documents\Codex\2026-09-20\depth-anything-v2-python-uav-rgb\data\uav3dcrop_depth\2025\Day007_Corn\609_depth.tif,https://huggingface.co/datasets/Link-Dev/UAV3DCrop/resolve/main/2025/Day007_Corn/images/609.JPG?download=true,https://huggingface.co/datasets/Link-Dev/UAV3DCrop_depth/resolve/main/2025/Day007_Corn_depth/609_depth.tif?download=true,main,relative_scale_shift,128,20000,0.0149921875,0.015153448104858398,0.022317658712293666,0.005257544136047363,-0.0977675886166813,0.036809997031213446,0.48408697614927393,0.021611908462751357
2025/Day007_Corn,2025,Day007,corn,639.JPG,639,DJI Mavic 3M RGB camera,nadir,nadir,0.9999842408219877,5280,3956,639_depth.tif,True,True,OPENCV,C:\Users\81902\Documents\Codex\2026-09-20\depth-anything-v2-python-uav-rgb\data\uav3dcrop\2025\Day007_Corn\images\639.JPG,C:\Users\81902\Documents\Codex\2026-09-20\depth-anything-v2-python-uav-rgb\data\uav3dcrop_depth\2025\Day007_Corn\639_depth.tif,https://huggingface.co/datasets/Link-Dev/UAV3DCrop/resolve/main/2025/Day007_Corn/images/639.JPG?download=true,https://huggingface.co/datasets/Link-Dev/UAV3DCrop_depth/resolve/main/2025/Day007_Corn_depth/639_depth.tif?download=true,main,metric_raw,8,20000,0.00118046875,0.007006680464744568,0.03281073230110672,-0.0007403113603591919,-0.0031473569087627886,-0.009911464924599834,0.47877984084880637,0.004303118688153505
2025/Day007_Corn,2025,Day007,corn,639.JPG,639,DJI Mavic 3M RGB camera,nadir,nadir,0.9999842408219877,5280,3956,639_depth.tif,True,True,OPENCV,C:\Users\81902\Documents\Codex\2026-09-20\depth-anything-v2-python-uav-rgb\data\uav3dcrop\2025\Day007_Corn\images\639.JPG,C:\Users\81902\Documents\Codex\2026-09-20\depth-anything-v2-python-uav-rgb\data\uav3dcrop_depth\2025\Day007_Corn\639_depth.tif,https://huggingface.co/datasets/Link-Dev/UAV3DCrop/resolve/main/2025/Day007_Corn/images/639.JPG?download=true,https://huggingface.co/datasets/Link-Dev/UAV3DCrop_depth/resolve/main/2025/Day007_Corn_depth/639_depth.tif?download=true,main,metric_bias_corrected,8,20000,0.00118046875,0.007006675148010254,0.03281072561316242,-0.0007403139114379883,-0.0031474434709492915,-0.009910642032532627,0.47877984084880637,0.004303118688153505
2025/Day007_Corn,2025,Day007,corn,639.JPG,639,DJI Mavic 3M RGB camera,nadir,nadir,0.9999842408219877,5280,3956,639_depth.tif,True,True,OPENCV,C:\Users\81902\Documents\Codex\2026-09-20\depth-anything-v2-python-uav-rgb\data\uav3dcrop\2025\Day007_Corn\images\639.JPG,C:\Users\81902\Documents\Codex\2026-09-20\depth-anything-v2-python-uav-rgb\data\uav3dcrop_depth\2025\Day007_Corn\639_depth.tif,https://huggingface.co/datasets/Link-Dev/UAV3DCrop/resolve/main/2025/Day007_Corn/images/639.JPG?download=true,https://huggingface.co/datasets/Link-Dev/UAV3DCrop_depth/resolve/main/2025/Day007_Corn_depth/639_depth.tif?download=true,main,metric_scale_shift,8,20000,0.00118046875,0.0012474343299865723,0.004318878050026377,4.422063827514648e-05,0.0031257093843296484,0.009791493552990757,0.5185676392572944,0.004303118688153505
2025/Day007_Corn,2025,Day007,corn,639.JPG,639,DJI Mavic 3M RGB camera,nadir,nadir,0.9999842408219877,5280,3956,639_depth.tif,True,True,OPENCV,C:\Users\81902\Documents\Codex\2026-09-20\depth-anything-v2-python-uav-rgb\data\uav3dcrop\2025\Day007_Corn\images\639.JPG,C:\Users\81902\Documents\Codex\2026-09-20\depth-anything-v2-python-uav-rgb\data\uav3dcrop_depth\2025\Day007_Corn\639_depth.tif,https://huggingface.co/datasets/Link-Dev/UAV3DCrop/resolve/main/2025/Day007_Corn/images/639.JPG?download=true,https://huggingface.co/datasets/Link-Dev/UAV3DCrop_depth/resolve/main/2025/Day007_Corn_depth/639_depth.tif?download=true,main,relative_scale_shift,8,20000,0.00118046875,0.0012176218032836914,0.004304040814378647,4.8096084594726564e-05,0.0018269708134845354,0.003192071613624474,0.4953580901856764,0.004303118688153505
2025/Day007_Corn,2025,Day007,corn,639.JPG,639,DJI Mavic 3M RGB camera,nadir,nadir,0.9999842408219877,5280,3956,639_depth.tif,True,True,OPENCV,C:\Users\81902\Documents\Codex\2026-09-20\depth-anything-v2-python-uav-rgb\data\uav3dcrop\2025\Day007_Corn\images\639.JPG,C:\Users\81902\Documents\Codex\2026-09-20\depth-anything-v2-python-uav-rgb\data\uav3dcrop_depth\2025\Day007_Corn\639_depth.tif,https://huggingface.co/datasets/Link-Dev/UAV3DCrop/resolve/main/2025/Day007_Corn/images/639.JPG?download=true,https://huggingface.co/datasets/Link-Dev/UAV3DCrop_depth/resolve/main/2025/Day007_Corn_depth/639_depth.tif?download=true,main,metric_raw,16,20000,0.00219921875,0.011300666737556458,0.017827656589768152,-0.001176093602180481,-0.006924747545892224,-0.014516601883589842,0.4823867721063983,0.005938120804305302
2025/Day007_Corn,2025,Day007,corn,639.JPG,639,DJI Mavic 3M RGB camera,nadir,nadir,0.9999842408219877,5280,3956,639_depth.tif,True,True,OPENCV,C:\Users\81902\Documents\Codex\2026-09-20\depth-anything-v2-python-uav-rgb\data\uav3dcrop\2025\Day007_Corn\images\639.JPG,C:\Users\81902\Documents\Codex\2026-09-20\depth-anything-v2-python-uav-rgb\data\uav3dcrop_depth\2025\Day007_Corn\639_depth.tif,https://huggingface.co/datasets/Link-Dev/UAV3DCrop/resolve/main/2025/Day007_Corn/images/639.JPG?download=true,https://huggingface.co/datasets/Link-Dev/UAV3DCrop_depth/resolve/main/2025/Day007_Corn_depth/639_depth.tif?download=true,main,metric_bias_corrected,16,20000,0.00219921875,0.011300653839111328,0.017827650959385447,-0.0011761062622070312,-0.006924432191249169,-0.014515333473134212,0.4823867721063983,0.005938120804305302
2025/Day007_Corn,2025,Day007,corn,639.JPG,639,DJI Mavic 3M RGB camera,nadir,nadir,0.9999842408219877,5280,3956,639_depth.tif,True,True,OPENCV,C:\Users\81902\Documents\Codex\2026-09-20\depth-anything-v2-python-uav-rgb\data\uav3dcrop\2025\Day007_Corn\images\639.JPG,C:\Users\81902\Documents\Codex\2026-09-20\depth-anything-v2-python-uav-rgb\data\uav3dcrop_depth\2025\Day007_Corn\639_depth.tif,https://huggingface.co/datasets/Link-Dev/UAV3DCrop/resolve/main/2025/Day007_Corn/images/639.JPG?download=true,https://huggingface.co/datasets/Link-Dev/UAV3DCrop_depth/resolve/main/2025/Day007_Corn_depth/639_depth.tif?download=true,main,metric_scale_shift,16,20000,0.00219921875,0.0022997928619384765,0.0059405665061316,8.408393859863282e-05,0.006976035555934046,0.014603142699094832,0.514018691588785,0.005938120804305302
2025/Day007_Corn,2025,Day007,corn,639.JPG,639,DJI Mavic 3M RGB camera,nadir,nadir,0.9999842408219877,5280,3956,639_depth.tif,True,True,OPENCV,C:\Users\81902\Documents\Codex\2026-09-20\depth-anything-v2-python-uav-rgb\data\uav3dcrop\2025\Day007_Corn\images\639.JPG,C:\Users\81902\Documents\Codex\2026-09-20\depth-anything-v2-python-uav-rgb\data\uav3dcrop_depth\2025\Day007_Corn\639_depth.tif,https://huggingface.co/datasets/Link-Dev/UAV3DCrop/resolve/main/2025/Day007_Corn/images/639.JPG?download=true,https://huggingface.co/datasets/Link-Dev/UAV3DCrop_depth/resolve/main/2025/Day007_Corn_depth/639_depth.tif?download=true,main,relative_scale_shift,16,20000,0.00219921875,0.0022673130989074707,0.005939180069979832,9.775400161743164e-05,0.00640850451983545,0.0016557294509183989,0.4931703810208483,0.005938120804305302
2025/Day007_Corn,2025,Day007,corn,639.JPG,639,DJI Mavic 3M RGB camera,nadir,nadir,0.9999842408219877,5280,3956,639_depth.tif,True,True,OPENCV,C:\Users\81902\Documents\Codex\2026-09-20\depth-anything-v2-python-uav-rgb\data\uav3dcrop\2025\Day007_Corn\images\639.JPG,C:\Users\81902\Documents\Codex\2026-09-20\depth-anything-v2-python-uav-rgb\data\uav3dcrop_depth\2025\Day007_Corn\639_depth.tif,https://huggingface.co/datasets/Link-Dev/UAV3DCrop/resolve/main/2025/Day007_Corn/images/639.JPG?download=true,https://huggingface.co/datasets/Link-Dev/UAV3DCrop_depth/resolve/main/2025/Day007_Corn_depth/639_depth.tif?download=true,main,metric_raw,32,20000,0.003734375,0.017628913140296937,0.025748172602035775,-0.0017195717573165892,-0.029571218131372163,-0.021592848791884063,0.48344370860927155,0.007895143972078265
2025/Day007_Corn,2025,Day007,corn,639.JPG,639,DJI Mavic 3M RGB camera,nadir,nadir,0.9999842408219877,5280,3956,639_depth.tif,True,True,OPENCV,C:\Users\81902\Documents\Codex\2026-09-20\depth-anything-v2-python-uav-rgb\data\uav3dcrop\2025\Day007_Corn\images\639.JPG,C:\Users\81902\Documents\Codex\2026-09-20\depth-anything-v2-python-uav-rgb\data\uav3dcrop_depth\2025\Day007_Corn\639_depth.tif,https://huggingface.co/datasets/Link-Dev/UAV3DCrop/resolve/main/2025/Day007_Corn/images/639.JPG?download=true,https://huggingface.co/datasets/Link-Dev/UAV3DCrop_depth/resolve/main/2025/Day007_Corn_depth/639_depth.tif?download=true,main,metric_bias_corrected,32,20000,0.003734375,0.017628910827636717,0.02574817254933366,-0.001719566535949707,-0.02957120595689984,-0.021593722729637187,0.4832300790429395,0.007895143972078265
2025/Day007_Corn,2025,Day007,corn,639.JPG,639,DJI Mavic 3M RGB camera,nadir,nadir,0.9999842408219877,5280,3956,639_depth.tif,True,True,OPENCV,C:\Users\81902\Documents\Codex\2026-09-20\depth-anything-v2-python-uav-rgb\data\uav3dcrop\2025\Day007_Corn\images\639.JPG,C:\Users\81902\Documents\Codex\2026-09-20\depth-anything-v2-python-uav-rgb\data\uav3dcrop_depth\2025\Day007_Corn\639_depth.tif,https://huggingface.co/datasets/Link-Dev/UAV3DCrop/resolve/main/2025/Day007_Corn/images/639.JPG?download=true,https://huggingface.co/datasets/Link-Dev/UAV3DCrop_depth/resolve/main/2025/Day007_Corn_depth/639_depth.tif?download=true,main,metric_scale_shift,32,20000,0.003734375,0.003873847770690918,0.007893549181203776,0.00016393508911132813,0.029567139869110838,0.02157943871240529,0.5144199957274087,0.007895143972078265
2025/Day007_Corn,2025,Day007,corn,639.JPG,639,DJI Mavic 3M RGB camera,nadir,nadir,0.9999842408219877,5280,3956,639_depth.tif,True,True,OPENCV,C:\Users\81902\Documents\Codex\2026-09-20\depth-anything-v2-python-uav-rgb\data\uav3dcrop\2025\Day007_Corn\images\639.JPG,C:\Users\81902\Documents\Codex\2026-09-20\depth-anything-v2-python-uav-rgb\data\uav3dcrop_depth\2025\Day007_Corn\639_depth.tif,https://huggingface.co/datasets/Link-Dev/UAV3DCrop/resolve/main/2025/Day007_Corn/images/639.JPG?download=true,https://huggingface.co/datasets/Link-Dev/UAV3DCrop_depth/resolve/main/2025/Day007_Corn_depth/639_depth.tif?download=true,main,relative_scale_shift,32,20000,0.003734375,0.0038505393028259276,0.007899225663062929,0.00019593782424926759,0.004684623492395949,0.00799035542644547,0.49967955565050204,0.007895143972078265
2025/Day007_Corn,2025,Day007,corn,639.JPG,639,DJI Mavic 3M RGB camera,nadir,nadir,0.9999842408219877,5280,3956,639_depth.tif,True,True,OPENCV,C:\Users\81902\Documents\Codex\2026-09-20\depth-anything-v2-python-uav-rgb\data\uav3dcrop\2025\Day007_Corn\images\639.JPG,C:\Users\81902\Documents\Codex\2026-09-20\depth-anything-v2-python-uav-rgb\data\uav3dcrop_depth\2025\Day007_Corn\639_depth.tif,https://huggingface.co/datasets/Link-Dev/UAV3DCrop/resolve/main/2025/Day007_Corn/images/639.JPG?download=true,https://huggingface.co/datasets/Link-Dev/UAV3DCrop_depth/resolve/main/2025/Day007_Corn_depth/639_depth.tif?download=true,main,metric_raw,64,20000,0.0052703125,0.027055401825904848,0.041382583447175846,-0.003440810704231262,-0.031901536166659736,-0.01715132076265991,0.4908314890926336,0.01049911454599863
2025/Day007_Corn,2025,Day007,corn,639.JPG,639,DJI Mavic 3M RGB camera,nadir,nadir,0.9999842408219877,5280,3956,639_depth.tif,True,True,OPENCV,C:\Users\81902\Documents\Codex\2026-09-20\depth-anything-v2-python-uav-rgb\data\uav3dcrop\2025\Day007_Corn\images\639.JPG,C:\Users\81902\Documents\Codex\2026-09-20\depth-anything-v2-python-uav-rgb\data\uav3dcrop_depth\2025\Day007_Corn\639_depth.tif,https://huggingface.co/datasets/Link-Dev/UAV3DCrop/resolve/main/2025/Day007_Corn/images/639.JPG?download=true,https://huggingface.co/datasets/Link-Dev/UAV3DCrop_depth/resolve/main/2025/Day007_Corn_depth/639_depth.tif?download=true,main,metric_bias_corrected,64,20000,0.0052703125,0.02705539855957031,0.04138258638760402,-0.0034408111572265627,-0.0319016153144021,-0.01715195083715907,0.4908314890926336,0.01049911454599863
2025/Day007_Corn,2025,Day007,corn,639.JPG,639,DJI Mavic 3M RGB camera,nadir,nadir,0.9999842408219877,5280,3956,639_depth.tif,True,True,OPENCV,C:\Users\81902\Documents\Codex\2026-09-20\depth-anything-v2-python-uav-rgb\data\uav3dcrop\2025\Day007_Corn\images\639.JPG,C:\Users\81902\Documents\Codex\2026-09-20\depth-anything-v2-python-uav-rgb\data\uav3dcrop_depth\2025\Day007_Corn\639_depth.tif,https://huggingface.co/datasets/Link-Dev/UAV3DCrop/resolve/main/2025/Day007_Corn/images/639.JPG?download=true,https://huggingface.co/datasets/Link-Dev/UAV3DCrop_depth/resolve/main/2025/Day007_Corn_depth/639_depth.tif?download=true,main,metric_scale_shift,64,20000,0.0052703125,0.00546256160736084,0.010496289224959118,0.00019193058013916017,0.03191063632072628,0.0171484200378298,0.5075877331647171,0.01049911454599863
2025/Day007_Corn,2025,Day007,corn,639.JPG,639,DJI Mavic 3M RGB camera,nadir,nadir,0.9999842408219877,5280,3956,639_depth.tif,True,True,OPENCV,C:\Users\81902\Documents\Codex\2026-09-20\depth-anything-v2-python-uav-rgb\data\uav3dcrop\2025\Day007_Corn\images\639.JPG,C:\Users\81902\Documents\Codex\2026-09-20\depth-anything-v2-python-uav-rgb\data\uav3dcrop_depth\2025\Day007_Corn\639_depth.tif,https://huggingface.co/datasets/Link-Dev/UAV3DCrop/resolve/main/2025/Day007_Corn/images/639.JPG?download=true,https://huggingface.co/datasets/Link-Dev/UAV3DCrop_depth/resolve/main/2025/Day007_Corn_depth/639_depth.tif?download=true,main,relative_scale_shift,64,20000,0.0052703125,0.00547018461227417,0.01050176643416997,0.00025954408645629883,0.020234617587273945,0.022015723918552662,0.510433133101486,0.01049911454599863
2025/Day007_Corn,2025,Day007,corn,639.JPG,639,DJI Mavic 3M RGB camera,nadir,nadir,0.9999842408219877,5280,3956,639_depth.tif,True,True,OPENCV,C:\Users\81902\Documents\Codex\2026-09-20\depth-anything-v2-python-uav-rgb\data\uav3dcrop\2025\Day007_Corn\images\639.JPG,C:\Users\81902\Documents\Codex\2026-09-20\depth-anything-v2-python-uav-rgb\data\uav3dcrop_depth\2025\Day007_Corn\639_depth.tif,https://huggingface.co/datasets/Link-Dev/UAV3DCrop/resolve/main/2025/Day007_Corn/images/639.JPG?download=true,https://huggingface.co/datasets/Link-Dev/UAV3DCrop_depth/resolve/main/2025/Day007_Corn_depth/639_depth.tif?download=true,main,metric_raw,128,20000,0.00608359375,0.0415555248260498,0.06472798004534475,-0.007102642440795898,-0.07187601009752655,-0.020318575597158973,0.5138206819138488,0.012458086737974593
2025/Day007_Corn,2025,Day007,corn,639.JPG,639,DJI Mavic 3M RGB camera,nadir,nadir,0.9999842408219877,5280,3956,639_depth.tif,True,True,OPENCV,C:\Users\81902\Documents\Codex\2026-09-20\depth-anything-v2-python-uav-rgb\data\uav3dcrop\2025\Day007_Corn\images\639.JPG,C:\Users\81902\Documents\Codex\2026-09-20\depth-anything-v2-python-uav-rgb\data\uav3dcrop_depth\2025\Day007_Corn\639_depth.tif,https://huggingface.co/datasets/Link-Dev/UAV3DCrop/resolve/main/2025/Day007_Corn/images/639.JPG?download=true,https://huggingface.co/datasets/Link-Dev/UAV3DCrop_depth/resolve/main/2025/Day007_Corn_depth/639_depth.tif?download=true,main,metric_bias_corrected,128,20000,0.00608359375,0.041555514144897464,0.06472796879491487,-0.007102645111083984,-0.07187603013850935,-0.020319150792053785,0.5138206819138488,0.012458086737974593
2025/Day007_Corn,2025,Day007,corn,639.JPG,639,DJI Mavic 3M RGB camera,nadir,nadir,0.9999842408219877,5280,3956,639_depth.tif,True,True,OPENCV,C:\Users\81902\Documents\Codex\2026-09-20\depth-anything-v2-python-uav-rgb\data\uav3dcrop\2025\Day007_Corn\images\639.JPG,C:\Users\81902\Documents\Codex\2026-09-20\depth-anything-v2-python-uav-rgb\data\uav3dcrop_depth\2025\Day007_Corn\639_depth.tif,https://huggingface.co/datasets/Link-Dev/UAV3DCrop/resolve/main/2025/Day007_Corn/images/639.JPG?download=true,https://huggingface.co/datasets/Link-Dev/UAV3DCrop_depth/resolve/main/2025/Day007_Corn_depth/639_depth.tif?download=true,main,metric_scale_shift,128,20000,0.00608359375,0.006353030014038086,0.01244909064514986,0.0007413429260253907,0.07189147502082613,0.020345011604976624,0.4853374491370843,0.012458086737974593
2025/Day007_Corn,2025,Day007,corn,639.JPG,639,DJI Mavic 3M RGB camera,nadir,nadir,0.9999842408219877,5280,3956,639_depth.tif,True,True,OPENCV,C:\Users\81902\Documents\Codex\2026-09-20\depth-anything-v2-python-uav-rgb\data\uav3dcrop\2025\Day007_Corn\images\639.JPG,C:\Users\81902\Documents\Codex\2026-09-20\depth-anything-v2-python-uav-rgb\data\uav3dcrop_depth\2025\Day007_Corn\639_depth.tif,https://huggingface.co/datasets/Link-Dev/UAV3DCrop/resolve/main/2025/Day007_Corn/images/639.JPG?download=true,https://huggingface.co/datasets/Link-Dev/UAV3DCrop_depth/resolve/main/2025/Day007_Corn_depth/639_depth.tif?download=true,main,relative_scale_shift,128,20000,0.00608359375,0.006433310604095459,0.012475588723178459,0.0008767851829528809,0.0481549259990383,0.04254824784092961,0.5037182545250456,0.012458086737974593
2025/Day007_Corn,2025,Day007,corn,670.JPG,670,DJI Mavic 3M RGB camera,nadir,nadir,0.9999760870075198,5280,3956,670_depth.tif,True,True,OPENCV,C:\Users\81902\Documents\Codex\2026-09-20\depth-anything-v2-python-uav-rgb\data\uav3dcrop\2025\Day007_Corn\images\670.JPG,C:\Users\81902\Documents\Codex\2026-09-20\depth-anything-v2-python-uav-rgb\data\uav3dcrop_depth\2025\Day007_Corn\670_depth.tif,https://huggingface.co/datasets/Link-Dev/UAV3DCrop/resolve/main/2025/Day007_Corn/images/670.JPG?download=true,https://huggingface.co/datasets/Link-Dev/UAV3DCrop_depth/resolve/main/2025/Day007_Corn_depth/670_depth.tif?download=true,main,metric_raw,8,20000,0.00407421875,0.010625173926353454,0.017179833337083866,-0.0019577460050582886,0.0724297232660259,0.02472796414237737,0.5139416983523447,0.009819869315526732
2025/Day007_Corn,2025,Day007,corn,670.JPG,670,DJI Mavic 3M RGB camera,nadir,nadir,0.9999760870075198,5280,3956,670_depth.tif,True,True,OPENCV,C:\Users\81902\Documents\Codex\2026-09-20\depth-anything-v2-python-uav-rgb\data\uav3dcrop\2025\Day007_Corn\images\670.JPG,C:\Users\81902\Documents\Codex\2026-09-20\depth-anything-v2-python-uav-rgb\data\uav3dcrop_depth\2025\Day007_Corn\670_depth.tif,https://huggingface.co/datasets/Link-Dev/UAV3DCrop/resolve/main/2025/Day007_Corn/images/670.JPG?download=true,https://huggingface.co/datasets/Link-Dev/UAV3DCrop_depth/resolve/main/2025/Day007_Corn_depth/670_depth.tif?download=true,main,metric_bias_corrected,8,20000,0.00407421875,0.010625178050994872,0.017179833612946196,-0.001957741069793701,0.07242973717875023,0.024726482890170074,0.5139416983523447,0.009819869315526732
2025/Day007_Corn,2025,Day007,corn,670.JPG,670,DJI Mavic 3M RGB camera,nadir,nadir,0.9999760870075198,5280,3956,670_depth.tif,True,True,OPENCV,C:\Users\81902\Documents\Codex\2026-09-20\depth-anything-v2-python-uav-rgb\data\uav3dcrop\2025\Day007_Corn\images\670.JPG,C:\Users\81902\Documents\Codex\2026-09-20\depth-anything-v2-python-uav-rgb\data\uav3dcrop_depth\2025\Day007_Corn\670_depth.tif,https://huggingface.co/datasets/Link-Dev/UAV3DCrop/resolve/main/2025/Day007_Corn/images/670.JPG?download=true,https://huggingface.co/datasets/Link-Dev/UAV3DCrop_depth/resolve/main/2025/Day007_Corn_depth/670_depth.tif?download=true,main,metric_scale_shift,8,20000,0.00407421875,0.004637544918060303,0.010010761380668183,-0.00026349382400512694,-0.07243044042074034,-0.024724802564279776,0.4847908745247148,0.009819869315526732
2025/Day007_Corn,2025,Day007,corn,670.JPG,670,DJI Mavic 3M RGB camera,nadir,nadir,0.9999760870075198,5280,3956,670_depth.tif,True,True,OPENCV,C:\Users\81902\Documents\Codex\2026-09-20\depth-anything-v2-python-uav-rgb\data\uav3dcrop\2025\Day007_Corn\images\670.JPG,C:\Users\81902\Documents\Codex\2026-09-20\depth-anything-v2-python-uav-rgb\data\uav3dcrop_depth\2025\Day007_Corn\670_depth.tif,https://huggingface.co/datasets/Link-Dev/UAV3DCrop/resolve/main/2025/Day007_Corn/images/670.JPG?download=true,https://huggingface.co/datasets/Link-Dev/UAV3DCrop_depth/resolve/main/2025/Day007_Corn_depth/670_depth.tif?download=true,main,relative_scale_shift,8,20000,0.00407421875,0.004322196292877198,0.010112389649403612,-0.0003814557075500488,-0.3444897898228153,-0.13304654062239823,0.4064216307562315,0.009819869315526732
2025/Day007_Corn,2025,Day007,corn,670.JPG,670,DJI Mavic 3M RGB camera,nadir,nadir,0.9999760870075198,5280,3956,670_depth.tif,True,True,OPENCV,C:\Users\81902\Documents\Codex\2026-09-20\depth-anything-v2-python-uav-rgb\data\uav3dcrop\2025\Day007_Corn\images\670.JPG,C:\Users\81902\Documents\Codex\2026-09-20\depth-anything-v2-python-uav-rgb\data\uav3dcrop_depth\2025\Day007_Corn\670_depth.tif,https://huggingface.co/datasets/Link-Dev/UAV3DCrop/resolve/main/2025/Day007_Corn/images/670.JPG?download=true,https://huggingface.co/datasets/Link-Dev/UAV3DCrop_depth/resolve/main/2025/Day007_Corn_depth/670_depth.tif?download=true,main,metric_raw,16,20000,0.00777578125,0.017943610405921937,0.028819622243509913,-0.003960061430931091,0.13523861025570807,0.04153761192323996,0.5165340626553954,0.01568727182898682
2025/Day007_Corn,2025,Day007,corn,670.JPG,670,DJI Mavic 3M RGB camera,nadir,nadir,0.9999760870075198,5280,3956,670_depth.tif,True,True,OPENCV,C:\Users\81902\Documents\Codex\2026-09-20\depth-anything-v2-python-uav-rgb\data\uav3dcrop\2025\Day007_Corn\images\670.JPG,C:\Users\81902\Documents\Codex\2026-09-20\depth-anything-v2-python-uav-rgb\data\uav3dcrop_depth\2025\Day007_Corn\670_depth.tif,https://huggingface.co/datasets/Link-Dev/UAV3DCrop/resolve/main/2025/Day007_Corn/images/670.JPG?download=true,https://huggingface.co/datasets/Link-Dev/UAV3DCrop_depth/resolve/main/2025/Day007_Corn_depth/670_depth.tif?download=true,main,metric_bias_corrected,16,20000,0.00777578125,0.01794362154006958,0.028819624774116714,-0.00396005334854126,0.13523855425829417,0.04153740590185656,0.5165340626553954,0.01568727182898682
2025/Day007_Corn,2025,Day007,corn,670.JPG,670,DJI Mavic 3M RGB camera,nadir,nadir,0.9999760870075198,5280,3956,670_depth.tif,True,True,OPENCV,C:\Users\81902\Documents\Codex\2026-09-20\depth-anything-v2-python-uav-rgb\data\uav3dcrop\2025\Day007_Corn\images\670.JPG,C:\Users\81902\Documents\Codex\2026-09-20\depth-anything-v2-python-uav-rgb\data\uav3dcrop_depth\2025\Day007_Corn\670_depth.tif,https://huggingface.co/datasets/Link-Dev/UAV3DCrop/resolve/main/2025/Day007_Corn/images/670.JPG?download=true,https://huggingface.co/datasets/Link-Dev/UAV3DCrop_depth/resolve/main/2025/Day007_Corn_depth/670_depth.tif?download=true,main,metric_scale_shift,16,20000,0.00777578125,0.008573859405517577,0.01619567520300105,-0.000641446304321289,-0.13523787216608363,-0.04153845311674026,0.4833416210840378,0.01568727182898682
2025/Day007_Corn,2025,Day007,corn,670.JPG,670,DJI Mavic 3M RGB camera,nadir,nadir,0.9999760870075198,5280,3956,670_depth.tif,True,True,OPENCV,C:\Users\81902\Documents\Codex\2026-09-20\depth-anything-v2-python-uav-rgb\data\uav3dcrop\2025\Day007_Corn\images\670.JPG,C:\Users\81902\Documents\Codex\2026-09-20\depth-anything-v2-python-uav-rgb\data\uav3dcrop_depth\2025\Day007_Corn\670_depth.tif,https://huggingface.co/datasets/Link-Dev/UAV3DCrop/resolve/main/2025/Day007_Corn/images/670.JPG?download=true,https://huggingface.co/datasets/Link-Dev/UAV3DCrop_depth/resolve/main/2025/Day007_Corn_depth/670_depth.tif?download=true,main,relative_scale_shift,16,20000,0.00777578125,0.00822962589263916,0.016453219915340826,-0.0009096918106079101,-0.4681309629991247,-0.16945730798209427,0.42441571357533564,0.01568727182898682
2025/Day007_Corn,2025,Day007,corn,670.JPG,670,DJI Mavic 3M RGB camera,nadir,nadir,0.9999760870075198,5280,3956,670_depth.tif,True,True,OPENCV,C:\Users\81902\Documents\Codex\2026-09-20\depth-anything-v2-python-uav-rgb\data\uav3dcrop\2025\Day007_Corn\images\670.JPG,C:\Users\81902\Documents\Codex\2026-09-20\depth-anything-v2-python-uav-rgb\data\uav3dcrop_depth\2025\Day007_Corn\670_depth.tif,https://huggingface.co/datasets/Link-Dev/UAV3DCrop/resolve/main/2025/Day007_Corn/images/670.JPG?download=true,https://huggingface.co/datasets/Link-Dev/UAV3DCrop_depth/resolve/main/2025/Day007_Corn_depth/670_depth.tif?download=true,main,metric_raw,32,20000,0.0131328125,0.028611450171470643,0.045415181720358536,-0.0073157596349716185,0.1702490491441106,0.05136125071821843,0.5195876288659794,0.024011158243925752
2025/Day007_Corn,2025,Day007,corn,670.JPG,670,DJI Mavic 3M RGB camera,nadir,nadir,0.9999760870075198,5280,3956,670_depth.tif,True,True,OPENCV,C:\Users\81902\Documents\Codex\2026-09-20\depth-anything-v2-python-uav-rgb\data\uav3dcrop\2025\Day007_Corn\images\670.JPG,C:\Users\81902\Documents\Codex\2026-09-20\depth-anything-v2-python-uav-rgb\data\uav3dcrop_depth\2025\Day007_Corn\670_depth.tif,https://huggingface.co/datasets/Link-Dev/UAV3DCrop/resolve/main/2025/Day007_Corn/images/670.JPG?download=true,https://huggingface.co/datasets/Link-Dev/UAV3DCrop_depth/resolve/main/2025/Day007_Corn_depth/670_depth.tif?download=true,main,metric_bias_corrected,32,20000,0.0131328125,0.028611452770233154,0.04541518556638197,-0.007315769481658936,0.17024892218621368,0.05136166594305429,0.5195876288659794,0.024011158243925752
2025/Day007_Corn,2025,Day007,corn,670.JPG,670,DJI Mavic 3M RGB camera,nadir,nadir,0.9999760870075198,5280,3956,670_depth.tif,True,True,OPENCV,C:\Users\81902\Documents\Codex\2026-09-20\depth-anything-v2-python-uav-rgb\data\uav3dcrop\2025\Day007_Corn\images\670.JPG,C:\Users\81902\Documents\Codex\2026-09-20\depth-anything-v2-python-uav-rgb\data\uav3dcrop_depth\2025\Day007_Corn\670_depth.tif,https://huggingface.co/datasets/Link-Dev/UAV3DCrop/resolve/main/2025/Day007_Corn/images/670.JPG?download=true,https://huggingface.co/datasets/Link-Dev/UAV3DCrop_depth/resolve/main/2025/Day007_Corn_depth/670_depth.tif?download=true,main,metric_scale_shift,32,20000,0.0131328125,0.014169561004638672,0.02496874254262453,-0.0007173942565917969,-0.17024981142570594,-0.05136583307258392,0.47989690721649486,0.024011158243925752
2025/Day007_Corn,2025,Day007,corn,670.JPG,670,DJI Mavic 3M RGB camera,nadir,nadir,0.9999760870075198,5280,3956,670_depth.tif,True,True,OPENCV,C:\Users\81902\Documents\Codex\2026-09-20\depth-anything-v2-python-uav-rgb\data\uav3dcrop\2025\Day007_Corn\images\670.JPG,C:\Users\81902\Documents\Codex\2026-09-20\depth-anything-v2-python-uav-rgb\data\uav3dcrop_depth\2025\Day007_Corn\670_depth.tif,https://huggingface.co/datasets/Link-Dev/UAV3DCrop/resolve/main/2025/Day007_Corn/images/670.JPG?download=true,https://huggingface.co/datasets/Link-Dev/UAV3DCrop_depth/resolve/main/2025/Day007_Corn_depth/670_depth.tif?download=true,main,relative_scale_shift,32,20000,0.0131328125,0.013900388240814208,0.02563158950408669,-0.0012009493827819825,-0.5282405412460394,-0.17777856849473564,0.4292955326460481,0.024011158243925752
2025/Day007_Corn,2025,Day007,corn,670.JPG,670,DJI Mavic 3M RGB camera,nadir,nadir,0.9999760870075198,5280,3956,670_depth.tif,True,True,OPENCV,C:\Users\81902\Documents\Codex\2026-09-20\depth-anything-v2-python-uav-rgb\data\uav3dcrop\2025\Day007_Corn\images\670.JPG,C:\Users\81902\Documents\Codex\2026-09-20\depth-anything-v2-python-uav-rgb\data\uav3dcrop_depth\2025\Day007_Corn\670_depth.tif,https://huggingface.co/datasets/Link-Dev/UAV3DCrop/resolve/main/2025/Day007_Corn/images/670.JPG?download=true,https://huggingface.co/datasets/Link-Dev/UAV3DCrop_depth/resolve/main/2025/Day007_Corn_depth/670_depth.tif?download=true,main,metric_raw,64,20000,0.0197171875,0.042722433423995974,0.06813319065577303,-0.014578505325317383,0.18580253523522763,0.06229738549522912,0.5199765413092882,0.037420285587332174
2025/Day007_Corn,2025,Day007,corn,670.JPG,670,DJI Mavic 3M RGB camera,nadir,nadir,0.9999760870075198,5280,3956,670_depth.tif,True,True,OPENCV,C:\Users\81902\Documents\Codex\2026-09-20\depth-anything-v2-python-uav-rgb\data\uav3dcrop\2025\Day007_Corn\images\670.JPG,C:\Users\81902\Documents\Codex\2026-09-20\depth-anything-v2-python-uav-rgb\data\uav3dcrop_depth\2025\Day007_Corn\670_depth.tif,https://huggingface.co/datasets/Link-Dev/UAV3DCrop/resolve/main/2025/Day007_Corn/images/670.JPG?download=true,https://huggingface.co/datasets/Link-Dev/UAV3DCrop_depth/resolve/main/2025/Day007_Corn_depth/670_depth.tif?download=true,main,metric_bias_corrected,64,20000,0.0197171875,0.04272244138717651,0.06813320382062533,-0.014578506946563721,0.18580247765329352,0.06229745135844296,0.5199765413092882,0.037420285587332174
2025/Day007_Corn,2025,Day007,corn,670.JPG,670,DJI Mavic 3M RGB camera,nadir,nadir,0.9999760870075198,5280,3956,670_depth.tif,True,True,OPENCV,C:\Users\81902\Documents\Codex\2026-09-20\depth-anything-v2-python-uav-rgb\data\uav3dcrop\2025\Day007_Corn\images\670.JPG,C:\Users\81902\Documents\Codex\2026-09-20\depth-anything-v2-python-uav-rgb\data\uav3dcrop_depth\2025\Day007_Corn\670_depth.tif,https://huggingface.co/datasets/Link-Dev/UAV3DCrop/resolve/main/2025/Day007_Corn/images/670.JPG?download=true,https://huggingface.co/datasets/Link-Dev/UAV3DCrop_depth/resolve/main/2025/Day007_Corn_depth/670_depth.tif?download=true,main,metric_scale_shift,64,20000,0.0197171875,0.021022584438323975,0.03892921522762683,-0.001790964412689209,-0.18580254433002505,-0.06229737845462391,0.47995015028223736,0.037420285587332174
2025/Day007_Corn,2025,Day007,corn,670.JPG,670,DJI Mavic 3M RGB camera,nadir,nadir,0.9999760870075198,5280,3956,670_depth.tif,True,True,OPENCV,C:\Users\81902\Documents\Codex\2026-09-20\depth-anything-v2-python-uav-rgb\data\uav3dcrop\2025\Day007_Corn\images\670.JPG,C:\Users\81902\Documents\Codex\2026-09-20\depth-anything-v2-python-uav-rgb\data\uav3dcrop_depth\2025\Day007_Corn\670_depth.tif,https://huggingface.co/datasets/Link-Dev/UAV3DCrop/resolve/main/2025/Day007_Corn/images/670.JPG?download=true,https://huggingface.co/datasets/Link-Dev/UAV3DCrop_depth/resolve/main/2025/Day007_Corn_depth/670_depth.tif?download=true,main,relative_scale_shift,64,20000,0.0197171875,0.021128451156616213,0.041023430887240454,-0.002769758224487305,-0.6312899233732242,-0.187497604831763,0.434645553845026,0.037420285587332174
2025/Day007_Corn,2025,Day007,corn,670.JPG,670,DJI Mavic 3M RGB camera,nadir,nadir,0.9999760870075198,5280,3956,670_depth.tif,True,True,OPENCV,C:\Users\81902\Documents\Codex\2026-09-20\depth-anything-v2-python-uav-rgb\data\uav3dcrop\2025\Day007_Corn\images\670.JPG,C:\Users\81902\Documents\Codex\2026-09-20\depth-anything-v2-python-uav-rgb\data\uav3dcrop_depth\2025\Day007_Corn\670_depth.tif,https://huggingface.co/datasets/Link-Dev/UAV3DCrop/resolve/main/2025/Day007_Corn/images/670.JPG?download=true,https://huggingface.co/datasets/Link-Dev/UAV3DCrop_depth/resolve/main/2025/Day007_Corn_depth/670_depth.tif?download=true,main,metric_raw,128,20000,0.0264734375,0.061900501561164854,0.09721675884048078,-0.029027334523200988,0.24617891173985987,0.09810075383275593,0.5481563015960375,0.056971669198897394
2025/Day007_Corn,2025,Day007,corn,670.JPG,670,DJI Mavic 3M RGB camera,nadir,nadir,0.9999760870075198,5280,3956,670_depth.tif,True,True,OPENCV,C:\Users\81902\Documents\Codex\2026-09-20\depth-anything-v2-python-uav-rgb\data\uav3dcrop\2025\Day007_Corn\images\670.JPG,C:\Users\81902\Documents\Codex\2026-09-20\depth-anything-v2-python-uav-rgb\data\uav3dcrop_depth\2025\Day007_Corn\670_depth.tif,https://huggingface.co/datasets/Link-Dev/UAV3DCrop/resolve/main/2025/Day007_Corn/images/670.JPG?download=true,https://huggingface.co/datasets/Link-Dev/UAV3DCrop_depth/resolve/main/2025/Day007_Corn_depth/670_depth.tif?download=true,main,metric_bias_corrected,128,20000,0.0264734375,0.06190050077438355,0.09721676420644293,-0.029027336025238038,0.24617886154536248,0.0981004791973311,0.5481563015960375,0.056971669198897394
2025/Day007_Corn,2025,Day007,corn,670.JPG,670,DJI Mavic 3M RGB camera,nadir,nadir,0.9999760870075198,5280,3956,670_depth.tif,True,True,OPENCV,C:\Users\81902\Documents\Codex\2026-09-20\depth-anything-v2-python-uav-rgb\data\uav3dcrop\2025\Day007_Corn\images\670.JPG,C:\Users\81902\Documents\Codex\2026-09-20\depth-anything-v2-python-uav-rgb\data\uav3dcrop_depth\2025\Day007_Corn\670_depth.tif,https://huggingface.co/datasets/Link-Dev/UAV3DCrop/resolve/main/2025/Day007_Corn/images/670.JPG?download=true,https://huggingface.co/datasets/Link-Dev/UAV3DCrop_depth/resolve/main/2025/Day007_Corn_depth/670_depth.tif?download=true,main,metric_scale_shift,128,20000,0.0264734375,0.028455362033843995,0.059618737582102,-0.003963861751556396,-0.24617858631829456,-0.09809783739158393,0.451706108970831,0.056971669198897394
2025/Day007_Corn,2025,Day007,corn,670.JPG,670,DJI Mavic 3M RGB camera,nadir,nadir,0.9999760870075198,5280,3956,670_depth.tif,True,True,OPENCV,C:\Users\81902\Documents\Codex\2026-09-20\depth-anything-v2-python-uav-rgb\data\uav3dcrop\2025\Day007_Corn\images\670.JPG,C:\Users\81902\Documents\Codex\2026-09-20\depth-anything-v2-python-uav-rgb\data\uav3dcrop_depth\2025\Day007_Corn\670_depth.tif,https://huggingface.co/datasets/Link-Dev/UAV3DCrop/resolve/main/2025/Day007_Corn/images/670.JPG?download=true,https://huggingface.co/datasets/Link-Dev/UAV3DCrop_depth/resolve/main/2025/Day007_Corn_depth/670_depth.tif?download=true,main,relative_scale_shift,128,20000,0.0264734375,0.02885485553741455,0.06433914172378906,-0.0058645540237426755,-0.7492970387400049,-0.17353879127267557,0.43478260869565216,0.056971669198897394
2025/Day007_Corn,2025,Day007,corn,701.JPG,701,DJI Mavic 3M RGB camera,nadir,nadir,0.9999967126160184,5280,3956,701_depth.tif,True,True,OPENCV,C:\Users\81902\Documents\Codex\2026-09-20\depth-anything-v2-python-uav-rgb\data\uav3dcrop\2025\Day007_Corn\images\701.JPG,C:\Users\81902\Documents\Codex\2026-09-20\depth-anything-v2-python-uav-rgb\data\uav3dcrop_depth\2025\Day007_Corn\701_depth.tif,https://huggingface.co/datasets/Link-Dev/UAV3DCrop/resolve/main/2025/Day007_Corn/images/701.JPG?download=true,https://huggingface.co/datasets/Link-Dev/UAV3DCrop_depth/resolve/main/2025/Day007_Corn_depth/701_depth.tif?download=true,main,metric_raw,8,20000,0.0041328125,0.012340575456619263,0.01917064077340252,0.0010349478244781494,0.052556028999119146,0.044283675932078374,0.5419830765892818,0.010562689994592997
2025/Day007_Corn,2025,Day007,corn,701.JPG,701,DJI Mavic 3M RGB camera,nadir,nadir,0.9999967126160184,5280,3956,701_depth.tif,True,True,OPENCV,C:\Users\81902\Documents\Codex\2026-09-20\depth-anything-v2-python-uav-rgb\data\uav3dcrop\2025\Day007_Corn\images\701.JPG,C:\Users\81902\Documents\Codex\2026-09-20\depth-anything-v2-python-uav-rgb\data\uav3dcrop_depth\2025\Day007_Corn\701_depth.tif,https://huggingface.co/datasets/Link-Dev/UAV3DCrop/resolve/main/2025/Day007_Corn/images/701.JPG?download=true,https://huggingface.co/datasets/Link-Dev/UAV3DCrop_depth/resolve/main/2025/Day007_Corn_depth/701_depth.tif?download=true,main,metric_bias_corrected,8,20000,0.0041328125,0.012340578174591065,0.019170639704168154,0.00103494234085083,0.05255634551859997,0.04428360134297457,0.5419830765892818,0.010562689994592997
2025/Day007_Corn,2025,Day007,corn,701.JPG,701,DJI Mavic 3M RGB camera,nadir,nadir,0.9999967126160184,5280,3956,701_depth.tif,True,True,OPENCV,C:\Users\81902\Documents\Codex\2026-09-20\depth-anything-v2-python-uav-rgb\data\uav3dcrop\2025\Day007_Corn\images\701.JPG,C:\Users\81902\Documents\Codex\2026-09-20\depth-anything-v2-python-uav-rgb\data\uav3dcrop_depth\2025\Day007_Corn\701_depth.tif,https://huggingface.co/datasets/Link-Dev/UAV3DCrop/resolve/main/2025/Day007_Corn/images/701.JPG?download=true,https://huggingface.co/datasets/Link-Dev/UAV3DCrop_depth/resolve/main/2025/Day007_Corn_depth/701_depth.tif?download=true,main,metric_scale_shift,8,20000,0.0041328125,0.004184804916381836,0.010577243236137101,-0.00042480316162109375,-0.0525948825893937,-0.044208326912286385,0.4543284877413756,0.010562689994592997
2025/Day007_Corn,2025,Day007,corn,701.JPG,701,DJI Mavic 3M RGB camera,nadir,nadir,0.9999967126160184,5280,3956,701_depth.tif,True,True,OPENCV,C:\Users\81902\Documents\Codex\2026-09-20\depth-anything-v2-python-uav-rgb\data\uav3dcrop\2025\Day007_Corn\images\701.JPG,C:\Users\81902\Documents\Codex\2026-09-20\depth-anything-v2-python-uav-rgb\data\uav3dcrop_depth\2025\Day007_Corn\701_depth.tif,https://huggingface.co/datasets/Link-Dev/UAV3DCrop/resolve/main/2025/Day007_Corn/images/701.JPG?download=true,https://huggingface.co/datasets/Link-Dev/UAV3DCrop_depth/resolve/main/2025/Day007_Corn_depth/701_depth.tif?download=true,main,relative_scale_shift,8,20000,0.0041328125,0.0041691671371459965,0.010618039149133344,-0.00042451953887939455,-0.40066406322875014,-0.16711036523949632,0.3584291603384682,0.010562689994592997
2025/Day007_Corn,2025,Day007,corn,701.JPG,701,DJI Mavic 3M RGB camera,nadir,nadir,0.9999967126160184,5280,3956,701_depth.tif,True,True,OPENCV,C:\Users\81902\Documents\Codex\2026-09-20\depth-anything-v2-python-uav-rgb\data\uav3dcrop\2025\Day007_Corn\images\701.JPG,C:\Users\81902\Documents\Codex\2026-09-20\depth-anything-v2-python-uav-rgb\data\uav3dcrop_depth\2025\Day007_Corn\701_depth.tif,https://huggingface.co/datasets/Link-Dev/UAV3DCrop/resolve/main/2025/Day007_Corn/images/701.JPG?download=true,https://huggingface.co/datasets/Link-Dev/UAV3DCrop_depth/resolve/main/2025/Day007_Corn_depth/701_depth.tif?download=true,main,metric_raw,16,20000,0.00787734375,0.0216429719209671,0.032875456523382585,0.0019850335359573364,0.09266186402395195,0.06451631360051027,0.5423884514435695,0.017782012543375775
2025/Day007_Corn,2025,Day007,corn,701.JPG,701,DJI Mavic 3M RGB camera,nadir,nadir,0.9999967126160184,5280,3956,701_depth.tif,True,True,OPENCV,C:\Users\81902\Documents\Codex\2026-09-20\depth-anything-v2-python-uav-rgb\data\uav3dcrop\2025\Day007_Corn\images\701.JPG,C:\Users\81902\Documents\Codex\2026-09-20\depth-anything-v2-python-uav-rgb\data\uav3dcrop_depth\2025\Day007_Corn\701_depth.tif,https://huggingface.co/datasets/Link-Dev/UAV3DCrop/resolve/main/2025/Day007_Corn/images/701.JPG?download=true,https://huggingface.co/datasets/Link-Dev/UAV3DCrop_depth/resolve/main/2025/Day007_Corn_depth/701_depth.tif?download=true,main,metric_bias_corrected,16,20000,0.00787734375,0.021642969608306886,0.03287546424139023,0.0019850335121154787,0.09266163605586873,0.06451700536090593,0.5423884514435695,0.017782012543375775
2025/Day007_Corn,2025,Day007,corn,701.JPG,701,DJI Mavic 3M RGB camera,nadir,nadir,0.9999967126160184,5280,3956,701_depth.tif,True,True,OPENCV,C:\Users\81902\Documents\Codex\2026-09-20\depth-anything-v2-python-uav-rgb\data\uav3dcrop\2025\Day007_Corn\images\701.JPG,C:\Users\81902\Documents\Codex\2026-09-20\depth-anything-v2-python-uav-rgb\data\uav3dcrop_depth\2025\Day007_Corn\701_depth.tif,https://huggingface.co/datasets/Link-Dev/UAV3DCrop/resolve/main/2025/Day007_Corn/images/701.JPG?download=true,https://huggingface.co/datasets/Link-Dev/UAV3DCrop_depth/resolve/main/2025/Day007_Corn_depth/701_depth.tif?download=true,main,metric_scale_shift,16,20000,0.00787734375,0.00795571928024292,0.017815895785321733,-0.0007492302894592285,-0.09263980125640621,-0.06445462635984663,0.4545931758530184,0.017782012543375775
2025/Day007_Corn,2025,Day007,corn,701.JPG,701,DJI Mavic 3M RGB camera,nadir,nadir,0.9999967126160184,5280,3956,701_depth.tif,True,True,OPENCV,C:\Users\81902\Documents\Codex\2026-09-20\depth-anything-v2-python-uav-rgb\data\uav3dcrop\2025\Day007_Corn\images\701.JPG,C:\Users\81902\Documents\Codex\2026-09-20\depth-anything-v2-python-uav-rgb\data\uav3dcrop_depth\2025\Day007_Corn\701_depth.tif,https://huggingface.co/datasets/Link-Dev/UAV3DCrop/resolve/main/2025/Day007_Corn/images/701.JPG?download=true,https://huggingface.co/datasets/Link-Dev/UAV3DCrop_depth/resolve/main/2025/Day007_Corn_depth/701_depth.tif?download=true,main,relative_scale_shift,16,20000,0.00787734375,0.007944153213500976,0.017919036344500767,-0.0007498416900634765,-0.5030112083091045,-0.19849142287982008,0.36929133858267715,0.017782012543375775
2025/Day007_Corn,2025,Day007,corn,701.JPG,701,DJI Mavic 3M RGB camera,nadir,nadir,0.9999967126160184,5280,3956,701_depth.tif,True,True,OPENCV,C:\Users\81902\Documents\Codex\2026-09-20\depth-anything-v2-python-uav-rgb\data\uav3dcrop\2025\Day007_Corn\images\701.JPG,C:\Users\81902\Documents\Codex\2026-09-20\depth-anything-v2-python-uav-rgb\data\uav3dcrop_depth\2025\Day007_Corn\701_depth.tif,https://huggingface.co/datasets/Link-Dev/UAV3DCrop/resolve/main/2025/Day007_Corn/images/701.JPG?download=true,https://huggingface.co/datasets/Link-Dev/UAV3DCrop_depth/resolve/main/2025/Day007_Corn_depth/701_depth.tif?download=true,main,metric_raw,32,20000,0.0135734375,0.03743038918972015,0.05668807796738228,0.00430661346912384,0.0592955560400673,0.0548687367999031,0.5353797644440322,0.028941725528421763
2025/Day007_Corn,2025,Day007,corn,701.JPG,701,DJI Mavic 3M RGB camera,nadir,nadir,0.9999967126160184,5280,3956,701_depth.tif,True,True,OPENCV,C:\Users\81902\Documents\Codex\2026-09-20\depth-anything-v2-python-uav-rgb\data\uav3dcrop\2025\Day007_Corn\images\701.JPG,C:\Users\81902\Documents\Codex\2026-09-20\depth-anything-v2-python-uav-rgb\data\uav3dcrop_depth\2025\Day007_Corn\701_depth.tif,https://huggingface.co/datasets/Link-Dev/UAV3DCrop/resolve/main/2025/Day007_Corn/images/701.JPG?download=true,https://huggingface.co/datasets/Link-Dev/UAV3DCrop_depth/resolve/main/2025/Day007_Corn_depth/701_depth.tif?download=true,main,metric_bias_corrected,32,20000,0.0135734375,0.037430389976501464,0.05668807436770532,0.004306617736816406,0.059295755205866565,0.05486867920040705,0.5353797644440322,0.028941725528421763
2025/Day007_Corn,2025,Day007,corn,701.JPG,701,DJI Mavic 3M RGB camera,nadir,nadir,0.9999967126160184,5280,3956,701_depth.tif,True,True,OPENCV,C:\Users\81902\Documents\Codex\2026-09-20\depth-anything-v2-python-uav-rgb\data\uav3dcrop\2025\Day007_Corn\images\701.JPG,C:\Users\81902\Documents\Codex\2026-09-20\depth-anything-v2-python-uav-rgb\data\uav3dcrop_depth\2025\Day007_Corn\701_depth.tif,https://huggingface.co/datasets/Link-Dev/UAV3DCrop/resolve/main/2025/Day007_Corn/images/701.JPG?download=true,https://huggingface.co/datasets/Link-Dev/UAV3DCrop_depth/resolve/main/2025/Day007_Corn_depth/701_depth.tif?download=true,main,metric_scale_shift,32,20000,0.0135734375,0.013680891513824463,0.02898033229018402,-0.0010210108757019044,-0.05927607698360105,-0.054858827009562544,0.4631364184364277,0.028941725528421763
2025/Day007_Corn,2025,Day007,corn,701.JPG,701,DJI Mavic 3M RGB camera,nadir,nadir,0.9999967126160184,5280,3956,701_depth.tif,True,True,OPENCV,C:\Users\81902\Documents\Codex\2026-09-20\depth-anything-v2-python-uav-rgb\data\uav3dcrop\2025\Day007_Corn\images\701.JPG,C:\Users\81902\Documents\Codex\2026-09-20\depth-anything-v2-python-uav-rgb\data\uav3dcrop_depth\2025\Day007_Corn\701_depth.tif,https://huggingface.co/datasets/Link-Dev/UAV3DCrop/resolve/main/2025/Day007_Corn/images/701.JPG?download=true,https://huggingface.co/datasets/Link-Dev/UAV3DCrop_depth/resolve/main/2025/Day007_Corn_depth/701_depth.tif?download=true,main,relative_scale_shift,32,20000,0.0135734375,0.01369064016342163,0.02923098591661025,-0.0010199696540832519,-0.6201803569253652,-0.2192425677660519,0.376054901233423,0.028941725528421763
2025/Day007_Corn,2025,Day007,corn,701.JPG,701,DJI Mavic 3M RGB camera,nadir,nadir,0.9999967126160184,5280,3956,701_depth.tif,True,True,OPENCV,C:\Users\81902\Documents\Codex\2026-09-20\depth-anything-v2-python-uav-rgb\data\uav3dcrop\2025\Day007_Corn\images\701.JPG,C:\Users\81902\Documents\Codex\2026-09-20\depth-anything-v2-python-uav-rgb\data\uav3dcrop_depth\2025\Day007_Corn\701_depth.tif,https://huggingface.co/datasets/Link-Dev/UAV3DCrop/resolve/main/2025/Day007_Corn/images/701.JPG?download=true,https://huggingface.co/datasets/Link-Dev/UAV3DCrop_depth/resolve/main/2025/Day007_Corn_depth/701_depth.tif?download=true,main,metric_raw,64,20000,0.02139609375,0.06008435590267181,0.08906735262748251,0.008969927096366882,0.09768524995511141,0.10055160860967789,0.5607211354046797,0.04657681443534257
2025/Day007_Corn,2025,Day007,corn,701.JPG,701,DJI Mavic 3M RGB camera,nadir,nadir,0.9999967126160184,5280,3956,701_depth.tif,True,True,OPENCV,C:\Users\81902\Documents\Codex\2026-09-20\depth-anything-v2-python-uav-rgb\data\uav3dcrop\2025\Day007_Corn\images\701.JPG,C:\Users\81902\Documents\Codex\2026-09-20\depth-anything-v2-python-uav-rgb\data\uav3dcrop_depth\2025\Day007_Corn\701_depth.tif,https://huggingface.co/datasets/Link-Dev/UAV3DCrop/resolve/main/2025/Day007_Corn/images/701.JPG?download=true,https://huggingface.co/datasets/Link-Dev/UAV3DCrop_depth/resolve/main/2025/Day007_Corn_depth/701_depth.tif?download=true,main,metric_bias_corrected,64,20000,0.02139609375,0.06008435440063477,0.08906735593446824,0.008969923973083497,0.09768524929520764,0.1005512107618323,0.5607211354046797,0.04657681443534257
2025/Day007_Corn,2025,Day007,corn,701.JPG,701,DJI Mavic 3M RGB camera,nadir,nadir,0.9999967126160184,5280,3956,701_depth.tif,True,True,OPENCV,C:\Users\81902\Documents\Codex\2026-09-20\depth-anything-v2-python-uav-rgb\data\uav3dcrop\2025\Day007_Corn\images\701.JPG,C:\Users\81902\Documents\Codex\2026-09-20\depth-anything-v2-python-uav-rgb\data\uav3dcrop_depth\2025\Day007_Corn\701_depth.tif,https://huggingface.co/datasets/Link-Dev/UAV3DCrop/resolve/main/2025/Day007_Corn/images/701.JPG?download=true,https://huggingface.co/datasets/Link-Dev/UAV3DCrop_depth/resolve/main/2025/Day007_Corn_depth/701_depth.tif?download=true,main,metric_scale_shift,64,20000,0.02139609375,0.02155925350189209,0.0466885484624111,-0.0023563928604125976,-0.09767798250942464,-0.10054610309585406,0.4379746835443038,0.04657681443534257
2025/Day007_Corn,2025,Day007,corn,701.JPG,701,DJI Mavic 3M RGB camera,nadir,nadir,0.9999967126160184,5280,3956,701_depth.tif,True,True,OPENCV,C:\Users\81902\Documents\Codex\2026-09-20\depth-anything-v2-python-uav-rgb\data\uav3dcrop\2025\Day007_Corn\images\701.JPG,C:\Users\81902\Documents\Codex\2026-09-20\depth-anything-v2-python-uav-rgb\data\uav3dcrop_depth\2025\Day007_Corn\701_depth.tif,https://huggingface.co/datasets/Link-Dev/UAV3DCrop/resolve/main/2025/Day007_Corn/images/701.JPG?download=true,https://huggingface.co/datasets/Link-Dev/UAV3DCrop_depth/resolve/main/2025/Day007_Corn_depth/701_depth.tif?download=true,main,relative_scale_shift,64,20000,0.02139609375,0.021620329189300538,0.04718607555766522,-0.0023491076469421388,-0.709606275610252,-0.28084075987641505,0.34154200230149595,0.04657681443534257
2025/Day007_Corn,2025,Day007,corn,701.JPG,701,DJI Mavic 3M RGB camera,nadir,nadir,0.9999967126160184,5280,3956,701_depth.tif,True,True,OPENCV,C:\Users\81902\Documents\Codex\2026-09-20\depth-anything-v2-python-uav-rgb\data\uav3dcrop\2025\Day007_Corn\images\701.JPG,C:\Users\81902\Documents\Codex\2026-09-20\depth-anything-v2-python-uav-rgb\data\uav3dcrop_depth\2025\Day007_Corn\701_depth.tif,https://huggingface.co/datasets/Link-Dev/UAV3DCrop/resolve/main/2025/Day007_Corn/images/701.JPG?download=true,https://huggingface.co/datasets/Link-Dev/UAV3DCrop_depth/resolve/main/2025/Day007_Corn_depth/701_depth.tif?download=true,main,metric_raw,128,20000,0.03332578125,0.0974144939661026,0.13937296835946295,0.01902906906604767,0.061513673426672834,0.09518133874418708,0.5634568896051572,0.07389412258041035
2025/Day007_Corn,2025,Day007,corn,701.JPG,701,DJI Mavic 3M RGB camera,nadir,nadir,0.9999967126160184,5280,3956,701_depth.tif,True,True,OPENCV,C:\Users\81902\Documents\Codex\2026-09-20\depth-anything-v2-python-uav-rgb\data\uav3dcrop\2025\Day007_Corn\images\701.JPG,C:\Users\81902\Documents\Codex\2026-09-20\depth-anything-v2-python-uav-rgb\data\uav3dcrop_depth\2025\Day007_Corn\701_depth.tif,https://huggingface.co/datasets/Link-Dev/UAV3DCrop/resolve/main/2025/Day007_Corn/images/701.JPG?download=true,https://huggingface.co/datasets/Link-Dev/UAV3DCrop_depth/resolve/main/2025/Day007_Corn_depth/701_depth.tif?download=true,main,metric_bias_corrected,128,20000,0.03332578125,0.09741448678970337,0.13937295763920238,0.019029068660736084,0.06151372402496966,0.095181406024195,0.5634568896051572,0.07389412258041035
2025/Day007_Corn,2025,Day007,corn,701.JPG,701,DJI Mavic 3M RGB camera,nadir,nadir,0.9999967126160184,5280,3956,701_depth.tif,True,True,OPENCV,C:\Users\81902\Documents\Codex\2026-09-20\depth-anything-v2-python-uav-rgb\data\uav3dcrop\2025\Day007_Corn\images\701.JPG,C:\Users\81902\Documents\Codex\2026-09-20\depth-anything-v2-python-uav-rgb\data\uav3dcrop_depth\2025\Day007_Corn\701_depth.tif,https://huggingface.co/datasets/Link-Dev/UAV3DCrop/resolve/main/2025/Day007_Corn/images/701.JPG?download=true,https://huggingface.co/datasets/Link-Dev/UAV3DCrop_depth/resolve/main/2025/Day007_Corn_depth/701_depth.tif?download=true,main,metric_scale_shift,128,20000,0.03332578125,0.03354714031219482,0.07410199812924774,-0.004816381072998047,-0.061520329915037836,-0.09516677001275298,0.43593875906526997,0.07389412258041035
2025/Day007_Corn,2025,Day007,corn,701.JPG,701,DJI Mavic 3M RGB camera,nadir,nadir,0.9999967126160184,5280,3956,701_depth.tif,True,True,OPENCV,C:\Users\81902\Documents\Codex\2026-09-20\depth-anything-v2-python-uav-rgb\data\uav3dcrop\2025\Day007_Corn\images\701.JPG,C:\Users\81902\Documents\Codex\2026-09-20\depth-anything-v2-python-uav-rgb\data\uav3dcrop_depth\2025\Day007_Corn\701_depth.tif,https://huggingface.co/datasets/Link-Dev/UAV3DCrop/resolve/main/2025/Day007_Corn/images/701.JPG?download=true,https://huggingface.co/datasets/Link-Dev/UAV3DCrop_depth/resolve/main/2025/Day007_Corn_depth/701_depth.tif?download=true,main,relative_scale_shift,128,20000,0.03332578125,0.033740353679656984,0.07505768619300945,-0.004796434497833252,-0.7625746513452969,-0.32364000728374376,0.3219849583669084,0.07389412258041035
2025/Day007_Corn,2025,Day007,corn,111.JPG,111,DJI Mavic 3M RGB camera,oblique,oblique,0.7023218186333064,5280,3956,111_depth.tif,True,True,OPENCV,C:\Users\81902\Documents\Codex\2026-09-20\depth-anything-v2-python-uav-rgb\data\uav3dcrop\2025\Day007_Corn\images\111.JPG,C:\Users\81902\Documents\Codex\2026-09-20\depth-anything-v2-python-uav-rgb\data\uav3dcrop_depth\2025\Day007_Corn\111_depth.tif,https://huggingface.co/datasets/Link-Dev/UAV3DCrop/resolve/main/2025/Day007_Corn/images/111.JPG?download=true,https://huggingface.co/datasets/Link-Dev/UAV3DCrop_depth/resolve/main/2025/Day007_Corn_depth/111_depth.tif?download=true,main,metric_raw,8,20000,0.015715625,0.021250644755363465,0.0669769847109596,0.0009361471891403199,0.011307391289171128,0.00944424773617459,0.5111804472178887,0.06542492325938254
2025/Day007_Corn,2025,Day007,corn,111.JPG,111,DJI Mavic 3M RGB camera,oblique,oblique,0.7023218186333064,5280,3956,111_depth.tif,True,True,OPENCV,C:\Users\81902\Documents\Codex\2026-09-20\depth-anything-v2-python-uav-rgb\data\uav3dcrop\2025\Day007_Corn\images\111.JPG,C:\Users\81902\Documents\Codex\2026-09-20\depth-anything-v2-python-uav-rgb\data\uav3dcrop_depth\2025\Day007_Corn\111_depth.tif,https://huggingface.co/datasets/Link-Dev/UAV3DCrop/resolve/main/2025/Day007_Corn/images/111.JPG?download=true,https://huggingface.co/datasets/Link-Dev/UAV3DCrop_depth/resolve/main/2025/Day007_Corn_depth/111_depth.tif?download=true,main,metric_bias_corrected,8,20000,0.015715625,0.02125064468383789,0.0669769889396346,0.0009361507415771484,0.011307026773952393,0.00944435784925942,0.5111804472178887,0.06542492325938254
2025/Day007_Corn,2025,Day007,corn,111.JPG,111,DJI Mavic 3M RGB camera,oblique,oblique,0.7023218186333064,5280,3956,111_depth.tif,True,True,OPENCV,C:\Users\81902\Documents\Codex\2026-09-20\depth-anything-v2-python-uav-rgb\data\uav3dcrop\2025\Day007_Corn\images\111.JPG,C:\Users\81902\Documents\Codex\2026-09-20\depth-anything-v2-python-uav-rgb\data\uav3dcrop_depth\2025\Day007_Corn\111_depth.tif,https://huggingface.co/datasets/Link-Dev/UAV3DCrop/resolve/main/2025/Day007_Corn/images/111.JPG?download=true,https://huggingface.co/datasets/Link-Dev/UAV3DCrop_depth/resolve/main/2025/Day007_Corn_depth/111_depth.tif?download=true,main,metric_scale_shift,8,20000,0.015715625,0.031489311981201175,0.07455813898991558,0.0027554399490356445,0.011307675923650696,0.009444645092679237,0.5110504420176807,0.06542492325938254
2025/Day007_Corn,2025,Day007,corn,111.JPG,111,DJI Mavic 3M RGB camera,oblique,oblique,0.7023218186333064,5280,3956,111_depth.tif,True,True,OPENCV,C:\Users\81902\Documents\Codex\2026-09-20\depth-anything-v2-python-uav-rgb\data\uav3dcrop\2025\Day007_Corn\images\111.JPG,C:\Users\81902\Documents\Codex\2026-09-20\depth-anything-v2-python-uav-rgb\data\uav3dcrop_depth\2025\Day007_Corn\111_depth.tif,https://huggingface.co/datasets/Link-Dev/UAV3DCrop/resolve/main/2025/Day007_Corn/images/111.JPG?download=true,https://huggingface.co/datasets/Link-Dev/UAV3DCrop_depth/resolve/main/2025/Day007_Corn_depth/111_depth.tif?download=true,main,relative_scale_shift,8,20000,0.015715625,0.0167860164642334,0.06332739753173694,-0.00030536441802978513,0.2604794278836843,0.09242817409186768,0.5328913156526262,0.06542492325938254
2025/Day007_Corn,2025,Day007,corn,111.JPG,111,DJI Mavic 3M RGB camera,oblique,oblique,0.7023218186333064,5280,3956,111_depth.tif,True,True,OPENCV,C:\Users\81902\Documents\Codex\2026-09-20\depth-anything-v2-python-uav-rgb\data\uav3dcrop\2025\Day007_Corn\images\111.JPG,C:\Users\81902\Documents\Codex\2026-09-20\depth-anything-v2-python-uav-rgb\data\uav3dcrop_depth\2025\Day007_Corn\111_depth.tif,https://huggingface.co/datasets/Link-Dev/UAV3DCrop/resolve/main/2025/Day007_Corn/images/111.JPG?download=true,https://huggingface.co/datasets/Link-Dev/UAV3DCrop_depth/resolve/main/2025/Day007_Corn_depth/111_depth.tif?download=true,main,metric_raw,16,20000,0.02781875,0.03607586047649384,0.09773024546778065,0.0020500237226486204,0.014020383908246396,0.017326658430078218,0.5172983389923832,0.09452503893593403
2025/Day007_Corn,2025,Day007,corn,111.JPG,111,DJI Mavic 3M RGB camera,oblique,oblique,0.7023218186333064,5280,3956,111_depth.tif,True,True,OPENCV,C:\Users\81902\Documents\Codex\2026-09-20\depth-anything-v2-python-uav-rgb\data\uav3dcrop\2025\Day007_Corn\images\111.JPG,C:\Users\81902\Documents\Codex\2026-09-20\depth-anything-v2-python-uav-rgb\data\uav3dcrop_depth\2025\Day007_Corn\111_depth.tif,https://huggingface.co/datasets/Link-Dev/UAV3DCrop/resolve/main/2025/Day007_Corn/images/111.JPG?download=true,https://huggingface.co/datasets/Link-Dev/UAV3DCrop_depth/resolve/main/2025/Day007_Corn_depth/111_depth.tif?download=true,main,metric_bias_corrected,16,20000,0.02781875,0.03607585945129395,0.09773024808596907,0.0020500274658203123,0.014020318476518521,0.017327590188108137,0.5172983389923832,0.09452503893593403
2025/Day007_Corn,2025,Day007,corn,111.JPG,111,DJI Mavic 3M RGB camera,oblique,oblique,0.7023218186333064,5280,3956,111_depth.tif,True,True,OPENCV,C:\Users\81902\Documents\Codex\2026-09-20\depth-anything-v2-python-uav-rgb\data\uav3dcrop\2025\Day007_Corn\images\111.JPG,C:\Users\81902\Documents\Codex\2026-09-20\depth-anything-v2-python-uav-rgb\data\uav3dcrop_depth\2025\Day007_Corn\111_depth.tif,https://huggingface.co/datasets/Link-Dev/UAV3DCrop/resolve/main/2025/Day007_Corn/images/111.JPG?download=true,https://huggingface.co/datasets/Link-Dev/UAV3DCrop_depth/resolve/main/2025/Day007_Corn_depth/111_depth.tif?download=true,main,metric_scale_shift,16,20000,0.02781875,0.05414050259590149,0.11304826683734757,0.00592043194770813,0.01402026947239762,0.01732663443404844,0.5172983389923832,0.09452503893593403
2025/Day007_Corn,2025,Day007,corn,111.JPG,111,DJI Mavic 3M RGB camera,oblique,oblique,0.7023218186333064,5280,3956,111_depth.tif,True,True,OPENCV,C:\Users\81902\Documents\Codex\2026-09-20\depth-anything-v2-python-uav-rgb\data\uav3dcrop\2025\Day007_Corn\images\111.JPG,C:\Users\81902\Documents\Codex\2026-09-20\depth-anything-v2-python-uav-rgb\data\uav3dcrop_depth\2025\Day007_Corn\111_depth.tif,https://huggingface.co/datasets/Link-Dev/UAV3DCrop/resolve/main/2025/Day007_Corn/images/111.JPG?download=true,https://huggingface.co/datasets/Link-Dev/UAV3DCrop_depth/resolve/main/2025/Day007_Corn_depth/111_depth.tif?download=true,main,relative_scale_shift,16,20000,0.02781875,0.02913820562362671,0.09097140734593,-0.000573963451385498,0.27361677587217514,0.10376055241704193,0.5281270074332385,0.09452503893593403
2025/Day007_Corn,2025,Day007,corn,111.JPG,111,DJI Mavic 3M RGB camera,oblique,oblique,0.7023218186333064,5280,3956,111_depth.tif,True,True,OPENCV,C:\Users\81902\Documents\Codex\2026-09-20\depth-anything-v2-python-uav-rgb\data\uav3dcrop\2025\Day007_Corn\images\111.JPG,C:\Users\81902\Documents\Codex\2026-09-20\depth-anything-v2-python-uav-rgb\data\uav3dcrop_depth\2025\Day007_Corn\111_depth.tif,https://huggingface.co/datasets/Link-Dev/UAV3DCrop/resolve/main/2025/Day007_Corn/images/111.JPG?download=true,https://huggingface.co/datasets/Link-Dev/UAV3DCrop_depth/resolve/main/2025/Day007_Corn_depth/111_depth.tif?download=true,main,metric_raw,32,20000,0.0450984375,0.057494920635223386,0.1447229943980777,0.005358066129684448,-0.020042894685922873,0.011904310956909352,0.5137491616364855,0.13738609383520908
2025/Day007_Corn,2025,Day007,corn,111.JPG,111,DJI Mavic 3M RGB camera,oblique,oblique,0.7023218186333064,5280,3956,111_depth.tif,True,True,OPENCV,C:\Users\81902\Documents\Codex\2026-09-20\depth-anything-v2-python-uav-rgb\data\uav3dcrop\2025\Day007_Corn\images\111.JPG,C:\Users\81902\Documents\Codex\2026-09-20\depth-anything-v2-python-uav-rgb\data\uav3dcrop_depth\2025\Day007_Corn\111_depth.tif,https://huggingface.co/datasets/Link-Dev/UAV3DCrop/resolve/main/2025/Day007_Corn/images/111.JPG?download=true,https://huggingface.co/datasets/Link-Dev/UAV3DCrop_depth/resolve/main/2025/Day007_Corn_depth/111_depth.tif?download=true,main,metric_bias_corrected,32,20000,0.0450984375,0.057494915390014646,0.144722995549023,0.005358056831359864,-0.0200428552227419,0.011904596124443044,0.5137491616364855,0.13738609383520908
2025/Day007_Corn,2025,Day007,corn,111.JPG,111,DJI Mavic 3M RGB camera,oblique,oblique,0.7023218186333064,5280,3956,111_depth.tif,True,True,OPENCV,C:\Users\81902\Documents\Codex\2026-09-20\depth-anything-v2-python-uav-rgb\data\uav3dcrop\2025\Day007_Corn\images\111.JPG,C:\Users\81902\Documents\Codex\2026-09-20\depth-anything-v2-python-uav-rgb\data\uav3dcrop_depth\2025\Day007_Corn\111_depth.tif,https://huggingface.co/datasets/Link-Dev/UAV3DCrop/resolve/main/2025/Day007_Corn/images/111.JPG?download=true,https://huggingface.co/datasets/Link-Dev/UAV3DCrop_depth/resolve/main/2025/Day007_Corn_depth/111_depth.tif?download=true,main,metric_scale_shift,32,20000,0.0450984375,0.08746856789588928,0.17370687236142962,0.013552818632125855,-0.02004291663455256,0.011904479096008167,0.5137491616364855,0.13738609383520908
2025/Day007_Corn,2025,Day007,corn,111.JPG,111,DJI Mavic 3M RGB camera,oblique,oblique,0.7023218186333064,5280,3956,111_depth.tif,True,True,OPENCV,C:\Users\81902\Documents\Codex\2026-09-20\depth-anything-v2-python-uav-rgb\data\uav3dcrop\2025\Day007_Corn\images\111.JPG,C:\Users\81902\Documents\Codex\2026-09-20\depth-anything-v2-python-uav-rgb\data\uav3dcrop_depth\2025\Day007_Corn\111_depth.tif,https://huggingface.co/datasets/Link-Dev/UAV3DCrop/resolve/main/2025/Day007_Corn/images/111.JPG?download=true,https://huggingface.co/datasets/Link-Dev/UAV3DCrop_depth/resolve/main/2025/Day007_Corn_depth/111_depth.tif?download=true,main,relative_scale_shift,32,20000,0.0450984375,0.04581696434020996,0.12647464922772564,-0.0004635650634765625,0.4091522650325457,0.13779001580563086,0.5331246739697444,0.13738609383520908
2025/Day007_Corn,2025,Day007,corn,111.JPG,111,DJI Mavic 3M RGB camera,oblique,oblique,0.7023218186333064,5280,3956,111_depth.tif,True,True,OPENCV,C:\Users\81902\Documents\Codex\2026-09-20\depth-anything-v2-python-uav-rgb\data\uav3dcrop\2025\Day007_Corn\images\111.JPG,C:\Users\81902\Documents\Codex\2026-09-20\depth-anything-v2-python-uav-rgb\data\uav3dcrop_depth\2025\Day007_Corn\111_depth.tif,https://huggingface.co/datasets/Link-Dev/UAV3DCrop/resolve/main/2025/Day007_Corn/images/111.JPG?download=true,https://huggingface.co/datasets/Link-Dev/UAV3DCrop_depth/resolve/main/2025/Day007_Corn_depth/111_depth.tif?download=true,main,metric_raw,64,20000,0.05494296875,0.07660697498321534,0.1763632763337247,0.00826898536682129,-0.033312348286610484,0.02158716447315814,0.5216924110141035,0.15825735698358137
2025/Day007_Corn,2025,Day007,corn,111.JPG,111,DJI Mavic 3M RGB camera,oblique,oblique,0.7023218186333064,5280,3956,111_depth.tif,True,True,OPENCV,C:\Users\81902\Documents\Codex\2026-09-20\depth-anything-v2-python-uav-rgb\data\uav3dcrop\2025\Day007_Corn\images\111.JPG,C:\Users\81902\Documents\Codex\2026-09-20\depth-anything-v2-python-uav-rgb\data\uav3dcrop_depth\2025\Day007_Corn\111_depth.tif,https://huggingface.co/datasets/Link-Dev/UAV3DCrop/resolve/main/2025/Day007_Corn/images/111.JPG?download=true,https://huggingface.co/datasets/Link-Dev/UAV3DCrop_depth/resolve/main/2025/Day007_Corn_depth/111_depth.tif?download=true,main,metric_bias_corrected,64,20000,0.05494296875,0.07660698099136352,0.17636327762961776,0.008268978595733643,-0.03331242056789337,0.021586739444691815,0.5216924110141035,0.15825735698358137
2025/Day007_Corn,2025,Day007,corn,111.JPG,111,DJI Mavic 3M RGB camera,oblique,oblique,0.7023218186333064,5280,3956,111_depth.tif,True,True,OPENCV,C:\Users\81902\Documents\Codex\2026-09-20\depth-anything-v2-python-uav-rgb\data\uav3dcrop\2025\Day007_Corn\images\111.JPG,C:\Users\81902\Documents\Codex\2026-09-20\depth-anything-v2-python-uav-rgb\data\uav3dcrop_depth\2025\Day007_Corn\111_depth.tif,https://huggingface.co/datasets/Link-Dev/UAV3DCrop/resolve/main/2025/Day007_Corn/images/111.JPG?download=true,https://huggingface.co/datasets/Link-Dev/UAV3DCrop_depth/resolve/main/2025/Day007_Corn_depth/111_depth.tif?download=true,main,metric_scale_shift,64,20000,0.05494296875,0.1300475866317749,0.2408581260921526,0.024559658813476562,-0.03331233424827998,0.02158701269321874,0.5216924110141035,0.15825735698358137
2025/Day007_Corn,2025,Day007,corn,111.JPG,111,DJI Mavic 3M RGB camera,oblique,oblique,0.7023218186333064,5280,3956,111_depth.tif,True,True,OPENCV,C:\Users\81902\Documents\Codex\2026-09-20\depth-anything-v2-python-uav-rgb\data\uav3dcrop\2025\Day007_Corn\images\111.JPG,C:\Users\81902\Documents\Codex\2026-09-20\depth-anything-v2-python-uav-rgb\data\uav3dcrop_depth\2025\Day007_Corn\111_depth.tif,https://huggingface.co/datasets/Link-Dev/UAV3DCrop/resolve/main/2025/Day007_Corn/images/111.JPG?download=true,https://huggingface.co/datasets/Link-Dev/UAV3DCrop_depth/resolve/main/2025/Day007_Corn_depth/111_depth.tif?download=true,main,relative_scale_shift,64,20000,0.05494296875,0.05560444059371948,0.13896409131527027,-0.0026927802085876464,0.5125323164279387,0.14056909710645196,0.5204835460040296,0.15825735698358137
2025/Day007_Corn,2025,Day007,corn,111.JPG,111,DJI Mavic 3M RGB camera,oblique,oblique,0.7023218186333064,5280,3956,111_depth.tif,True,True,OPENCV,C:\Users\81902\Documents\Codex\2026-09-20\depth-anything-v2-python-uav-rgb\data\uav3dcrop\2025\Day007_Corn\images\111.JPG,C:\Users\81902\Documents\Codex\2026-09-20\depth-anything-v2-python-uav-rgb\data\uav3dcrop_depth\2025\Day007_Corn\111_depth.tif,https://huggingface.co/datasets/Link-Dev/UAV3DCrop/resolve/main/2025/Day007_Corn/images/111.JPG?download=true,https://huggingface.co/datasets/Link-Dev/UAV3DCrop_depth/resolve/main/2025/Day007_Corn_depth/111_depth.tif?download=true,main,metric_raw,128,20000,0.0849640625,0.12056083822250366,0.26687596597831476,0.01950283184051514,-0.05965984539768987,0.05149835249430144,0.5407234251968503,0.22818274996232973
2025/Day007_Corn,2025,Day007,corn,111.JPG,111,DJI Mavic 3M RGB camera,oblique,oblique,0.7023218186333064,5280,3956,111_depth.tif,True,True,OPENCV,C:\Users\81902\Documents\Codex\2026-09-20\depth-anything-v2-python-uav-rgb\data\uav3dcrop\2025\Day007_Corn\images\111.JPG,C:\Users\81902\Documents\Codex\2026-09-20\depth-anything-v2-python-uav-rgb\data\uav3dcrop_depth\2025\Day007_Corn\111_depth.tif,https://huggingface.co/datasets/Link-Dev/UAV3DCrop/resolve/main/2025/Day007_Corn/images/111.JPG?download=true,https://huggingface.co/datasets/Link-Dev/UAV3DCrop_depth/resolve/main/2025/Day007_Corn_depth/111_depth.tif?download=true,main,metric_bias_corrected,128,20000,0.0849640625,0.12056084003448486,0.26687596884564213,0.019502827835083007,-0.0596598443851746,0.05149763803727795,0.5407234251968503,0.22818274996232973
2025/Day007_Corn,2025,Day007,corn,111.JPG,111,DJI Mavic 3M RGB camera,oblique,oblique,0.7023218186333064,5280,3956,111_depth.tif,True,True,OPENCV,C:\Users\81902\Documents\Codex\2026-09-20\depth-anything-v2-python-uav-rgb\data\uav3dcrop\2025\Day007_Corn\images\111.JPG,C:\Users\81902\Documents\Codex\2026-09-20\depth-anything-v2-python-uav-rgb\data\uav3dcrop_depth\2025\Day007_Corn\111_depth.tif,https://huggingface.co/datasets/Link-Dev/UAV3DCrop/resolve/main/2025/Day007_Corn/images/111.JPG?download=true,https://huggingface.co/datasets/Link-Dev/UAV3DCrop_depth/resolve/main/2025/Day007_Corn_depth/111_depth.tif?download=true,main,metric_scale_shift,128,20000,0.0849640625,0.21131985607147216,0.3907642824714434,0.050750882053375246,-0.059659688103323,0.05149816206214682,0.5407234251968503,0.22818274996232973
2025/Day007_Corn,2025,Day007,corn,111.JPG,111,DJI Mavic 3M RGB camera,oblique,oblique,0.7023218186333064,5280,3956,111_depth.tif,True,True,OPENCV,C:\Users\81902\Documents\Codex\2026-09-20\depth-anything-v2-python-uav-rgb\data\uav3dcrop\2025\Day007_Corn\images\111.JPG,C:\Users\81902\Documents\Codex\2026-09-20\depth-anything-v2-python-uav-rgb\data\uav3dcrop_depth\2025\Day007_Corn\111_depth.tif,https://huggingface.co/datasets/Link-Dev/UAV3DCrop/resolve/main/2025/Day007_Corn/images/111.JPG?download=true,https://huggingface.co/datasets/Link-Dev/UAV3DCrop_depth/resolve/main/2025/Day007_Corn_depth/111_depth.tif?download=true,main,relative_scale_shift,128,20000,0.0849640625,0.08472921085357667,0.19408184132042083,-0.0006120607376098633,0.5770143771194051,0.16296381929283482,0.5094734251968503,0.22818274996232973
2025/Day007_Corn,2025,Day007,corn,222.JPG,222,DJI Mavic 3M RGB camera,oblique,oblique,0.7056516241242933,5280,3956,222_depth.tif,True,True,OPENCV,C:\Users\81902\Documents\Codex\2026-09-20\depth-anything-v2-python-uav-rgb\data\uav3dcrop\2025\Day007_Corn\images\222.JPG,C:\Users\81902\Documents\Codex\2026-09-20\depth-anything-v2-python-uav-rgb\data\uav3dcrop_depth\2025\Day007_Corn\222_depth.tif,https://huggingface.co/datasets/Link-Dev/UAV3DCrop/resolve/main/2025/Day007_Corn/images/222.JPG?download=true,https://huggingface.co/datasets/Link-Dev/UAV3DCrop_depth/resolve/main/2025/Day007_Corn_depth/222_depth.tif?download=true,main,metric_raw,8,20000,0.018388671875,0.024871196699142457,0.15931734745131712,0.0009643664360046387,0.07320432089320345,0.042867882679124295,0.5189404727997722,0.15921022864553958
2025/Day007_Corn,2025,Day007,corn,222.JPG,222,DJI Mavic 3M RGB camera,oblique,oblique,0.7056516241242933,5280,3956,222_depth.tif,True,True,OPENCV,C:\Users\81902\Documents\Codex\2026-09-20\depth-anything-v2-python-uav-rgb\data\uav3dcrop\2025\Day007_Corn\images\222.JPG,C:\Users\81902\Documents\Codex\2026-09-20\depth-anything-v2-python-uav-rgb\data\uav3dcrop_depth\2025\Day007_Corn\222_depth.tif,https://huggingface.co/datasets/Link-Dev/UAV3DCrop/resolve/main/2025/Day007_Corn/images/222.JPG?download=true,https://huggingface.co/datasets/Link-Dev/UAV3DCrop_depth/resolve/main/2025/Day007_Corn_depth/222_depth.tif?download=true,main,metric_bias_corrected,8,20000,0.018388671875,0.024871206760406495,0.15931735670230493,0.0009643683433532714,0.0732040208888473,0.0428679640930564,0.5189404727997722,0.15921022864553958
2025/Day007_Corn,2025,Day007,corn,222.JPG,222,DJI Mavic 3M RGB camera,oblique,oblique,0.7056516241242933,5280,3956,222_depth.tif,True,True,OPENCV,C:\Users\81902\Documents\Codex\2026-09-20\depth-anything-v2-python-uav-rgb\data\uav3dcrop\2025\Day007_Corn\images\222.JPG,C:\Users\81902\Documents\Codex\2026-09-20\depth-anything-v2-python-uav-rgb\data\uav3dcrop_depth\2025\Day007_Corn\222_depth.tif,https://huggingface.co/datasets/Link-Dev/UAV3DCrop/resolve/main/2025/Day007_Corn/images/222.JPG?download=true,https://huggingface.co/datasets/Link-Dev/UAV3DCrop_depth/resolve/main/2025/Day007_Corn_depth/222_depth.tif?download=true,main,metric_scale_shift,8,20000,0.018388671875,0.04829256906509399,0.17537916614380947,0.0006622525215148926,0.07320419505489292,0.0428675850109785,0.5189404727997722,0.15921022864553958
2025/Day007_Corn,2025,Day007,corn,222.JPG,222,DJI Mavic 3M RGB camera,oblique,oblique,0.7056516241242933,5280,3956,222_depth.tif,True,True,OPENCV,C:\Users\81902\Documents\Codex\2026-09-20\depth-anything-v2-python-uav-rgb\data\uav3dcrop\2025\Day007_Corn\images\222.JPG,C:\Users\81902\Documents\Codex\2026-09-20\depth-anything-v2-python-uav-rgb\data\uav3dcrop_depth\2025\Day007_Corn\222_depth.tif,https://huggingface.co/datasets/Link-Dev/UAV3DCrop/resolve/main/2025/Day007_Corn/images/222.JPG?download=true,https://huggingface.co/datasets/Link-Dev/UAV3DCrop_depth/resolve/main/2025/Day007_Corn_depth/222_depth.tif?download=true,main,relative_scale_shift,8,20000,0.018388671875,0.026683685970306396,0.19835036982980034,0.00020666017532348634,0.2954996249055964,0.15904782693686567,0.597835374537169,0.15921022864553958
2025/Day007_Corn,2025,Day007,corn,222.JPG,222,DJI Mavic 3M RGB camera,oblique,oblique,0.7056516241242933,5280,3956,222_depth.tif,True,True,OPENCV,C:\Users\81902\Documents\Codex\2026-09-20\depth-anything-v2-python-uav-rgb\data\uav3dcrop\2025\Day007_Corn\images\222.JPG,C:\Users\81902\Documents\Codex\2026-09-20\depth-anything-v2-python-uav-rgb\data\uav3dcrop_depth\2025\Day007_Corn\222_depth.tif,https://huggingface.co/datasets/Link-Dev/UAV3DCrop/resolve/main/2025/Day007_Corn/images/222.JPG?download=true,https://huggingface.co/datasets/Link-Dev/UAV3DCrop_depth/resolve/main/2025/Day007_Corn_depth/222_depth.tif?download=true,main,metric_raw,16,20000,0.032212109375,0.042135289680957796,0.21999506117996565,-0.0013097732424736024,0.21549054960235542,0.05717995037127154,0.5245514129150102,0.2251897080879889
2025/Day007_Corn,2025,Day007,corn,222.JPG,222,DJI Mavic 3M RGB camera,oblique,oblique,0.7056516241242933,5280,3956,222_depth.tif,True,True,OPENCV,C:\Users\81902\Documents\Codex\2026-09-20\depth-anything-v2-python-uav-rgb\data\uav3dcrop\2025\Day007_Corn\images\222.JPG,C:\Users\81902\Documents\Codex\2026-09-20\depth-anything-v2-python-uav-rgb\data\uav3dcrop_depth\2025\Day007_Corn\222_depth.tif,https://huggingface.co/datasets/Link-Dev/UAV3DCrop/resolve/main/2025/Day007_Corn/images/222.JPG?download=true,https://huggingface.co/datasets/Link-Dev/UAV3DCrop_depth/resolve/main/2025/Day007_Corn_depth/222_depth.tif?download=true,main,metric_bias_corrected,16,20000,0.032212109375,0.0421352933883667,0.21999506836394575,-0.0013097795486450195,0.21549038012598362,0.05718116154061019,0.5245514129150102,0.2251897080879889
2025/Day007_Corn,2025,Day007,corn,222.JPG,222,DJI Mavic 3M RGB camera,oblique,oblique,0.7056516241242933,5280,3956,222_depth.tif,True,True,OPENCV,C:\Users\81902\Documents\Codex\2026-09-20\depth-anything-v2-python-uav-rgb\data\uav3dcrop\2025\Day007_Corn\images\222.JPG,C:\Users\81902\Documents\Codex\2026-09-20\depth-anything-v2-python-uav-rgb\data\uav3dcrop_depth\2025\Day007_Corn\222_depth.tif,https://huggingface.co/datasets/Link-Dev/UAV3DCrop/resolve/main/2025/Day007_Corn/images/222.JPG?download=true,https://huggingface.co/datasets/Link-Dev/UAV3DCrop_depth/resolve/main/2025/Day007_Corn_depth/222_depth.tif?download=true,main,metric_scale_shift,16,20000,0.032212109375,0.083470086145401,0.24106195105728034,-0.0022232290744781495,0.21549059274079618,0.05717947307258158,0.5245514129150102,0.2251897080879889
2025/Day007_Corn,2025,Day007,corn,222.JPG,222,DJI Mavic 3M RGB camera,oblique,oblique,0.7056516241242933,5280,3956,222_depth.tif,True,True,OPENCV,C:\Users\81902\Documents\Codex\2026-09-20\depth-anything-v2-python-uav-rgb\data\uav3dcrop\2025\Day007_Corn\images\222.JPG,C:\Users\81902\Documents\Codex\2026-09-20\depth-anything-v2-python-uav-rgb\data\uav3dcrop_depth\2025\Day007_Corn\222_depth.tif,https://huggingface.co/datasets/Link-Dev/UAV3DCrop/resolve/main/2025/Day007_Corn/images/222.JPG?download=true,https://huggingface.co/datasets/Link-Dev/UAV3DCrop_depth/resolve/main/2025/Day007_Corn_depth/222_depth.tif?download=true,main,relative_scale_shift,16,20000,0.032212109375,0.042376057052612305,0.24036051641747758,-0.000473591423034668,0.4767652029373117,0.1899286113218855,0.6032018910497475,0.2251897080879889
2025/Day007_Corn,2025,Day007,corn,222.JPG,222,DJI Mavic 3M RGB camera,oblique,oblique,0.7056516241242933,5280,3956,222_depth.tif,True,True,OPENCV,C:\Users\81902\Documents\Codex\2026-09-20\depth-anything-v2-python-uav-rgb\data\uav3dcrop\2025\Day007_Corn\images\222.JPG,C:\Users\81902\Documents\Codex\2026-09-20\depth-anything-v2-python-uav-rgb\data\uav3dcrop_depth\2025\Day007_Corn\222_depth.tif,https://huggingface.co/datasets/Link-Dev/UAV3DCrop/resolve/main/2025/Day007_Corn/images/222.JPG?download=true,https://huggingface.co/datasets/Link-Dev/UAV3DCrop_depth/resolve/main/2025/Day007_Corn_depth/222_depth.tif?download=true,main,metric_raw,32,20000,0.05502421875,0.06868807399272919,0.321247983148653,0.0031074909925460814,0.24503871430783497,0.08987497906976187,0.5334454078924085,0.33133348873336904
2025/Day007_Corn,2025,Day007,corn,222.JPG,222,DJI Mavic 3M RGB camera,oblique,oblique,0.7056516241242933,5280,3956,222_depth.tif,True,True,OPENCV,C:\Users\81902\Documents\Codex\2026-09-20\depth-anything-v2-python-uav-rgb\data\uav3dcrop\2025\Day007_Corn\images\222.JPG,C:\Users\81902\Documents\Codex\2026-09-20\depth-anything-v2-python-uav-rgb\data\uav3dcrop_depth\2025\Day007_Corn\222_depth.tif,https://huggingface.co/datasets/Link-Dev/UAV3DCrop/resolve/main/2025/Day007_Corn/images/222.JPG?download=true,https://huggingface.co/datasets/Link-Dev/UAV3DCrop_depth/resolve/main/2025/Day007_Corn_depth/222_depth.tif?download=true,main,metric_bias_corrected,32,20000,0.05502421875,0.06868806667327881,0.32124797970720126,0.003107492446899414,0.2450387561029145,0.08987505890520008,0.5334454078924085,0.33133348873336904
2025/Day007_Corn,2025,Day007,corn,222.JPG,222,DJI Mavic 3M RGB camera,oblique,oblique,0.7056516241242933,5280,3956,222_depth.tif,True,True,OPENCV,C:\Users\81902\Documents\Codex\2026-09-20\depth-anything-v2-python-uav-rgb\data\uav3dcrop\2025\Day007_Corn\images\222.JPG,C:\Users\81902\Documents\Codex\2026-09-20\depth-anything-v2-python-uav-rgb\data\uav3dcrop_depth\2025\Day007_Corn\222_depth.tif,https://huggingface.co/datasets/Link-Dev/UAV3DCrop/resolve/main/2025/Day007_Corn/images/222.JPG?download=true,https://huggingface.co/datasets/Link-Dev/UAV3DCrop_depth/resolve/main/2025/Day007_Corn_depth/222_depth.tif?download=true,main,metric_scale_shift,32,20000,0.05502421875,0.13651501803398133,0.37841007508718594,0.0007987778186798096,0.24503873644202698,0.08987436321680273,0.5334454078924085,0.33133348873336904
2025/Day007_Corn,2025,Day007,corn,222.JPG,222,DJI Mavic 3M RGB camera,oblique,oblique,0.7056516241242933,5280,3956,222_depth.tif,True,True,OPENCV,C:\Users\81902\Documents\Codex\2026-09-20\depth-anything-v2-python-uav-rgb\data\uav3dcrop\2025\Day007_Corn\images\222.JPG,C:\Users\81902\Documents\Codex\2026-09-20\depth-anything-v2-python-uav-rgb\data\uav3dcrop_depth\2025\Day007_Corn\222_depth.tif,https://huggingface.co/datasets/Link-Dev/UAV3DCrop/resolve/main/2025/Day007_Corn/images/222.JPG?download=true,https://huggingface.co/datasets/Link-Dev/UAV3DCrop_depth/resolve/main/2025/Day007_Corn_depth/222_depth.tif?download=true,main,relative_scale_shift,32,20000,0.05502421875,0.06994108095169067,0.34879515258473714,0.0015301262855529785,0.4543173616414972,0.2517388549128821,0.6319235533533888,0.33133348873336904
2025/Day007_Corn,2025,Day007,corn,222.JPG,222,DJI Mavic 3M RGB camera,oblique,oblique,0.7056516241242933,5280,3956,222_depth.tif,True,True,OPENCV,C:\Users\81902\Documents\Codex\2026-09-20\depth-anything-v2-python-uav-rgb\data\uav3dcrop\2025\Day007_Corn\images\222.JPG,C:\Users\81902\Documents\Codex\2026-09-20\depth-anything-v2-python-uav-rgb\data\uav3dcrop_depth\2025\Day007_Corn\222_depth.tif,https://huggingface.co/datasets/Link-Dev/UAV3DCrop/resolve/main/2025/Day007_Corn/images/222.JPG?download=true,https://huggingface.co/datasets/Link-Dev/UAV3DCrop_depth/resolve/main/2025/Day007_Corn_depth/222_depth.tif?download=true,main,metric_raw,64,20000,0.08733125,0.10455815881490707,0.3877885583011465,0.0038231825709342956,0.315260099968417,0.11395331148465536,0.5300591450175938,0.4080561337851719
2025/Day007_Corn,2025,Day007,corn,222.JPG,222,DJI Mavic 3M RGB camera,oblique,oblique,0.7056516241242933,5280,3956,222_depth.tif,True,True,OPENCV,C:\Users\81902\Documents\Codex\2026-09-20\depth-anything-v2-python-uav-rgb\data\uav3dcrop\2025\Day007_Corn\images\222.JPG,C:\Users\81902\Documents\Codex\2026-09-20\depth-anything-v2-python-uav-rgb\data\uav3dcrop_depth\2025\Day007_Corn\222_depth.tif,https://huggingface.co/datasets/Link-Dev/UAV3DCrop/resolve/main/2025/Day007_Corn/images/222.JPG?download=true,https://huggingface.co/datasets/Link-Dev/UAV3DCrop_depth/resolve/main/2025/Day007_Corn_depth/222_depth.tif?download=true,main,metric_bias_corrected,64,20000,0.08733125,0.10455815467834473,0.387788554115864,0.003823176193237305,0.3152601334913003,0.11395387463115512,0.5300591450175938,0.4080561337851719
2025/Day007_Corn,2025,Day007,corn,222.JPG,222,DJI Mavic 3M RGB camera,oblique,oblique,0.7056516241242933,5280,3956,222_depth.tif,True,True,OPENCV,C:\Users\81902\Documents\Codex\2026-09-20\depth-anything-v2-python-uav-rgb\data\uav3dcrop\2025\Day007_Corn\images\222.JPG,C:\Users\81902\Documents\Codex\2026-09-20\depth-anything-v2-python-uav-rgb\data\uav3dcrop_depth\2025\Day007_Corn\222_depth.tif,https://huggingface.co/datasets/Link-Dev/UAV3DCrop/resolve/main/2025/Day007_Corn/images/222.JPG?download=true,https://huggingface.co/datasets/Link-Dev/UAV3DCrop_depth/resolve/main/2025/Day007_Corn_depth/222_depth.tif?download=true,main,metric_scale_shift,64,20000,0.08733125,0.20997296504974367,0.4611814729340623,0.0036297223091125486,0.31526010294573603,0.11395376527652834,0.5300591450175938,0.4080561337851719
2025/Day007_Corn,2025,Day007,corn,222.JPG,222,DJI Mavic 3M RGB camera,oblique,oblique,0.7056516241242933,5280,3956,222_depth.tif,True,True,OPENCV,C:\Users\81902\Documents\Codex\2026-09-20\depth-anything-v2-python-uav-rgb\data\uav3dcrop\2025\Day007_Corn\images\222.JPG,C:\Users\81902\Documents\Codex\2026-09-20\depth-anything-v2-python-uav-rgb\data\uav3dcrop_depth\2025\Day007_Corn\222_depth.tif,https://huggingface.co/datasets/Link-Dev/UAV3DCrop/resolve/main/2025/Day007_Corn/images/222.JPG?download=true,https://huggingface.co/datasets/Link-Dev/UAV3DCrop_depth/resolve/main/2025/Day007_Corn_depth/222_depth.tif?download=true,main,relative_scale_shift,64,20000,0.08733125,0.10193092651367187,0.4435647095306449,-0.0009674171447753906,0.4827778764139139,0.3217769357041923,0.6642210077113124,0.4080561337851719
2025/Day007_Corn,2025,Day007,corn,222.JPG,222,DJI Mavic 3M RGB camera,oblique,oblique,0.7056516241242933,5280,3956,222_depth.tif,True,True,OPENCV,C:\Users\81902\Documents\Codex\2026-09-20\depth-anything-v2-python-uav-rgb\data\uav3dcrop\2025\Day007_Corn\images\222.JPG,C:\Users\81902\Documents\Codex\2026-09-20\depth-anything-v2-python-uav-rgb\data\uav3dcrop_depth\2025\Day007_Corn\222_depth.tif,https://huggingface.co/datasets/Link-Dev/UAV3DCrop/resolve/main/2025/Day007_Corn/images/222.JPG?download=true,https://huggingface.co/datasets/Link-Dev/UAV3DCrop_depth/resolve/main/2025/Day007_Corn_depth/222_depth.tif?download=true,main,metric_raw,128,20000,0.1305453125,0.1517543653011322,0.4462895304757841,0.006636057090759278,0.41590203911053225,0.13579306976004585,0.5294984305938121,0.4897060551928613
2025/Day007_Corn,2025,Day007,corn,222.JPG,222,DJI Mavic 3M RGB camera,oblique,oblique,0.7056516241242933,5280,3956,222_depth.tif,True,True,OPENCV,C:\Users\81902\Documents\Codex\2026-09-20\depth-anything-v2-python-uav-rgb\data\uav3dcrop\2025\Day007_Corn\images\222.JPG,C:\Users\81902\Documents\Codex\2026-09-20\depth-anything-v2-python-uav-rgb\data\uav3dcrop_depth\2025\Day007_Corn\222_depth.tif,https://huggingface.co/datasets/Link-Dev/UAV3DCrop/resolve/main/2025/Day007_Corn/images/222.JPG?download=true,https://huggingface.co/datasets/Link-Dev/UAV3DCrop_depth/resolve/main/2025/Day007_Corn_depth/222_depth.tif?download=true,main,metric_bias_corrected,128,20000,0.1305453125,0.1517543674468994,0.4462895236941863,0.0066360599517822265,0.41590207434998533,0.1357929897089362,0.5294984305938121,0.4897060551928613
2025/Day007_Corn,2025,Day007,corn,222.JPG,222,DJI Mavic 3M RGB camera,oblique,oblique,0.7056516241242933,5280,3956,222_depth.tif,True,True,OPENCV,C:\Users\81902\Documents\Codex\2026-09-20\depth-anything-v2-python-uav-rgb\data\uav3dcrop\2025\Day007_Corn\images\222.JPG,C:\Users\81902\Documents\Codex\2026-09-20\depth-anything-v2-python-uav-rgb\data\uav3dcrop_depth\2025\Day007_Corn\222_depth.tif,https://huggingface.co/datasets/Link-Dev/UAV3DCrop/resolve/main/2025/Day007_Corn/images/222.JPG?download=true,https://huggingface.co/datasets/Link-Dev/UAV3DCrop_depth/resolve/main/2025/Day007_Corn_depth/222_depth.tif?download=true,main,metric_scale_shift,128,20000,0.1305453125,0.3169360019207001,0.6046380372009684,0.0019016595363616944,0.4159020210053893,0.13579314459036304,0.5294984305938121,0.4897060551928613
2025/Day007_Corn,2025,Day007,corn,222.JPG,222,DJI Mavic 3M RGB camera,oblique,oblique,0.7056516241242933,5280,3956,222_depth.tif,True,True,OPENCV,C:\Users\81902\Documents\Codex\2026-09-20\depth-anything-v2-python-uav-rgb\data\uav3dcrop\2025\Day007_Corn\images\222.JPG,C:\Users\81902\Documents\Codex\2026-09-20\depth-anything-v2-python-uav-rgb\data\uav3dcrop_depth\2025\Day007_Corn\222_depth.tif,https://huggingface.co/datasets/Link-Dev/UAV3DCrop/resolve/main/2025/Day007_Corn/images/222.JPG?download=true,https://huggingface.co/datasets/Link-Dev/UAV3DCrop_depth/resolve/main/2025/Day007_Corn_depth/222_depth.tif?download=true,main,relative_scale_shift,128,20000,0.1305453125,0.14621401271820067,0.5100716608657168,0.00041838321685791014,0.5976225275854316,0.41391662132506285,0.6981615527512651,0.4897060551928613
2025/Day007_Corn,2025,Day007,corn,334.JPG,334,DJI Mavic 3M RGB camera,oblique,oblique,0.7068111656329447,5280,3956,334_depth.tif,True,True,OPENCV,C:\Users\81902\Documents\Codex\2026-09-20\depth-anything-v2-python-uav-rgb\data\uav3dcrop\2025\Day007_Corn\images\334.JPG,C:\Users\81902\Documents\Codex\2026-09-20\depth-anything-v2-python-uav-rgb\data\uav3dcrop_depth\2025\Day007_Corn\334_depth.tif,https://huggingface.co/datasets/Link-Dev/UAV3DCrop/resolve/main/2025/Day007_Corn/images/334.JPG?download=true,https://huggingface.co/datasets/Link-Dev/UAV3DCrop_depth/resolve/main/2025/Day007_Corn_depth/334_depth.tif?download=true,main,metric_raw,8,20000,0.00855859375,0.012118536138534546,0.029107089327982016,0.0008199133396148682,0.02845963955277438,0.027394864985801425,0.5129644921552436,0.028093696978797992
2025/Day007_Corn,2025,Day007,corn,334.JPG,334,DJI Mavic 3M RGB camera,oblique,oblique,0.7068111656329447,5280,3956,334_depth.tif,True,True,OPENCV,C:\Users\81902\Documents\Codex\2026-09-20\depth-anything-v2-python-uav-rgb\data\uav3dcrop\2025\Day007_Corn\images\334.JPG,C:\Users\81902\Documents\Codex\2026-09-20\depth-anything-v2-python-uav-rgb\data\uav3dcrop_depth\2025\Day007_Corn\334_depth.tif,https://huggingface.co/datasets/Link-Dev/UAV3DCrop/resolve/main/2025/Day007_Corn/images/334.JPG?download=true,https://huggingface.co/datasets/Link-Dev/UAV3DCrop_depth/resolve/main/2025/Day007_Corn_depth/334_depth.tif?download=true,main,metric_bias_corrected,8,20000,0.00855859375,0.012118527412414551,0.029107083455619447,0.0008199037551879883,0.02846024972235379,0.027396774074266796,0.5129644921552436,0.028093696978797992
2025/Day007_Corn,2025,Day007,corn,334.JPG,334,DJI Mavic 3M RGB camera,oblique,oblique,0.7068111656329447,5280,3956,334_depth.tif,True,True,OPENCV,C:\Users\81902\Documents\Codex\2026-09-20\depth-anything-v2-python-uav-rgb\data\uav3dcrop\2025\Day007_Corn\images\334.JPG,C:\Users\81902\Documents\Codex\2026-09-20\depth-anything-v2-python-uav-rgb\data\uav3dcrop_depth\2025\Day007_Corn\334_depth.tif,https://huggingface.co/datasets/Link-Dev/UAV3DCrop/resolve/main/2025/Day007_Corn/images/334.JPG?download=true,https://huggingface.co/datasets/Link-Dev/UAV3DCrop_depth/resolve/main/2025/Day007_Corn_depth/334_depth.tif?download=true,main,metric_scale_shift,8,20000,0.00855859375,0.08376083793640136,0.12653833057782923,-0.00035764122009277345,0.028459744646189136,0.02739547310264037,0.5129644921552436,0.028093696978797992
2025/Day007_Corn,2025,Day007,corn,334.JPG,334,DJI Mavic 3M RGB camera,oblique,oblique,0.7068111656329447,5280,3956,334_depth.tif,True,True,OPENCV,C:\Users\81902\Documents\Codex\2026-09-20\depth-anything-v2-python-uav-rgb\data\uav3dcrop\2025\Day007_Corn\images\334.JPG,C:\Users\81902\Documents\Codex\2026-09-20\depth-anything-v2-python-uav-rgb\data\uav3dcrop_depth\2025\Day007_Corn\334_depth.tif,https://huggingface.co/datasets/Link-Dev/UAV3DCrop/resolve/main/2025/Day007_Corn/images/334.JPG?download=true,https://huggingface.co/datasets/Link-Dev/UAV3DCrop_depth/resolve/main/2025/Day007_Corn_depth/334_depth.tif?download=true,main,relative_scale_shift,8,20000,0.00855859375,0.01110218152999878,0.027447072779510678,0.0005417132377624512,0.22307426621780418,0.16338517214894144,0.5904211395540875,0.028093696978797992
2025/Day007_Corn,2025,Day007,corn,334.JPG,334,DJI Mavic 3M RGB camera,oblique,oblique,0.7068111656329447,5280,3956,334_depth.tif,True,True,OPENCV,C:\Users\81902\Documents\Codex\2026-09-20\depth-anything-v2-python-uav-rgb\data\uav3dcrop\2025\Day007_Corn\images\334.JPG,C:\Users\81902\Documents\Codex\2026-09-20\depth-anything-v2-python-uav-rgb\data\uav3dcrop_depth\2025\Day007_Corn\334_depth.tif,https://huggingface.co/datasets/Link-Dev/UAV3DCrop/resolve/main/2025/Day007_Corn/images/334.JPG?download=true,https://huggingface.co/datasets/Link-Dev/UAV3DCrop_depth/resolve/main/2025/Day007_Corn_depth/334_depth.tif?download=true,main,metric_raw,16,20000,0.01603671875,0.020709293150901795,0.05267318418380388,0.00166607506275177,0.059253853507538576,0.05700864045104976,0.5182668745823124,0.05155495015157939
2025/Day007_Corn,2025,Day007,corn,334.JPG,334,DJI Mavic 3M RGB camera,oblique,oblique,0.7068111656329447,5280,3956,334_depth.tif,True,True,OPENCV,C:\Users\81902\Documents\Codex\2026-09-20\depth-anything-v2-python-uav-rgb\data\uav3dcrop\2025\Day007_Corn\images\334.JPG,C:\Users\81902\Documents\Codex\2026-09-20\depth-anything-v2-python-uav-rgb\data\uav3dcrop_depth\2025\Day007_Corn\334_depth.tif,https://huggingface.co/datasets/Link-Dev/UAV3DCrop/resolve/main/2025/Day007_Corn/images/334.JPG?download=true,https://huggingface.co/datasets/Link-Dev/UAV3DCrop_depth/resolve/main/2025/Day007_Corn_depth/334_depth.tif?download=true,main,metric_bias_corrected,16,20000,0.01603671875,0.020709293365478516,0.052673182327262494,0.001666067123413086,0.05925392087884895,0.05700849907484209,0.5182668745823124,0.05155495015157939
2025/Day007_Corn,2025,Day007,corn,334.JPG,334,DJI Mavic 3M RGB camera,oblique,oblique,0.7068111656329447,5280,3956,334_depth.tif,True,True,OPENCV,C:\Users\81902\Documents\Codex\2026-09-20\depth-anything-v2-python-uav-rgb\data\uav3dcrop\2025\Day007_Corn\images\334.JPG,C:\Users\81902\Documents\Codex\2026-09-20\depth-anything-v2-python-uav-rgb\data\uav3dcrop_depth\2025\Day007_Corn\334_depth.tif,https://huggingface.co/datasets/Link-Dev/UAV3DCrop/resolve/main/2025/Day007_Corn/images/334.JPG?download=true,https://huggingface.co/datasets/Link-Dev/UAV3DCrop_depth/resolve/main/2025/Day007_Corn_depth/334_depth.tif?download=true,main,metric_scale_shift,16,20000,0.01603671875,0.14580340538024902,0.21220821668632225,-0.0020376270294189453,0.05925373660253606,0.057008504102933684,0.5182668745823124,0.05155495015157939
2025/Day007_Corn,2025,Day007,corn,334.JPG,334,DJI Mavic 3M RGB camera,oblique,oblique,0.7068111656329447,5280,3956,334_depth.tif,True,True,OPENCV,C:\Users\81902\Documents\Codex\2026-09-20\depth-anything-v2-python-uav-rgb\data\uav3dcrop\2025\Day007_Corn\images\334.JPG,C:\Users\81902\Documents\Codex\2026-09-20\depth-anything-v2-python-uav-rgb\data\uav3dcrop_depth\2025\Day007_Corn\334_depth.tif,https://huggingface.co/datasets/Link-Dev/UAV3DCrop/resolve/main/2025/Day007_Corn/images/334.JPG?download=true,https://huggingface.co/datasets/Link-Dev/UAV3DCrop_depth/resolve/main/2025/Day007_Corn_depth/334_depth.tif?download=true,main,relative_scale_shift,16,20000,0.01603671875,0.019555614280700684,0.049401173368954644,0.0011800373077392578,0.28697270029587996,0.1956345038460395,0.5829806192916017,0.05155495015157939
2025/Day007_Corn,2025,Day007,corn,334.JPG,334,DJI Mavic 3M RGB camera,oblique,oblique,0.7068111656329447,5280,3956,334_depth.tif,True,True,OPENCV,C:\Users\81902\Documents\Codex\2026-09-20\depth-anything-v2-python-uav-rgb\data\uav3dcrop\2025\Day007_Corn\images\334.JPG,C:\Users\81902\Documents\Codex\2026-09-20\depth-anything-v2-python-uav-rgb\data\uav3dcrop_depth\2025\Day007_Corn\334_depth.tif,https://huggingface.co/datasets/Link-Dev/UAV3DCrop/resolve/main/2025/Day007_Corn/images/334.JPG?download=true,https://huggingface.co/datasets/Link-Dev/UAV3DCrop_depth/resolve/main/2025/Day007_Corn_depth/334_depth.tif?download=true,main,metric_raw,32,20000,0.0272703125,0.033772849583625794,0.08027936107825884,0.003657129454612732,0.10307689872897127,0.07678934001458072,0.5114128128977514,0.07899686688741107
2025/Day007_Corn,2025,Day007,corn,334.JPG,334,DJI Mavic 3M RGB camera,oblique,oblique,0.7068111656329447,5280,3956,334_depth.tif,True,True,OPENCV,C:\Users\81902\Documents\Codex\2026-09-20\depth-anything-v2-python-uav-rgb\data\uav3dcrop\2025\Day007_Corn\images\334.JPG,C:\Users\81902\Documents\Codex\2026-09-20\depth-anything-v2-python-uav-rgb\data\uav3dcrop_depth\2025\Day007_Corn\334_depth.tif,https://huggingface.co/datasets/Link-Dev/UAV3DCrop/resolve/main/2025/Day007_Corn/images/334.JPG?download=true,https://huggingface.co/datasets/Link-Dev/UAV3DCrop_depth/resolve/main/2025/Day007_Corn_depth/334_depth.tif?download=true,main,metric_bias_corrected,32,20000,0.0272703125,0.03377284650802612,0.08027935373856998,0.003657129383087158,0.10307723619375934,0.0767891683970414,0.5113279592702588,0.07899686688741107
2025/Day007_Corn,2025,Day007,corn,334.JPG,334,DJI Mavic 3M RGB camera,oblique,oblique,0.7068111656329447,5280,3956,334_depth.tif,True,True,OPENCV,C:\Users\81902\Documents\Codex\2026-09-20\depth-anything-v2-python-uav-rgb\data\uav3dcrop\2025\Day007_Corn\images\334.JPG,C:\Users\81902\Documents\Codex\2026-09-20\depth-anything-v2-python-uav-rgb\data\uav3dcrop_depth\2025\Day007_Corn\334_depth.tif,https://huggingface.co/datasets/Link-Dev/UAV3DCrop/resolve/main/2025/Day007_Corn/images/334.JPG?download=true,https://huggingface.co/datasets/Link-Dev/UAV3DCrop_depth/resolve/main/2025/Day007_Corn_depth/334_depth.tif?download=true,main,metric_scale_shift,32,20000,0.0272703125,0.2567971004486084,0.3576083350126014,-0.0023311168670654297,0.10307688681600537,0.07678939622999385,0.5114128128977514,0.07899686688741107
2025/Day007_Corn,2025,Day007,corn,334.JPG,334,DJI Mavic 3M RGB camera,oblique,oblique,0.7068111656329447,5280,3956,334_depth.tif,True,True,OPENCV,C:\Users\81902\Documents\Codex\2026-09-20\depth-anything-v2-python-uav-rgb\data\uav3dcrop\2025\Day007_Corn\images\334.JPG,C:\Users\81902\Documents\Codex\2026-09-20\depth-anything-v2-python-uav-rgb\data\uav3dcrop_depth\2025\Day007_Corn\334_depth.tif,https://huggingface.co/datasets/Link-Dev/UAV3DCrop/resolve/main/2025/Day007_Corn/images/334.JPG?download=true,https://huggingface.co/datasets/Link-Dev/UAV3DCrop_depth/resolve/main/2025/Day007_Corn_depth/334_depth.tif?download=true,main,relative_scale_shift,32,20000,0.0272703125,0.03224807996749878,0.07479971961674158,0.002770117664337158,0.3249328104892181,0.22889362523705944,0.5699618158676284,0.07899686688741107
2025/Day007_Corn,2025,Day007,corn,334.JPG,334,DJI Mavic 3M RGB camera,oblique,oblique,0.7068111656329447,5280,3956,334_depth.tif,True,True,OPENCV,C:\Users\81902\Documents\Codex\2026-09-20\depth-anything-v2-python-uav-rgb\data\uav3dcrop\2025\Day007_Corn\images\334.JPG,C:\Users\81902\Documents\Codex\2026-09-20\depth-anything-v2-python-uav-rgb\data\uav3dcrop_depth\2025\Day007_Corn\334_depth.tif,https://huggingface.co/datasets/Link-Dev/UAV3DCrop/resolve/main/2025/Day007_Corn/images/334.JPG?download=true,https://huggingface.co/datasets/Link-Dev/UAV3DCrop_depth/resolve/main/2025/Day007_Corn_depth/334_depth.tif?download=true,main,metric_raw,64,20000,0.0411140625,0.05188410792350769,0.10101594015752599,0.008142990589141846,0.1480573260962641,0.07226793958911867,0.49143811777808716,0.09834257127858512
2025/Day007_Corn,2025,Day007,corn,334.JPG,334,DJI Mavic 3M RGB camera,oblique,oblique,0.7068111656329447,5280,3956,334_depth.tif,True,True,OPENCV,C:\Users\81902\Documents\Codex\2026-09-20\depth-anything-v2-python-uav-rgb\data\uav3dcrop\2025\Day007_Corn\images\334.JPG,C:\Users\81902\Documents\Codex\2026-09-20\depth-anything-v2-python-uav-rgb\data\uav3dcrop_depth\2025\Day007_Corn\334_depth.tif,https://huggingface.co/datasets/Link-Dev/UAV3DCrop/resolve/main/2025/Day007_Corn/images/334.JPG?download=true,https://huggingface.co/datasets/Link-Dev/UAV3DCrop_depth/resolve/main/2025/Day007_Corn_depth/334_depth.tif?download=true,main,metric_bias_corrected,64,20000,0.0411140625,0.051884097957611085,0.10101593155946725,0.00814298334121704,0.1480574683175042,0.0722681666742005,0.49143811777808716,0.09834257127858512
2025/Day007_Corn,2025,Day007,corn,334.JPG,334,DJI Mavic 3M RGB camera,oblique,oblique,0.7068111656329447,5280,3956,334_depth.tif,True,True,OPENCV,C:\Users\81902\Documents\Codex\2026-09-20\depth-anything-v2-python-uav-rgb\data\uav3dcrop\2025\Day007_Corn\images\334.JPG,C:\Users\81902\Documents\Codex\2026-09-20\depth-anything-v2-python-uav-rgb\data\uav3dcrop_depth\2025\Day007_Corn\334_depth.tif,https://huggingface.co/datasets/Link-Dev/UAV3DCrop/resolve/main/2025/Day007_Corn/images/334.JPG?download=true,https://huggingface.co/datasets/Link-Dev/UAV3DCrop_depth/resolve/main/2025/Day007_Corn_depth/334_depth.tif?download=true,main,metric_scale_shift,64,20000,0.0411140625,0.4384631820678711,0.5930708939625566,0.0023472763061523436,0.14805735304927184,0.07226781724651955,0.49143811777808716,0.09834257127858512
2025/Day007_Corn,2025,Day007,corn,334.JPG,334,DJI Mavic 3M RGB camera,oblique,oblique,0.7068111656329447,5280,3956,334_depth.tif,True,True,OPENCV,C:\Users\81902\Documents\Codex\2026-09-20\depth-anything-v2-python-uav-rgb\data\uav3dcrop\2025\Day007_Corn\images\334.JPG,C:\Users\81902\Documents\Codex\2026-09-20\depth-anything-v2-python-uav-rgb\data\uav3dcrop_depth\2025\Day007_Corn\334_depth.tif,https://huggingface.co/datasets/Link-Dev/UAV3DCrop/resolve/main/2025/Day007_Corn/images/334.JPG?download=true,https://huggingface.co/datasets/Link-Dev/UAV3DCrop_depth/resolve/main/2025/Day007_Corn_depth/334_depth.tif?download=true,main,relative_scale_shift,64,20000,0.0411140625,0.0512142294883728,0.09267523340879401,0.005673315525054932,0.35813106934877803,0.23682659513958776,0.5484477237922873,0.09834257127858512
2025/Day007_Corn,2025,Day007,corn,334.JPG,334,DJI Mavic 3M RGB camera,oblique,oblique,0.7068111656329447,5280,3956,334_depth.tif,True,True,OPENCV,C:\Users\81902\Documents\Codex\2026-09-20\depth-anything-v2-python-uav-rgb\data\uav3dcrop\2025\Day007_Corn\images\334.JPG,C:\Users\81902\Documents\Codex\2026-09-20\depth-anything-v2-python-uav-rgb\data\uav3dcrop_depth\2025\Day007_Corn\334_depth.tif,https://huggingface.co/datasets/Link-Dev/UAV3DCrop/resolve/main/2025/Day007_Corn/images/334.JPG?download=true,https://huggingface.co/datasets/Link-Dev/UAV3DCrop_depth/resolve/main/2025/Day007_Corn_depth/334_depth.tif?download=true,main,metric_raw,128,20000,0.06749140625,0.0850835559129715,0.1509111476052825,0.015458079552650451,0.1768744718383343,0.08145588640249472,0.4834445118253487,0.14650363409853404
2025/Day007_Corn,2025,Day007,corn,334.JPG,334,DJI Mavic 3M RGB camera,oblique,oblique,0.7068111656329447,5280,3956,334_depth.tif,True,True,OPENCV,C:\Users\81902\Documents\Codex\2026-09-20\depth-anything-v2-python-uav-rgb\data\uav3dcrop\2025\Day007_Corn\images\334.JPG,C:\Users\81902\Documents\Codex\2026-09-20\depth-anything-v2-python-uav-rgb\data\uav3dcrop_depth\2025\Day007_Corn\334_depth.tif,https://huggingface.co/datasets/Link-Dev/UAV3DCrop/resolve/main/2025/Day007_Corn/images/334.JPG?download=true,https://huggingface.co/datasets/Link-Dev/UAV3DCrop_depth/resolve/main/2025/Day007_Corn_depth/334_depth.tif?download=true,main,metric_bias_corrected,128,20000,0.06749140625,0.08508355464935302,0.15091114187435925,0.015458082771301269,0.17687456385555844,0.08145620748669584,0.4834445118253487,0.14650363409853404
2025/Day007_Corn,2025,Day007,corn,334.JPG,334,DJI Mavic 3M RGB camera,oblique,oblique,0.7068111656329447,5280,3956,334_depth.tif,True,True,OPENCV,C:\Users\81902\Documents\Codex\2026-09-20\depth-anything-v2-python-uav-rgb\data\uav3dcrop\2025\Day007_Corn\images\334.JPG,C:\Users\81902\Documents\Codex\2026-09-20\depth-anything-v2-python-uav-rgb\data\uav3dcrop_depth\2025\Day007_Corn\334_depth.tif,https://huggingface.co/datasets/Link-Dev/UAV3DCrop/resolve/main/2025/Day007_Corn/images/334.JPG?download=true,https://huggingface.co/datasets/Link-Dev/UAV3DCrop_depth/resolve/main/2025/Day007_Corn_depth/334_depth.tif?download=true,main,metric_scale_shift,128,20000,0.06749140625,0.7530532939910889,0.9839340469654835,0.018483471298217775,0.17687449245388903,0.08145575127300143,0.4834445118253487,0.14650363409853404
2025/Day007_Corn,2025,Day007,corn,334.JPG,334,DJI Mavic 3M RGB camera,oblique,oblique,0.7068111656329447,5280,3956,334_depth.tif,True,True,OPENCV,C:\Users\81902\Documents\Codex\2026-09-20\depth-anything-v2-python-uav-rgb\data\uav3dcrop\2025\Day007_Corn\images\334.JPG,C:\Users\81902\Documents\Codex\2026-09-20\depth-anything-v2-python-uav-rgb\data\uav3dcrop_depth\2025\Day007_Corn\334_depth.tif,https://huggingface.co/datasets/Link-Dev/UAV3DCrop/resolve/main/2025/Day007_Corn/images/334.JPG?download=true,https://huggingface.co/datasets/Link-Dev/UAV3DCrop_depth/resolve/main/2025/Day007_Corn_depth/334_depth.tif?download=true,main,relative_scale_shift,128,20000,0.06749140625,0.08911380825042725,0.14276406786017148,0.009582095909118652,0.3188637813901483,0.24367725499349593,0.5357186173438447,0.14650363409853404
2025/Day007_Corn,2025,Day007,corn,446.JPG,446,DJI Mavic 3M RGB camera,oblique,oblique,0.7057395311749536,5280,3956,446_depth.tif,True,True,OPENCV,C:\Users\81902\Documents\Codex\2026-09-20\depth-anything-v2-python-uav-rgb\data\uav3dcrop\2025\Day007_Corn\images\446.JPG,C:\Users\81902\Documents\Codex\2026-09-20\depth-anything-v2-python-uav-rgb\data\uav3dcrop_depth\2025\Day007_Corn\446_depth.tif,https://huggingface.co/datasets/Link-Dev/UAV3DCrop/resolve/main/2025/Day007_Corn/images/446.JPG?download=true,https://huggingface.co/datasets/Link-Dev/UAV3DCrop_depth/resolve/main/2025/Day007_Corn_depth/446_depth.tif?download=true,main,metric_raw,8,20000,0.0145,0.020651044917106627,0.1264970879971543,0.00184816792011261,0.011290980939376001,-0.02808232437480233,0.47678731295562093,0.12494347468049052
2025/Day007_Corn,2025,Day007,corn,446.JPG,446,DJI Mavic 3M RGB camera,oblique,oblique,0.7057395311749536,5280,3956,446_depth.tif,True,True,OPENCV,C:\Users\81902\Documents\Codex\2026-09-20\depth-anything-v2-python-uav-rgb\data\uav3dcrop\2025\Day007_Corn\images\446.JPG,C:\Users\81902\Documents\Codex\2026-09-20\depth-anything-v2-python-uav-rgb\data\uav3dcrop_depth\2025\Day007_Corn\446_depth.tif,https://huggingface.co/datasets/Link-Dev/UAV3DCrop/resolve/main/2025/Day007_Corn/images/446.JPG?download=true,https://huggingface.co/datasets/Link-Dev/UAV3DCrop_depth/resolve/main/2025/Day007_Corn_depth/446_depth.tif?download=true,main,metric_bias_corrected,8,20000,0.0145,0.02065103645324707,0.12649710553756596,0.0018481678009033204,0.011290158206580973,-0.028081526831114527,0.47678731295562093,0.12494347468049052
2025/Day007_Corn,2025,Day007,corn,446.JPG,446,DJI Mavic 3M RGB camera,oblique,oblique,0.7057395311749536,5280,3956,446_depth.tif,True,True,OPENCV,C:\Users\81902\Documents\Codex\2026-09-20\depth-anything-v2-python-uav-rgb\data\uav3dcrop\2025\Day007_Corn\images\446.JPG,C:\Users\81902\Documents\Codex\2026-09-20\depth-anything-v2-python-uav-rgb\data\uav3dcrop_depth\2025\Day007_Corn\446_depth.tif,https://huggingface.co/datasets/Link-Dev/UAV3DCrop/resolve/main/2025/Day007_Corn/images/446.JPG?download=true,https://huggingface.co/datasets/Link-Dev/UAV3DCrop_depth/resolve/main/2025/Day007_Corn_depth/446_depth.tif?download=true,main,metric_scale_shift,8,20000,0.0145,0.029475859451293947,0.13244765368328426,0.0028493040084838868,0.011291029979884938,-0.028082624831627365,0.47678731295562093,0.12494347468049052
2025/Day007_Corn,2025,Day007,corn,446.JPG,446,DJI Mavic 3M RGB camera,oblique,oblique,0.7057395311749536,5280,3956,446_depth.tif,True,True,OPENCV,C:\Users\81902\Documents\Codex\2026-09-20\depth-anything-v2-python-uav-rgb\data\uav3dcrop\2025\Day007_Corn\images\446.JPG,C:\Users\81902\Documents\Codex\2026-09-20\depth-anything-v2-python-uav-rgb\data\uav3dcrop_depth\2025\Day007_Corn\446_depth.tif,https://huggingface.co/datasets/Link-Dev/UAV3DCrop/resolve/main/2025/Day007_Corn/images/446.JPG?download=true,https://huggingface.co/datasets/Link-Dev/UAV3DCrop_depth/resolve/main/2025/Day007_Corn_depth/446_depth.tif?download=true,main,relative_scale_shift,8,20000,0.0145,0.01585716018676758,0.12463770826293777,0.0019391511917114259,0.08203549396026738,0.023833002593184167,0.5109349021614017,0.12494347468049052
2025/Day007_Corn,2025,Day007,corn,446.JPG,446,DJI Mavic 3M RGB camera,oblique,oblique,0.7057395311749536,5280,3956,446_depth.tif,True,True,OPENCV,C:\Users\81902\Documents\Codex\2026-09-20\depth-anything-v2-python-uav-rgb\data\uav3dcrop\2025\Day007_Corn\images\446.JPG,C:\Users\81902\Documents\Codex\2026-09-20\depth-anything-v2-python-uav-rgb\data\uav3dcrop_depth\2025\Day007_Corn\446_depth.tif,https://huggingface.co/datasets/Link-Dev/UAV3DCrop/resolve/main/2025/Day007_Corn/images/446.JPG?download=true,https://huggingface.co/datasets/Link-Dev/UAV3DCrop_depth/resolve/main/2025/Day007_Corn_depth/446_depth.tif?download=true,main,metric_raw,16,20000,0.0251046875,0.03350788586139679,0.17541145810629188,0.003577596879005432,0.06221220042692636,-0.012448214909528478,0.48236916975601346,0.17177599926456505
2025/Day007_Corn,2025,Day007,corn,446.JPG,446,DJI Mavic 3M RGB camera,oblique,oblique,0.7057395311749536,5280,3956,446_depth.tif,True,True,OPENCV,C:\Users\81902\Documents\Codex\2026-09-20\depth-anything-v2-python-uav-rgb\data\uav3dcrop\2025\Day007_Corn\images\446.JPG,C:\Users\81902\Documents\Codex\2026-09-20\depth-anything-v2-python-uav-rgb\data\uav3dcrop_depth\2025\Day007_Corn\446_depth.tif,https://huggingface.co/datasets/Link-Dev/UAV3DCrop/resolve/main/2025/Day007_Corn/images/446.JPG?download=true,https://huggingface.co/datasets/Link-Dev/UAV3DCrop_depth/resolve/main/2025/Day007_Corn_depth/446_depth.tif?download=true,main,metric_bias_corrected,16,20000,0.0251046875,0.03350787725448608,0.17541146741557373,0.0035775918006896975,0.06221210032812223,-0.01244692343093957,0.48236916975601346,0.17177599926456505
2025/Day007_Corn,2025,Day007,corn,446.JPG,446,DJI Mavic 3M RGB camera,oblique,oblique,0.7057395311749536,5280,3956,446_depth.tif,True,True,OPENCV,C:\Users\81902\Documents\Codex\2026-09-20\depth-anything-v2-python-uav-rgb\data\uav3dcrop\2025\Day007_Corn\images\446.JPG,C:\Users\81902\Documents\Codex\2026-09-20\depth-anything-v2-python-uav-rgb\data\uav3dcrop_depth\2025\Day007_Corn\446_depth.tif,https://huggingface.co/datasets/Link-Dev/UAV3DCrop/resolve/main/2025/Day007_Corn/images/446.JPG?download=true,https://huggingface.co/datasets/Link-Dev/UAV3DCrop_depth/resolve/main/2025/Day007_Corn_depth/446_depth.tif?download=true,main,metric_scale_shift,16,20000,0.0251046875,0.0483826358795166,0.19432404590920954,0.005403141975402832,0.06221223854622175,-0.012448126610658798,0.48236916975601346,0.17177599926456505
2025/Day007_Corn,2025,Day007,corn,446.JPG,446,DJI Mavic 3M RGB camera,oblique,oblique,0.7057395311749536,5280,3956,446_depth.tif,True,True,OPENCV,C:\Users\81902\Documents\Codex\2026-09-20\depth-anything-v2-python-uav-rgb\data\uav3dcrop\2025\Day007_Corn\images\446.JPG,C:\Users\81902\Documents\Codex\2026-09-20\depth-anything-v2-python-uav-rgb\data\uav3dcrop_depth\2025\Day007_Corn\446_depth.tif,https://huggingface.co/datasets/Link-Dev/UAV3DCrop/resolve/main/2025/Day007_Corn/images/446.JPG?download=true,https://huggingface.co/datasets/Link-Dev/UAV3DCrop_depth/resolve/main/2025/Day007_Corn_depth/446_depth.tif?download=true,main,relative_scale_shift,16,20000,0.0251046875,0.026896259880065918,0.17151156413204688,0.003880731964111328,0.06065594803350528,0.03677350313772169,0.5219415466850591,0.17177599926456505
2025/Day007_Corn,2025,Day007,corn,446.JPG,446,DJI Mavic 3M RGB camera,oblique,oblique,0.7057395311749536,5280,3956,446_depth.tif,True,True,OPENCV,C:\Users\81902\Documents\Codex\2026-09-20\depth-anything-v2-python-uav-rgb\data\uav3dcrop\2025\Day007_Corn\images\446.JPG,C:\Users\81902\Documents\Codex\2026-09-20\depth-anything-v2-python-uav-rgb\data\uav3dcrop_depth\2025\Day007_Corn\446_depth.tif,https://huggingface.co/datasets/Link-Dev/UAV3DCrop/resolve/main/2025/Day007_Corn/images/446.JPG?download=true,https://huggingface.co/datasets/Link-Dev/UAV3DCrop_depth/resolve/main/2025/Day007_Corn_depth/446_depth.tif?download=true,main,metric_raw,32,20000,0.03689453125,0.05067532269954681,0.2173768085919753,0.0025446550607681273,0.030337530302251493,-0.03904674826245684,0.4724420884467359,0.21011976823074685
2025/Day007_Corn,2025,Day007,corn,446.JPG,446,DJI Mavic 3M RGB camera,oblique,oblique,0.7057395311749536,5280,3956,446_depth.tif,True,True,OPENCV,C:\Users\81902\Documents\Codex\2026-09-20\depth-anything-v2-python-uav-rgb\data\uav3dcrop\2025\Day007_Corn\images\446.JPG,C:\Users\81902\Documents\Codex\2026-09-20\depth-anything-v2-python-uav-rgb\data\uav3dcrop_depth\2025\Day007_Corn\446_depth.tif,https://huggingface.co/datasets/Link-Dev/UAV3DCrop/resolve/main/2025/Day007_Corn/images/446.JPG?download=true,https://huggingface.co/datasets/Link-Dev/UAV3DCrop_depth/resolve/main/2025/Day007_Corn_depth/446_depth.tif?download=true,main,metric_bias_corrected,32,20000,0.03689453125,0.05067532529830933,0.21737682392085098,0.0025446593284606934,0.030337367026570736,-0.0390470281024181,0.4724420884467359,0.21011976823074685
2025/Day007_Corn,2025,Day007,corn,446.JPG,446,DJI Mavic 3M RGB camera,oblique,oblique,0.7057395311749536,5280,3956,446_depth.tif,True,True,OPENCV,C:\Users\81902\Documents\Codex\2026-09-20\depth-anything-v2-python-uav-rgb\data\uav3dcrop\2025\Day007_Corn\images\446.JPG,C:\Users\81902\Documents\Codex\2026-09-20\depth-anything-v2-python-uav-rgb\data\uav3dcrop_depth\2025\Day007_Corn\446_depth.tif,https://huggingface.co/datasets/Link-Dev/UAV3DCrop/resolve/main/2025/Day007_Corn/images/446.JPG?download=true,https://huggingface.co/datasets/Link-Dev/UAV3DCrop_depth/resolve/main/2025/Day007_Corn_depth/446_depth.tif?download=true,main,metric_scale_shift,32,20000,0.03689453125,0.0758136926651001,0.24564465048820736,0.005831124305725098,0.03033738050587121,-0.03904627545550528,0.4724420884467359,0.21011976823074685
2025/Day007_Corn,2025,Day007,corn,446.JPG,446,DJI Mavic 3M RGB camera,oblique,oblique,0.7057395311749536,5280,3956,446_depth.tif,True,True,OPENCV,C:\Users\81902\Documents\Codex\2026-09-20\depth-anything-v2-python-uav-rgb\data\uav3dcrop\2025\Day007_Corn\images\446.JPG,C:\Users\81902\Documents\Codex\2026-09-20\depth-anything-v2-python-uav-rgb\data\uav3dcrop_depth\2025\Day007_Corn\446_depth.tif,https://huggingface.co/datasets/Link-Dev/UAV3DCrop/resolve/main/2025/Day007_Corn/images/446.JPG?download=true,https://huggingface.co/datasets/Link-Dev/UAV3DCrop_depth/resolve/main/2025/Day007_Corn_depth/446_depth.tif?download=true,main,relative_scale_shift,32,20000,0.03689453125,0.039628809547424315,0.2084369671023196,0.003372859954833984,0.14023885830107635,0.027309116713146318,0.513325103478324,0.21011976823074685
2025/Day007_Corn,2025,Day007,corn,446.JPG,446,DJI Mavic 3M RGB camera,oblique,oblique,0.7057395311749536,5280,3956,446_depth.tif,True,True,OPENCV,C:\Users\81902\Documents\Codex\2026-09-20\depth-anything-v2-python-uav-rgb\data\uav3dcrop\2025\Day007_Corn\images\446.JPG,C:\Users\81902\Documents\Codex\2026-09-20\depth-anything-v2-python-uav-rgb\data\uav3dcrop_depth\2025\Day007_Corn\446_depth.tif,https://huggingface.co/datasets/Link-Dev/UAV3DCrop/resolve/main/2025/Day007_Corn/images/446.JPG?download=true,https://huggingface.co/datasets/Link-Dev/UAV3DCrop_depth/resolve/main/2025/Day007_Corn_depth/446_depth.tif?download=true,main,metric_raw,64,20000,0.05246171875,0.07094096651077271,0.27692796839820455,0.006608325386047363,0.09592948839139696,-0.007150202389570566,0.4821224927886228,0.2687894514545852
2025/Day007_Corn,2025,Day007,corn,446.JPG,446,DJI Mavic 3M RGB camera,oblique,oblique,0.7057395311749536,5280,3956,446_depth.tif,True,True,OPENCV,C:\Users\81902\Documents\Codex\2026-09-20\depth-anything-v2-python-uav-rgb\data\uav3dcrop\2025\Day007_Corn\images\446.JPG,C:\Users\81902\Documents\Codex\2026-09-20\depth-anything-v2-python-uav-rgb\data\uav3dcrop_depth\2025\Day007_Corn\446_depth.tif,https://huggingface.co/datasets/Link-Dev/UAV3DCrop/resolve/main/2025/Day007_Corn/images/446.JPG?download=true,https://huggingface.co/datasets/Link-Dev/UAV3DCrop_depth/resolve/main/2025/Day007_Corn_depth/446_depth.tif?download=true,main,metric_bias_corrected,64,20000,0.05246171875,0.07094095697402954,0.27692797688691373,0.0066083245277404785,0.09592935983521997,-0.0071503073180882075,0.4821224927886228,0.2687894514545852
2025/Day007_Corn,2025,Day007,corn,446.JPG,446,DJI Mavic 3M RGB camera,oblique,oblique,0.7057395311749536,5280,3956,446_depth.tif,True,True,OPENCV,C:\Users\81902\Documents\Codex\2026-09-20\depth-anything-v2-python-uav-rgb\data\uav3dcrop\2025\Day007_Corn\images\446.JPG,C:\Users\81902\Documents\Codex\2026-09-20\depth-anything-v2-python-uav-rgb\data\uav3dcrop_depth\2025\Day007_Corn\446_depth.tif,https://huggingface.co/datasets/Link-Dev/UAV3DCrop/resolve/main/2025/Day007_Corn/images/446.JPG?download=true,https://huggingface.co/datasets/Link-Dev/UAV3DCrop_depth/resolve/main/2025/Day007_Corn_depth/446_depth.tif?download=true,main,metric_scale_shift,64,20000,0.05246171875,0.10864439640045166,0.32382271701136767,0.013855454254150391,0.09592951641798529,-0.007150322189111219,0.4821224927886228,0.2687894514545852
2025/Day007_Corn,2025,Day007,corn,446.JPG,446,DJI Mavic 3M RGB camera,oblique,oblique,0.7057395311749536,5280,3956,446_depth.tif,True,True,OPENCV,C:\Users\81902\Documents\Codex\2026-09-20\depth-anything-v2-python-uav-rgb\data\uav3dcrop\2025\Day007_Corn\images\446.JPG,C:\Users\81902\Documents\Codex\2026-09-20\depth-anything-v2-python-uav-rgb\data\uav3dcrop_depth\2025\Day007_Corn\446_depth.tif,https://huggingface.co/datasets/Link-Dev/UAV3DCrop/resolve/main/2025/Day007_Corn/images/446.JPG?download=true,https://huggingface.co/datasets/Link-Dev/UAV3DCrop_depth/resolve/main/2025/Day007_Corn_depth/446_depth.tif?download=true,main,relative_scale_shift,64,20000,0.05246171875,0.0576379641532898,0.2658459263707988,0.007490122318267822,0.15873671892354732,0.023791340305006934,0.5058697256322533,0.2687894514545852
2025/Day007_Corn,2025,Day007,corn,446.JPG,446,DJI Mavic 3M RGB camera,oblique,oblique,0.7057395311749536,5280,3956,446_depth.tif,True,True,OPENCV,C:\Users\81902\Documents\Codex\2026-09-20\depth-anything-v2-python-uav-rgb\data\uav3dcrop\2025\Day007_Corn\images\446.JPG,C:\Users\81902\Documents\Codex\2026-09-20\depth-anything-v2-python-uav-rgb\data\uav3dcrop_depth\2025\Day007_Corn\446_depth.tif,https://huggingface.co/datasets/Link-Dev/UAV3DCrop/resolve/main/2025/Day007_Corn/images/446.JPG?download=true,https://huggingface.co/datasets/Link-Dev/UAV3DCrop_depth/resolve/main/2025/Day007_Corn_depth/446_depth.tif?download=true,main,metric_raw,128,20000,0.07354765625,0.10038145649433136,0.32979135229046114,0.014509969830513,0.1251303643677086,-0.013626627637899147,0.4840174129353234,0.31068824413442964
2025/Day007_Corn,2025,Day007,corn,446.JPG,446,DJI Mavic 3M RGB camera,oblique,oblique,0.7057395311749536,5280,3956,446_depth.tif,True,True,OPENCV,C:\Users\81902\Documents\Codex\2026-09-20\depth-anything-v2-python-uav-rgb\data\uav3dcrop\2025\Day007_Corn\images\446.JPG,C:\Users\81902\Documents\Codex\2026-09-20\depth-anything-v2-python-uav-rgb\data\uav3dcrop_depth\2025\Day007_Corn\446_depth.tif,https://huggingface.co/datasets/Link-Dev/UAV3DCrop/resolve/main/2025/Day007_Corn/images/446.JPG?download=true,https://huggingface.co/datasets/Link-Dev/UAV3DCrop_depth/resolve/main/2025/Day007_Corn_depth/446_depth.tif?download=true,main,metric_bias_corrected,128,20000,0.07354765625,0.10038145294189453,0.3297913477691162,0.014509974479675293,0.12513040893285315,-0.013626190172410164,0.48395522388059703,0.31068824413442964
2025/Day007_Corn,2025,Day007,corn,446.JPG,446,DJI Mavic 3M RGB camera,oblique,oblique,0.7057395311749536,5280,3956,446_depth.tif,True,True,OPENCV,C:\Users\81902\Documents\Codex\2026-09-20\depth-anything-v2-python-uav-rgb\data\uav3dcrop\2025\Day007_Corn\images\446.JPG,C:\Users\81902\Documents\Codex\2026-09-20\depth-anything-v2-python-uav-rgb\data\uav3dcrop_depth\2025\Day007_Corn\446_depth.tif,https://huggingface.co/datasets/Link-Dev/UAV3DCrop/resolve/main/2025/Day007_Corn/images/446.JPG?download=true,https://huggingface.co/datasets/Link-Dev/UAV3DCrop_depth/resolve/main/2025/Day007_Corn_depth/446_depth.tif?download=true,main,metric_scale_shift,128,20000,0.07354765625,0.15911585493087768,0.426740648103426,0.02908315877914429,0.125130414874503,-0.013626209305442442,0.4840174129353234,0.31068824413442964
2025/Day007_Corn,2025,Day007,corn,446.JPG,446,DJI Mavic 3M RGB camera,oblique,oblique,0.7057395311749536,5280,3956,446_depth.tif,True,True,OPENCV,C:\Users\81902\Documents\Codex\2026-09-20\depth-anything-v2-python-uav-rgb\data\uav3dcrop\2025\Day007_Corn\images\446.JPG,C:\Users\81902\Documents\Codex\2026-09-20\depth-anything-v2-python-uav-rgb\data\uav3dcrop_depth\2025\Day007_Corn\446_depth.tif,https://huggingface.co/datasets/Link-Dev/UAV3DCrop/resolve/main/2025/Day007_Corn/images/446.JPG?download=true,https://huggingface.co/datasets/Link-Dev/UAV3DCrop_depth/resolve/main/2025/Day007_Corn_depth/446_depth.tif?download=true,main,relative_scale_shift,128,20000,0.07354765625,0.08432175693511963,0.3048517044851565,0.015671793746948243,0.20401114116619673,0.03976674617840827,0.5261194029850746,0.31068824413442964
2025/Day007_Corn,2025,Day007,corn,558.JPG,558,DJI Mavic 3M RGB camera,oblique,oblique,0.7042619721063174,5280,3956,558_depth.tif,True,True,OPENCV,C:\Users\81902\Documents\Codex\2026-09-20\depth-anything-v2-python-uav-rgb\data\uav3dcrop\2025\Day007_Corn\images\558.JPG,C:\Users\81902\Documents\Codex\2026-09-20\depth-anything-v2-python-uav-rgb\data\uav3dcrop_depth\2025\Day007_Corn\558_depth.tif,https://huggingface.co/datasets/Link-Dev/UAV3DCrop/resolve/main/2025/Day007_Corn/images/558.JPG?download=true,https://huggingface.co/datasets/Link-Dev/UAV3DCrop_depth/resolve/main/2025/Day007_Corn_depth/558_depth.tif?download=true,main,metric_raw,8,20000,0.0115140625,0.018864190888404846,0.07287289111629382,0.0031755030393600466,-0.004443426964937781,0.03147888785054153,0.524776324845148,0.06860056627223345
2025/Day007_Corn,2025,Day007,corn,558.JPG,558,DJI Mavic 3M RGB camera,oblique,oblique,0.7042619721063174,5280,3956,558_depth.tif,True,True,OPENCV,C:\Users\81902\Documents\Codex\2026-09-20\depth-anything-v2-python-uav-rgb\data\uav3dcrop\2025\Day007_Corn\images\558.JPG,C:\Users\81902\Documents\Codex\2026-09-20\depth-anything-v2-python-uav-rgb\data\uav3dcrop_depth\2025\Day007_Corn\558_depth.tif,https://huggingface.co/datasets/Link-Dev/UAV3DCrop/resolve/main/2025/Day007_Corn/images/558.JPG?download=true,https://huggingface.co/datasets/Link-Dev/UAV3DCrop_depth/resolve/main/2025/Day007_Corn_depth/558_depth.tif?download=true,main,metric_bias_corrected,8,20000,0.0115140625,0.018864188671112062,0.07287290152939699,0.003175508213043213,-0.004443932358942074,0.031478548412733925,0.524776324845148,0.06860056627223345
2025/Day007_Corn,2025,Day007,corn,558.JPG,558,DJI Mavic 3M RGB camera,oblique,oblique,0.7042619721063174,5280,3956,558_depth.tif,True,True,OPENCV,C:\Users\81902\Documents\Codex\2026-09-20\depth-anything-v2-python-uav-rgb\data\uav3dcrop\2025\Day007_Corn\images\558.JPG,C:\Users\81902\Documents\Codex\2026-09-20\depth-anything-v2-python-uav-rgb\data\uav3dcrop_depth\2025\Day007_Corn\558_depth.tif,https://huggingface.co/datasets/Link-Dev/UAV3DCrop/resolve/main/2025/Day007_Corn/images/558.JPG?download=true,https://huggingface.co/datasets/Link-Dev/UAV3DCrop_depth/resolve/main/2025/Day007_Corn_depth/558_depth.tif?download=true,main,metric_scale_shift,8,20000,0.0115140625,0.04122021169662476,0.10497303877981881,0.012823666667938232,-0.004443584743612808,0.03147886797172356,0.524776324845148,0.06860056627223345
2025/Day007_Corn,2025,Day007,corn,558.JPG,558,DJI Mavic 3M RGB camera,oblique,oblique,0.7042619721063174,5280,3956,558_depth.tif,True,True,OPENCV,C:\Users\81902\Documents\Codex\2026-09-20\depth-anything-v2-python-uav-rgb\data\uav3dcrop\2025\Day007_Corn\images\558.JPG,C:\Users\81902\Documents\Codex\2026-09-20\depth-anything-v2-python-uav-rgb\data\uav3dcrop_depth\2025\Day007_Corn\558_depth.tif,https://huggingface.co/datasets/Link-Dev/UAV3DCrop/resolve/main/2025/Day007_Corn/images/558.JPG?download=true,https://huggingface.co/datasets/Link-Dev/UAV3DCrop_depth/resolve/main/2025/Day007_Corn_depth/558_depth.tif?download=true,main,relative_scale_shift,8,20000,0.0115140625,0.014371889209747314,0.06807775916666875,0.0030112265586853025,0.1524617861882826,0.08086146814348584,0.5165175498967653,0.06860056627223345
2025/Day007_Corn,2025,Day007,corn,558.JPG,558,DJI Mavic 3M RGB camera,oblique,oblique,0.7042619721063174,5280,3956,558_depth.tif,True,True,OPENCV,C:\Users\81902\Documents\Codex\2026-09-20\depth-anything-v2-python-uav-rgb\data\uav3dcrop\2025\Day007_Corn\images\558.JPG,C:\Users\81902\Documents\Codex\2026-09-20\depth-anything-v2-python-uav-rgb\data\uav3dcrop_depth\2025\Day007_Corn\558_depth.tif,https://huggingface.co/datasets/Link-Dev/UAV3DCrop/resolve/main/2025/Day007_Corn/images/558.JPG?download=true,https://huggingface.co/datasets/Link-Dev/UAV3DCrop_depth/resolve/main/2025/Day007_Corn_depth/558_depth.tif?download=true,main,metric_raw,16,20000,0.0185640625,0.030716182947158815,0.09899888691191751,0.006673600006103515,-0.02183150192110313,0.03738342665685321,0.5166385338799132,0.08529999094132333
2025/Day007_Corn,2025,Day007,corn,558.JPG,558,DJI Mavic 3M RGB camera,oblique,oblique,0.7042619721063174,5280,3956,558_depth.tif,True,True,OPENCV,C:\Users\81902\Documents\Codex\2026-09-20\depth-anything-v2-python-uav-rgb\data\uav3dcrop\2025\Day007_Corn\images\558.JPG,C:\Users\81902\Documents\Codex\2026-09-20\depth-anything-v2-python-uav-rgb\data\uav3dcrop_depth\2025\Day007_Corn\558_depth.tif,https://huggingface.co/datasets/Link-Dev/UAV3DCrop/resolve/main/2025/Day007_Corn/images/558.JPG?download=true,https://huggingface.co/datasets/Link-Dev/UAV3DCrop_depth/resolve/main/2025/Day007_Corn_depth/558_depth.tif?download=true,main,metric_bias_corrected,16,20000,0.0185640625,0.030716174602508545,0.09899886922345379,0.006673606204986572,-0.021831118016230985,0.03738353703051283,0.5166385338799132,0.08529999094132333
2025/Day007_Corn,2025,Day007,corn,558.JPG,558,DJI Mavic 3M RGB camera,oblique,oblique,0.7042619721063174,5280,3956,558_depth.tif,True,True,OPENCV,C:\Users\81902\Documents\Codex\2026-09-20\depth-anything-v2-python-uav-rgb\data\uav3dcrop\2025\Day007_Corn\images\558.JPG,C:\Users\81902\Documents\Codex\2026-09-20\depth-anything-v2-python-uav-rgb\data\uav3dcrop_depth\2025\Day007_Corn\558_depth.tif,https://huggingface.co/datasets/Link-Dev/UAV3DCrop/resolve/main/2025/Day007_Corn/images/558.JPG?download=true,https://huggingface.co/datasets/Link-Dev/UAV3DCrop_depth/resolve/main/2025/Day007_Corn_depth/558_depth.tif?download=true,main,metric_scale_shift,16,20000,0.0185640625,0.07219150476455688,0.18086111614691955,0.025112395191192627,-0.021831604922876273,0.037383396536293016,0.5166385338799132,0.08529999094132333
2025/Day007_Corn,2025,Day007,corn,558.JPG,558,DJI Mavic 3M RGB camera,oblique,oblique,0.7042619721063174,5280,3956,558_depth.tif,True,True,OPENCV,C:\Users\81902\Documents\Codex\2026-09-20\depth-anything-v2-python-uav-rgb\data\uav3dcrop\2025\Day007_Corn\images\558.JPG,C:\Users\81902\Documents\Codex\2026-09-20\depth-anything-v2-python-uav-rgb\data\uav3dcrop_depth\2025\Day007_Corn\558_depth.tif,https://huggingface.co/datasets/Link-Dev/UAV3DCrop/resolve/main/2025/Day007_Corn/images/558.JPG?download=true,https://huggingface.co/datasets/Link-Dev/UAV3DCrop_depth/resolve/main/2025/Day007_Corn_depth/558_depth.tif?download=true,main,relative_scale_shift,16,20000,0.0185640625,0.023229429817199707,0.08418895030574397,0.006581142616271973,0.19290114941723674,0.08172806252298263,0.5027730889799855,0.08529999094132333
2025/Day007_Corn,2025,Day007,corn,558.JPG,558,DJI Mavic 3M RGB camera,oblique,oblique,0.7042619721063174,5280,3956,558_depth.tif,True,True,OPENCV,C:\Users\81902\Documents\Codex\2026-09-20\depth-anything-v2-python-uav-rgb\data\uav3dcrop\2025\Day007_Corn\images\558.JPG,C:\Users\81902\Documents\Codex\2026-09-20\depth-anything-v2-python-uav-rgb\data\uav3dcrop_depth\2025\Day007_Corn\558_depth.tif,https://huggingface.co/datasets/Link-Dev/UAV3DCrop/resolve/main/2025/Day007_Corn/images/558.JPG?download=true,https://huggingface.co/datasets/Link-Dev/UAV3DCrop_depth/resolve/main/2025/Day007_Corn_depth/558_depth.tif?download=true,main,metric_raw,32,20000,0.02749296875,0.04858924114704132,0.13480194764406903,0.014134973120689393,-0.04947351309940853,0.05416943457685581,0.5233567208271788,0.10316843495502555
2025/Day007_Corn,2025,Day007,corn,558.JPG,558,DJI Mavic 3M RGB camera,oblique,oblique,0.7042619721063174,5280,3956,558_depth.tif,True,True,OPENCV,C:\Users\81902\Documents\Codex\2026-09-20\depth-anything-v2-python-uav-rgb\data\uav3dcrop\2025\Day007_Corn\images\558.JPG,C:\Users\81902\Documents\Codex\2026-09-20\depth-anything-v2-python-uav-rgb\data\uav3dcrop_depth\2025\Day007_Corn\558_depth.tif,https://huggingface.co/datasets/Link-Dev/UAV3DCrop/resolve/main/2025/Day007_Corn/images/558.JPG?download=true,https://huggingface.co/datasets/Link-Dev/UAV3DCrop_depth/resolve/main/2025/Day007_Corn_depth/558_depth.tif?download=true,main,metric_bias_corrected,32,20000,0.02749296875,0.04858922834396362,0.13480192220893294,0.014134979915618897,-0.04947317736210035,0.05417016331174329,0.5233567208271788,0.10316843495502555
2025/Day007_Corn,2025,Day007,corn,558.JPG,558,DJI Mavic 3M RGB camera,oblique,oblique,0.7042619721063174,5280,3956,558_depth.tif,True,True,OPENCV,C:\Users\81902\Documents\Codex\2026-09-20\depth-anything-v2-python-uav-rgb\data\uav3dcrop\2025\Day007_Corn\images\558.JPG,C:\Users\81902\Documents\Codex\2026-09-20\depth-anything-v2-python-uav-rgb\data\uav3dcrop_depth\2025\Day007_Corn\558_depth.tif,https://huggingface.co/datasets/Link-Dev/UAV3DCrop/resolve/main/2025/Day007_Corn/images/558.JPG?download=true,https://huggingface.co/datasets/Link-Dev/UAV3DCrop_depth/resolve/main/2025/Day007_Corn_depth/558_depth.tif?download=true,main,metric_scale_shift,32,20000,0.02749296875,0.12392016649246215,0.2904947281274121,0.05105349111557007,-0.04947352925414289,0.05416945563880694,0.5233567208271788,0.10316843495502555
2025/Day007_Corn,2025,Day007,corn,558.JPG,558,DJI Mavic 3M RGB camera,oblique,oblique,0.7042619721063174,5280,3956,558_depth.tif,True,True,OPENCV,C:\Users\81902\Documents\Codex\2026-09-20\depth-anything-v2-python-uav-rgb\data\uav3dcrop\2025\Day007_Corn\images\558.JPG,C:\Users\81902\Documents\Codex\2026-09-20\depth-anything-v2-python-uav-rgb\data\uav3dcrop_depth\2025\Day007_Corn\558_depth.tif,https://huggingface.co/datasets/Link-Dev/UAV3DCrop/resolve/main/2025/Day007_Corn/images/558.JPG?download=true,https://huggingface.co/datasets/Link-Dev/UAV3DCrop_depth/resolve/main/2025/Day007_Corn_depth/558_depth.tif?download=true,main,relative_scale_shift,32,20000,0.02749296875,0.035365893173217776,0.10139127942655426,0.013967913627624512,0.23463112058227928,0.13239576256789493,0.5168020679468243,0.10316843495502555
2025/Day007_Corn,2025,Day007,corn,558.JPG,558,DJI Mavic 3M RGB camera,oblique,oblique,0.7042619721063174,5280,3956,558_depth.tif,True,True,OPENCV,C:\Users\81902\Documents\Codex\2026-09-20\depth-anything-v2-python-uav-rgb\data\uav3dcrop\2025\Day007_Corn\images\558.JPG,C:\Users\81902\Documents\Codex\2026-09-20\depth-anything-v2-python-uav-rgb\data\uav3dcrop_depth\2025\Day007_Corn\558_depth.tif,https://huggingface.co/datasets/Link-Dev/UAV3DCrop/resolve/main/2025/Day007_Corn/images/558.JPG?download=true,https://huggingface.co/datasets/Link-Dev/UAV3DCrop_depth/resolve/main/2025/Day007_Corn_depth/558_depth.tif?download=true,main,metric_raw,64,20000,0.04106015625,0.07766021070480347,0.19384407634569017,0.027881504011154176,-0.07363767895307835,0.07430244454037835,0.5311675586040552,0.13517024578682002
2025/Day007_Corn,2025,Day007,corn,558.JPG,558,DJI Mavic 3M RGB camera,oblique,oblique,0.7042619721063174,5280,3956,558_depth.tif,True,True,OPENCV,C:\Users\81902\Documents\Codex\2026-09-20\depth-anything-v2-python-uav-rgb\data\uav3dcrop\2025\Day007_Corn\images\558.JPG,C:\Users\81902\Documents\Codex\2026-09-20\depth-anything-v2-python-uav-rgb\data\uav3dcrop_depth\2025\Day007_Corn\558_depth.tif,https://huggingface.co/datasets/Link-Dev/UAV3DCrop/resolve/main/2025/Day007_Corn/images/558.JPG?download=true,https://huggingface.co/datasets/Link-Dev/UAV3DCrop_depth/resolve/main/2025/Day007_Corn_depth/558_depth.tif?download=true,main,metric_bias_corrected,64,20000,0.04106015625,0.07766021595001221,0.19384406907425117,0.027881492042541502,-0.07363761344961806,0.07430289719560826,0.5311675586040552,0.13517024578682002
2025/Day007_Corn,2025,Day007,corn,558.JPG,558,DJI Mavic 3M RGB camera,oblique,oblique,0.7042619721063174,5280,3956,558_depth.tif,True,True,OPENCV,C:\Users\81902\Documents\Codex\2026-09-20\depth-anything-v2-python-uav-rgb\data\uav3dcrop\2025\Day007_Corn\images\558.JPG,C:\Users\81902\Documents\Codex\2026-09-20\depth-anything-v2-python-uav-rgb\data\uav3dcrop_depth\2025\Day007_Corn\558_depth.tif,https://huggingface.co/datasets/Link-Dev/UAV3DCrop/resolve/main/2025/Day007_Corn/images/558.JPG?download=true,https://huggingface.co/datasets/Link-Dev/UAV3DCrop_depth/resolve/main/2025/Day007_Corn_depth/558_depth.tif?download=true,main,metric_scale_shift,64,20000,0.04106015625,0.2121445755958557,0.4529333736809436,0.10103788690567017,-0.07363766685187131,0.07430235134712264,0.5311675586040552,0.13517024578682002
2025/Day007_Corn,2025,Day007,corn,558.JPG,558,DJI Mavic 3M RGB camera,oblique,oblique,0.7042619721063174,5280,3956,558_depth.tif,True,True,OPENCV,C:\Users\81902\Documents\Codex\2026-09-20\depth-anything-v2-python-uav-rgb\data\uav3dcrop\2025\Day007_Corn\images\558.JPG,C:\Users\81902\Documents\Codex\2026-09-20\depth-anything-v2-python-uav-rgb\data\uav3dcrop_depth\2025\Day007_Corn\558_depth.tif,https://huggingface.co/datasets/Link-Dev/UAV3DCrop/resolve/main/2025/Day007_Corn/images/558.JPG?download=true,https://huggingface.co/datasets/Link-Dev/UAV3DCrop_depth/resolve/main/2025/Day007_Corn_depth/558_depth.tif?download=true,main,relative_scale_shift,64,20000,0.04106015625,0.05700115146636963,0.13240010682179187,0.028193860816955567,0.29067991821845035,0.16402058875895117,0.5145096856862893,0.13517024578682002
2025/Day007_Corn,2025,Day007,corn,558.JPG,558,DJI Mavic 3M RGB camera,oblique,oblique,0.7042619721063174,5280,3956,558_depth.tif,True,True,OPENCV,C:\Users\81902\Documents\Codex\2026-09-20\depth-anything-v2-python-uav-rgb\data\uav3dcrop\2025\Day007_Corn\images\558.JPG,C:\Users\81902\Documents\Codex\2026-09-20\depth-anything-v2-python-uav-rgb\data\uav3dcrop_depth\2025\Day007_Corn\558_depth.tif,https://huggingface.co/datasets/Link-Dev/UAV3DCrop/resolve/main/2025/Day007_Corn/images/558.JPG?download=true,https://huggingface.co/datasets/Link-Dev/UAV3DCrop_depth/resolve/main/2025/Day007_Corn_depth/558_depth.tif?download=true,main,metric_raw,128,20000,0.06261171875,0.12733615953922273,0.2965527301158416,0.057439247965812686,-0.09083363452088095,0.08477852830817294,0.5380320546505517,0.18896638924432588
2025/Day007_Corn,2025,Day007,corn,558.JPG,558,DJI Mavic 3M RGB camera,oblique,oblique,0.7042619721063174,5280,3956,558_depth.tif,True,True,OPENCV,C:\Users\81902\Documents\Codex\2026-09-20\depth-anything-v2-python-uav-rgb\data\uav3dcrop\2025\Day007_Corn\images\558.JPG,C:\Users\81902\Documents\Codex\2026-09-20\depth-anything-v2-python-uav-rgb\data\uav3dcrop_depth\2025\Day007_Corn\558_depth.tif,https://huggingface.co/datasets/Link-Dev/UAV3DCrop/resolve/main/2025/Day007_Corn/images/558.JPG?download=true,https://huggingface.co/datasets/Link-Dev/UAV3DCrop_depth/resolve/main/2025/Day007_Corn_depth/558_depth.tif?download=true,main,metric_bias_corrected,128,20000,0.06261171875,0.12733616333007813,0.29655275393892316,0.057439248085021974,-0.09083374293608443,0.08477834691101352,0.5380320546505517,0.18896638924432588
2025/Day007_Corn,2025,Day007,corn,558.JPG,558,DJI Mavic 3M RGB camera,oblique,oblique,0.7042619721063174,5280,3956,558_depth.tif,True,True,OPENCV,C:\Users\81902\Documents\Codex\2026-09-20\depth-anything-v2-python-uav-rgb\data\uav3dcrop\2025\Day007_Corn\images\558.JPG,C:\Users\81902\Documents\Codex\2026-09-20\depth-anything-v2-python-uav-rgb\data\uav3dcrop_depth\2025\Day007_Corn\558_depth.tif,https://huggingface.co/datasets/Link-Dev/UAV3DCrop/resolve/main/2025/Day007_Corn/images/558.JPG?download=true,https://huggingface.co/datasets/Link-Dev/UAV3DCrop_depth/resolve/main/2025/Day007_Corn_depth/558_depth.tif?download=true,main,metric_scale_shift,128,20000,0.06261171875,0.3587516788482666,0.7362874388058431,0.20616212940216064,-0.09083362508231434,0.08477837527901054,0.5380320546505517,0.18896638924432588
2025/Day007_Corn,2025,Day007,corn,558.JPG,558,DJI Mavic 3M RGB camera,oblique,oblique,0.7042619721063174,5280,3956,558_depth.tif,True,True,OPENCV,C:\Users\81902\Documents\Codex\2026-09-20\depth-anything-v2-python-uav-rgb\data\uav3dcrop\2025\Day007_Corn\images\558.JPG,C:\Users\81902\Documents\Codex\2026-09-20\depth-anything-v2-python-uav-rgb\data\uav3dcrop_depth\2025\Day007_Corn\558_depth.tif,https://huggingface.co/datasets/Link-Dev/UAV3DCrop/resolve/main/2025/Day007_Corn/images/558.JPG?download=true,https://huggingface.co/datasets/Link-Dev/UAV3DCrop_depth/resolve/main/2025/Day007_Corn_depth/558_depth.tif?download=true,main,relative_scale_shift,128,20000,0.06261171875,0.0971960431098938,0.18598764019412875,0.05599592943191528,0.34632622495344456,0.19675592093022568,0.5088018917498687,0.18896638924432588
2025/Day007_Corn,2025,Day007,corn,795.JPG,795,DJI Mavic 3M RGB camera,oblique,oblique,0.7052706955719295,5280,3956,795_depth.tif,True,True,OPENCV,C:\Users\81902\Documents\Codex\2026-09-20\depth-anything-v2-python-uav-rgb\data\uav3dcrop\2025\Day007_Corn\images\795.JPG,C:\Users\81902\Documents\Codex\2026-09-20\depth-anything-v2-python-uav-rgb\data\uav3dcrop_depth\2025\Day007_Corn\795_depth.tif,https://huggingface.co/datasets/Link-Dev/UAV3DCrop/resolve/main/2025/Day007_Corn/images/795.JPG?download=true,https://huggingface.co/datasets/Link-Dev/UAV3DCrop_depth/resolve/main/2025/Day007_Corn_depth/795_depth.tif?download=true,main,metric_raw,8,20000,0.009353125,0.014820748329162598,0.027915285222643433,0.001305660629272461,-0.022809277345304153,0.017088536200651722,0.5158677466471916,0.01930620346384809
2025/Day007_Corn,2025,Day007,corn,795.JPG,795,DJI Mavic 3M RGB camera,oblique,oblique,0.7052706955719295,5280,3956,795_depth.tif,True,True,OPENCV,C:\Users\81902\Documents\Codex\2026-09-20\depth-anything-v2-python-uav-rgb\data\uav3dcrop\2025\Day007_Corn\images\795.JPG,C:\Users\81902\Documents\Codex\2026-09-20\depth-anything-v2-python-uav-rgb\data\uav3dcrop_depth\2025\Day007_Corn\795_depth.tif,https://huggingface.co/datasets/Link-Dev/UAV3DCrop/resolve/main/2025/Day007_Corn/images/795.JPG?download=true,https://huggingface.co/datasets/Link-Dev/UAV3DCrop_depth/resolve/main/2025/Day007_Corn_depth/795_depth.tif?download=true,main,metric_bias_corrected,8,20000,0.009353125,0.014820743942260742,0.027915288895978684,0.0013056642532348632,-0.0228091579420869,0.01708685203795511,0.5158677466471916,0.01930620346384809
2025/Day007_Corn,2025,Day007,corn,795.JPG,795,DJI Mavic 3M RGB camera,oblique,oblique,0.7052706955719295,5280,3956,795_depth.tif,True,True,OPENCV,C:\Users\81902\Documents\Codex\2026-09-20\depth-anything-v2-python-uav-rgb\data\uav3dcrop\2025\Day007_Corn\images\795.JPG,C:\Users\81902\Documents\Codex\2026-09-20\depth-anything-v2-python-uav-rgb\data\uav3dcrop_depth\2025\Day007_Corn\795_depth.tif,https://huggingface.co/datasets/Link-Dev/UAV3DCrop/resolve/main/2025/Day007_Corn/images/795.JPG?download=true,https://huggingface.co/datasets/Link-Dev/UAV3DCrop_depth/resolve/main/2025/Day007_Corn_depth/795_depth.tif?download=true,main,metric_scale_shift,8,20000,0.009353125,0.026005916976928712,0.053937303723182436,0.004490383148193359,-0.022809638892598395,0.017088023266069674,0.5158677466471916,0.01930620346384809
2025/Day007_Corn,2025,Day007,corn,795.JPG,795,DJI Mavic 3M RGB camera,oblique,oblique,0.7052706955719295,5280,3956,795_depth.tif,True,True,OPENCV,C:\Users\81902\Documents\Codex\2026-09-20\depth-anything-v2-python-uav-rgb\data\uav3dcrop\2025\Day007_Corn\images\795.JPG,C:\Users\81902\Documents\Codex\2026-09-20\depth-anything-v2-python-uav-rgb\data\uav3dcrop_depth\2025\Day007_Corn\795_depth.tif,https://huggingface.co/datasets/Link-Dev/UAV3DCrop/resolve/main/2025/Day007_Corn/images/795.JPG?download=true,https://huggingface.co/datasets/Link-Dev/UAV3DCrop_depth/resolve/main/2025/Day007_Corn_depth/795_depth.tif?download=true,main,relative_scale_shift,8,20000,0.009353125,0.011399587440490723,0.019136866717469656,0.0015498628616333007,0.20697939698140083,0.07978719652792653,0.582392776523702,0.01930620346384809
2025/Day007_Corn,2025,Day007,corn,795.JPG,795,DJI Mavic 3M RGB camera,oblique,oblique,0.7052706955719295,5280,3956,795_depth.tif,True,True,OPENCV,C:\Users\81902\Documents\Codex\2026-09-20\depth-anything-v2-python-uav-rgb\data\uav3dcrop\2025\Day007_Corn\images\795.JPG,C:\Users\81902\Documents\Codex\2026-09-20\depth-anything-v2-python-uav-rgb\data\uav3dcrop_depth\2025\Day007_Corn\795_depth.tif,https://huggingface.co/datasets/Link-Dev/UAV3DCrop/resolve/main/2025/Day007_Corn/images/795.JPG?download=true,https://huggingface.co/datasets/Link-Dev/UAV3DCrop_depth/resolve/main/2025/Day007_Corn_depth/795_depth.tif?download=true,main,metric_raw,16,20000,0.017159375,0.024800822925567626,0.04777755601817121,0.0024054112911224366,-0.013103199663555864,0.02348258128208124,0.5179181634977658,0.034311917935352196
2025/Day007_Corn,2025,Day007,corn,795.JPG,795,DJI Mavic 3M RGB camera,oblique,oblique,0.7052706955719295,5280,3956,795_depth.tif,True,True,OPENCV,C:\Users\81902\Documents\Codex\2026-09-20\depth-anything-v2-python-uav-rgb\data\uav3dcrop\2025\Day007_Corn\images\795.JPG,C:\Users\81902\Documents\Codex\2026-09-20\depth-anything-v2-python-uav-rgb\data\uav3dcrop_depth\2025\Day007_Corn\795_depth.tif,https://huggingface.co/datasets/Link-Dev/UAV3DCrop/resolve/main/2025/Day007_Corn/images/795.JPG?download=true,https://huggingface.co/datasets/Link-Dev/UAV3DCrop_depth/resolve/main/2025/Day007_Corn_depth/795_depth.tif?download=true,main,metric_bias_corrected,16,20000,0.017159375,0.024800829696655275,0.04777754900530518,0.0024054208755493163,-0.013103122115924857,0.023483279790733638,0.5179181634977658,0.034311917935352196
2025/Day007_Corn,2025,Day007,corn,795.JPG,795,DJI Mavic 3M RGB camera,oblique,oblique,0.7052706955719295,5280,3956,795_depth.tif,True,True,OPENCV,C:\Users\81902\Documents\Codex\2026-09-20\depth-anything-v2-python-uav-rgb\data\uav3dcrop\2025\Day007_Corn\images\795.JPG,C:\Users\81902\Documents\Codex\2026-09-20\depth-anything-v2-python-uav-rgb\data\uav3dcrop_depth\2025\Day007_Corn\795_depth.tif,https://huggingface.co/datasets/Link-Dev/UAV3DCrop/resolve/main/2025/Day007_Corn/images/795.JPG?download=true,https://huggingface.co/datasets/Link-Dev/UAV3DCrop_depth/resolve/main/2025/Day007_Corn_depth/795_depth.tif?download=true,main,metric_scale_shift,16,20000,0.017159375,0.044556628608703616,0.09032954473883723,0.008892199897766113,-0.013103269545992759,0.02348254055235673,0.5179181634977658,0.034311917935352196
2025/Day007_Corn,2025,Day007,corn,795.JPG,795,DJI Mavic 3M RGB camera,oblique,oblique,0.7052706955719295,5280,3956,795_depth.tif,True,True,OPENCV,C:\Users\81902\Documents\Codex\2026-09-20\depth-anything-v2-python-uav-rgb\data\uav3dcrop\2025\Day007_Corn\images\795.JPG,C:\Users\81902\Documents\Codex\2026-09-20\depth-anything-v2-python-uav-rgb\data\uav3dcrop_depth\2025\Day007_Corn\795_depth.tif,https://huggingface.co/datasets/Link-Dev/UAV3DCrop/resolve/main/2025/Day007_Corn/images/795.JPG?download=true,https://huggingface.co/datasets/Link-Dev/UAV3DCrop_depth/resolve/main/2025/Day007_Corn_depth/795_depth.tif?download=true,main,relative_scale_shift,16,20000,0.017159375,0.019843312740325927,0.03466968319575524,0.0028454878807067873,0.16898695944265169,0.09274933490814859,0.5746955226496101,0.034311917935352196
2025/Day007_Corn,2025,Day007,corn,795.JPG,795,DJI Mavic 3M RGB camera,oblique,oblique,0.7052706955719295,5280,3956,795_depth.tif,True,True,OPENCV,C:\Users\81902\Documents\Codex\2026-09-20\depth-anything-v2-python-uav-rgb\data\uav3dcrop\2025\Day007_Corn\images\795.JPG,C:\Users\81902\Documents\Codex\2026-09-20\depth-anything-v2-python-uav-rgb\data\uav3dcrop_depth\2025\Day007_Corn\795_depth.tif,https://huggingface.co/datasets/Link-Dev/UAV3DCrop/resolve/main/2025/Day007_Corn/images/795.JPG?download=true,https://huggingface.co/datasets/Link-Dev/UAV3DCrop_depth/resolve/main/2025/Day007_Corn_depth/795_depth.tif?download=true,main,metric_raw,32,20000,0.0276,0.03933685343265533,0.0728890417094182,0.0058788838148117065,-0.014431118376532572,0.04885657917958693,0.5279441821129044,0.04971030323833154
2025/Day007_Corn,2025,Day007,corn,795.JPG,795,DJI Mavic 3M RGB camera,oblique,oblique,0.7052706955719295,5280,3956,795_depth.tif,True,True,OPENCV,C:\Users\81902\Documents\Codex\2026-09-20\depth-anything-v2-python-uav-rgb\data\uav3dcrop\2025\Day007_Corn\images\795.JPG,C:\Users\81902\Documents\Codex\2026-09-20\depth-anything-v2-python-uav-rgb\data\uav3dcrop_depth\2025\Day007_Corn\795_depth.tif,https://huggingface.co/datasets/Link-Dev/UAV3DCrop/resolve/main/2025/Day007_Corn/images/795.JPG?download=true,https://huggingface.co/datasets/Link-Dev/UAV3DCrop_depth/resolve/main/2025/Day007_Corn_depth/795_depth.tif?download=true,main,metric_bias_corrected,32,20000,0.0276,0.03933684768676758,0.07288903695278612,0.005878885269165039,-0.014431079964715456,0.04885698864151385,0.5278737049827331,0.04971030323833154
2025/Day007_Corn,2025,Day007,corn,795.JPG,795,DJI Mavic 3M RGB camera,oblique,oblique,0.7052706955719295,5280,3956,795_depth.tif,True,True,OPENCV,C:\Users\81902\Documents\Codex\2026-09-20\depth-anything-v2-python-uav-rgb\data\uav3dcrop\2025\Day007_Corn\images\795.JPG,C:\Users\81902\Documents\Codex\2026-09-20\depth-anything-v2-python-uav-rgb\data\uav3dcrop_depth\2025\Day007_Corn\795_depth.tif,https://huggingface.co/datasets/Link-Dev/UAV3DCrop/resolve/main/2025/Day007_Corn/images/795.JPG?download=true,https://huggingface.co/datasets/Link-Dev/UAV3DCrop_depth/resolve/main/2025/Day007_Corn_depth/795_depth.tif?download=true,main,metric_scale_shift,32,20000,0.0276,0.07475514421463013,0.1431370257821672,0.01985287103652954,-0.014431336714510778,0.04885638612952865,0.5279441821129044,0.04971030323833154
2025/Day007_Corn,2025,Day007,corn,795.JPG,795,DJI Mavic 3M RGB camera,oblique,oblique,0.7052706955719295,5280,3956,795_depth.tif,True,True,OPENCV,C:\Users\81902\Documents\Codex\2026-09-20\depth-anything-v2-python-uav-rgb\data\uav3dcrop\2025\Day007_Corn\images\795.JPG,C:\Users\81902\Documents\Codex\2026-09-20\depth-anything-v2-python-uav-rgb\data\uav3dcrop_depth\2025\Day007_Corn\795_depth.tif,https://huggingface.co/datasets/Link-Dev/UAV3DCrop/resolve/main/2025/Day007_Corn/images/795.JPG?download=true,https://huggingface.co/datasets/Link-Dev/UAV3DCrop_depth/resolve/main/2025/Day007_Corn_depth/795_depth.tif?download=true,main,relative_scale_shift,32,20000,0.0276,0.031422957038879394,0.04937562045940314,0.006430260467529297,0.2777537542088526,0.12525092040769809,0.5800267813094651,0.04971030323833154
2025/Day007_Corn,2025,Day007,corn,795.JPG,795,DJI Mavic 3M RGB camera,oblique,oblique,0.7052706955719295,5280,3956,795_depth.tif,True,True,OPENCV,C:\Users\81902\Documents\Codex\2026-09-20\depth-anything-v2-python-uav-rgb\data\uav3dcrop\2025\Day007_Corn\images\795.JPG,C:\Users\81902\Documents\Codex\2026-09-20\depth-anything-v2-python-uav-rgb\data\uav3dcrop_depth\2025\Day007_Corn\795_depth.tif,https://huggingface.co/datasets/Link-Dev/UAV3DCrop/resolve/main/2025/Day007_Corn/images/795.JPG?download=true,https://huggingface.co/datasets/Link-Dev/UAV3DCrop_depth/resolve/main/2025/Day007_Corn_depth/795_depth.tif?download=true,main,metric_raw,64,20000,0.04058515625,0.06219930033683777,0.13219509225009907,0.010467808198928834,-0.011986113507779571,0.08425401318017994,0.548018633144024,0.07435796922509566
2025/Day007_Corn,2025,Day007,corn,795.JPG,795,DJI Mavic 3M RGB camera,oblique,oblique,0.7052706955719295,5280,3956,795_depth.tif,True,True,OPENCV,C:\Users\81902\Documents\Codex\2026-09-20\depth-anything-v2-python-uav-rgb\data\uav3dcrop\2025\Day007_Corn\images\795.JPG,C:\Users\81902\Documents\Codex\2026-09-20\depth-anything-v2-python-uav-rgb\data\uav3dcrop_depth\2025\Day007_Corn\795_depth.tif,https://huggingface.co/datasets/Link-Dev/UAV3DCrop/resolve/main/2025/Day007_Corn/images/795.JPG?download=true,https://huggingface.co/datasets/Link-Dev/UAV3DCrop_depth/resolve/main/2025/Day007_Corn_depth/795_depth.tif?download=true,main,metric_bias_corrected,64,20000,0.04058515625,0.06219929533004761,0.13219509152806833,0.01046780710220337,-0.01198611956687539,0.08425473316600773,0.548018633144024,0.07435796922509566
2025/Day007_Corn,2025,Day007,corn,795.JPG,795,DJI Mavic 3M RGB camera,oblique,oblique,0.7052706955719295,5280,3956,795_depth.tif,True,True,OPENCV,C:\Users\81902\Documents\Codex\2026-09-20\depth-anything-v2-python-uav-rgb\data\uav3dcrop\2025\Day007_Corn\images\795.JPG,C:\Users\81902\Documents\Codex\2026-09-20\depth-anything-v2-python-uav-rgb\data\uav3dcrop_depth\2025\Day007_Corn\795_depth.tif,https://huggingface.co/datasets/Link-Dev/UAV3DCrop/resolve/main/2025/Day007_Corn/images/795.JPG?download=true,https://huggingface.co/datasets/Link-Dev/UAV3DCrop_depth/resolve/main/2025/Day007_Corn_depth/795_depth.tif?download=true,main,metric_scale_shift,64,20000,0.04058515625,0.12928428411483764,0.2858109461159017,0.03702071409225464,-0.011986033172302474,0.08425415889103939,0.548018633144024,0.07435796922509566
2025/Day007_Corn,2025,Day007,corn,795.JPG,795,DJI Mavic 3M RGB camera,oblique,oblique,0.7052706955719295,5280,3956,795_depth.tif,True,True,OPENCV,C:\Users\81902\Documents\Codex\2026-09-20\depth-anything-v2-python-uav-rgb\data\uav3dcrop\2025\Day007_Corn\images\795.JPG,C:\Users\81902\Documents\Codex\2026-09-20\depth-anything-v2-python-uav-rgb\data\uav3dcrop_depth\2025\Day007_Corn\795_depth.tif,https://huggingface.co/datasets/Link-Dev/UAV3DCrop/resolve/main/2025/Day007_Corn/images/795.JPG?download=true,https://huggingface.co/datasets/Link-Dev/UAV3DCrop_depth/resolve/main/2025/Day007_Corn_depth/795_depth.tif?download=true,main,relative_scale_shift,64,20000,0.04058515625,0.04691750974655151,0.07389887100723011,0.012508074474334717,0.32781131276948305,0.18404855907322024,0.6091506604556186,0.07435796922509566
2025/Day007_Corn,2025,Day007,corn,795.JPG,795,DJI Mavic 3M RGB camera,oblique,oblique,0.7052706955719295,5280,3956,795_depth.tif,True,True,OPENCV,C:\Users\81902\Documents\Codex\2026-09-20\depth-anything-v2-python-uav-rgb\data\uav3dcrop\2025\Day007_Corn\images\795.JPG,C:\Users\81902\Documents\Codex\2026-09-20\depth-anything-v2-python-uav-rgb\data\uav3dcrop_depth\2025\Day007_Corn\795_depth.tif,https://huggingface.co/datasets/Link-Dev/UAV3DCrop/resolve/main/2025/Day007_Corn/images/795.JPG?download=true,https://huggingface.co/datasets/Link-Dev/UAV3DCrop_depth/resolve/main/2025/Day007_Corn_depth/795_depth.tif?download=true,main,metric_raw,128,20000,0.0644078125,0.10230647592544556,0.1863015163611002,0.02262988142967224,0.04547507099366269,0.13218614654151659,0.567702453805478,0.11880807395753877
2025/Day007_Corn,2025,Day007,corn,795.JPG,795,DJI Mavic 3M RGB camera,oblique,oblique,0.7052706955719295,5280,3956,795_depth.tif,True,True,OPENCV,C:\Users\81902\Documents\Codex\2026-09-20\depth-anything-v2-python-uav-rgb\data\uav3dcrop\2025\Day007_Corn\images\795.JPG,C:\Users\81902\Documents\Codex\2026-09-20\depth-anything-v2-python-uav-rgb\data\uav3dcrop_depth\2025\Day007_Corn\795_depth.tif,https://huggingface.co/datasets/Link-Dev/UAV3DCrop/resolve/main/2025/Day007_Corn/images/795.JPG?download=true,https://huggingface.co/datasets/Link-Dev/UAV3DCrop_depth/resolve/main/2025/Day007_Corn_depth/795_depth.tif?download=true,main,metric_bias_corrected,128,20000,0.0644078125,0.10230647373199463,0.18630151986884705,0.022629876899719237,0.04547506581394041,0.13218585581767267,0.567702453805478,0.11880807395753877
2025/Day007_Corn,2025,Day007,corn,795.JPG,795,DJI Mavic 3M RGB camera,oblique,oblique,0.7052706955719295,5280,3956,795_depth.tif,True,True,OPENCV,C:\Users\81902\Documents\Codex\2026-09-20\depth-anything-v2-python-uav-rgb\data\uav3dcrop\2025\Day007_Corn\images\795.JPG,C:\Users\81902\Documents\Codex\2026-09-20\depth-anything-v2-python-uav-rgb\data\uav3dcrop_depth\2025\Day007_Corn\795_depth.tif,https://huggingface.co/datasets/Link-Dev/UAV3DCrop/resolve/main/2025/Day007_Corn/images/795.JPG?download=true,https://huggingface.co/datasets/Link-Dev/UAV3DCrop_depth/resolve/main/2025/Day007_Corn_depth/795_depth.tif?download=true,main,metric_scale_shift,128,20000,0.0644078125,0.22171583433151246,0.3929414664113499,0.0776034779548645,0.045475043410280976,0.13218602290998388,0.567702453805478,0.11880807395753877
2025/Day007_Corn,2025,Day007,corn,795.JPG,795,DJI Mavic 3M RGB camera,oblique,oblique,0.7052706955719295,5280,3956,795_depth.tif,True,True,OPENCV,C:\Users\81902\Documents\Codex\2026-09-20\depth-anything-v2-python-uav-rgb\data\uav3dcrop\2025\Day007_Corn\images\795.JPG,C:\Users\81902\Documents\Codex\2026-09-20\depth-anything-v2-python-uav-rgb\data\uav3dcrop_depth\2025\Day007_Corn\795_depth.tif,https://huggingface.co/datasets/Link-Dev/UAV3DCrop/resolve/main/2025/Day007_Corn/images/795.JPG?download=true,https://huggingface.co/datasets/Link-Dev/UAV3DCrop_depth/resolve/main/2025/Day007_Corn_depth/795_depth.tif?download=true,main,relative_scale_shift,128,20000,0.0644078125,0.07648149204254151,0.11879783479739336,0.025180191802978515,0.3530372789380933,0.2378574287661448,0.6424454874933159,0.11880807395753877
2025/Day007_Corn,2025,Day007,corn,1097.JPG,1097,DJI Mavic 3M RGB camera,oblique,oblique,0.7082186092059759,5280,3956,1097_depth.tif,True,True,OPENCV,C:\Users\81902\Documents\Codex\2026-09-20\depth-anything-v2-python-uav-rgb\data\uav3dcrop\2025\Day007_Corn\images\1097.JPG,C:\Users\81902\Documents\Codex\2026-09-20\depth-anything-v2-python-uav-rgb\data\uav3dcrop_depth\2025\Day007_Corn\1097_depth.tif,https://huggingface.co/datasets/Link-Dev/UAV3DCrop/resolve/main/2025/Day007_Corn/images/1097.JPG?download=true,https://huggingface.co/datasets/Link-Dev/UAV3DCrop_depth/resolve/main/2025/Day007_Corn_depth/1097_depth.tif?download=true,main,metric_raw,8,20000,0.01161796875,0.0167541081905365,0.0427507933066269,-0.0012735623836517334,0.06622765943401669,0.040443417500385916,0.5219592283486113,0.040500551505395714
2025/Day007_Corn,2025,Day007,corn,1097.JPG,1097,DJI Mavic 3M RGB camera,oblique,oblique,0.7082186092059759,5280,3956,1097_depth.tif,True,True,OPENCV,C:\Users\81902\Documents\Codex\2026-09-20\depth-anything-v2-python-uav-rgb\data\uav3dcrop\2025\Day007_Corn\images\1097.JPG,C:\Users\81902\Documents\Codex\2026-09-20\depth-anything-v2-python-uav-rgb\data\uav3dcrop_depth\2025\Day007_Corn\1097_depth.tif,https://huggingface.co/datasets/Link-Dev/UAV3DCrop/resolve/main/2025/Day007_Corn/images/1097.JPG?download=true,https://huggingface.co/datasets/Link-Dev/UAV3DCrop_depth/resolve/main/2025/Day007_Corn_depth/1097_depth.tif?download=true,main,metric_bias_corrected,8,20000,0.01161796875,0.01675411949157715,0.04275080559090675,-0.001273562240600586,0.06622682325157533,0.0404416775569613,0.5219592283486113,0.040500551505395714
2025/Day007_Corn,2025,Day007,corn,1097.JPG,1097,DJI Mavic 3M RGB camera,oblique,oblique,0.7082186092059759,5280,3956,1097_depth.tif,True,True,OPENCV,C:\Users\81902\Documents\Codex\2026-09-20\depth-anything-v2-python-uav-rgb\data\uav3dcrop\2025\Day007_Corn\images\1097.JPG,C:\Users\81902\Documents\Codex\2026-09-20\depth-anything-v2-python-uav-rgb\data\uav3dcrop_depth\2025\Day007_Corn\1097_depth.tif,https://huggingface.co/datasets/Link-Dev/UAV3DCrop/resolve/main/2025/Day007_Corn/images/1097.JPG?download=true,https://huggingface.co/datasets/Link-Dev/UAV3DCrop_depth/resolve/main/2025/Day007_Corn_depth/1097_depth.tif?download=true,main,metric_scale_shift,8,20000,0.01161796875,0.03213764929771423,0.06294288752464067,-0.0035769752979278565,0.0662272462974148,0.0404427475917535,0.5219592283486113,0.040500551505395714
2025/Day007_Corn,2025,Day007,corn,1097.JPG,1097,DJI Mavic 3M RGB camera,oblique,oblique,0.7082186092059759,5280,3956,1097_depth.tif,True,True,OPENCV,C:\Users\81902\Documents\Codex\2026-09-20\depth-anything-v2-python-uav-rgb\data\uav3dcrop\2025\Day007_Corn\images\1097.JPG,C:\Users\81902\Documents\Codex\2026-09-20\depth-anything-v2-python-uav-rgb\data\uav3dcrop_depth\2025\Day007_Corn\1097_depth.tif,https://huggingface.co/datasets/Link-Dev/UAV3DCrop/resolve/main/2025/Day007_Corn/images/1097.JPG?download=true,https://huggingface.co/datasets/Link-Dev/UAV3DCrop_depth/resolve/main/2025/Day007_Corn_depth/1097_depth.tif?download=true,main,relative_scale_shift,8,20000,0.01161796875,0.012345707416534424,0.03728080971358476,-0.0013380309104919434,0.42817585723287477,0.19935172810641438,0.6007661786838144,0.040500551505395714
2025/Day007_Corn,2025,Day007,corn,1097.JPG,1097,DJI Mavic 3M RGB camera,oblique,oblique,0.7082186092059759,5280,3956,1097_depth.tif,True,True,OPENCV,C:\Users\81902\Documents\Codex\2026-09-20\depth-anything-v2-python-uav-rgb\data\uav3dcrop\2025\Day007_Corn\images\1097.JPG,C:\Users\81902\Documents\Codex\2026-09-20\depth-anything-v2-python-uav-rgb\data\uav3dcrop_depth\2025\Day007_Corn\1097_depth.tif,https://huggingface.co/datasets/Link-Dev/UAV3DCrop/resolve/main/2025/Day007_Corn/images/1097.JPG?download=true,https://huggingface.co/datasets/Link-Dev/UAV3DCrop_depth/resolve/main/2025/Day007_Corn_depth/1097_depth.tif?download=true,main,metric_raw,16,20000,0.01970703125,0.02684053144454956,0.06107735181108503,-0.002961361265182495,0.08713257944360361,0.07249835357431018,0.5334440446535659,0.056109641241144655
2025/Day007_Corn,2025,Day007,corn,1097.JPG,1097,DJI Mavic 3M RGB camera,oblique,oblique,0.7082186092059759,5280,3956,1097_depth.tif,True,True,OPENCV,C:\Users\81902\Documents\Codex\2026-09-20\depth-anything-v2-python-uav-rgb\data\uav3dcrop\2025\Day007_Corn\images\1097.JPG,C:\Users\81902\Documents\Codex\2026-09-20\depth-anything-v2-python-uav-rgb\data\uav3dcrop_depth\2025\Day007_Corn\1097_depth.tif,https://huggingface.co/datasets/Link-Dev/UAV3DCrop/resolve/main/2025/Day007_Corn/images/1097.JPG?download=true,https://huggingface.co/datasets/Link-Dev/UAV3DCrop_depth/resolve/main/2025/Day007_Corn_depth/1097_depth.tif?download=true,main,metric_bias_corrected,16,20000,0.01970703125,0.026840519428253173,0.06107733913833746,-0.002961365222930908,0.08713294475516803,0.07249907335815085,0.5334440446535659,0.056109641241144655
2025/Day007_Corn,2025,Day007,corn,1097.JPG,1097,DJI Mavic 3M RGB camera,oblique,oblique,0.7082186092059759,5280,3956,1097_depth.tif,True,True,OPENCV,C:\Users\81902\Documents\Codex\2026-09-20\depth-anything-v2-python-uav-rgb\data\uav3dcrop\2025\Day007_Corn\images\1097.JPG,C:\Users\81902\Documents\Codex\2026-09-20\depth-anything-v2-python-uav-rgb\data\uav3dcrop_depth\2025\Day007_Corn\1097_depth.tif,https://huggingface.co/datasets/Link-Dev/UAV3DCrop/resolve/main/2025/Day007_Corn/images/1097.JPG?download=true,https://huggingface.co/datasets/Link-Dev/UAV3DCrop_depth/resolve/main/2025/Day007_Corn_depth/1097_depth.tif?download=true,main,metric_scale_shift,16,20000,0.01970703125,0.05367575030326843,0.10201116632916597,-0.0072118603229522705,0.08713263296200849,0.07249839817696334,0.5334440446535659,0.056109641241144655
2025/Day007_Corn,2025,Day007,corn,1097.JPG,1097,DJI Mavic 3M RGB camera,oblique,oblique,0.7082186092059759,5280,3956,1097_depth.tif,True,True,OPENCV,C:\Users\81902\Documents\Codex\2026-09-20\depth-anything-v2-python-uav-rgb\data\uav3dcrop\2025\Day007_Corn\images\1097.JPG,C:\Users\81902\Documents\Codex\2026-09-20\depth-anything-v2-python-uav-rgb\data\uav3dcrop_depth\2025\Day007_Corn\1097_depth.tif,https://huggingface.co/datasets/Link-Dev/UAV3DCrop/resolve/main/2025/Day007_Corn/images/1097.JPG?download=true,https://huggingface.co/datasets/Link-Dev/UAV3DCrop_depth/resolve/main/2025/Day007_Corn_depth/1097_depth.tif?download=true,main,relative_scale_shift,16,20000,0.01970703125,0.02003222427368164,0.04957196500276279,-0.0031515438079833986,0.4857404077669239,0.2152564221767682,0.5882461481686503,0.056109641241144655
2025/Day007_Corn,2025,Day007,corn,1097.JPG,1097,DJI Mavic 3M RGB camera,oblique,oblique,0.7082186092059759,5280,3956,1097_depth.tif,True,True,OPENCV,C:\Users\81902\Documents\Codex\2026-09-20\depth-anything-v2-python-uav-rgb\data\uav3dcrop\2025\Day007_Corn\images\1097.JPG,C:\Users\81902\Documents\Codex\2026-09-20\depth-anything-v2-python-uav-rgb\data\uav3dcrop_depth\2025\Day007_Corn\1097_depth.tif,https://huggingface.co/datasets/Link-Dev/UAV3DCrop/resolve/main/2025/Day007_Corn/images/1097.JPG?download=true,https://huggingface.co/datasets/Link-Dev/UAV3DCrop_depth/resolve/main/2025/Day007_Corn_depth/1097_depth.tif?download=true,main,metric_raw,32,20000,0.0352484375,0.04454236330986023,0.09862663797406906,-0.007431158590316772,0.1673668724339367,0.11421987692693128,0.5424442669377678,0.09388124343367181
2025/Day007_Corn,2025,Day007,corn,1097.JPG,1097,DJI Mavic 3M RGB camera,oblique,oblique,0.7082186092059759,5280,3956,1097_depth.tif,True,True,OPENCV,C:\Users\81902\Documents\Codex\2026-09-20\depth-anything-v2-python-uav-rgb\data\uav3dcrop\2025\Day007_Corn\images\1097.JPG,C:\Users\81902\Documents\Codex\2026-09-20\depth-anything-v2-python-uav-rgb\data\uav3dcrop_depth\2025\Day007_Corn\1097_depth.tif,https://huggingface.co/datasets/Link-Dev/UAV3DCrop/resolve/main/2025/Day007_Corn/images/1097.JPG?download=true,https://huggingface.co/datasets/Link-Dev/UAV3DCrop_depth/resolve/main/2025/Day007_Corn_depth/1097_depth.tif?download=true,main,metric_bias_corrected,32,20000,0.0352484375,0.044542356777191164,0.09862663998096673,-0.007431164646148682,0.16736679538232926,0.11422107956346349,0.5424442669377678,0.09388124343367181
2025/Day007_Corn,2025,Day007,corn,1097.JPG,1097,DJI Mavic 3M RGB camera,oblique,oblique,0.7082186092059759,5280,3956,1097_depth.tif,True,True,OPENCV,C:\Users\81902\Documents\Codex\2026-09-20\depth-anything-v2-python-uav-rgb\data\uav3dcrop\2025\Day007_Corn\images\1097.JPG,C:\Users\81902\Documents\Codex\2026-09-20\depth-anything-v2-python-uav-rgb\data\uav3dcrop_depth\2025\Day007_Corn\1097_depth.tif,https://huggingface.co/datasets/Link-Dev/UAV3DCrop/resolve/main/2025/Day007_Corn/images/1097.JPG?download=true,https://huggingface.co/datasets/Link-Dev/UAV3DCrop_depth/resolve/main/2025/Day007_Corn_depth/1097_depth.tif?download=true,main,metric_scale_shift,32,20000,0.0352484375,0.08979083781242371,0.16402421868467612,-0.01667262692451477,0.16736689475088726,0.1142198270594582,0.5424442669377678,0.09388124343367181
2025/Day007_Corn,2025,Day007,corn,1097.JPG,1097,DJI Mavic 3M RGB camera,oblique,oblique,0.7082186092059759,5280,3956,1097_depth.tif,True,True,OPENCV,C:\Users\81902\Documents\Codex\2026-09-20\depth-anything-v2-python-uav-rgb\data\uav3dcrop\2025\Day007_Corn\images\1097.JPG,C:\Users\81902\Documents\Codex\2026-09-20\depth-anything-v2-python-uav-rgb\data\uav3dcrop_depth\2025\Day007_Corn\1097_depth.tif,https://huggingface.co/datasets/Link-Dev/UAV3DCrop/resolve/main/2025/Day007_Corn/images/1097.JPG?download=true,https://huggingface.co/datasets/Link-Dev/UAV3DCrop_depth/resolve/main/2025/Day007_Corn_depth/1097_depth.tif?download=true,main,relative_scale_shift,32,20000,0.0352484375,0.033128180599212645,0.07668477004559347,-0.00735733118057251,0.6269713018482966,0.2673334227500441,0.5897175223295331,0.09388124343367181
2025/Day007_Corn,2025,Day007,corn,1097.JPG,1097,DJI Mavic 3M RGB camera,oblique,oblique,0.7082186092059759,5280,3956,1097_depth.tif,True,True,OPENCV,C:\Users\81902\Documents\Codex\2026-09-20\depth-anything-v2-python-uav-rgb\data\uav3dcrop\2025\Day007_Corn\images\1097.JPG,C:\Users\81902\Documents\Codex\2026-09-20\depth-anything-v2-python-uav-rgb\data\uav3dcrop_depth\2025\Day007_Corn\1097_depth.tif,https://huggingface.co/datasets/Link-Dev/UAV3DCrop/resolve/main/2025/Day007_Corn/images/1097.JPG?download=true,https://huggingface.co/datasets/Link-Dev/UAV3DCrop_depth/resolve/main/2025/Day007_Corn_depth/1097_depth.tif?download=true,main,metric_raw,64,20000,0.04955078125,0.0649554770231247,0.12920962459221733,-0.013742553973197937,0.17089539284012092,0.15820673545844766,0.5569702061655788,0.11629022392716541
2025/Day007_Corn,2025,Day007,corn,1097.JPG,1097,DJI Mavic 3M RGB camera,oblique,oblique,0.7082186092059759,5280,3956,1097_depth.tif,True,True,OPENCV,C:\Users\81902\Documents\Codex\2026-09-20\depth-anything-v2-python-uav-rgb\data\uav3dcrop\2025\Day007_Corn\images\1097.JPG,C:\Users\81902\Documents\Codex\2026-09-20\depth-anything-v2-python-uav-rgb\data\uav3dcrop_depth\2025\Day007_Corn\1097_depth.tif,https://huggingface.co/datasets/Link-Dev/UAV3DCrop/resolve/main/2025/Day007_Corn/images/1097.JPG?download=true,https://huggingface.co/datasets/Link-Dev/UAV3DCrop_depth/resolve/main/2025/Day007_Corn_depth/1097_depth.tif?download=true,main,metric_bias_corrected,64,20000,0.04955078125,0.06495548391342162,0.12920962360616572,-0.01374254961013794,0.17089539103855272,0.15820699258133009,0.5569702061655788,0.11629022392716541
2025/Day007_Corn,2025,Day007,corn,1097.JPG,1097,DJI Mavic 3M RGB camera,oblique,oblique,0.7082186092059759,5280,3956,1097_depth.tif,True,True,OPENCV,C:\Users\81902\Documents\Codex\2026-09-20\depth-anything-v2-python-uav-rgb\data\uav3dcrop\2025\Day007_Corn\images\1097.JPG,C:\Users\81902\Documents\Codex\2026-09-20\depth-anything-v2-python-uav-rgb\data\uav3dcrop_depth\2025\Day007_Corn\1097_depth.tif,https://huggingface.co/datasets/Link-Dev/UAV3DCrop/resolve/main/2025/Day007_Corn/images/1097.JPG?download=true,https://huggingface.co/datasets/Link-Dev/UAV3DCrop_depth/resolve/main/2025/Day007_Corn_depth/1097_depth.tif?download=true,main,metric_scale_shift,64,20000,0.04955078125,0.14100708966255188,0.24940940385009916,-0.03176662640571594,0.170895320032181,0.15820676172570455,0.5569702061655788,0.11629022392716541
2025/Day007_Corn,2025,Day007,corn,1097.JPG,1097,DJI Mavic 3M RGB camera,oblique,oblique,0.7082186092059759,5280,3956,1097_depth.tif,True,True,OPENCV,C:\Users\81902\Documents\Codex\2026-09-20\depth-anything-v2-python-uav-rgb\data\uav3dcrop\2025\Day007_Corn\images\1097.JPG,C:\Users\81902\Documents\Codex\2026-09-20\depth-anything-v2-python-uav-rgb\data\uav3dcrop_depth\2025\Day007_Corn\1097_depth.tif,https://huggingface.co/datasets/Link-Dev/UAV3DCrop/resolve/main/2025/Day007_Corn/images/1097.JPG?download=true,https://huggingface.co/datasets/Link-Dev/UAV3DCrop_depth/resolve/main/2025/Day007_Corn_depth/1097_depth.tif?download=true,main,relative_scale_shift,64,20000,0.04955078125,0.04643640022277832,0.09004615100081349,-0.013768114471435547,0.6726766646616361,0.2738217344295155,0.5707361209849415,0.11629022392716541
2025/Day007_Corn,2025,Day007,corn,1097.JPG,1097,DJI Mavic 3M RGB camera,oblique,oblique,0.7082186092059759,5280,3956,1097_depth.tif,True,True,OPENCV,C:\Users\81902\Documents\Codex\2026-09-20\depth-anything-v2-python-uav-rgb\data\uav3dcrop\2025\Day007_Corn\images\1097.JPG,C:\Users\81902\Documents\Codex\2026-09-20\depth-anything-v2-python-uav-rgb\data\uav3dcrop_depth\2025\Day007_Corn\1097_depth.tif,https://huggingface.co/datasets/Link-Dev/UAV3DCrop/resolve/main/2025/Day007_Corn/images/1097.JPG?download=true,https://huggingface.co/datasets/Link-Dev/UAV3DCrop_depth/resolve/main/2025/Day007_Corn_depth/1097_depth.tif?download=true,main,metric_raw,128,20000,0.0687984375,0.09475341711044312,0.17509453519630477,-0.029673614454269408,0.21733258435342828,0.2014112350495207,0.5632915191164997,0.15546407931897352
2025/Day007_Corn,2025,Day007,corn,1097.JPG,1097,DJI Mavic 3M RGB camera,oblique,oblique,0.7082186092059759,5280,3956,1097_depth.tif,True,True,OPENCV,C:\Users\81902\Documents\Codex\2026-09-20\depth-anything-v2-python-uav-rgb\data\uav3dcrop\2025\Day007_Corn\images\1097.JPG,C:\Users\81902\Documents\Codex\2026-09-20\depth-anything-v2-python-uav-rgb\data\uav3dcrop_depth\2025\Day007_Corn\1097_depth.tif,https://huggingface.co/datasets/Link-Dev/UAV3DCrop/resolve/main/2025/Day007_Corn/images/1097.JPG?download=true,https://huggingface.co/datasets/Link-Dev/UAV3DCrop_depth/resolve/main/2025/Day007_Corn_depth/1097_depth.tif?download=true,main,metric_bias_corrected,128,20000,0.0687984375,0.09475341339111328,0.1750945383399296,-0.02967361660003662,0.2173325143462338,0.2014109834887878,0.5632915191164997,0.15546407931897352
2025/Day007_Corn,2025,Day007,corn,1097.JPG,1097,DJI Mavic 3M RGB camera,oblique,oblique,0.7082186092059759,5280,3956,1097_depth.tif,True,True,OPENCV,C:\Users\81902\Documents\Codex\2026-09-20\depth-anything-v2-python-uav-rgb\data\uav3dcrop\2025\Day007_Corn\images\1097.JPG,C:\Users\81902\Documents\Codex\2026-09-20\depth-anything-v2-python-uav-rgb\data\uav3dcrop_depth\2025\Day007_Corn\1097_depth.tif,https://huggingface.co/datasets/Link-Dev/UAV3DCrop/resolve/main/2025/Day007_Corn/images/1097.JPG?download=true,https://huggingface.co/datasets/Link-Dev/UAV3DCrop_depth/resolve/main/2025/Day007_Corn_depth/1097_depth.tif?download=true,main,metric_scale_shift,128,20000,0.0687984375,0.22261958470344542,0.36148482115919633,-0.06448431372642517,0.21733257464646635,0.20141127852275661,0.5632915191164997,0.15546407931897352
2025/Day007_Corn,2025,Day007,corn,1097.JPG,1097,DJI Mavic 3M RGB camera,oblique,oblique,0.7082186092059759,5280,3956,1097_depth.tif,True,True,OPENCV,C:\Users\81902\Documents\Codex\2026-09-20\depth-anything-v2-python-uav-rgb\data\uav3dcrop\2025\Day007_Corn\images\1097.JPG,C:\Users\81902\Documents\Codex\2026-09-20\depth-anything-v2-python-uav-rgb\data\uav3dcrop_depth\2025\Day007_Corn\1097_depth.tif,https://huggingface.co/datasets/Link-Dev/UAV3DCrop/resolve/main/2025/Day007_Corn/images/1097.JPG?download=true,https://huggingface.co/datasets/Link-Dev/UAV3DCrop_depth/resolve/main/2025/Day007_Corn_depth/1097_depth.tif?download=true,main,relative_scale_shift,128,20000,0.0687984375,0.06913052215576172,0.12522021488780927,-0.029028881645202637,0.6389090073075715,0.27049768882314335,0.5519476622051498,0.15546407931897352
2025/Day007_Corn,2025,Day007,corn,1209.JPG,1209,DJI Mavic 3M RGB camera,oblique,oblique,0.7048275909019304,5280,3956,1209_depth.tif,True,True,OPENCV,C:\Users\81902\Documents\Codex\2026-09-20\depth-anything-v2-python-uav-rgb\data\uav3dcrop\2025\Day007_Corn\images\1209.JPG,C:\Users\81902\Documents\Codex\2026-09-20\depth-anything-v2-python-uav-rgb\data\uav3dcrop_depth\2025\Day007_Corn\1209_depth.tif,https://huggingface.co/datasets/Link-Dev/UAV3DCrop/resolve/main/2025/Day007_Corn/images/1209.JPG?download=true,https://huggingface.co/datasets/Link-Dev/UAV3DCrop_depth/resolve/main/2025/Day007_Corn_depth/1209_depth.tif?download=true,main,metric_raw,8,20000,0.0144953125,0.02203135669231415,0.0750168067346464,0.008211699652671814,0.06831714574911088,0.036769946889806775,0.49912716530146367,0.07325768017810914
2025/Day007_Corn,2025,Day007,corn,1209.JPG,1209,DJI Mavic 3M RGB camera,oblique,oblique,0.7048275909019304,5280,3956,1209_depth.tif,True,True,OPENCV,C:\Users\81902\Documents\Codex\2026-09-20\depth-anything-v2-python-uav-rgb\data\uav3dcrop\2025\Day007_Corn\images\1209.JPG,C:\Users\81902\Documents\Codex\2026-09-20\depth-anything-v2-python-uav-rgb\data\uav3dcrop_depth\2025\Day007_Corn\1209_depth.tif,https://huggingface.co/datasets/Link-Dev/UAV3DCrop/resolve/main/2025/Day007_Corn/images/1209.JPG?download=true,https://huggingface.co/datasets/Link-Dev/UAV3DCrop_depth/resolve/main/2025/Day007_Corn_depth/1209_depth.tif?download=true,main,metric_bias_corrected,8,20000,0.0144953125,0.02203135175704956,0.07501678751935437,0.008211710262298584,0.06831810434266254,0.036771258540566475,0.49912716530146367,0.07325768017810914
2025/Day007_Corn,2025,Day007,corn,1209.JPG,1209,DJI Mavic 3M RGB camera,oblique,oblique,0.7048275909019304,5280,3956,1209_depth.tif,True,True,OPENCV,C:\Users\81902\Documents\Codex\2026-09-20\depth-anything-v2-python-uav-rgb\data\uav3dcrop\2025\Day007_Corn\images\1209.JPG,C:\Users\81902\Documents\Codex\2026-09-20\depth-anything-v2-python-uav-rgb\data\uav3dcrop_depth\2025\Day007_Corn\1209_depth.tif,https://huggingface.co/datasets/Link-Dev/UAV3DCrop/resolve/main/2025/Day007_Corn/images/1209.JPG?download=true,https://huggingface.co/datasets/Link-Dev/UAV3DCrop_depth/resolve/main/2025/Day007_Corn_depth/1209_depth.tif?download=true,main,metric_scale_shift,8,20000,0.0144953125,0.03680689210891724,0.08671807603136332,0.016552303409576415,0.06831689320337826,0.03677032320628938,0.49912716530146367,0.07325768017810914
2025/Day007_Corn,2025,Day007,corn,1209.JPG,1209,DJI Mavic 3M RGB camera,oblique,oblique,0.7048275909019304,5280,3956,1209_depth.tif,True,True,OPENCV,C:\Users\81902\Documents\Codex\2026-09-20\depth-anything-v2-python-uav-rgb\data\uav3dcrop\2025\Day007_Corn\images\1209.JPG,C:\Users\81902\Documents\Codex\2026-09-20\depth-anything-v2-python-uav-rgb\data\uav3dcrop_depth\2025\Day007_Corn\1209_depth.tif,https://huggingface.co/datasets/Link-Dev/UAV3DCrop/resolve/main/2025/Day007_Corn/images/1209.JPG?download=true,https://huggingface.co/datasets/Link-Dev/UAV3DCrop_depth/resolve/main/2025/Day007_Corn_depth/1209_depth.tif?download=true,main,relative_scale_shift,8,20000,0.0144953125,0.025652336311340333,0.14857497885567478,0.0016260810852050782,0.0641623849831169,0.19976037622634343,0.6034644823418827,0.07325768017810914
2025/Day007_Corn,2025,Day007,corn,1209.JPG,1209,DJI Mavic 3M RGB camera,oblique,oblique,0.7048275909019304,5280,3956,1209_depth.tif,True,True,OPENCV,C:\Users\81902\Documents\Codex\2026-09-20\depth-anything-v2-python-uav-rgb\data\uav3dcrop\2025\Day007_Corn\images\1209.JPG,C:\Users\81902\Documents\Codex\2026-09-20\depth-anything-v2-python-uav-rgb\data\uav3dcrop_depth\2025\Day007_Corn\1209_depth.tif,https://huggingface.co/datasets/Link-Dev/UAV3DCrop/resolve/main/2025/Day007_Corn/images/1209.JPG?download=true,https://huggingface.co/datasets/Link-Dev/UAV3DCrop_depth/resolve/main/2025/Day007_Corn_depth/1209_depth.tif?download=true,main,metric_raw,16,20000,0.029426171875,0.0410630453824997,0.14407512731903202,0.016829975581169127,0.1340414989594187,0.05500236730619044,0.5049909687232627,0.14361823051521705
2025/Day007_Corn,2025,Day007,corn,1209.JPG,1209,DJI Mavic 3M RGB camera,oblique,oblique,0.7048275909019304,5280,3956,1209_depth.tif,True,True,OPENCV,C:\Users\81902\Documents\Codex\2026-09-20\depth-anything-v2-python-uav-rgb\data\uav3dcrop\2025\Day007_Corn\images\1209.JPG,C:\Users\81902\Documents\Codex\2026-09-20\depth-anything-v2-python-uav-rgb\data\uav3dcrop_depth\2025\Day007_Corn\1209_depth.tif,https://huggingface.co/datasets/Link-Dev/UAV3DCrop/resolve/main/2025/Day007_Corn/images/1209.JPG?download=true,https://huggingface.co/datasets/Link-Dev/UAV3DCrop_depth/resolve/main/2025/Day007_Corn_depth/1209_depth.tif?download=true,main,metric_bias_corrected,16,20000,0.029426171875,0.04106304702758789,0.14407512677513887,0.016829978370666503,0.13404153026871105,0.055003139501031625,0.5048959026523434,0.14361823051521705
2025/Day007_Corn,2025,Day007,corn,1209.JPG,1209,DJI Mavic 3M RGB camera,oblique,oblique,0.7048275909019304,5280,3956,1209_depth.tif,True,True,OPENCV,C:\Users\81902\Documents\Codex\2026-09-20\depth-anything-v2-python-uav-rgb\data\uav3dcrop\2025\Day007_Corn\images\1209.JPG,C:\Users\81902\Documents\Codex\2026-09-20\depth-anything-v2-python-uav-rgb\data\uav3dcrop_depth\2025\Day007_Corn\1209_depth.tif,https://huggingface.co/datasets/Link-Dev/UAV3DCrop/resolve/main/2025/Day007_Corn/images/1209.JPG?download=true,https://huggingface.co/datasets/Link-Dev/UAV3DCrop_depth/resolve/main/2025/Day007_Corn_depth/1209_depth.tif?download=true,main,metric_scale_shift,16,20000,0.029426171875,0.06726770458221436,0.15970588401660107,0.033117920875549316,0.13404144350198413,0.05500284407880961,0.5048959026523434,0.14361823051521705
2025/Day007_Corn,2025,Day007,corn,1209.JPG,1209,DJI Mavic 3M RGB camera,oblique,oblique,0.7048275909019304,5280,3956,1209_depth.tif,True,True,OPENCV,C:\Users\81902\Documents\Codex\2026-09-20\depth-anything-v2-python-uav-rgb\data\uav3dcrop\2025\Day007_Corn\images\1209.JPG,C:\Users\81902\Documents\Codex\2026-09-20\depth-anything-v2-python-uav-rgb\data\uav3dcrop_depth\2025\Day007_Corn\1209_depth.tif,https://huggingface.co/datasets/Link-Dev/UAV3DCrop/resolve/main/2025/Day007_Corn/images/1209.JPG?download=true,https://huggingface.co/datasets/Link-Dev/UAV3DCrop_depth/resolve/main/2025/Day007_Corn_depth/1209_depth.tif?download=true,main,relative_scale_shift,16,20000,0.029426171875,0.04479978761672974,0.23300801408332145,0.0055109644889831545,0.11810682256820286,0.23383260003663023,0.5934024146782013,0.14361823051521705
2025/Day007_Corn,2025,Day007,corn,1209.JPG,1209,DJI Mavic 3M RGB camera,oblique,oblique,0.7048275909019304,5280,3956,1209_depth.tif,True,True,OPENCV,C:\Users\81902\Documents\Codex\2026-09-20\depth-anything-v2-python-uav-rgb\data\uav3dcrop\2025\Day007_Corn\images\1209.JPG,C:\Users\81902\Documents\Codex\2026-09-20\depth-anything-v2-python-uav-rgb\data\uav3dcrop_depth\2025\Day007_Corn\1209_depth.tif,https://huggingface.co/datasets/Link-Dev/UAV3DCrop/resolve/main/2025/Day007_Corn/images/1209.JPG?download=true,https://huggingface.co/datasets/Link-Dev/UAV3DCrop_depth/resolve/main/2025/Day007_Corn_depth/1209_depth.tif?download=true,main,metric_raw,32,20000,0.048885546875,0.06829459671974182,0.18186584225798372,0.03082017831802368,0.18821508428846992,0.07691577783096382,0.49555937010224643,0.17997348775587316
2025/Day007_Corn,2025,Day007,corn,1209.JPG,1209,DJI Mavic 3M RGB camera,oblique,oblique,0.7048275909019304,5280,3956,1209_depth.tif,True,True,OPENCV,C:\Users\81902\Documents\Codex\2026-09-20\depth-anything-v2-python-uav-rgb\data\uav3dcrop\2025\Day007_Corn\images\1209.JPG,C:\Users\81902\Documents\Codex\2026-09-20\depth-anything-v2-python-uav-rgb\data\uav3dcrop_depth\2025\Day007_Corn\1209_depth.tif,https://huggingface.co/datasets/Link-Dev/UAV3DCrop/resolve/main/2025/Day007_Corn/images/1209.JPG?download=true,https://huggingface.co/datasets/Link-Dev/UAV3DCrop_depth/resolve/main/2025/Day007_Corn_depth/1209_depth.tif?download=true,main,metric_bias_corrected,32,20000,0.048885546875,0.06829459085464477,0.1818658453294117,0.030820180225372314,0.18821504555719193,0.0769161975998424,0.49555937010224643,0.17997348775587316
2025/Day007_Corn,2025,Day007,corn,1209.JPG,1209,DJI Mavic 3M RGB camera,oblique,oblique,0.7048275909019304,5280,3956,1209_depth.tif,True,True,OPENCV,C:\Users\81902\Documents\Codex\2026-09-20\depth-anything-v2-python-uav-rgb\data\uav3dcrop\2025\Day007_Corn\images\1209.JPG,C:\Users\81902\Documents\Codex\2026-09-20\depth-anything-v2-python-uav-rgb\data\uav3dcrop_depth\2025\Day007_Corn\1209_depth.tif,https://huggingface.co/datasets/Link-Dev/UAV3DCrop/resolve/main/2025/Day007_Corn/images/1209.JPG?download=true,https://huggingface.co/datasets/Link-Dev/UAV3DCrop_depth/resolve/main/2025/Day007_Corn_depth/1209_depth.tif?download=true,main,metric_scale_shift,32,20000,0.048885546875,0.11514283380508424,0.22431153629330017,0.06388218889236451,0.18821518338909107,0.07691584811258086,0.49555937010224643,0.17997348775587316
2025/Day007_Corn,2025,Day007,corn,1209.JPG,1209,DJI Mavic 3M RGB camera,oblique,oblique,0.7048275909019304,5280,3956,1209_depth.tif,True,True,OPENCV,C:\Users\81902\Documents\Codex\2026-09-20\depth-anything-v2-python-uav-rgb\data\uav3dcrop\2025\Day007_Corn\images\1209.JPG,C:\Users\81902\Documents\Codex\2026-09-20\depth-anything-v2-python-uav-rgb\data\uav3dcrop_depth\2025\Day007_Corn\1209_depth.tif,https://huggingface.co/datasets/Link-Dev/UAV3DCrop/resolve/main/2025/Day007_Corn/images/1209.JPG?download=true,https://huggingface.co/datasets/Link-Dev/UAV3DCrop_depth/resolve/main/2025/Day007_Corn_depth/1209_depth.tif?download=true,main,relative_scale_shift,32,20000,0.048885546875,0.06758481006622315,0.2668369586384183,0.004170409393310547,0.1254792381138238,0.2633031601435922,0.5764609299201433,0.17997348775587316
2025/Day007_Corn,2025,Day007,corn,1209.JPG,1209,DJI Mavic 3M RGB camera,oblique,oblique,0.7048275909019304,5280,3956,1209_depth.tif,True,True,OPENCV,C:\Users\81902\Documents\Codex\2026-09-20\depth-anything-v2-python-uav-rgb\data\uav3dcrop\2025\Day007_Corn\images\1209.JPG,C:\Users\81902\Documents\Codex\2026-09-20\depth-anything-v2-python-uav-rgb\data\uav3dcrop_depth\2025\Day007_Corn\1209_depth.tif,https://huggingface.co/datasets/Link-Dev/UAV3DCrop/resolve/main/2025/Day007_Corn/images/1209.JPG?download=true,https://huggingface.co/datasets/Link-Dev/UAV3DCrop_depth/resolve/main/2025/Day007_Corn_depth/1209_depth.tif?download=true,main,metric_raw,64,20000,0.0829890625,0.11408045337200165,0.25620266570434636,0.05975006811618805,0.24003290644077815,0.09855854894956907,0.4933768477634863,0.25270268666779366
2025/Day007_Corn,2025,Day007,corn,1209.JPG,1209,DJI Mavic 3M RGB camera,oblique,oblique,0.7048275909019304,5280,3956,1209_depth.tif,True,True,OPENCV,C:\Users\81902\Documents\Codex\2026-09-20\depth-anything-v2-python-uav-rgb\data\uav3dcrop\2025\Day007_Corn\images\1209.JPG,C:\Users\81902\Documents\Codex\2026-09-20\depth-anything-v2-python-uav-rgb\data\uav3dcrop_depth\2025\Day007_Corn\1209_depth.tif,https://huggingface.co/datasets/Link-Dev/UAV3DCrop/resolve/main/2025/Day007_Corn/images/1209.JPG?download=true,https://huggingface.co/datasets/Link-Dev/UAV3DCrop_depth/resolve/main/2025/Day007_Corn_depth/1209_depth.tif?download=true,main,metric_bias_corrected,64,20000,0.0829890625,0.11408045520782471,0.25620265837868544,0.05975007152557373,0.24003298150847796,0.09855858999242861,0.4933768477634863,0.25270268666779366
2025/Day007_Corn,2025,Day007,corn,1209.JPG,1209,DJI Mavic 3M RGB camera,oblique,oblique,0.7048275909019304,5280,3956,1209_depth.tif,True,True,OPENCV,C:\Users\81902\Documents\Codex\2026-09-20\depth-anything-v2-python-uav-rgb\data\uav3dcrop\2025\Day007_Corn\images\1209.JPG,C:\Users\81902\Documents\Codex\2026-09-20\depth-anything-v2-python-uav-rgb\data\uav3dcrop_depth\2025\Day007_Corn\1209_depth.tif,https://huggingface.co/datasets/Link-Dev/UAV3DCrop/resolve/main/2025/Day007_Corn/images/1209.JPG?download=true,https://huggingface.co/datasets/Link-Dev/UAV3DCrop_depth/resolve/main/2025/Day007_Corn_depth/1209_depth.tif?download=true,main,metric_scale_shift,64,20000,0.0829890625,0.19572108488082884,0.337043547189234,0.12347804040908814,0.24003287946817228,0.09855850011121353,0.4933768477634863,0.25270268666779366
2025/Day007_Corn,2025,Day007,corn,1209.JPG,1209,DJI Mavic 3M RGB camera,oblique,oblique,0.7048275909019304,5280,3956,1209_depth.tif,True,True,OPENCV,C:\Users\81902\Documents\Codex\2026-09-20\depth-anything-v2-python-uav-rgb\data\uav3dcrop\2025\Day007_Corn\images\1209.JPG,C:\Users\81902\Documents\Codex\2026-09-20\depth-anything-v2-python-uav-rgb\data\uav3dcrop_depth\2025\Day007_Corn\1209_depth.tif,https://huggingface.co/datasets/Link-Dev/UAV3DCrop/resolve/main/2025/Day007_Corn/images/1209.JPG?download=true,https://huggingface.co/datasets/Link-Dev/UAV3DCrop_depth/resolve/main/2025/Day007_Corn_depth/1209_depth.tif?download=true,main,relative_scale_shift,64,20000,0.0829890625,0.09406636629104614,0.28499878914178833,0.017175804615020752,0.3076943311384561,0.30031135363281214,0.5656875919882255,0.25270268666779366
2025/Day007_Corn,2025,Day007,corn,1209.JPG,1209,DJI Mavic 3M RGB camera,oblique,oblique,0.7048275909019304,5280,3956,1209_depth.tif,True,True,OPENCV,C:\Users\81902\Documents\Codex\2026-09-20\depth-anything-v2-python-uav-rgb\data\uav3dcrop\2025\Day007_Corn\images\1209.JPG,C:\Users\81902\Documents\Codex\2026-09-20\depth-anything-v2-python-uav-rgb\data\uav3dcrop_depth\2025\Day007_Corn\1209_depth.tif,https://huggingface.co/datasets/Link-Dev/UAV3DCrop/resolve/main/2025/Day007_Corn/images/1209.JPG?download=true,https://huggingface.co/datasets/Link-Dev/UAV3DCrop_depth/resolve/main/2025/Day007_Corn_depth/1209_depth.tif?download=true,main,metric_raw,128,20000,0.128959375,0.18994713666439056,0.3484625878013522,0.11966462547779083,0.17606876821500123,0.11417826031220543,0.4829089640739449,0.3124520367254889
2025/Day007_Corn,2025,Day007,corn,1209.JPG,1209,DJI Mavic 3M RGB camera,oblique,oblique,0.7048275909019304,5280,3956,1209_depth.tif,True,True,OPENCV,C:\Users\81902\Documents\Codex\2026-09-20\depth-anything-v2-python-uav-rgb\data\uav3dcrop\2025\Day007_Corn\images\1209.JPG,C:\Users\81902\Documents\Codex\2026-09-20\depth-anything-v2-python-uav-rgb\data\uav3dcrop_depth\2025\Day007_Corn\1209_depth.tif,https://huggingface.co/datasets/Link-Dev/UAV3DCrop/resolve/main/2025/Day007_Corn/images/1209.JPG?download=true,https://huggingface.co/datasets/Link-Dev/UAV3DCrop_depth/resolve/main/2025/Day007_Corn_depth/1209_depth.tif?download=true,main,metric_bias_corrected,128,20000,0.128959375,0.18994713487625123,0.34846258881863146,0.1196646222114563,0.17606875961958104,0.11417802939031715,0.4829089640739449,0.3124520367254889
2025/Day007_Corn,2025,Day007,corn,1209.JPG,1209,DJI Mavic 3M RGB camera,oblique,oblique,0.7048275909019304,5280,3956,1209_depth.tif,True,True,OPENCV,C:\Users\81902\Documents\Codex\2026-09-20\depth-anything-v2-python-uav-rgb\data\uav3dcrop\2025\Day007_Corn\images\1209.JPG,C:\Users\81902\Documents\Codex\2026-09-20\depth-anything-v2-python-uav-rgb\data\uav3dcrop_depth\2025\Day007_Corn\1209_depth.tif,https://huggingface.co/datasets/Link-Dev/UAV3DCrop/resolve/main/2025/Day007_Corn/images/1209.JPG?download=true,https://huggingface.co/datasets/Link-Dev/UAV3DCrop_depth/resolve/main/2025/Day007_Corn_depth/1209_depth.tif?download=true,main,metric_scale_shift,128,20000,0.128959375,0.3408981756210327,0.531023786779293,0.24741521987915038,0.17606874748515935,0.11417823619580833,0.4829089640739449,0.3124520367254889
2025/Day007_Corn,2025,Day007,corn,1209.JPG,1209,DJI Mavic 3M RGB camera,oblique,oblique,0.7048275909019304,5280,3956,1209_depth.tif,True,True,OPENCV,C:\Users\81902\Documents\Codex\2026-09-20\depth-anything-v2-python-uav-rgb\data\uav3dcrop\2025\Day007_Corn\images\1209.JPG,C:\Users\81902\Documents\Codex\2026-09-20\depth-anything-v2-python-uav-rgb\data\uav3dcrop_depth\2025\Day007_Corn\1209_depth.tif,https://huggingface.co/datasets/Link-Dev/UAV3DCrop/resolve/main/2025/Day007_Corn/images/1209.JPG?download=true,https://huggingface.co/datasets/Link-Dev/UAV3DCrop_depth/resolve/main/2025/Day007_Corn_depth/1209_depth.tif?download=true,main,relative_scale_shift,128,20000,0.128959375,0.1400521936416626,0.32684940986696576,0.031653716087341306,0.369413987074474,0.3078728634464102,0.5534240204627369,0.3124520367254889
