scene,year,date,crop,filename,frame_id,camera_type,view_type,nadir_or_oblique,view_verticality_score,width,height,corresponding_depth_filename,intrinsics_available,extrinsics_available,camera_model,local_rgb_path,local_depth_path,source_rgb,source_depth,source_revision,variant,pixel_separation,pairs,mean_abs_gt_difference_m,local_difference_mae_m,local_difference_rmse_m,local_difference_bias_m,local_difference_pearson,local_difference_spearman,local_difference_sign_agreement,gt_difference_std_m
2025/Day001_Oat,2025,Day001,oat,1.JPG,1,DJI Mavic 3M RGB camera,nadir,nadir,0.9999924531099396,5280,3956,1_depth.tif,True,True,OPENCV,C:\Users\81902\Documents\Codex\2026-09-20\depth-anything-v2-python-uav-rgb\data\uav3dcrop\2025\Day001_Oat\images\1.JPG,C:\Users\81902\Documents\Codex\2026-09-20\depth-anything-v2-python-uav-rgb\data\uav3dcrop_depth\2025\Day001_Oat\1_depth.tif,https://huggingface.co/datasets/Link-Dev/UAV3DCrop/resolve/main/2025/Day001_Oat/images/1.JPG?download=true,https://huggingface.co/datasets/Link-Dev/UAV3DCrop_depth/resolve/main/2025/Day001_Oat_depth/1_depth.tif?download=true,main,metric_raw,8,20000,0.008585546875,0.013809627437591553,0.03695054221713405,0.003257878637313843,0.025141072665199493,0.006097084478173179,0.5012208657047724,0.03512104233352857
2025/Day001_Oat,2025,Day001,oat,1.JPG,1,DJI Mavic 3M RGB camera,nadir,nadir,0.9999924531099396,5280,3956,1_depth.tif,True,True,OPENCV,C:\Users\81902\Documents\Codex\2026-09-20\depth-anything-v2-python-uav-rgb\data\uav3dcrop\2025\Day001_Oat\images\1.JPG,C:\Users\81902\Documents\Codex\2026-09-20\depth-anything-v2-python-uav-rgb\data\uav3dcrop_depth\2025\Day001_Oat\1_depth.tif,https://huggingface.co/datasets/Link-Dev/UAV3DCrop/resolve/main/2025/Day001_Oat/images/1.JPG?download=true,https://huggingface.co/datasets/Link-Dev/UAV3DCrop_depth/resolve/main/2025/Day001_Oat_depth/1_depth.tif?download=true,main,metric_bias_corrected,8,20000,0.008585546875,0.013809624528884889,0.03695053595071498,0.003257879877090454,0.025141671452594643,0.00609757862545484,0.5012208657047724,0.03512104233352857
2025/Day001_Oat,2025,Day001,oat,1.JPG,1,DJI Mavic 3M RGB camera,nadir,nadir,0.9999924531099396,5280,3956,1_depth.tif,True,True,OPENCV,C:\Users\81902\Documents\Codex\2026-09-20\depth-anything-v2-python-uav-rgb\data\uav3dcrop\2025\Day001_Oat\images\1.JPG,C:\Users\81902\Documents\Codex\2026-09-20\depth-anything-v2-python-uav-rgb\data\uav3dcrop_depth\2025\Day001_Oat\1_depth.tif,https://huggingface.co/datasets/Link-Dev/UAV3DCrop/resolve/main/2025/Day001_Oat/images/1.JPG?download=true,https://huggingface.co/datasets/Link-Dev/UAV3DCrop_depth/resolve/main/2025/Day001_Oat_depth/1_depth.tif?download=true,main,metric_scale_shift,8,20000,0.008585546875,0.008725853300094604,0.03514069281019786,0.0007354521274566651,-0.025137999898700428,-0.0061171800751948354,0.49778024417314093,0.03512104233352857
2025/Day001_Oat,2025,Day001,oat,1.JPG,1,DJI Mavic 3M RGB camera,nadir,nadir,0.9999924531099396,5280,3956,1_depth.tif,True,True,OPENCV,C:\Users\81902\Documents\Codex\2026-09-20\depth-anything-v2-python-uav-rgb\data\uav3dcrop\2025\Day001_Oat\images\1.JPG,C:\Users\81902\Documents\Codex\2026-09-20\depth-anything-v2-python-uav-rgb\data\uav3dcrop_depth\2025\Day001_Oat\1_depth.tif,https://huggingface.co/datasets/Link-Dev/UAV3DCrop/resolve/main/2025/Day001_Oat/images/1.JPG?download=true,https://huggingface.co/datasets/Link-Dev/UAV3DCrop_depth/resolve/main/2025/Day001_Oat_depth/1_depth.tif?download=true,main,relative_scale_shift,8,20000,0.008585546875,0.008505437088012695,0.03414667080930733,0.0008705890655517578,0.3940983587638489,0.18290387888834914,0.5668146503884572,0.03512104233352857
2025/Day001_Oat,2025,Day001,oat,1.JPG,1,DJI Mavic 3M RGB camera,nadir,nadir,0.9999924531099396,5280,3956,1_depth.tif,True,True,OPENCV,C:\Users\81902\Documents\Codex\2026-09-20\depth-anything-v2-python-uav-rgb\data\uav3dcrop\2025\Day001_Oat\images\1.JPG,C:\Users\81902\Documents\Codex\2026-09-20\depth-anything-v2-python-uav-rgb\data\uav3dcrop_depth\2025\Day001_Oat\1_depth.tif,https://huggingface.co/datasets/Link-Dev/UAV3DCrop/resolve/main/2025/Day001_Oat/images/1.JPG?download=true,https://huggingface.co/datasets/Link-Dev/UAV3DCrop_depth/resolve/main/2025/Day001_Oat_depth/1_depth.tif?download=true,main,metric_raw,16,20000,0.01560625,0.02455896944999695,0.058025424645086865,0.005459615612030029,0.03801498846655041,0.03084431640560516,0.5121503131524008,0.051480089801748535
2025/Day001_Oat,2025,Day001,oat,1.JPG,1,DJI Mavic 3M RGB camera,nadir,nadir,0.9999924531099396,5280,3956,1_depth.tif,True,True,OPENCV,C:\Users\81902\Documents\Codex\2026-09-20\depth-anything-v2-python-uav-rgb\data\uav3dcrop\2025\Day001_Oat\images\1.JPG,C:\Users\81902\Documents\Codex\2026-09-20\depth-anything-v2-python-uav-rgb\data\uav3dcrop_depth\2025\Day001_Oat\1_depth.tif,https://huggingface.co/datasets/Link-Dev/UAV3DCrop/resolve/main/2025/Day001_Oat/images/1.JPG?download=true,https://huggingface.co/datasets/Link-Dev/UAV3DCrop_depth/resolve/main/2025/Day001_Oat_depth/1_depth.tif?download=true,main,metric_bias_corrected,16,20000,0.01560625,0.02455896897315979,0.05802542204515202,0.005459621858596802,0.03801494256505452,0.030845066091751888,0.5121503131524008,0.051480089801748535
2025/Day001_Oat,2025,Day001,oat,1.JPG,1,DJI Mavic 3M RGB camera,nadir,nadir,0.9999924531099396,5280,3956,1_depth.tif,True,True,OPENCV,C:\Users\81902\Documents\Codex\2026-09-20\depth-anything-v2-python-uav-rgb\data\uav3dcrop\2025\Day001_Oat\images\1.JPG,C:\Users\81902\Documents\Codex\2026-09-20\depth-anything-v2-python-uav-rgb\data\uav3dcrop_depth\2025\Day001_Oat\1_depth.tif,https://huggingface.co/datasets/Link-Dev/UAV3DCrop/resolve/main/2025/Day001_Oat/images/1.JPG?download=true,https://huggingface.co/datasets/Link-Dev/UAV3DCrop_depth/resolve/main/2025/Day001_Oat_depth/1_depth.tif?download=true,main,metric_scale_shift,16,20000,0.01560625,0.015807710886001587,0.05152503248456306,0.00041061835289001465,-0.03801416141659741,-0.03085329767783396,0.4872651356993737,0.051480089801748535
2025/Day001_Oat,2025,Day001,oat,1.JPG,1,DJI Mavic 3M RGB camera,nadir,nadir,0.9999924531099396,5280,3956,1_depth.tif,True,True,OPENCV,C:\Users\81902\Documents\Codex\2026-09-20\depth-anything-v2-python-uav-rgb\data\uav3dcrop\2025\Day001_Oat\images\1.JPG,C:\Users\81902\Documents\Codex\2026-09-20\depth-anything-v2-python-uav-rgb\data\uav3dcrop_depth\2025\Day001_Oat\1_depth.tif,https://huggingface.co/datasets/Link-Dev/UAV3DCrop/resolve/main/2025/Day001_Oat/images/1.JPG?download=true,https://huggingface.co/datasets/Link-Dev/UAV3DCrop_depth/resolve/main/2025/Day001_Oat_depth/1_depth.tif?download=true,main,relative_scale_shift,16,20000,0.01560625,0.015230853748321534,0.04933403187566364,0.0006522309303283691,0.4888809333943226,0.18212948768892404,0.5465553235908142,0.051480089801748535
2025/Day001_Oat,2025,Day001,oat,1.JPG,1,DJI Mavic 3M RGB camera,nadir,nadir,0.9999924531099396,5280,3956,1_depth.tif,True,True,OPENCV,C:\Users\81902\Documents\Codex\2026-09-20\depth-anything-v2-python-uav-rgb\data\uav3dcrop\2025\Day001_Oat\images\1.JPG,C:\Users\81902\Documents\Codex\2026-09-20\depth-anything-v2-python-uav-rgb\data\uav3dcrop_depth\2025\Day001_Oat\1_depth.tif,https://huggingface.co/datasets/Link-Dev/UAV3DCrop/resolve/main/2025/Day001_Oat/images/1.JPG?download=true,https://huggingface.co/datasets/Link-Dev/UAV3DCrop_depth/resolve/main/2025/Day001_Oat_depth/1_depth.tif?download=true,main,metric_raw,32,20000,0.028726171875,0.04351865334510803,0.08561706166198126,0.01148583550453186,0.07986166073957028,0.045176088026276914,0.5085209341468546,0.08072640965879843
2025/Day001_Oat,2025,Day001,oat,1.JPG,1,DJI Mavic 3M RGB camera,nadir,nadir,0.9999924531099396,5280,3956,1_depth.tif,True,True,OPENCV,C:\Users\81902\Documents\Codex\2026-09-20\depth-anything-v2-python-uav-rgb\data\uav3dcrop\2025\Day001_Oat\images\1.JPG,C:\Users\81902\Documents\Codex\2026-09-20\depth-anything-v2-python-uav-rgb\data\uav3dcrop_depth\2025\Day001_Oat\1_depth.tif,https://huggingface.co/datasets/Link-Dev/UAV3DCrop/resolve/main/2025/Day001_Oat/images/1.JPG?download=true,https://huggingface.co/datasets/Link-Dev/UAV3DCrop_depth/resolve/main/2025/Day001_Oat_depth/1_depth.tif?download=true,main,metric_bias_corrected,32,20000,0.028726171875,0.043518653535842895,0.08561705771633064,0.011485837507247925,0.07986184876400979,0.045175920699321886,0.5085209341468546,0.08072640965879843
2025/Day001_Oat,2025,Day001,oat,1.JPG,1,DJI Mavic 3M RGB camera,nadir,nadir,0.9999924531099396,5280,3956,1_depth.tif,True,True,OPENCV,C:\Users\81902\Documents\Codex\2026-09-20\depth-anything-v2-python-uav-rgb\data\uav3dcrop\2025\Day001_Oat\images\1.JPG,C:\Users\81902\Documents\Codex\2026-09-20\depth-anything-v2-python-uav-rgb\data\uav3dcrop_depth\2025\Day001_Oat\1_depth.tif,https://huggingface.co/datasets/Link-Dev/UAV3DCrop/resolve/main/2025/Day001_Oat/images/1.JPG?download=true,https://huggingface.co/datasets/Link-Dev/UAV3DCrop_depth/resolve/main/2025/Day001_Oat_depth/1_depth.tif?download=true,main,metric_scale_shift,32,20000,0.028726171875,0.028982292318344115,0.08082501573023322,0.0008394381046295166,-0.07985946156823495,-0.045176525714908836,0.491198541272179,0.08072640965879843
2025/Day001_Oat,2025,Day001,oat,1.JPG,1,DJI Mavic 3M RGB camera,nadir,nadir,0.9999924531099396,5280,3956,1_depth.tif,True,True,OPENCV,C:\Users\81902\Documents\Codex\2026-09-20\depth-anything-v2-python-uav-rgb\data\uav3dcrop\2025\Day001_Oat\images\1.JPG,C:\Users\81902\Documents\Codex\2026-09-20\depth-anything-v2-python-uav-rgb\data\uav3dcrop_depth\2025\Day001_Oat\1_depth.tif,https://huggingface.co/datasets/Link-Dev/UAV3DCrop/resolve/main/2025/Day001_Oat/images/1.JPG?download=true,https://huggingface.co/datasets/Link-Dev/UAV3DCrop_depth/resolve/main/2025/Day001_Oat_depth/1_depth.tif?download=true,main,relative_scale_shift,32,20000,0.028726171875,0.02748579535484314,0.07538923689068833,0.0014336937427520751,0.6220484099215953,0.21815262854985887,0.5587348341398415,0.08072640965879843
2025/Day001_Oat,2025,Day001,oat,1.JPG,1,DJI Mavic 3M RGB camera,nadir,nadir,0.9999924531099396,5280,3956,1_depth.tif,True,True,OPENCV,C:\Users\81902\Documents\Codex\2026-09-20\depth-anything-v2-python-uav-rgb\data\uav3dcrop\2025\Day001_Oat\images\1.JPG,C:\Users\81902\Documents\Codex\2026-09-20\depth-anything-v2-python-uav-rgb\data\uav3dcrop_depth\2025\Day001_Oat\1_depth.tif,https://huggingface.co/datasets/Link-Dev/UAV3DCrop/resolve/main/2025/Day001_Oat/images/1.JPG?download=true,https://huggingface.co/datasets/Link-Dev/UAV3DCrop_depth/resolve/main/2025/Day001_Oat_depth/1_depth.tif?download=true,main,metric_raw,64,20000,0.047293359375,0.07270879158973693,0.12738814403157595,0.022262091398239137,0.08466869348415909,0.044674691464320446,0.49789056104779295,0.11606661100223732
2025/Day001_Oat,2025,Day001,oat,1.JPG,1,DJI Mavic 3M RGB camera,nadir,nadir,0.9999924531099396,5280,3956,1_depth.tif,True,True,OPENCV,C:\Users\81902\Documents\Codex\2026-09-20\depth-anything-v2-python-uav-rgb\data\uav3dcrop\2025\Day001_Oat\images\1.JPG,C:\Users\81902\Documents\Codex\2026-09-20\depth-anything-v2-python-uav-rgb\data\uav3dcrop_depth\2025\Day001_Oat\1_depth.tif,https://huggingface.co/datasets/Link-Dev/UAV3DCrop/resolve/main/2025/Day001_Oat/images/1.JPG?download=true,https://huggingface.co/datasets/Link-Dev/UAV3DCrop_depth/resolve/main/2025/Day001_Oat_depth/1_depth.tif?download=true,main,metric_bias_corrected,64,20000,0.047293359375,0.07270878753662109,0.12738813594047488,0.02226209383010864,0.08466885442467356,0.04467495474687681,0.49789056104779295,0.11606661100223732
2025/Day001_Oat,2025,Day001,oat,1.JPG,1,DJI Mavic 3M RGB camera,nadir,nadir,0.9999924531099396,5280,3956,1_depth.tif,True,True,OPENCV,C:\Users\81902\Documents\Codex\2026-09-20\depth-anything-v2-python-uav-rgb\data\uav3dcrop\2025\Day001_Oat\images\1.JPG,C:\Users\81902\Documents\Codex\2026-09-20\depth-anything-v2-python-uav-rgb\data\uav3dcrop_depth\2025\Day001_Oat\1_depth.tif,https://huggingface.co/datasets/Link-Dev/UAV3DCrop/resolve/main/2025/Day001_Oat/images/1.JPG?download=true,https://huggingface.co/datasets/Link-Dev/UAV3DCrop_depth/resolve/main/2025/Day001_Oat_depth/1_depth.tif?download=true,main,metric_scale_shift,64,20000,0.047293359375,0.04756591835021973,0.11625008760466263,0.0012305063247680663,-0.0846667111878482,-0.04467495971319199,0.5017945973175493,0.11606661100223732
2025/Day001_Oat,2025,Day001,oat,1.JPG,1,DJI Mavic 3M RGB camera,nadir,nadir,0.9999924531099396,5280,3956,1_depth.tif,True,True,OPENCV,C:\Users\81902\Documents\Codex\2026-09-20\depth-anything-v2-python-uav-rgb\data\uav3dcrop\2025\Day001_Oat\images\1.JPG,C:\Users\81902\Documents\Codex\2026-09-20\depth-anything-v2-python-uav-rgb\data\uav3dcrop_depth\2025\Day001_Oat\1_depth.tif,https://huggingface.co/datasets/Link-Dev/UAV3DCrop/resolve/main/2025/Day001_Oat/images/1.JPG?download=true,https://huggingface.co/datasets/Link-Dev/UAV3DCrop_depth/resolve/main/2025/Day001_Oat_depth/1_depth.tif?download=true,main,relative_scale_shift,64,20000,0.047293359375,0.04455545525550842,0.10636183212822459,0.0023790039539337156,0.6642281776825841,0.278408147195243,0.5680372772495434,0.11606661100223732
2025/Day001_Oat,2025,Day001,oat,1.JPG,1,DJI Mavic 3M RGB camera,nadir,nadir,0.9999924531099396,5280,3956,1_depth.tif,True,True,OPENCV,C:\Users\81902\Documents\Codex\2026-09-20\depth-anything-v2-python-uav-rgb\data\uav3dcrop\2025\Day001_Oat\images\1.JPG,C:\Users\81902\Documents\Codex\2026-09-20\depth-anything-v2-python-uav-rgb\data\uav3dcrop_depth\2025\Day001_Oat\1_depth.tif,https://huggingface.co/datasets/Link-Dev/UAV3DCrop/resolve/main/2025/Day001_Oat/images/1.JPG?download=true,https://huggingface.co/datasets/Link-Dev/UAV3DCrop_depth/resolve/main/2025/Day001_Oat_depth/1_depth.tif?download=true,main,metric_raw,128,20000,0.059367578125,0.10835668466091156,0.17543938685648172,0.04264161913394928,-0.062083879637677634,-0.04337269983691798,0.4672275829606966,0.14410228983736117
2025/Day001_Oat,2025,Day001,oat,1.JPG,1,DJI Mavic 3M RGB camera,nadir,nadir,0.9999924531099396,5280,3956,1_depth.tif,True,True,OPENCV,C:\Users\81902\Documents\Codex\2026-09-20\depth-anything-v2-python-uav-rgb\data\uav3dcrop\2025\Day001_Oat\images\1.JPG,C:\Users\81902\Documents\Codex\2026-09-20\depth-anything-v2-python-uav-rgb\data\uav3dcrop_depth\2025\Day001_Oat\1_depth.tif,https://huggingface.co/datasets/Link-Dev/UAV3DCrop/resolve/main/2025/Day001_Oat/images/1.JPG?download=true,https://huggingface.co/datasets/Link-Dev/UAV3DCrop_depth/resolve/main/2025/Day001_Oat_depth/1_depth.tif?download=true,main,metric_bias_corrected,128,20000,0.059367578125,0.10835668106079102,0.17543938400062276,0.04264162073135376,-0.06208387455096816,-0.04337277360098672,0.4672275829606966,0.14410228983736117
2025/Day001_Oat,2025,Day001,oat,1.JPG,1,DJI Mavic 3M RGB camera,nadir,nadir,0.9999924531099396,5280,3956,1_depth.tif,True,True,OPENCV,C:\Users\81902\Documents\Codex\2026-09-20\depth-anything-v2-python-uav-rgb\data\uav3dcrop\2025\Day001_Oat\images\1.JPG,C:\Users\81902\Documents\Codex\2026-09-20\depth-anything-v2-python-uav-rgb\data\uav3dcrop_depth\2025\Day001_Oat\1_depth.tif,https://huggingface.co/datasets/Link-Dev/UAV3DCrop/resolve/main/2025/Day001_Oat/images/1.JPG?download=true,https://huggingface.co/datasets/Link-Dev/UAV3DCrop_depth/resolve/main/2025/Day001_Oat_depth/1_depth.tif?download=true,main,metric_scale_shift,128,20000,0.059367578125,0.05945995225906372,0.1439632534234872,0.0008399868965148926,0.062083716706985245,0.04337181054403243,0.532654742292304,0.14410228983736117
2025/Day001_Oat,2025,Day001,oat,1.JPG,1,DJI Mavic 3M RGB camera,nadir,nadir,0.9999924531099396,5280,3956,1_depth.tif,True,True,OPENCV,C:\Users\81902\Documents\Codex\2026-09-20\depth-anything-v2-python-uav-rgb\data\uav3dcrop\2025\Day001_Oat\images\1.JPG,C:\Users\81902\Documents\Codex\2026-09-20\depth-anything-v2-python-uav-rgb\data\uav3dcrop_depth\2025\Day001_Oat\1_depth.tif,https://huggingface.co/datasets/Link-Dev/UAV3DCrop/resolve/main/2025/Day001_Oat/images/1.JPG?download=true,https://huggingface.co/datasets/Link-Dev/UAV3DCrop_depth/resolve/main/2025/Day001_Oat_depth/1_depth.tif?download=true,main,relative_scale_shift,128,20000,0.059367578125,0.053840291786193845,0.12433294300638027,0.003074477195739746,0.7792457585091187,0.33678926218101785,0.57166392092257,0.14410228983736117
2025/Day001_Oat,2025,Day001,oat,29.JPG,29,DJI Mavic 3M RGB camera,nadir,nadir,0.9999915503991843,5280,3956,29_depth.tif,True,True,OPENCV,C:\Users\81902\Documents\Codex\2026-09-20\depth-anything-v2-python-uav-rgb\data\uav3dcrop\2025\Day001_Oat\images\29.JPG,C:\Users\81902\Documents\Codex\2026-09-20\depth-anything-v2-python-uav-rgb\data\uav3dcrop_depth\2025\Day001_Oat\29_depth.tif,https://huggingface.co/datasets/Link-Dev/UAV3DCrop/resolve/main/2025/Day001_Oat/images/29.JPG?download=true,https://huggingface.co/datasets/Link-Dev/UAV3DCrop_depth/resolve/main/2025/Day001_Oat_depth/29_depth.tif?download=true,main,metric_raw,8,20000,0.009865625,0.013409274888038634,0.04138821908371155,-0.0009628873586654663,0.06340679148585257,-0.009331757819309873,0.4846335697399527,0.0403467709219477
2025/Day001_Oat,2025,Day001,oat,29.JPG,29,DJI Mavic 3M RGB camera,nadir,nadir,0.9999915503991843,5280,3956,29_depth.tif,True,True,OPENCV,C:\Users\81902\Documents\Codex\2026-09-20\depth-anything-v2-python-uav-rgb\data\uav3dcrop\2025\Day001_Oat\images\29.JPG,C:\Users\81902\Documents\Codex\2026-09-20\depth-anything-v2-python-uav-rgb\data\uav3dcrop_depth\2025\Day001_Oat\29_depth.tif,https://huggingface.co/datasets/Link-Dev/UAV3DCrop/resolve/main/2025/Day001_Oat/images/29.JPG?download=true,https://huggingface.co/datasets/Link-Dev/UAV3DCrop_depth/resolve/main/2025/Day001_Oat_depth/29_depth.tif?download=true,main,metric_bias_corrected,8,20000,0.009865625,0.013409276103973388,0.04138821719627813,-0.000962890625,0.06340694349012989,-0.009331342085637002,0.48453078425326346,0.0403467709219477
2025/Day001_Oat,2025,Day001,oat,29.JPG,29,DJI Mavic 3M RGB camera,nadir,nadir,0.9999915503991843,5280,3956,29_depth.tif,True,True,OPENCV,C:\Users\81902\Documents\Codex\2026-09-20\depth-anything-v2-python-uav-rgb\data\uav3dcrop\2025\Day001_Oat\images\29.JPG,C:\Users\81902\Documents\Codex\2026-09-20\depth-anything-v2-python-uav-rgb\data\uav3dcrop_depth\2025\Day001_Oat\29_depth.tif,https://huggingface.co/datasets/Link-Dev/UAV3DCrop/resolve/main/2025/Day001_Oat/images/29.JPG?download=true,https://huggingface.co/datasets/Link-Dev/UAV3DCrop_depth/resolve/main/2025/Day001_Oat_depth/29_depth.tif?download=true,main,metric_scale_shift,8,20000,0.009865625,0.010017163276672363,0.04039227017378882,7.71061897277832e-05,-0.06341048155759645,0.009336560268672418,0.5147497173399116,0.0403467709219477
2025/Day001_Oat,2025,Day001,oat,29.JPG,29,DJI Mavic 3M RGB camera,nadir,nadir,0.9999915503991843,5280,3956,29_depth.tif,True,True,OPENCV,C:\Users\81902\Documents\Codex\2026-09-20\depth-anything-v2-python-uav-rgb\data\uav3dcrop\2025\Day001_Oat\images\29.JPG,C:\Users\81902\Documents\Codex\2026-09-20\depth-anything-v2-python-uav-rgb\data\uav3dcrop_depth\2025\Day001_Oat\29_depth.tif,https://huggingface.co/datasets/Link-Dev/UAV3DCrop/resolve/main/2025/Day001_Oat/images/29.JPG?download=true,https://huggingface.co/datasets/Link-Dev/UAV3DCrop_depth/resolve/main/2025/Day001_Oat_depth/29_depth.tif?download=true,main,relative_scale_shift,8,20000,0.009865625,0.009902319145202636,0.04026893182398504,-8.00480842590332e-05,0.3598562501754926,0.1301641586737886,0.5691232397985404,0.0403467709219477
2025/Day001_Oat,2025,Day001,oat,29.JPG,29,DJI Mavic 3M RGB camera,nadir,nadir,0.9999915503991843,5280,3956,29_depth.tif,True,True,OPENCV,C:\Users\81902\Documents\Codex\2026-09-20\depth-anything-v2-python-uav-rgb\data\uav3dcrop\2025\Day001_Oat\images\29.JPG,C:\Users\81902\Documents\Codex\2026-09-20\depth-anything-v2-python-uav-rgb\data\uav3dcrop_depth\2025\Day001_Oat\29_depth.tif,https://huggingface.co/datasets/Link-Dev/UAV3DCrop/resolve/main/2025/Day001_Oat/images/29.JPG?download=true,https://huggingface.co/datasets/Link-Dev/UAV3DCrop_depth/resolve/main/2025/Day001_Oat_depth/29_depth.tif?download=true,main,metric_raw,16,20000,0.018669921875,0.024099892735481264,0.06180929728147974,-0.002016082787513733,0.08287248463806712,0.008234037743712504,0.49523736365033033,0.058356108236411346
2025/Day001_Oat,2025,Day001,oat,29.JPG,29,DJI Mavic 3M RGB camera,nadir,nadir,0.9999915503991843,5280,3956,29_depth.tif,True,True,OPENCV,C:\Users\81902\Documents\Codex\2026-09-20\depth-anything-v2-python-uav-rgb\data\uav3dcrop\2025\Day001_Oat\images\29.JPG,C:\Users\81902\Documents\Codex\2026-09-20\depth-anything-v2-python-uav-rgb\data\uav3dcrop_depth\2025\Day001_Oat\29_depth.tif,https://huggingface.co/datasets/Link-Dev/UAV3DCrop/resolve/main/2025/Day001_Oat/images/29.JPG?download=true,https://huggingface.co/datasets/Link-Dev/UAV3DCrop_depth/resolve/main/2025/Day001_Oat_depth/29_depth.tif?download=true,main,metric_bias_corrected,16,20000,0.018669921875,0.02409989175796509,0.061809301711032806,-0.0020160799026489257,0.08287225028494491,0.008233886237449514,0.49516054693501305,0.058356108236411346
2025/Day001_Oat,2025,Day001,oat,29.JPG,29,DJI Mavic 3M RGB camera,nadir,nadir,0.9999915503991843,5280,3956,29_depth.tif,True,True,OPENCV,C:\Users\81902\Documents\Codex\2026-09-20\depth-anything-v2-python-uav-rgb\data\uav3dcrop\2025\Day001_Oat\images\29.JPG,C:\Users\81902\Documents\Codex\2026-09-20\depth-anything-v2-python-uav-rgb\data\uav3dcrop_depth\2025\Day001_Oat\29_depth.tif,https://huggingface.co/datasets/Link-Dev/UAV3DCrop/resolve/main/2025/Day001_Oat/images/29.JPG?download=true,https://huggingface.co/datasets/Link-Dev/UAV3DCrop_depth/resolve/main/2025/Day001_Oat_depth/29_depth.tif?download=true,main,metric_scale_shift,16,20000,0.018669921875,0.018861470937728882,0.058486633691489556,0.0005640372753143311,-0.0828721376308267,-0.008238751790466656,0.504532186203718,0.058356108236411346
2025/Day001_Oat,2025,Day001,oat,29.JPG,29,DJI Mavic 3M RGB camera,nadir,nadir,0.9999915503991843,5280,3956,29_depth.tif,True,True,OPENCV,C:\Users\81902\Documents\Codex\2026-09-20\depth-anything-v2-python-uav-rgb\data\uav3dcrop\2025\Day001_Oat\images\29.JPG,C:\Users\81902\Documents\Codex\2026-09-20\depth-anything-v2-python-uav-rgb\data\uav3dcrop_depth\2025\Day001_Oat\29_depth.tif,https://huggingface.co/datasets/Link-Dev/UAV3DCrop/resolve/main/2025/Day001_Oat/images/29.JPG?download=true,https://huggingface.co/datasets/Link-Dev/UAV3DCrop_depth/resolve/main/2025/Day001_Oat_depth/29_depth.tif?download=true,main,relative_scale_shift,16,20000,0.018669921875,0.018693447828292846,0.058137153847971634,0.00021993088722229004,0.5042286934051725,0.15332124327949725,0.5596865878015056,0.058356108236411346
2025/Day001_Oat,2025,Day001,oat,29.JPG,29,DJI Mavic 3M RGB camera,nadir,nadir,0.9999915503991843,5280,3956,29_depth.tif,True,True,OPENCV,C:\Users\81902\Documents\Codex\2026-09-20\depth-anything-v2-python-uav-rgb\data\uav3dcrop\2025\Day001_Oat\images\29.JPG,C:\Users\81902\Documents\Codex\2026-09-20\depth-anything-v2-python-uav-rgb\data\uav3dcrop_depth\2025\Day001_Oat\29_depth.tif,https://huggingface.co/datasets/Link-Dev/UAV3DCrop/resolve/main/2025/Day001_Oat/images/29.JPG?download=true,https://huggingface.co/datasets/Link-Dev/UAV3DCrop_depth/resolve/main/2025/Day001_Oat_depth/29_depth.tif?download=true,main,metric_raw,32,20000,0.03380390625,0.04181268496513367,0.09105009821426055,-0.003025504779815674,0.14530341168655608,0.015915331249884052,0.500526246546507,0.0901283477593161
2025/Day001_Oat,2025,Day001,oat,29.JPG,29,DJI Mavic 3M RGB camera,nadir,nadir,0.9999915503991843,5280,3956,29_depth.tif,True,True,OPENCV,C:\Users\81902\Documents\Codex\2026-09-20\depth-anything-v2-python-uav-rgb\data\uav3dcrop\2025\Day001_Oat\images\29.JPG,C:\Users\81902\Documents\Codex\2026-09-20\depth-anything-v2-python-uav-rgb\data\uav3dcrop_depth\2025\Day001_Oat\29_depth.tif,https://huggingface.co/datasets/Link-Dev/UAV3DCrop/resolve/main/2025/Day001_Oat/images/29.JPG?download=true,https://huggingface.co/datasets/Link-Dev/UAV3DCrop_depth/resolve/main/2025/Day001_Oat_depth/29_depth.tif?download=true,main,metric_bias_corrected,32,20000,0.03380390625,0.041812686920166015,0.09105009703127603,-0.003025500202178955,0.14530343821513322,0.015915553083981168,0.500526246546507,0.0901283477593161
2025/Day001_Oat,2025,Day001,oat,29.JPG,29,DJI Mavic 3M RGB camera,nadir,nadir,0.9999915503991843,5280,3956,29_depth.tif,True,True,OPENCV,C:\Users\81902\Documents\Codex\2026-09-20\depth-anything-v2-python-uav-rgb\data\uav3dcrop\2025\Day001_Oat\images\29.JPG,C:\Users\81902\Documents\Codex\2026-09-20\depth-anything-v2-python-uav-rgb\data\uav3dcrop_depth\2025\Day001_Oat\29_depth.tif,https://huggingface.co/datasets/Link-Dev/UAV3DCrop/resolve/main/2025/Day001_Oat/images/29.JPG?download=true,https://huggingface.co/datasets/Link-Dev/UAV3DCrop_depth/resolve/main/2025/Day001_Oat_depth/29_depth.tif?download=true,main,metric_scale_shift,32,20000,0.03380390625,0.034032376432418826,0.09039138720953999,0.001266612958908081,-0.1453019147939142,-0.015917149969591808,0.4992764109985528,0.0901283477593161
2025/Day001_Oat,2025,Day001,oat,29.JPG,29,DJI Mavic 3M RGB camera,nadir,nadir,0.9999915503991843,5280,3956,29_depth.tif,True,True,OPENCV,C:\Users\81902\Documents\Codex\2026-09-20\depth-anything-v2-python-uav-rgb\data\uav3dcrop\2025\Day001_Oat\images\29.JPG,C:\Users\81902\Documents\Codex\2026-09-20\depth-anything-v2-python-uav-rgb\data\uav3dcrop_depth\2025\Day001_Oat\29_depth.tif,https://huggingface.co/datasets/Link-Dev/UAV3DCrop/resolve/main/2025/Day001_Oat/images/29.JPG?download=true,https://huggingface.co/datasets/Link-Dev/UAV3DCrop_depth/resolve/main/2025/Day001_Oat_depth/29_depth.tif?download=true,main,relative_scale_shift,32,20000,0.03380390625,0.03376989312171936,0.08966693763476033,0.0006286425113677978,0.5982164162984324,0.1678432795958902,0.5742665438758058,0.0901283477593161
2025/Day001_Oat,2025,Day001,oat,29.JPG,29,DJI Mavic 3M RGB camera,nadir,nadir,0.9999915503991843,5280,3956,29_depth.tif,True,True,OPENCV,C:\Users\81902\Documents\Codex\2026-09-20\depth-anything-v2-python-uav-rgb\data\uav3dcrop\2025\Day001_Oat\images\29.JPG,C:\Users\81902\Documents\Codex\2026-09-20\depth-anything-v2-python-uav-rgb\data\uav3dcrop_depth\2025\Day001_Oat\29_depth.tif,https://huggingface.co/datasets/Link-Dev/UAV3DCrop/resolve/main/2025/Day001_Oat/images/29.JPG?download=true,https://huggingface.co/datasets/Link-Dev/UAV3DCrop_depth/resolve/main/2025/Day001_Oat_depth/29_depth.tif?download=true,main,metric_raw,64,20000,0.05208203125,0.06445109167098999,0.12208813739675425,-0.00618788743019104,0.19634493020469976,0.05373899742068852,0.5102951060059877,0.1225032488184266
2025/Day001_Oat,2025,Day001,oat,29.JPG,29,DJI Mavic 3M RGB camera,nadir,nadir,0.9999915503991843,5280,3956,29_depth.tif,True,True,OPENCV,C:\Users\81902\Documents\Codex\2026-09-20\depth-anything-v2-python-uav-rgb\data\uav3dcrop\2025\Day001_Oat\images\29.JPG,C:\Users\81902\Documents\Codex\2026-09-20\depth-anything-v2-python-uav-rgb\data\uav3dcrop_depth\2025\Day001_Oat\29_depth.tif,https://huggingface.co/datasets/Link-Dev/UAV3DCrop/resolve/main/2025/Day001_Oat/images/29.JPG?download=true,https://huggingface.co/datasets/Link-Dev/UAV3DCrop_depth/resolve/main/2025/Day001_Oat_depth/29_depth.tif?download=true,main,metric_bias_corrected,64,20000,0.05208203125,0.06445108962059021,0.12208813705889815,-0.006187890005111695,0.19634491684531527,0.0537387408707222,0.5102951060059877,0.1225032488184266
2025/Day001_Oat,2025,Day001,oat,29.JPG,29,DJI Mavic 3M RGB camera,nadir,nadir,0.9999915503991843,5280,3956,29_depth.tif,True,True,OPENCV,C:\Users\81902\Documents\Codex\2026-09-20\depth-anything-v2-python-uav-rgb\data\uav3dcrop\2025\Day001_Oat\images\29.JPG,C:\Users\81902\Documents\Codex\2026-09-20\depth-anything-v2-python-uav-rgb\data\uav3dcrop_depth\2025\Day001_Oat\29_depth.tif,https://huggingface.co/datasets/Link-Dev/UAV3DCrop/resolve/main/2025/Day001_Oat/images/29.JPG?download=true,https://huggingface.co/datasets/Link-Dev/UAV3DCrop_depth/resolve/main/2025/Day001_Oat_depth/29_depth.tif?download=true,main,metric_scale_shift,64,20000,0.05208203125,0.052433760690689085,0.12302570197342956,0.002909723424911499,-0.19634400398103188,-0.05373787533796319,0.4895826968900837,0.1225032488184266
2025/Day001_Oat,2025,Day001,oat,29.JPG,29,DJI Mavic 3M RGB camera,nadir,nadir,0.9999915503991843,5280,3956,29_depth.tif,True,True,OPENCV,C:\Users\81902\Documents\Codex\2026-09-20\depth-anything-v2-python-uav-rgb\data\uav3dcrop\2025\Day001_Oat\images\29.JPG,C:\Users\81902\Documents\Codex\2026-09-20\depth-anything-v2-python-uav-rgb\data\uav3dcrop_depth\2025\Day001_Oat\29_depth.tif,https://huggingface.co/datasets/Link-Dev/UAV3DCrop/resolve/main/2025/Day001_Oat/images/29.JPG?download=true,https://huggingface.co/datasets/Link-Dev/UAV3DCrop_depth/resolve/main/2025/Day001_Oat_depth/29_depth.tif?download=true,main,relative_scale_shift,64,20000,0.05208203125,0.051912914323806764,0.12162713423233792,0.0016024094104766845,0.6461826428176981,0.1992298961734615,0.5925948555019246,0.1225032488184266
2025/Day001_Oat,2025,Day001,oat,29.JPG,29,DJI Mavic 3M RGB camera,nadir,nadir,0.9999915503991843,5280,3956,29_depth.tif,True,True,OPENCV,C:\Users\81902\Documents\Codex\2026-09-20\depth-anything-v2-python-uav-rgb\data\uav3dcrop\2025\Day001_Oat\images\29.JPG,C:\Users\81902\Documents\Codex\2026-09-20\depth-anything-v2-python-uav-rgb\data\uav3dcrop_depth\2025\Day001_Oat\29_depth.tif,https://huggingface.co/datasets/Link-Dev/UAV3DCrop/resolve/main/2025/Day001_Oat/images/29.JPG?download=true,https://huggingface.co/datasets/Link-Dev/UAV3DCrop_depth/resolve/main/2025/Day001_Oat_depth/29_depth.tif?download=true,main,metric_raw,128,20000,0.06381171875,0.08580608344078064,0.14935438511423674,-0.01271639175415039,0.20692589908340822,0.10658179156779693,0.5270215594474308,0.147220930218198
2025/Day001_Oat,2025,Day001,oat,29.JPG,29,DJI Mavic 3M RGB camera,nadir,nadir,0.9999915503991843,5280,3956,29_depth.tif,True,True,OPENCV,C:\Users\81902\Documents\Codex\2026-09-20\depth-anything-v2-python-uav-rgb\data\uav3dcrop\2025\Day001_Oat\images\29.JPG,C:\Users\81902\Documents\Codex\2026-09-20\depth-anything-v2-python-uav-rgb\data\uav3dcrop_depth\2025\Day001_Oat\29_depth.tif,https://huggingface.co/datasets/Link-Dev/UAV3DCrop/resolve/main/2025/Day001_Oat/images/29.JPG?download=true,https://huggingface.co/datasets/Link-Dev/UAV3DCrop_depth/resolve/main/2025/Day001_Oat_depth/29_depth.tif?download=true,main,metric_bias_corrected,128,20000,0.06381171875,0.08580608587265015,0.14935438533081197,-0.012716387939453126,0.20692587926836922,0.10658193369841203,0.5270215594474308,0.147220930218198
2025/Day001_Oat,2025,Day001,oat,29.JPG,29,DJI Mavic 3M RGB camera,nadir,nadir,0.9999915503991843,5280,3956,29_depth.tif,True,True,OPENCV,C:\Users\81902\Documents\Codex\2026-09-20\depth-anything-v2-python-uav-rgb\data\uav3dcrop\2025\Day001_Oat\images\29.JPG,C:\Users\81902\Documents\Codex\2026-09-20\depth-anything-v2-python-uav-rgb\data\uav3dcrop_depth\2025\Day001_Oat\29_depth.tif,https://huggingface.co/datasets/Link-Dev/UAV3DCrop/resolve/main/2025/Day001_Oat/images/29.JPG?download=true,https://huggingface.co/datasets/Link-Dev/UAV3DCrop_depth/resolve/main/2025/Day001_Oat_depth/29_depth.tif?download=true,main,metric_scale_shift,128,20000,0.06381171875,0.06434858536720275,0.14805329766406625,0.0038544701099395753,-0.2069253962487797,-0.10658281056127526,0.47292064042540893,0.147220930218198
2025/Day001_Oat,2025,Day001,oat,29.JPG,29,DJI Mavic 3M RGB camera,nadir,nadir,0.9999915503991843,5280,3956,29_depth.tif,True,True,OPENCV,C:\Users\81902\Documents\Codex\2026-09-20\depth-anything-v2-python-uav-rgb\data\uav3dcrop\2025\Day001_Oat\images\29.JPG,C:\Users\81902\Documents\Codex\2026-09-20\depth-anything-v2-python-uav-rgb\data\uav3dcrop_depth\2025\Day001_Oat\29_depth.tif,https://huggingface.co/datasets/Link-Dev/UAV3DCrop/resolve/main/2025/Day001_Oat/images/29.JPG?download=true,https://huggingface.co/datasets/Link-Dev/UAV3DCrop_depth/resolve/main/2025/Day001_Oat_depth/29_depth.tif?download=true,main,relative_scale_shift,128,20000,0.06381171875,0.06344483752250671,0.1455791276077458,0.001320012617111206,0.7126417699887492,0.24860211422001607,0.5901970984336166,0.147220930218198
2025/Day001_Oat,2025,Day001,oat,58.JPG,58,DJI Mavic 3M RGB camera,nadir,nadir,0.9999859307819823,5280,3956,58_depth.tif,True,True,OPENCV,C:\Users\81902\Documents\Codex\2026-09-20\depth-anything-v2-python-uav-rgb\data\uav3dcrop\2025\Day001_Oat\images\58.JPG,C:\Users\81902\Documents\Codex\2026-09-20\depth-anything-v2-python-uav-rgb\data\uav3dcrop_depth\2025\Day001_Oat\58_depth.tif,https://huggingface.co/datasets/Link-Dev/UAV3DCrop/resolve/main/2025/Day001_Oat/images/58.JPG?download=true,https://huggingface.co/datasets/Link-Dev/UAV3DCrop_depth/resolve/main/2025/Day001_Oat_depth/58_depth.tif?download=true,main,metric_raw,8,20000,0.009879296875,0.014925225400924683,0.03792375579862852,0.0011156184196472168,0.13625437292154252,0.006099728700594146,0.4978461538461538,0.03486610671980212
2025/Day001_Oat,2025,Day001,oat,58.JPG,58,DJI Mavic 3M RGB camera,nadir,nadir,0.9999859307819823,5280,3956,58_depth.tif,True,True,OPENCV,C:\Users\81902\Documents\Codex\2026-09-20\depth-anything-v2-python-uav-rgb\data\uav3dcrop\2025\Day001_Oat\images\58.JPG,C:\Users\81902\Documents\Codex\2026-09-20\depth-anything-v2-python-uav-rgb\data\uav3dcrop_depth\2025\Day001_Oat\58_depth.tif,https://huggingface.co/datasets/Link-Dev/UAV3DCrop/resolve/main/2025/Day001_Oat/images/58.JPG?download=true,https://huggingface.co/datasets/Link-Dev/UAV3DCrop_depth/resolve/main/2025/Day001_Oat_depth/58_depth.tif?download=true,main,metric_bias_corrected,8,20000,0.009879296875,0.014925228071212769,0.03792375442088618,0.0011156183719635009,0.1362543950601931,0.00609895690795454,0.49764102564102564,0.03486610671980212
2025/Day001_Oat,2025,Day001,oat,58.JPG,58,DJI Mavic 3M RGB camera,nadir,nadir,0.9999859307819823,5280,3956,58_depth.tif,True,True,OPENCV,C:\Users\81902\Documents\Codex\2026-09-20\depth-anything-v2-python-uav-rgb\data\uav3dcrop\2025\Day001_Oat\images\58.JPG,C:\Users\81902\Documents\Codex\2026-09-20\depth-anything-v2-python-uav-rgb\data\uav3dcrop_depth\2025\Day001_Oat\58_depth.tif,https://huggingface.co/datasets/Link-Dev/UAV3DCrop/resolve/main/2025/Day001_Oat/images/58.JPG?download=true,https://huggingface.co/datasets/Link-Dev/UAV3DCrop_depth/resolve/main/2025/Day001_Oat_depth/58_depth.tif?download=true,main,metric_scale_shift,8,20000,0.009879296875,0.0104444899559021,0.03538259496200543,0.0005725642204284668,-0.13625541414934664,-0.006096616917675834,0.5018461538461538,0.03486610671980212
2025/Day001_Oat,2025,Day001,oat,58.JPG,58,DJI Mavic 3M RGB camera,nadir,nadir,0.9999859307819823,5280,3956,58_depth.tif,True,True,OPENCV,C:\Users\81902\Documents\Codex\2026-09-20\depth-anything-v2-python-uav-rgb\data\uav3dcrop\2025\Day001_Oat\images\58.JPG,C:\Users\81902\Documents\Codex\2026-09-20\depth-anything-v2-python-uav-rgb\data\uav3dcrop_depth\2025\Day001_Oat\58_depth.tif,https://huggingface.co/datasets/Link-Dev/UAV3DCrop/resolve/main/2025/Day001_Oat/images/58.JPG?download=true,https://huggingface.co/datasets/Link-Dev/UAV3DCrop_depth/resolve/main/2025/Day001_Oat_depth/58_depth.tif?download=true,main,relative_scale_shift,8,20000,0.009879296875,0.009993899154663087,0.034780982390673836,0.0005217676162719727,0.2411745318672426,-0.015841637503238862,0.5084102564102564,0.03486610671980212
2025/Day001_Oat,2025,Day001,oat,58.JPG,58,DJI Mavic 3M RGB camera,nadir,nadir,0.9999859307819823,5280,3956,58_depth.tif,True,True,OPENCV,C:\Users\81902\Documents\Codex\2026-09-20\depth-anything-v2-python-uav-rgb\data\uav3dcrop\2025\Day001_Oat\images\58.JPG,C:\Users\81902\Documents\Codex\2026-09-20\depth-anything-v2-python-uav-rgb\data\uav3dcrop_depth\2025\Day001_Oat\58_depth.tif,https://huggingface.co/datasets/Link-Dev/UAV3DCrop/resolve/main/2025/Day001_Oat/images/58.JPG?download=true,https://huggingface.co/datasets/Link-Dev/UAV3DCrop_depth/resolve/main/2025/Day001_Oat_depth/58_depth.tif?download=true,main,metric_raw,16,20000,0.019041015625,0.026370386004447938,0.05670902298897249,0.002652063775062561,0.2242810175664894,0.010793419501653282,0.5013441892618481,0.05367843046841524
2025/Day001_Oat,2025,Day001,oat,58.JPG,58,DJI Mavic 3M RGB camera,nadir,nadir,0.9999859307819823,5280,3956,58_depth.tif,True,True,OPENCV,C:\Users\81902\Documents\Codex\2026-09-20\depth-anything-v2-python-uav-rgb\data\uav3dcrop\2025\Day001_Oat\images\58.JPG,C:\Users\81902\Documents\Codex\2026-09-20\depth-anything-v2-python-uav-rgb\data\uav3dcrop_depth\2025\Day001_Oat\58_depth.tif,https://huggingface.co/datasets/Link-Dev/UAV3DCrop/resolve/main/2025/Day001_Oat/images/58.JPG?download=true,https://huggingface.co/datasets/Link-Dev/UAV3DCrop_depth/resolve/main/2025/Day001_Oat_depth/58_depth.tif?download=true,main,metric_bias_corrected,16,20000,0.019041015625,0.026370389604568483,0.05670902725512597,0.0026520601749420165,0.22428089862556386,0.010793047840412988,0.5013441892618481,0.05367843046841524
2025/Day001_Oat,2025,Day001,oat,58.JPG,58,DJI Mavic 3M RGB camera,nadir,nadir,0.9999859307819823,5280,3956,58_depth.tif,True,True,OPENCV,C:\Users\81902\Documents\Codex\2026-09-20\depth-anything-v2-python-uav-rgb\data\uav3dcrop\2025\Day001_Oat\images\58.JPG,C:\Users\81902\Documents\Codex\2026-09-20\depth-anything-v2-python-uav-rgb\data\uav3dcrop_depth\2025\Day001_Oat\58_depth.tif,https://huggingface.co/datasets/Link-Dev/UAV3DCrop/resolve/main/2025/Day001_Oat/images/58.JPG?download=true,https://huggingface.co/datasets/Link-Dev/UAV3DCrop_depth/resolve/main/2025/Day001_Oat_depth/58_depth.tif?download=true,main,metric_scale_shift,16,20000,0.019041015625,0.01983373908996582,0.05496685562219056,0.001048184871673584,-0.22428107173574777,-0.010792400929243358,0.49857899992318916,0.05367843046841524
2025/Day001_Oat,2025,Day001,oat,58.JPG,58,DJI Mavic 3M RGB camera,nadir,nadir,0.9999859307819823,5280,3956,58_depth.tif,True,True,OPENCV,C:\Users\81902\Documents\Codex\2026-09-20\depth-anything-v2-python-uav-rgb\data\uav3dcrop\2025\Day001_Oat\images\58.JPG,C:\Users\81902\Documents\Codex\2026-09-20\depth-anything-v2-python-uav-rgb\data\uav3dcrop_depth\2025\Day001_Oat\58_depth.tif,https://huggingface.co/datasets/Link-Dev/UAV3DCrop/resolve/main/2025/Day001_Oat/images/58.JPG?download=true,https://huggingface.co/datasets/Link-Dev/UAV3DCrop_depth/resolve/main/2025/Day001_Oat_depth/58_depth.tif?download=true,main,relative_scale_shift,16,20000,0.019041015625,0.01918343162536621,0.05348152394284908,0.00100284423828125,0.2882033547277385,-0.0056869296550828485,0.5133266763960366,0.05367843046841524
2025/Day001_Oat,2025,Day001,oat,58.JPG,58,DJI Mavic 3M RGB camera,nadir,nadir,0.9999859307819823,5280,3956,58_depth.tif,True,True,OPENCV,C:\Users\81902\Documents\Codex\2026-09-20\depth-anything-v2-python-uav-rgb\data\uav3dcrop\2025\Day001_Oat\images\58.JPG,C:\Users\81902\Documents\Codex\2026-09-20\depth-anything-v2-python-uav-rgb\data\uav3dcrop_depth\2025\Day001_Oat\58_depth.tif,https://huggingface.co/datasets/Link-Dev/UAV3DCrop/resolve/main/2025/Day001_Oat/images/58.JPG?download=true,https://huggingface.co/datasets/Link-Dev/UAV3DCrop_depth/resolve/main/2025/Day001_Oat_depth/58_depth.tif?download=true,main,metric_raw,32,20000,0.03370546875,0.04413639512062073,0.08622283751613179,0.005102696371078491,0.2844710880506098,0.05520864196290617,0.5113598946328614,0.07961296293435825
2025/Day001_Oat,2025,Day001,oat,58.JPG,58,DJI Mavic 3M RGB camera,nadir,nadir,0.9999859307819823,5280,3956,58_depth.tif,True,True,OPENCV,C:\Users\81902\Documents\Codex\2026-09-20\depth-anything-v2-python-uav-rgb\data\uav3dcrop\2025\Day001_Oat\images\58.JPG,C:\Users\81902\Documents\Codex\2026-09-20\depth-anything-v2-python-uav-rgb\data\uav3dcrop_depth\2025\Day001_Oat\58_depth.tif,https://huggingface.co/datasets/Link-Dev/UAV3DCrop/resolve/main/2025/Day001_Oat/images/58.JPG?download=true,https://huggingface.co/datasets/Link-Dev/UAV3DCrop_depth/resolve/main/2025/Day001_Oat_depth/58_depth.tif?download=true,main,metric_bias_corrected,32,20000,0.03370546875,0.0441363977432251,0.0862228430181328,0.005102692222595215,0.2844710561300867,0.05520820454548232,0.5113598946328614,0.07961296293435825
2025/Day001_Oat,2025,Day001,oat,58.JPG,58,DJI Mavic 3M RGB camera,nadir,nadir,0.9999859307819823,5280,3956,58_depth.tif,True,True,OPENCV,C:\Users\81902\Documents\Codex\2026-09-20\depth-anything-v2-python-uav-rgb\data\uav3dcrop\2025\Day001_Oat\images\58.JPG,C:\Users\81902\Documents\Codex\2026-09-20\depth-anything-v2-python-uav-rgb\data\uav3dcrop_depth\2025\Day001_Oat\58_depth.tif,https://huggingface.co/datasets/Link-Dev/UAV3DCrop/resolve/main/2025/Day001_Oat/images/58.JPG?download=true,https://huggingface.co/datasets/Link-Dev/UAV3DCrop_depth/resolve/main/2025/Day001_Oat_depth/58_depth.tif?download=true,main,metric_scale_shift,32,20000,0.03370546875,0.0351569176197052,0.08260515292255599,0.001954574251174927,-0.2844709655531229,-0.05520861606644228,0.48864010536713864,0.07961296293435825
2025/Day001_Oat,2025,Day001,oat,58.JPG,58,DJI Mavic 3M RGB camera,nadir,nadir,0.9999859307819823,5280,3956,58_depth.tif,True,True,OPENCV,C:\Users\81902\Documents\Codex\2026-09-20\depth-anything-v2-python-uav-rgb\data\uav3dcrop\2025\Day001_Oat\images\58.JPG,C:\Users\81902\Documents\Codex\2026-09-20\depth-anything-v2-python-uav-rgb\data\uav3dcrop_depth\2025\Day001_Oat\58_depth.tif,https://huggingface.co/datasets/Link-Dev/UAV3DCrop/resolve/main/2025/Day001_Oat/images/58.JPG?download=true,https://huggingface.co/datasets/Link-Dev/UAV3DCrop_depth/resolve/main/2025/Day001_Oat_depth/58_depth.tif?download=true,main,relative_scale_shift,32,20000,0.03370546875,0.033816195154190064,0.07917757406744796,0.0018640753269195556,0.330771116530253,0.04783924189904217,0.5298649983536384,0.07961296293435825
2025/Day001_Oat,2025,Day001,oat,58.JPG,58,DJI Mavic 3M RGB camera,nadir,nadir,0.9999859307819823,5280,3956,58_depth.tif,True,True,OPENCV,C:\Users\81902\Documents\Codex\2026-09-20\depth-anything-v2-python-uav-rgb\data\uav3dcrop\2025\Day001_Oat\images\58.JPG,C:\Users\81902\Documents\Codex\2026-09-20\depth-anything-v2-python-uav-rgb\data\uav3dcrop_depth\2025\Day001_Oat\58_depth.tif,https://huggingface.co/datasets/Link-Dev/UAV3DCrop/resolve/main/2025/Day001_Oat/images/58.JPG?download=true,https://huggingface.co/datasets/Link-Dev/UAV3DCrop_depth/resolve/main/2025/Day001_Oat_depth/58_depth.tif?download=true,main,metric_raw,64,20000,0.053341015625,0.06793496301174164,0.12137676142142423,0.010291488432884216,0.31016933745339303,0.10558980352444679,0.5348492338111716,0.11193296277399697
2025/Day001_Oat,2025,Day001,oat,58.JPG,58,DJI Mavic 3M RGB camera,nadir,nadir,0.9999859307819823,5280,3956,58_depth.tif,True,True,OPENCV,C:\Users\81902\Documents\Codex\2026-09-20\depth-anything-v2-python-uav-rgb\data\uav3dcrop\2025\Day001_Oat\images\58.JPG,C:\Users\81902\Documents\Codex\2026-09-20\depth-anything-v2-python-uav-rgb\data\uav3dcrop_depth\2025\Day001_Oat\58_depth.tif,https://huggingface.co/datasets/Link-Dev/UAV3DCrop/resolve/main/2025/Day001_Oat/images/58.JPG?download=true,https://huggingface.co/datasets/Link-Dev/UAV3DCrop_depth/resolve/main/2025/Day001_Oat_depth/58_depth.tif?download=true,main,metric_bias_corrected,64,20000,0.053341015625,0.06793496103286743,0.12137675923736166,0.010291489696502686,0.3101693772413602,0.10559020772859957,0.5348492338111716,0.11193296277399697
2025/Day001_Oat,2025,Day001,oat,58.JPG,58,DJI Mavic 3M RGB camera,nadir,nadir,0.9999859307819823,5280,3956,58_depth.tif,True,True,OPENCV,C:\Users\81902\Documents\Codex\2026-09-20\depth-anything-v2-python-uav-rgb\data\uav3dcrop\2025\Day001_Oat\images\58.JPG,C:\Users\81902\Documents\Codex\2026-09-20\depth-anything-v2-python-uav-rgb\data\uav3dcrop_depth\2025\Day001_Oat\58_depth.tif,https://huggingface.co/datasets/Link-Dev/UAV3DCrop/resolve/main/2025/Day001_Oat/images/58.JPG?download=true,https://huggingface.co/datasets/Link-Dev/UAV3DCrop_depth/resolve/main/2025/Day001_Oat_depth/58_depth.tif?download=true,main,metric_scale_shift,64,20000,0.053341015625,0.0558158890247345,0.11672164586437626,0.003392211484909058,-0.3101691715557103,-0.10558998822033727,0.46515076618882845,0.11193296277399697
2025/Day001_Oat,2025,Day001,oat,58.JPG,58,DJI Mavic 3M RGB camera,nadir,nadir,0.9999859307819823,5280,3956,58_depth.tif,True,True,OPENCV,C:\Users\81902\Documents\Codex\2026-09-20\depth-anything-v2-python-uav-rgb\data\uav3dcrop\2025\Day001_Oat\images\58.JPG,C:\Users\81902\Documents\Codex\2026-09-20\depth-anything-v2-python-uav-rgb\data\uav3dcrop_depth\2025\Day001_Oat\58_depth.tif,https://huggingface.co/datasets/Link-Dev/UAV3DCrop/resolve/main/2025/Day001_Oat/images/58.JPG?download=true,https://huggingface.co/datasets/Link-Dev/UAV3DCrop_depth/resolve/main/2025/Day001_Oat_depth/58_depth.tif?download=true,main,relative_scale_shift,64,20000,0.053341015625,0.05327336039543152,0.1111840981110334,0.0032832151889801028,0.30859522124472655,0.10563026488312127,0.5686480474542758,0.11193296277399697
2025/Day001_Oat,2025,Day001,oat,58.JPG,58,DJI Mavic 3M RGB camera,nadir,nadir,0.9999859307819823,5280,3956,58_depth.tif,True,True,OPENCV,C:\Users\81902\Documents\Codex\2026-09-20\depth-anything-v2-python-uav-rgb\data\uav3dcrop\2025\Day001_Oat\images\58.JPG,C:\Users\81902\Documents\Codex\2026-09-20\depth-anything-v2-python-uav-rgb\data\uav3dcrop_depth\2025\Day001_Oat\58_depth.tif,https://huggingface.co/datasets/Link-Dev/UAV3DCrop/resolve/main/2025/Day001_Oat/images/58.JPG?download=true,https://huggingface.co/datasets/Link-Dev/UAV3DCrop_depth/resolve/main/2025/Day001_Oat_depth/58_depth.tif?download=true,main,metric_raw,128,20000,0.061314453125,0.09448783903121949,0.1666758651281421,0.024414713525772094,0.26649606145113697,0.07001668930180359,0.5289626270164762,0.128672153986468
2025/Day001_Oat,2025,Day001,oat,58.JPG,58,DJI Mavic 3M RGB camera,nadir,nadir,0.9999859307819823,5280,3956,58_depth.tif,True,True,OPENCV,C:\Users\81902\Documents\Codex\2026-09-20\depth-anything-v2-python-uav-rgb\data\uav3dcrop\2025\Day001_Oat\images\58.JPG,C:\Users\81902\Documents\Codex\2026-09-20\depth-anything-v2-python-uav-rgb\data\uav3dcrop_depth\2025\Day001_Oat\58_depth.tif,https://huggingface.co/datasets/Link-Dev/UAV3DCrop/resolve/main/2025/Day001_Oat/images/58.JPG?download=true,https://huggingface.co/datasets/Link-Dev/UAV3DCrop_depth/resolve/main/2025/Day001_Oat_depth/58_depth.tif?download=true,main,metric_bias_corrected,128,20000,0.061314453125,0.09448784313201904,0.1666758624297507,0.02441471347808838,0.2664960705637846,0.07001653489171566,0.5289626270164762,0.128672153986468
2025/Day001_Oat,2025,Day001,oat,58.JPG,58,DJI Mavic 3M RGB camera,nadir,nadir,0.9999859307819823,5280,3956,58_depth.tif,True,True,OPENCV,C:\Users\81902\Documents\Codex\2026-09-20\depth-anything-v2-python-uav-rgb\data\uav3dcrop\2025\Day001_Oat\images\58.JPG,C:\Users\81902\Documents\Codex\2026-09-20\depth-anything-v2-python-uav-rgb\data\uav3dcrop_depth\2025\Day001_Oat\58_depth.tif,https://huggingface.co/datasets/Link-Dev/UAV3DCrop/resolve/main/2025/Day001_Oat/images/58.JPG?download=true,https://huggingface.co/datasets/Link-Dev/UAV3DCrop_depth/resolve/main/2025/Day001_Oat_depth/58_depth.tif?download=true,main,metric_scale_shift,128,20000,0.061314453125,0.06469198417663574,0.1356980895363232,0.006925700569152832,-0.2664960230348487,-0.07001730857139139,0.4709799644066824,0.128672153986468
2025/Day001_Oat,2025,Day001,oat,58.JPG,58,DJI Mavic 3M RGB camera,nadir,nadir,0.9999859307819823,5280,3956,58_depth.tif,True,True,OPENCV,C:\Users\81902\Documents\Codex\2026-09-20\depth-anything-v2-python-uav-rgb\data\uav3dcrop\2025\Day001_Oat\images\58.JPG,C:\Users\81902\Documents\Codex\2026-09-20\depth-anything-v2-python-uav-rgb\data\uav3dcrop_depth\2025\Day001_Oat\58_depth.tif,https://huggingface.co/datasets/Link-Dev/UAV3DCrop/resolve/main/2025/Day001_Oat/images/58.JPG?download=true,https://huggingface.co/datasets/Link-Dev/UAV3DCrop_depth/resolve/main/2025/Day001_Oat_depth/58_depth.tif?download=true,main,relative_scale_shift,128,20000,0.061314453125,0.06108205943107605,0.12777429598196302,0.007246672582626343,0.24019516315203224,0.06769554897396099,0.5737987255295941,0.128672153986468
2025/Day001_Oat,2025,Day001,oat,87.JPG,87,DJI Mavic 3M RGB camera,nadir,nadir,0.9999919169704282,5280,3956,87_depth.tif,True,True,OPENCV,C:\Users\81902\Documents\Codex\2026-09-20\depth-anything-v2-python-uav-rgb\data\uav3dcrop\2025\Day001_Oat\images\87.JPG,C:\Users\81902\Documents\Codex\2026-09-20\depth-anything-v2-python-uav-rgb\data\uav3dcrop_depth\2025\Day001_Oat\87_depth.tif,https://huggingface.co/datasets/Link-Dev/UAV3DCrop/resolve/main/2025/Day001_Oat/images/87.JPG?download=true,https://huggingface.co/datasets/Link-Dev/UAV3DCrop_depth/resolve/main/2025/Day001_Oat_depth/87_depth.tif?download=true,main,metric_raw,8,20000,0.012522265625,0.015384622931480407,0.04071534193754349,0.0005950883150100708,0.0360030841628958,0.008517430117717493,0.49977274793200616,0.04006389647336692
2025/Day001_Oat,2025,Day001,oat,87.JPG,87,DJI Mavic 3M RGB camera,nadir,nadir,0.9999919169704282,5280,3956,87_depth.tif,True,True,OPENCV,C:\Users\81902\Documents\Codex\2026-09-20\depth-anything-v2-python-uav-rgb\data\uav3dcrop\2025\Day001_Oat\images\87.JPG,C:\Users\81902\Documents\Codex\2026-09-20\depth-anything-v2-python-uav-rgb\data\uav3dcrop_depth\2025\Day001_Oat\87_depth.tif,https://huggingface.co/datasets/Link-Dev/UAV3DCrop/resolve/main/2025/Day001_Oat/images/87.JPG?download=true,https://huggingface.co/datasets/Link-Dev/UAV3DCrop_depth/resolve/main/2025/Day001_Oat_depth/87_depth.tif?download=true,main,metric_bias_corrected,8,20000,0.012522265625,0.015384622240066528,0.04071534982222972,0.0005950907230377197,0.036002212297132734,0.00851730322826572,0.49977274793200616,0.04006389647336692
2025/Day001_Oat,2025,Day001,oat,87.JPG,87,DJI Mavic 3M RGB camera,nadir,nadir,0.9999919169704282,5280,3956,87_depth.tif,True,True,OPENCV,C:\Users\81902\Documents\Codex\2026-09-20\depth-anything-v2-python-uav-rgb\data\uav3dcrop\2025\Day001_Oat\images\87.JPG,C:\Users\81902\Documents\Codex\2026-09-20\depth-anything-v2-python-uav-rgb\data\uav3dcrop_depth\2025\Day001_Oat\87_depth.tif,https://huggingface.co/datasets/Link-Dev/UAV3DCrop/resolve/main/2025/Day001_Oat/images/87.JPG?download=true,https://huggingface.co/datasets/Link-Dev/UAV3DCrop_depth/resolve/main/2025/Day001_Oat_depth/87_depth.tif?download=true,main,metric_scale_shift,8,20000,0.012522265625,0.012601129627227783,0.04006202724202608,0.0007874195098876954,0.03600813240602491,0.00851571567547975,0.4991364421416235,0.04006389647336692
2025/Day001_Oat,2025,Day001,oat,87.JPG,87,DJI Mavic 3M RGB camera,nadir,nadir,0.9999919169704282,5280,3956,87_depth.tif,True,True,OPENCV,C:\Users\81902\Documents\Codex\2026-09-20\depth-anything-v2-python-uav-rgb\data\uav3dcrop\2025\Day001_Oat\images\87.JPG,C:\Users\81902\Documents\Codex\2026-09-20\depth-anything-v2-python-uav-rgb\data\uav3dcrop_depth\2025\Day001_Oat\87_depth.tif,https://huggingface.co/datasets/Link-Dev/UAV3DCrop/resolve/main/2025/Day001_Oat/images/87.JPG?download=true,https://huggingface.co/datasets/Link-Dev/UAV3DCrop_depth/resolve/main/2025/Day001_Oat_depth/87_depth.tif?download=true,main,relative_scale_shift,8,20000,0.012522265625,0.012826792001724242,0.03971345483814639,0.0001749727725982666,0.2523158840986369,0.07628548068601713,0.5594036905735842,0.04006389647336692
2025/Day001_Oat,2025,Day001,oat,87.JPG,87,DJI Mavic 3M RGB camera,nadir,nadir,0.9999919169704282,5280,3956,87_depth.tif,True,True,OPENCV,C:\Users\81902\Documents\Codex\2026-09-20\depth-anything-v2-python-uav-rgb\data\uav3dcrop\2025\Day001_Oat\images\87.JPG,C:\Users\81902\Documents\Codex\2026-09-20\depth-anything-v2-python-uav-rgb\data\uav3dcrop_depth\2025\Day001_Oat\87_depth.tif,https://huggingface.co/datasets/Link-Dev/UAV3DCrop/resolve/main/2025/Day001_Oat/images/87.JPG?download=true,https://huggingface.co/datasets/Link-Dev/UAV3DCrop_depth/resolve/main/2025/Day001_Oat_depth/87_depth.tif?download=true,main,metric_raw,16,20000,0.024683984375,0.028874311351776122,0.06390442709043839,0.0010744391441345215,0.036034928810373325,0.004592702059500816,0.504988325196349,0.06285348057665037
2025/Day001_Oat,2025,Day001,oat,87.JPG,87,DJI Mavic 3M RGB camera,nadir,nadir,0.9999919169704282,5280,3956,87_depth.tif,True,True,OPENCV,C:\Users\81902\Documents\Codex\2026-09-20\depth-anything-v2-python-uav-rgb\data\uav3dcrop\2025\Day001_Oat\images\87.JPG,C:\Users\81902\Documents\Codex\2026-09-20\depth-anything-v2-python-uav-rgb\data\uav3dcrop_depth\2025\Day001_Oat\87_depth.tif,https://huggingface.co/datasets/Link-Dev/UAV3DCrop/resolve/main/2025/Day001_Oat/images/87.JPG?download=true,https://huggingface.co/datasets/Link-Dev/UAV3DCrop_depth/resolve/main/2025/Day001_Oat_depth/87_depth.tif?download=true,main,metric_bias_corrected,16,20000,0.024683984375,0.02887430877685547,0.06390442837827656,0.0010744422912597655,0.03603492444103868,0.004591795598137178,0.504988325196349,0.06285348057665037
2025/Day001_Oat,2025,Day001,oat,87.JPG,87,DJI Mavic 3M RGB camera,nadir,nadir,0.9999919169704282,5280,3956,87_depth.tif,True,True,OPENCV,C:\Users\81902\Documents\Codex\2026-09-20\depth-anything-v2-python-uav-rgb\data\uav3dcrop\2025\Day001_Oat\images\87.JPG,C:\Users\81902\Documents\Codex\2026-09-20\depth-anything-v2-python-uav-rgb\data\uav3dcrop_depth\2025\Day001_Oat\87_depth.tif,https://huggingface.co/datasets/Link-Dev/UAV3DCrop/resolve/main/2025/Day001_Oat/images/87.JPG?download=true,https://huggingface.co/datasets/Link-Dev/UAV3DCrop_depth/resolve/main/2025/Day001_Oat_depth/87_depth.tif?download=true,main,metric_scale_shift,16,20000,0.024683984375,0.024772373723983766,0.06286008378727719,0.001656620740890503,0.03603419255189312,0.0045907559990360095,0.5045637868817661,0.06285348057665037
2025/Day001_Oat,2025,Day001,oat,87.JPG,87,DJI Mavic 3M RGB camera,nadir,nadir,0.9999919169704282,5280,3956,87_depth.tif,True,True,OPENCV,C:\Users\81902\Documents\Codex\2026-09-20\depth-anything-v2-python-uav-rgb\data\uav3dcrop\2025\Day001_Oat\images\87.JPG,C:\Users\81902\Documents\Codex\2026-09-20\depth-anything-v2-python-uav-rgb\data\uav3dcrop_depth\2025\Day001_Oat\87_depth.tif,https://huggingface.co/datasets/Link-Dev/UAV3DCrop/resolve/main/2025/Day001_Oat/images/87.JPG?download=true,https://huggingface.co/datasets/Link-Dev/UAV3DCrop_depth/resolve/main/2025/Day001_Oat_depth/87_depth.tif?download=true,main,relative_scale_shift,16,20000,0.024683984375,0.0248696656703949,0.06191674732206126,0.000425087308883667,0.3353881916921212,0.09510477310919435,0.5526781292011604,0.06285348057665037
2025/Day001_Oat,2025,Day001,oat,87.JPG,87,DJI Mavic 3M RGB camera,nadir,nadir,0.9999919169704282,5280,3956,87_depth.tif,True,True,OPENCV,C:\Users\81902\Documents\Codex\2026-09-20\depth-anything-v2-python-uav-rgb\data\uav3dcrop\2025\Day001_Oat\images\87.JPG,C:\Users\81902\Documents\Codex\2026-09-20\depth-anything-v2-python-uav-rgb\data\uav3dcrop_depth\2025\Day001_Oat\87_depth.tif,https://huggingface.co/datasets/Link-Dev/UAV3DCrop/resolve/main/2025/Day001_Oat/images/87.JPG?download=true,https://huggingface.co/datasets/Link-Dev/UAV3DCrop_depth/resolve/main/2025/Day001_Oat_depth/87_depth.tif?download=true,main,metric_raw,32,20000,0.043545703125,0.050018124389648436,0.09295016061622804,0.001442300510406494,0.052954685575333685,0.013813871133035557,0.504826314171534,0.09102444664111956
2025/Day001_Oat,2025,Day001,oat,87.JPG,87,DJI Mavic 3M RGB camera,nadir,nadir,0.9999919169704282,5280,3956,87_depth.tif,True,True,OPENCV,C:\Users\81902\Documents\Codex\2026-09-20\depth-anything-v2-python-uav-rgb\data\uav3dcrop\2025\Day001_Oat\images\87.JPG,C:\Users\81902\Documents\Codex\2026-09-20\depth-anything-v2-python-uav-rgb\data\uav3dcrop_depth\2025\Day001_Oat\87_depth.tif,https://huggingface.co/datasets/Link-Dev/UAV3DCrop/resolve/main/2025/Day001_Oat/images/87.JPG?download=true,https://huggingface.co/datasets/Link-Dev/UAV3DCrop_depth/resolve/main/2025/Day001_Oat_depth/87_depth.tif?download=true,main,metric_bias_corrected,32,20000,0.043545703125,0.05001811947822571,0.09295015444621776,0.001442302942276001,0.052954933622556856,0.01381422985138565,0.504826314171534,0.09102444664111956
2025/Day001_Oat,2025,Day001,oat,87.JPG,87,DJI Mavic 3M RGB camera,nadir,nadir,0.9999919169704282,5280,3956,87_depth.tif,True,True,OPENCV,C:\Users\81902\Documents\Codex\2026-09-20\depth-anything-v2-python-uav-rgb\data\uav3dcrop\2025\Day001_Oat\images\87.JPG,C:\Users\81902\Documents\Codex\2026-09-20\depth-anything-v2-python-uav-rgb\data\uav3dcrop_depth\2025\Day001_Oat\87_depth.tif,https://huggingface.co/datasets/Link-Dev/UAV3DCrop/resolve/main/2025/Day001_Oat/images/87.JPG?download=true,https://huggingface.co/datasets/Link-Dev/UAV3DCrop_depth/resolve/main/2025/Day001_Oat_depth/87_depth.tif?download=true,main,metric_scale_shift,32,20000,0.043545703125,0.043631083917617795,0.09101695877669136,0.0024171268939971926,0.05295633573732203,0.013821635213029482,0.5046418690439595,0.09102444664111956
2025/Day001_Oat,2025,Day001,oat,87.JPG,87,DJI Mavic 3M RGB camera,nadir,nadir,0.9999919169704282,5280,3956,87_depth.tif,True,True,OPENCV,C:\Users\81902\Documents\Codex\2026-09-20\depth-anything-v2-python-uav-rgb\data\uav3dcrop\2025\Day001_Oat\images\87.JPG,C:\Users\81902\Documents\Codex\2026-09-20\depth-anything-v2-python-uav-rgb\data\uav3dcrop_depth\2025\Day001_Oat\87_depth.tif,https://huggingface.co/datasets/Link-Dev/UAV3DCrop/resolve/main/2025/Day001_Oat/images/87.JPG?download=true,https://huggingface.co/datasets/Link-Dev/UAV3DCrop_depth/resolve/main/2025/Day001_Oat_depth/87_depth.tif?download=true,main,relative_scale_shift,32,20000,0.043545703125,0.04334973640441894,0.08901782640665547,1.3265132904052734e-05,0.381798133499971,0.14636867244619428,0.5670458038733477,0.09102444664111956
2025/Day001_Oat,2025,Day001,oat,87.JPG,87,DJI Mavic 3M RGB camera,nadir,nadir,0.9999919169704282,5280,3956,87_depth.tif,True,True,OPENCV,C:\Users\81902\Documents\Codex\2026-09-20\depth-anything-v2-python-uav-rgb\data\uav3dcrop\2025\Day001_Oat\images\87.JPG,C:\Users\81902\Documents\Codex\2026-09-20\depth-anything-v2-python-uav-rgb\data\uav3dcrop_depth\2025\Day001_Oat\87_depth.tif,https://huggingface.co/datasets/Link-Dev/UAV3DCrop/resolve/main/2025/Day001_Oat/images/87.JPG?download=true,https://huggingface.co/datasets/Link-Dev/UAV3DCrop_depth/resolve/main/2025/Day001_Oat_depth/87_depth.tif?download=true,main,metric_raw,64,20000,0.071612890625,0.08164206819534302,0.1343026760433672,0.0026168359756469726,0.051245658219271746,0.03127145895392493,0.5222539812168232,0.12963553750919007
2025/Day001_Oat,2025,Day001,oat,87.JPG,87,DJI Mavic 3M RGB camera,nadir,nadir,0.9999919169704282,5280,3956,87_depth.tif,True,True,OPENCV,C:\Users\81902\Documents\Codex\2026-09-20\depth-anything-v2-python-uav-rgb\data\uav3dcrop\2025\Day001_Oat\images\87.JPG,C:\Users\81902\Documents\Codex\2026-09-20\depth-anything-v2-python-uav-rgb\data\uav3dcrop_depth\2025\Day001_Oat\87_depth.tif,https://huggingface.co/datasets/Link-Dev/UAV3DCrop/resolve/main/2025/Day001_Oat/images/87.JPG?download=true,https://huggingface.co/datasets/Link-Dev/UAV3DCrop_depth/resolve/main/2025/Day001_Oat_depth/87_depth.tif?download=true,main,metric_bias_corrected,64,20000,0.071612890625,0.08164206709861756,0.13430267653466418,0.00261683554649353,0.05124564865370082,0.03127141642454775,0.5222539812168232,0.12963553750919007
2025/Day001_Oat,2025,Day001,oat,87.JPG,87,DJI Mavic 3M RGB camera,nadir,nadir,0.9999919169704282,5280,3956,87_depth.tif,True,True,OPENCV,C:\Users\81902\Documents\Codex\2026-09-20\depth-anything-v2-python-uav-rgb\data\uav3dcrop\2025\Day001_Oat\images\87.JPG,C:\Users\81902\Documents\Codex\2026-09-20\depth-anything-v2-python-uav-rgb\data\uav3dcrop_depth\2025\Day001_Oat\87_depth.tif,https://huggingface.co/datasets/Link-Dev/UAV3DCrop/resolve/main/2025/Day001_Oat/images/87.JPG?download=true,https://huggingface.co/datasets/Link-Dev/UAV3DCrop_depth/resolve/main/2025/Day001_Oat_depth/87_depth.tif?download=true,main,metric_scale_shift,64,20000,0.071612890625,0.07167396264076233,0.12966629828165363,0.004989398050308227,0.05124515110054586,0.031271917344242,0.5220789826751444,0.12963553750919007
2025/Day001_Oat,2025,Day001,oat,87.JPG,87,DJI Mavic 3M RGB camera,nadir,nadir,0.9999919169704282,5280,3956,87_depth.tif,True,True,OPENCV,C:\Users\81902\Documents\Codex\2026-09-20\depth-anything-v2-python-uav-rgb\data\uav3dcrop\2025\Day001_Oat\images\87.JPG,C:\Users\81902\Documents\Codex\2026-09-20\depth-anything-v2-python-uav-rgb\data\uav3dcrop_depth\2025\Day001_Oat\87_depth.tif,https://huggingface.co/datasets/Link-Dev/UAV3DCrop/resolve/main/2025/Day001_Oat/images/87.JPG?download=true,https://huggingface.co/datasets/Link-Dev/UAV3DCrop_depth/resolve/main/2025/Day001_Oat_depth/87_depth.tif?download=true,main,relative_scale_shift,64,20000,0.071612890625,0.07061054949760437,0.12515859013553388,0.00013603014945983886,0.45083778033754296,0.23109650180825952,0.597386688444263,0.12963553750919007
2025/Day001_Oat,2025,Day001,oat,87.JPG,87,DJI Mavic 3M RGB camera,nadir,nadir,0.9999919169704282,5280,3956,87_depth.tif,True,True,OPENCV,C:\Users\81902\Documents\Codex\2026-09-20\depth-anything-v2-python-uav-rgb\data\uav3dcrop\2025\Day001_Oat\images\87.JPG,C:\Users\81902\Documents\Codex\2026-09-20\depth-anything-v2-python-uav-rgb\data\uav3dcrop_depth\2025\Day001_Oat\87_depth.tif,https://huggingface.co/datasets/Link-Dev/UAV3DCrop/resolve/main/2025/Day001_Oat/images/87.JPG?download=true,https://huggingface.co/datasets/Link-Dev/UAV3DCrop_depth/resolve/main/2025/Day001_Oat_depth/87_depth.tif?download=true,main,metric_raw,128,20000,0.091625390625,0.10995469617843628,0.17027394090355252,0.008498087167739869,0.028805066049141168,0.014820156932953571,0.5266611064776202,0.15944614248505054
2025/Day001_Oat,2025,Day001,oat,87.JPG,87,DJI Mavic 3M RGB camera,nadir,nadir,0.9999919169704282,5280,3956,87_depth.tif,True,True,OPENCV,C:\Users\81902\Documents\Codex\2026-09-20\depth-anything-v2-python-uav-rgb\data\uav3dcrop\2025\Day001_Oat\images\87.JPG,C:\Users\81902\Documents\Codex\2026-09-20\depth-anything-v2-python-uav-rgb\data\uav3dcrop_depth\2025\Day001_Oat\87_depth.tif,https://huggingface.co/datasets/Link-Dev/UAV3DCrop/resolve/main/2025/Day001_Oat/images/87.JPG?download=true,https://huggingface.co/datasets/Link-Dev/UAV3DCrop_depth/resolve/main/2025/Day001_Oat_depth/87_depth.tif?download=true,main,metric_bias_corrected,128,20000,0.091625390625,0.1099546893119812,0.17027393756260767,0.008498091411590577,0.028805109418662517,0.014820480697112863,0.5266611064776202,0.15944614248505054
2025/Day001_Oat,2025,Day001,oat,87.JPG,87,DJI Mavic 3M RGB camera,nadir,nadir,0.9999919169704282,5280,3956,87_depth.tif,True,True,OPENCV,C:\Users\81902\Documents\Codex\2026-09-20\depth-anything-v2-python-uav-rgb\data\uav3dcrop\2025\Day001_Oat\images\87.JPG,C:\Users\81902\Documents\Codex\2026-09-20\depth-anything-v2-python-uav-rgb\data\uav3dcrop_depth\2025\Day001_Oat\87_depth.tif,https://huggingface.co/datasets/Link-Dev/UAV3DCrop/resolve/main/2025/Day001_Oat/images/87.JPG?download=true,https://huggingface.co/datasets/Link-Dev/UAV3DCrop_depth/resolve/main/2025/Day001_Oat_depth/87_depth.tif?download=true,main,metric_scale_shift,128,20000,0.091625390625,0.09166339921951294,0.15986860075797277,0.012249821090698242,0.02880517078950374,0.014819132165923317,0.5266055045871559,0.15944614248505054
2025/Day001_Oat,2025,Day001,oat,87.JPG,87,DJI Mavic 3M RGB camera,nadir,nadir,0.9999919169704282,5280,3956,87_depth.tif,True,True,OPENCV,C:\Users\81902\Documents\Codex\2026-09-20\depth-anything-v2-python-uav-rgb\data\uav3dcrop\2025\Day001_Oat\images\87.JPG,C:\Users\81902\Documents\Codex\2026-09-20\depth-anything-v2-python-uav-rgb\data\uav3dcrop_depth\2025\Day001_Oat\87_depth.tif,https://huggingface.co/datasets/Link-Dev/UAV3DCrop/resolve/main/2025/Day001_Oat/images/87.JPG?download=true,https://huggingface.co/datasets/Link-Dev/UAV3DCrop_depth/resolve/main/2025/Day001_Oat_depth/87_depth.tif?download=true,main,relative_scale_shift,128,20000,0.091625390625,0.08985052151679992,0.15113761316210128,0.002220330190658569,0.4902816744541178,0.2738849808354921,0.6086182930219628,0.15944614248505054
2025/Day001_Oat,2025,Day001,oat,358.JPG,358,DJI Mavic 3M RGB camera,nadir,nadir,0.9999615547999979,5280,3956,358_depth.tif,True,True,OPENCV,C:\Users\81902\Documents\Codex\2026-09-20\depth-anything-v2-python-uav-rgb\data\uav3dcrop\2025\Day001_Oat\images\358.JPG,C:\Users\81902\Documents\Codex\2026-09-20\depth-anything-v2-python-uav-rgb\data\uav3dcrop_depth\2025\Day001_Oat\358_depth.tif,https://huggingface.co/datasets/Link-Dev/UAV3DCrop/resolve/main/2025/Day001_Oat/images/358.JPG?download=true,https://huggingface.co/datasets/Link-Dev/UAV3DCrop_depth/resolve/main/2025/Day001_Oat_depth/358_depth.tif?download=true,main,metric_raw,8,20000,0.00821015625,0.012705905938148498,0.0358980696749973,0.00015213053226470946,0.06435053578004721,-0.008218840767080434,0.4789186783846924,0.03489719261967036
2025/Day001_Oat,2025,Day001,oat,358.JPG,358,DJI Mavic 3M RGB camera,nadir,nadir,0.9999615547999979,5280,3956,358_depth.tif,True,True,OPENCV,C:\Users\81902\Documents\Codex\2026-09-20\depth-anything-v2-python-uav-rgb\data\uav3dcrop\2025\Day001_Oat\images\358.JPG,C:\Users\81902\Documents\Codex\2026-09-20\depth-anything-v2-python-uav-rgb\data\uav3dcrop_depth\2025\Day001_Oat\358_depth.tif,https://huggingface.co/datasets/Link-Dev/UAV3DCrop/resolve/main/2025/Day001_Oat/images/358.JPG?download=true,https://huggingface.co/datasets/Link-Dev/UAV3DCrop_depth/resolve/main/2025/Day001_Oat_depth/358_depth.tif?download=true,main,metric_bias_corrected,8,20000,0.00821015625,0.01270590763092041,0.03589807053427642,0.00015213270187377928,0.06435047722602805,-0.008218708837339014,0.4789186783846924,0.03489719261967036
2025/Day001_Oat,2025,Day001,oat,358.JPG,358,DJI Mavic 3M RGB camera,nadir,nadir,0.9999615547999979,5280,3956,358_depth.tif,True,True,OPENCV,C:\Users\81902\Documents\Codex\2026-09-20\depth-anything-v2-python-uav-rgb\data\uav3dcrop\2025\Day001_Oat\images\358.JPG,C:\Users\81902\Documents\Codex\2026-09-20\depth-anything-v2-python-uav-rgb\data\uav3dcrop_depth\2025\Day001_Oat\358_depth.tif,https://huggingface.co/datasets/Link-Dev/UAV3DCrop/resolve/main/2025/Day001_Oat/images/358.JPG?download=true,https://huggingface.co/datasets/Link-Dev/UAV3DCrop_depth/resolve/main/2025/Day001_Oat_depth/358_depth.tif?download=true,main,metric_scale_shift,8,20000,0.00821015625,0.008466953277587891,0.034855521023859,9.503993988037109e-05,0.06435293853231122,-0.008210643212483796,0.4786961842251641,0.03489719261967036
2025/Day001_Oat,2025,Day001,oat,358.JPG,358,DJI Mavic 3M RGB camera,nadir,nadir,0.9999615547999979,5280,3956,358_depth.tif,True,True,OPENCV,C:\Users\81902\Documents\Codex\2026-09-20\depth-anything-v2-python-uav-rgb\data\uav3dcrop\2025\Day001_Oat\images\358.JPG,C:\Users\81902\Documents\Codex\2026-09-20\depth-anything-v2-python-uav-rgb\data\uav3dcrop_depth\2025\Day001_Oat\358_depth.tif,https://huggingface.co/datasets/Link-Dev/UAV3DCrop/resolve/main/2025/Day001_Oat/images/358.JPG?download=true,https://huggingface.co/datasets/Link-Dev/UAV3DCrop_depth/resolve/main/2025/Day001_Oat_depth/358_depth.tif?download=true,main,relative_scale_shift,8,20000,0.00821015625,0.008520932769775391,0.034146965995389016,0.00019560699462890625,0.24803613573661404,0.0852720134344255,0.5324285237512515,0.03489719261967036
2025/Day001_Oat,2025,Day001,oat,358.JPG,358,DJI Mavic 3M RGB camera,nadir,nadir,0.9999615547999979,5280,3956,358_depth.tif,True,True,OPENCV,C:\Users\81902\Documents\Codex\2026-09-20\depth-anything-v2-python-uav-rgb\data\uav3dcrop\2025\Day001_Oat\images\358.JPG,C:\Users\81902\Documents\Codex\2026-09-20\depth-anything-v2-python-uav-rgb\data\uav3dcrop_depth\2025\Day001_Oat\358_depth.tif,https://huggingface.co/datasets/Link-Dev/UAV3DCrop/resolve/main/2025/Day001_Oat/images/358.JPG?download=true,https://huggingface.co/datasets/Link-Dev/UAV3DCrop_depth/resolve/main/2025/Day001_Oat_depth/358_depth.tif?download=true,main,metric_raw,16,20000,0.014928515625,0.022300133204460143,0.051107771310129155,0.0002108271360397339,0.06788462195832834,-0.03005765089333254,0.47304810248972684,0.04900028959071941
2025/Day001_Oat,2025,Day001,oat,358.JPG,358,DJI Mavic 3M RGB camera,nadir,nadir,0.9999615547999979,5280,3956,358_depth.tif,True,True,OPENCV,C:\Users\81902\Documents\Codex\2026-09-20\depth-anything-v2-python-uav-rgb\data\uav3dcrop\2025\Day001_Oat\images\358.JPG,C:\Users\81902\Documents\Codex\2026-09-20\depth-anything-v2-python-uav-rgb\data\uav3dcrop_depth\2025\Day001_Oat\358_depth.tif,https://huggingface.co/datasets/Link-Dev/UAV3DCrop/resolve/main/2025/Day001_Oat/images/358.JPG?download=true,https://huggingface.co/datasets/Link-Dev/UAV3DCrop_depth/resolve/main/2025/Day001_Oat_depth/358_depth.tif?download=true,main,metric_bias_corrected,16,20000,0.014928515625,0.022300132751464842,0.05110776714612516,0.00021082067489624023,0.06788487050382075,-0.03005684877706554,0.47296752880509224,0.04900028959071941
2025/Day001_Oat,2025,Day001,oat,358.JPG,358,DJI Mavic 3M RGB camera,nadir,nadir,0.9999615547999979,5280,3956,358_depth.tif,True,True,OPENCV,C:\Users\81902\Documents\Codex\2026-09-20\depth-anything-v2-python-uav-rgb\data\uav3dcrop\2025\Day001_Oat\images\358.JPG,C:\Users\81902\Documents\Codex\2026-09-20\depth-anything-v2-python-uav-rgb\data\uav3dcrop_depth\2025\Day001_Oat\358_depth.tif,https://huggingface.co/datasets/Link-Dev/UAV3DCrop/resolve/main/2025/Day001_Oat/images/358.JPG?download=true,https://huggingface.co/datasets/Link-Dev/UAV3DCrop_depth/resolve/main/2025/Day001_Oat_depth/358_depth.tif?download=true,main,metric_scale_shift,16,20000,0.014928515625,0.015266767978668213,0.0489290494771055,0.00014095754623413086,0.06788468451498214,-0.030055691240821962,0.47288695512045764,0.04900028959071941
2025/Day001_Oat,2025,Day001,oat,358.JPG,358,DJI Mavic 3M RGB camera,nadir,nadir,0.9999615547999979,5280,3956,358_depth.tif,True,True,OPENCV,C:\Users\81902\Documents\Codex\2026-09-20\depth-anything-v2-python-uav-rgb\data\uav3dcrop\2025\Day001_Oat\images\358.JPG,C:\Users\81902\Documents\Codex\2026-09-20\depth-anything-v2-python-uav-rgb\data\uav3dcrop_depth\2025\Day001_Oat\358_depth.tif,https://huggingface.co/datasets/Link-Dev/UAV3DCrop/resolve/main/2025/Day001_Oat/images/358.JPG?download=true,https://huggingface.co/datasets/Link-Dev/UAV3DCrop_depth/resolve/main/2025/Day001_Oat_depth/358_depth.tif?download=true,main,relative_scale_shift,16,20000,0.014928515625,0.01522878270149231,0.0472925169776573,0.00025922303199768065,0.29336577494084265,0.08269016518983754,0.5167190395616792,0.04900028959071941
2025/Day001_Oat,2025,Day001,oat,358.JPG,358,DJI Mavic 3M RGB camera,nadir,nadir,0.9999615547999979,5280,3956,358_depth.tif,True,True,OPENCV,C:\Users\81902\Documents\Codex\2026-09-20\depth-anything-v2-python-uav-rgb\data\uav3dcrop\2025\Day001_Oat\images\358.JPG,C:\Users\81902\Documents\Codex\2026-09-20\depth-anything-v2-python-uav-rgb\data\uav3dcrop_depth\2025\Day001_Oat\358_depth.tif,https://huggingface.co/datasets/Link-Dev/UAV3DCrop/resolve/main/2025/Day001_Oat/images/358.JPG?download=true,https://huggingface.co/datasets/Link-Dev/UAV3DCrop_depth/resolve/main/2025/Day001_Oat_depth/358_depth.tif?download=true,main,metric_raw,32,20000,0.027618359375,0.0389988183259964,0.07621663995795806,0.0008660711526870728,0.11738416765784761,-0.015837987067231444,0.4764911337990328,0.07367086008774511
2025/Day001_Oat,2025,Day001,oat,358.JPG,358,DJI Mavic 3M RGB camera,nadir,nadir,0.9999615547999979,5280,3956,358_depth.tif,True,True,OPENCV,C:\Users\81902\Documents\Codex\2026-09-20\depth-anything-v2-python-uav-rgb\data\uav3dcrop\2025\Day001_Oat\images\358.JPG,C:\Users\81902\Documents\Codex\2026-09-20\depth-anything-v2-python-uav-rgb\data\uav3dcrop_depth\2025\Day001_Oat\358_depth.tif,https://huggingface.co/datasets/Link-Dev/UAV3DCrop/resolve/main/2025/Day001_Oat/images/358.JPG?download=true,https://huggingface.co/datasets/Link-Dev/UAV3DCrop_depth/resolve/main/2025/Day001_Oat_depth/358_depth.tif?download=true,main,metric_bias_corrected,32,20000,0.027618359375,0.03899881725311279,0.0762166416820349,0.0008660717010498047,0.11738411247919193,-0.015838251718835406,0.4764911337990328,0.07367086008774511
2025/Day001_Oat,2025,Day001,oat,358.JPG,358,DJI Mavic 3M RGB camera,nadir,nadir,0.9999615547999979,5280,3956,358_depth.tif,True,True,OPENCV,C:\Users\81902\Documents\Codex\2026-09-20\depth-anything-v2-python-uav-rgb\data\uav3dcrop\2025\Day001_Oat\images\358.JPG,C:\Users\81902\Documents\Codex\2026-09-20\depth-anything-v2-python-uav-rgb\data\uav3dcrop_depth\2025\Day001_Oat\358_depth.tif,https://huggingface.co/datasets/Link-Dev/UAV3DCrop/resolve/main/2025/Day001_Oat/images/358.JPG?download=true,https://huggingface.co/datasets/Link-Dev/UAV3DCrop_depth/resolve/main/2025/Day001_Oat_depth/358_depth.tif?download=true,main,metric_scale_shift,32,20000,0.027618359375,0.02798408727645874,0.07345243913391443,0.0006985148429870606,0.11737993321302669,-0.015841155303136636,0.47635679742074155,0.07367086008774511
2025/Day001_Oat,2025,Day001,oat,358.JPG,358,DJI Mavic 3M RGB camera,nadir,nadir,0.9999615547999979,5280,3956,358_depth.tif,True,True,OPENCV,C:\Users\81902\Documents\Codex\2026-09-20\depth-anything-v2-python-uav-rgb\data\uav3dcrop\2025\Day001_Oat\images\358.JPG,C:\Users\81902\Documents\Codex\2026-09-20\depth-anything-v2-python-uav-rgb\data\uav3dcrop_depth\2025\Day001_Oat\358_depth.tif,https://huggingface.co/datasets/Link-Dev/UAV3DCrop/resolve/main/2025/Day001_Oat/images/358.JPG?download=true,https://huggingface.co/datasets/Link-Dev/UAV3DCrop_depth/resolve/main/2025/Day001_Oat_depth/358_depth.tif?download=true,main,relative_scale_shift,32,20000,0.027618359375,0.027235886526107787,0.06903751923755908,0.0011484887599945068,0.4009067498574186,0.1126208950061445,0.527807630306287,0.07367086008774511
2025/Day001_Oat,2025,Day001,oat,358.JPG,358,DJI Mavic 3M RGB camera,nadir,nadir,0.9999615547999979,5280,3956,358_depth.tif,True,True,OPENCV,C:\Users\81902\Documents\Codex\2026-09-20\depth-anything-v2-python-uav-rgb\data\uav3dcrop\2025\Day001_Oat\images\358.JPG,C:\Users\81902\Documents\Codex\2026-09-20\depth-anything-v2-python-uav-rgb\data\uav3dcrop_depth\2025\Day001_Oat\358_depth.tif,https://huggingface.co/datasets/Link-Dev/UAV3DCrop/resolve/main/2025/Day001_Oat/images/358.JPG?download=true,https://huggingface.co/datasets/Link-Dev/UAV3DCrop_depth/resolve/main/2025/Day001_Oat_depth/358_depth.tif?download=true,main,metric_raw,64,20000,0.046026953125,0.06392496387958527,0.11061687518374348,0.0024214080572128294,0.1491612633435325,-0.011767096628659808,0.47650518401746195,0.10691239628585518
2025/Day001_Oat,2025,Day001,oat,358.JPG,358,DJI Mavic 3M RGB camera,nadir,nadir,0.9999615547999979,5280,3956,358_depth.tif,True,True,OPENCV,C:\Users\81902\Documents\Codex\2026-09-20\depth-anything-v2-python-uav-rgb\data\uav3dcrop\2025\Day001_Oat\images\358.JPG,C:\Users\81902\Documents\Codex\2026-09-20\depth-anything-v2-python-uav-rgb\data\uav3dcrop_depth\2025\Day001_Oat\358_depth.tif,https://huggingface.co/datasets/Link-Dev/UAV3DCrop/resolve/main/2025/Day001_Oat/images/358.JPG?download=true,https://huggingface.co/datasets/Link-Dev/UAV3DCrop_depth/resolve/main/2025/Day001_Oat_depth/358_depth.tif?download=true,main,metric_bias_corrected,64,20000,0.046026953125,0.06392496361732483,0.11061687842752707,0.0024214114665985107,0.14916118638334933,-0.011766769555932921,0.47650518401746195,0.10691239628585518
2025/Day001_Oat,2025,Day001,oat,358.JPG,358,DJI Mavic 3M RGB camera,nadir,nadir,0.9999615547999979,5280,3956,358_depth.tif,True,True,OPENCV,C:\Users\81902\Documents\Codex\2026-09-20\depth-anything-v2-python-uav-rgb\data\uav3dcrop\2025\Day001_Oat\images\358.JPG,C:\Users\81902\Documents\Codex\2026-09-20\depth-anything-v2-python-uav-rgb\data\uav3dcrop_depth\2025\Day001_Oat\358_depth.tif,https://huggingface.co/datasets/Link-Dev/UAV3DCrop/resolve/main/2025/Day001_Oat/images/358.JPG?download=true,https://huggingface.co/datasets/Link-Dev/UAV3DCrop_depth/resolve/main/2025/Day001_Oat_depth/358_depth.tif?download=true,main,metric_scale_shift,64,20000,0.046026953125,0.04644710650444031,0.10647004914884203,0.0021096760272979738,0.14916222401931414,-0.011767494283783353,0.4764445522342812,0.10691239628585518
2025/Day001_Oat,2025,Day001,oat,358.JPG,358,DJI Mavic 3M RGB camera,nadir,nadir,0.9999615547999979,5280,3956,358_depth.tif,True,True,OPENCV,C:\Users\81902\Documents\Codex\2026-09-20\depth-anything-v2-python-uav-rgb\data\uav3dcrop\2025\Day001_Oat\images\358.JPG,C:\Users\81902\Documents\Codex\2026-09-20\depth-anything-v2-python-uav-rgb\data\uav3dcrop_depth\2025\Day001_Oat\358_depth.tif,https://huggingface.co/datasets/Link-Dev/UAV3DCrop/resolve/main/2025/Day001_Oat/images/358.JPG?download=true,https://huggingface.co/datasets/Link-Dev/UAV3DCrop_depth/resolve/main/2025/Day001_Oat_depth/358_depth.tif?download=true,main,relative_scale_shift,64,20000,0.046026953125,0.04397351908683777,0.09719401572587631,0.0022970935344696045,0.4583345606741768,0.13493670838134483,0.5296186260837932,0.10691239628585518
2025/Day001_Oat,2025,Day001,oat,358.JPG,358,DJI Mavic 3M RGB camera,nadir,nadir,0.9999615547999979,5280,3956,358_depth.tif,True,True,OPENCV,C:\Users\81902\Documents\Codex\2026-09-20\depth-anything-v2-python-uav-rgb\data\uav3dcrop\2025\Day001_Oat\images\358.JPG,C:\Users\81902\Documents\Codex\2026-09-20\depth-anything-v2-python-uav-rgb\data\uav3dcrop_depth\2025\Day001_Oat\358_depth.tif,https://huggingface.co/datasets/Link-Dev/UAV3DCrop/resolve/main/2025/Day001_Oat/images/358.JPG?download=true,https://huggingface.co/datasets/Link-Dev/UAV3DCrop_depth/resolve/main/2025/Day001_Oat_depth/358_depth.tif?download=true,main,metric_raw,128,20000,0.063100390625,0.09120046701431274,0.14361004812979206,0.0031863779544830323,0.18600461919170366,0.036867268843804625,0.4885701222996914,0.13589391782903157
2025/Day001_Oat,2025,Day001,oat,358.JPG,358,DJI Mavic 3M RGB camera,nadir,nadir,0.9999615547999979,5280,3956,358_depth.tif,True,True,OPENCV,C:\Users\81902\Documents\Codex\2026-09-20\depth-anything-v2-python-uav-rgb\data\uav3dcrop\2025\Day001_Oat\images\358.JPG,C:\Users\81902\Documents\Codex\2026-09-20\depth-anything-v2-python-uav-rgb\data\uav3dcrop_depth\2025\Day001_Oat\358_depth.tif,https://huggingface.co/datasets/Link-Dev/UAV3DCrop/resolve/main/2025/Day001_Oat/images/358.JPG?download=true,https://huggingface.co/datasets/Link-Dev/UAV3DCrop_depth/resolve/main/2025/Day001_Oat_depth/358_depth.tif?download=true,main,metric_bias_corrected,128,20000,0.063100390625,0.09120046834945679,0.14361005030351612,0.003186372947692871,0.18600460226549564,0.036867472856252165,0.4885701222996914,0.13589391782903157
2025/Day001_Oat,2025,Day001,oat,358.JPG,358,DJI Mavic 3M RGB camera,nadir,nadir,0.9999615547999979,5280,3956,358_depth.tif,True,True,OPENCV,C:\Users\81902\Documents\Codex\2026-09-20\depth-anything-v2-python-uav-rgb\data\uav3dcrop\2025\Day001_Oat\images\358.JPG,C:\Users\81902\Documents\Codex\2026-09-20\depth-anything-v2-python-uav-rgb\data\uav3dcrop_depth\2025\Day001_Oat\358_depth.tif,https://huggingface.co/datasets/Link-Dev/UAV3DCrop/resolve/main/2025/Day001_Oat/images/358.JPG?download=true,https://huggingface.co/datasets/Link-Dev/UAV3DCrop_depth/resolve/main/2025/Day001_Oat_depth/358_depth.tif?download=true,main,metric_scale_shift,128,20000,0.063100390625,0.06348961935043335,0.13497604011869196,0.0018463027954101563,0.18600487659734002,0.036867247669802435,0.4885701222996914,0.13589391782903157
2025/Day001_Oat,2025,Day001,oat,358.JPG,358,DJI Mavic 3M RGB camera,nadir,nadir,0.9999615547999979,5280,3956,358_depth.tif,True,True,OPENCV,C:\Users\81902\Documents\Codex\2026-09-20\depth-anything-v2-python-uav-rgb\data\uav3dcrop\2025\Day001_Oat\images\358.JPG,C:\Users\81902\Documents\Codex\2026-09-20\depth-anything-v2-python-uav-rgb\data\uav3dcrop_depth\2025\Day001_Oat\358_depth.tif,https://huggingface.co/datasets/Link-Dev/UAV3DCrop/resolve/main/2025/Day001_Oat/images/358.JPG?download=true,https://huggingface.co/datasets/Link-Dev/UAV3DCrop_depth/resolve/main/2025/Day001_Oat_depth/358_depth.tif?download=true,main,relative_scale_shift,128,20000,0.063100390625,0.05676081171035766,0.11281383188378376,0.0036229906082153322,0.5933796687721784,0.21451904652218753,0.536518459252486,0.13589391782903157
2025/Day001_Oat,2025,Day001,oat,387.JPG,387,DJI Mavic 3M RGB camera,nadir,nadir,0.9999937964863553,5280,3956,387_depth.tif,True,True,OPENCV,C:\Users\81902\Documents\Codex\2026-09-20\depth-anything-v2-python-uav-rgb\data\uav3dcrop\2025\Day001_Oat\images\387.JPG,C:\Users\81902\Documents\Codex\2026-09-20\depth-anything-v2-python-uav-rgb\data\uav3dcrop_depth\2025\Day001_Oat\387_depth.tif,https://huggingface.co/datasets/Link-Dev/UAV3DCrop/resolve/main/2025/Day001_Oat/images/387.JPG?download=true,https://huggingface.co/datasets/Link-Dev/UAV3DCrop_depth/resolve/main/2025/Day001_Oat_depth/387_depth.tif?download=true,main,metric_raw,8,20000,0.00914140625,0.013298885226249694,0.05528578462482569,0.0004969909906387329,0.014591097396140978,0.0436756665659376,0.5115822130299896,0.033027532903435276
2025/Day001_Oat,2025,Day001,oat,387.JPG,387,DJI Mavic 3M RGB camera,nadir,nadir,0.9999937964863553,5280,3956,387_depth.tif,True,True,OPENCV,C:\Users\81902\Documents\Codex\2026-09-20\depth-anything-v2-python-uav-rgb\data\uav3dcrop\2025\Day001_Oat\images\387.JPG,C:\Users\81902\Documents\Codex\2026-09-20\depth-anything-v2-python-uav-rgb\data\uav3dcrop_depth\2025\Day001_Oat\387_depth.tif,https://huggingface.co/datasets/Link-Dev/UAV3DCrop/resolve/main/2025/Day001_Oat/images/387.JPG?download=true,https://huggingface.co/datasets/Link-Dev/UAV3DCrop_depth/resolve/main/2025/Day001_Oat_depth/387_depth.tif?download=true,main,metric_bias_corrected,8,20000,0.00914140625,0.013298878383636475,0.05528578461434479,0.0004969953536987304,0.014591066723996515,0.043676576791059595,0.5115822130299896,0.033027532903435276
2025/Day001_Oat,2025,Day001,oat,387.JPG,387,DJI Mavic 3M RGB camera,nadir,nadir,0.9999937964863553,5280,3956,387_depth.tif,True,True,OPENCV,C:\Users\81902\Documents\Codex\2026-09-20\depth-anything-v2-python-uav-rgb\data\uav3dcrop\2025\Day001_Oat\images\387.JPG,C:\Users\81902\Documents\Codex\2026-09-20\depth-anything-v2-python-uav-rgb\data\uav3dcrop_depth\2025\Day001_Oat\387_depth.tif,https://huggingface.co/datasets/Link-Dev/UAV3DCrop/resolve/main/2025/Day001_Oat/images/387.JPG?download=true,https://huggingface.co/datasets/Link-Dev/UAV3DCrop_depth/resolve/main/2025/Day001_Oat_depth/387_depth.tif?download=true,main,metric_scale_shift,8,20000,0.00914140625,0.009607217836380005,0.033547959587928354,0.00024816107749938966,-0.014591564766823422,-0.04368140100720676,0.4880041365046536,0.033027532903435276
2025/Day001_Oat,2025,Day001,oat,387.JPG,387,DJI Mavic 3M RGB camera,nadir,nadir,0.9999937964863553,5280,3956,387_depth.tif,True,True,OPENCV,C:\Users\81902\Documents\Codex\2026-09-20\depth-anything-v2-python-uav-rgb\data\uav3dcrop\2025\Day001_Oat\images\387.JPG,C:\Users\81902\Documents\Codex\2026-09-20\depth-anything-v2-python-uav-rgb\data\uav3dcrop_depth\2025\Day001_Oat\387_depth.tif,https://huggingface.co/datasets/Link-Dev/UAV3DCrop/resolve/main/2025/Day001_Oat/images/387.JPG?download=true,https://huggingface.co/datasets/Link-Dev/UAV3DCrop_depth/resolve/main/2025/Day001_Oat_depth/387_depth.tif?download=true,main,relative_scale_shift,8,20000,0.00914140625,0.00921861891746521,0.03309943513011504,0.0003413587093353271,-0.18086807184752693,-0.16739002081007084,0.4264736297828335,0.033027532903435276
2025/Day001_Oat,2025,Day001,oat,387.JPG,387,DJI Mavic 3M RGB camera,nadir,nadir,0.9999937964863553,5280,3956,387_depth.tif,True,True,OPENCV,C:\Users\81902\Documents\Codex\2026-09-20\depth-anything-v2-python-uav-rgb\data\uav3dcrop\2025\Day001_Oat\images\387.JPG,C:\Users\81902\Documents\Codex\2026-09-20\depth-anything-v2-python-uav-rgb\data\uav3dcrop_depth\2025\Day001_Oat\387_depth.tif,https://huggingface.co/datasets/Link-Dev/UAV3DCrop/resolve/main/2025/Day001_Oat/images/387.JPG?download=true,https://huggingface.co/datasets/Link-Dev/UAV3DCrop_depth/resolve/main/2025/Day001_Oat_depth/387_depth.tif?download=true,main,metric_raw,16,20000,0.01757890625,0.023017948603630066,0.051007935788315764,0.002199888300895691,0.07402413312496707,0.03353429855296443,0.5037616611495637,0.048881323214038236
2025/Day001_Oat,2025,Day001,oat,387.JPG,387,DJI Mavic 3M RGB camera,nadir,nadir,0.9999937964863553,5280,3956,387_depth.tif,True,True,OPENCV,C:\Users\81902\Documents\Codex\2026-09-20\depth-anything-v2-python-uav-rgb\data\uav3dcrop\2025\Day001_Oat\images\387.JPG,C:\Users\81902\Documents\Codex\2026-09-20\depth-anything-v2-python-uav-rgb\data\uav3dcrop_depth\2025\Day001_Oat\387_depth.tif,https://huggingface.co/datasets/Link-Dev/UAV3DCrop/resolve/main/2025/Day001_Oat/images/387.JPG?download=true,https://huggingface.co/datasets/Link-Dev/UAV3DCrop_depth/resolve/main/2025/Day001_Oat_depth/387_depth.tif?download=true,main,metric_bias_corrected,16,20000,0.01757890625,0.0230179536819458,0.05100794338643851,0.0021998996734619142,0.07402370717076108,0.03353440443036742,0.5037616611495637,0.048881323214038236
2025/Day001_Oat,2025,Day001,oat,387.JPG,387,DJI Mavic 3M RGB camera,nadir,nadir,0.9999937964863553,5280,3956,387_depth.tif,True,True,OPENCV,C:\Users\81902\Documents\Codex\2026-09-20\depth-anything-v2-python-uav-rgb\data\uav3dcrop\2025\Day001_Oat\images\387.JPG,C:\Users\81902\Documents\Codex\2026-09-20\depth-anything-v2-python-uav-rgb\data\uav3dcrop_depth\2025\Day001_Oat\387_depth.tif,https://huggingface.co/datasets/Link-Dev/UAV3DCrop/resolve/main/2025/Day001_Oat/images/387.JPG?download=true,https://huggingface.co/datasets/Link-Dev/UAV3DCrop_depth/resolve/main/2025/Day001_Oat_depth/387_depth.tif?download=true,main,metric_scale_shift,16,20000,0.01757890625,0.018041285037994386,0.049105653131644236,0.0009100914001464843,-0.07402503422193792,-0.03353233184578752,0.4960878724044538,0.048881323214038236
2025/Day001_Oat,2025,Day001,oat,387.JPG,387,DJI Mavic 3M RGB camera,nadir,nadir,0.9999937964863553,5280,3956,387_depth.tif,True,True,OPENCV,C:\Users\81902\Documents\Codex\2026-09-20\depth-anything-v2-python-uav-rgb\data\uav3dcrop\2025\Day001_Oat\images\387.JPG,C:\Users\81902\Documents\Codex\2026-09-20\depth-anything-v2-python-uav-rgb\data\uav3dcrop_depth\2025\Day001_Oat\387_depth.tif,https://huggingface.co/datasets/Link-Dev/UAV3DCrop/resolve/main/2025/Day001_Oat/images/387.JPG?download=true,https://huggingface.co/datasets/Link-Dev/UAV3DCrop_depth/resolve/main/2025/Day001_Oat_depth/387_depth.tif?download=true,main,relative_scale_shift,16,20000,0.01757890625,0.017696950817108155,0.04908487832354511,0.0011806508064270019,-0.2883489122298882,-0.16907627550730064,0.4547095997592537,0.048881323214038236
2025/Day001_Oat,2025,Day001,oat,387.JPG,387,DJI Mavic 3M RGB camera,nadir,nadir,0.9999937964863553,5280,3956,387_depth.tif,True,True,OPENCV,C:\Users\81902\Documents\Codex\2026-09-20\depth-anything-v2-python-uav-rgb\data\uav3dcrop\2025\Day001_Oat\images\387.JPG,C:\Users\81902\Documents\Codex\2026-09-20\depth-anything-v2-python-uav-rgb\data\uav3dcrop_depth\2025\Day001_Oat\387_depth.tif,https://huggingface.co/datasets/Link-Dev/UAV3DCrop/resolve/main/2025/Day001_Oat/images/387.JPG?download=true,https://huggingface.co/datasets/Link-Dev/UAV3DCrop_depth/resolve/main/2025/Day001_Oat_depth/387_depth.tif?download=true,main,metric_raw,32,20000,0.032650390625,0.04067068161964416,0.09736000844285492,0.00371846661567688,0.0651629583908001,0.05271384996608701,0.51045892494929,0.0771842003254339
2025/Day001_Oat,2025,Day001,oat,387.JPG,387,DJI Mavic 3M RGB camera,nadir,nadir,0.9999937964863553,5280,3956,387_depth.tif,True,True,OPENCV,C:\Users\81902\Documents\Codex\2026-09-20\depth-anything-v2-python-uav-rgb\data\uav3dcrop\2025\Day001_Oat\images\387.JPG,C:\Users\81902\Documents\Codex\2026-09-20\depth-anything-v2-python-uav-rgb\data\uav3dcrop_depth\2025\Day001_Oat\387_depth.tif,https://huggingface.co/datasets/Link-Dev/UAV3DCrop/resolve/main/2025/Day001_Oat/images/387.JPG?download=true,https://huggingface.co/datasets/Link-Dev/UAV3DCrop_depth/resolve/main/2025/Day001_Oat_depth/387_depth.tif?download=true,main,metric_bias_corrected,32,20000,0.032650390625,0.04067067685127258,0.09736001688020726,0.00371846604347229,0.065162919061439,0.05271395726644345,0.51045892494929,0.0771842003254339
2025/Day001_Oat,2025,Day001,oat,387.JPG,387,DJI Mavic 3M RGB camera,nadir,nadir,0.9999937964863553,5280,3956,387_depth.tif,True,True,OPENCV,C:\Users\81902\Documents\Codex\2026-09-20\depth-anything-v2-python-uav-rgb\data\uav3dcrop\2025\Day001_Oat\images\387.JPG,C:\Users\81902\Documents\Codex\2026-09-20\depth-anything-v2-python-uav-rgb\data\uav3dcrop_depth\2025\Day001_Oat\387_depth.tif,https://huggingface.co/datasets/Link-Dev/UAV3DCrop/resolve/main/2025/Day001_Oat/images/387.JPG?download=true,https://huggingface.co/datasets/Link-Dev/UAV3DCrop_depth/resolve/main/2025/Day001_Oat_depth/387_depth.tif?download=true,main,metric_scale_shift,32,20000,0.032650390625,0.03331648788452148,0.07808923700204526,0.0011674067497253419,-0.06516287439249442,-0.052713491820730256,0.48941430020283977,0.0771842003254339
2025/Day001_Oat,2025,Day001,oat,387.JPG,387,DJI Mavic 3M RGB camera,nadir,nadir,0.9999937964863553,5280,3956,387_depth.tif,True,True,OPENCV,C:\Users\81902\Documents\Codex\2026-09-20\depth-anything-v2-python-uav-rgb\data\uav3dcrop\2025\Day001_Oat\images\387.JPG,C:\Users\81902\Documents\Codex\2026-09-20\depth-anything-v2-python-uav-rgb\data\uav3dcrop_depth\2025\Day001_Oat\387_depth.tif,https://huggingface.co/datasets/Link-Dev/UAV3DCrop/resolve/main/2025/Day001_Oat/images/387.JPG?download=true,https://huggingface.co/datasets/Link-Dev/UAV3DCrop_depth/resolve/main/2025/Day001_Oat_depth/387_depth.tif?download=true,main,relative_scale_shift,32,20000,0.032650390625,0.032870926094055175,0.0776444414874497,0.0016877495765686035,-0.3390325106386773,-0.19135782359510603,0.4551217038539554,0.0771842003254339
2025/Day001_Oat,2025,Day001,oat,387.JPG,387,DJI Mavic 3M RGB camera,nadir,nadir,0.9999937964863553,5280,3956,387_depth.tif,True,True,OPENCV,C:\Users\81902\Documents\Codex\2026-09-20\depth-anything-v2-python-uav-rgb\data\uav3dcrop\2025\Day001_Oat\images\387.JPG,C:\Users\81902\Documents\Codex\2026-09-20\depth-anything-v2-python-uav-rgb\data\uav3dcrop_depth\2025\Day001_Oat\387_depth.tif,https://huggingface.co/datasets/Link-Dev/UAV3DCrop/resolve/main/2025/Day001_Oat/images/387.JPG?download=true,https://huggingface.co/datasets/Link-Dev/UAV3DCrop_depth/resolve/main/2025/Day001_Oat_depth/387_depth.tif?download=true,main,metric_raw,64,20000,0.054605078125,0.06496059722900391,0.11410789930635352,0.00725804615020752,0.1695942511404583,0.053696095462250334,0.5066223267014506,0.11102001324496348
2025/Day001_Oat,2025,Day001,oat,387.JPG,387,DJI Mavic 3M RGB camera,nadir,nadir,0.9999937964863553,5280,3956,387_depth.tif,True,True,OPENCV,C:\Users\81902\Documents\Codex\2026-09-20\depth-anything-v2-python-uav-rgb\data\uav3dcrop\2025\Day001_Oat\images\387.JPG,C:\Users\81902\Documents\Codex\2026-09-20\depth-anything-v2-python-uav-rgb\data\uav3dcrop_depth\2025\Day001_Oat\387_depth.tif,https://huggingface.co/datasets/Link-Dev/UAV3DCrop/resolve/main/2025/Day001_Oat/images/387.JPG?download=true,https://huggingface.co/datasets/Link-Dev/UAV3DCrop_depth/resolve/main/2025/Day001_Oat_depth/387_depth.tif?download=true,main,metric_bias_corrected,64,20000,0.054605078125,0.06496059875488282,0.11410789887404377,0.007258042716979981,0.16959425442741016,0.05369592154819624,0.5066223267014506,0.11102001324496348
2025/Day001_Oat,2025,Day001,oat,387.JPG,387,DJI Mavic 3M RGB camera,nadir,nadir,0.9999937964863553,5280,3956,387_depth.tif,True,True,OPENCV,C:\Users\81902\Documents\Codex\2026-09-20\depth-anything-v2-python-uav-rgb\data\uav3dcrop\2025\Day001_Oat\images\387.JPG,C:\Users\81902\Documents\Codex\2026-09-20\depth-anything-v2-python-uav-rgb\data\uav3dcrop_depth\2025\Day001_Oat\387_depth.tif,https://huggingface.co/datasets/Link-Dev/UAV3DCrop/resolve/main/2025/Day001_Oat/images/387.JPG?download=true,https://huggingface.co/datasets/Link-Dev/UAV3DCrop_depth/resolve/main/2025/Day001_Oat_depth/387_depth.tif?download=true,main,metric_scale_shift,64,20000,0.054605078125,0.05542445769309998,0.11222316383782929,0.001404115056991577,-0.16959458522943716,-0.05369492494333732,0.49337767329854937,0.11102001324496348
2025/Day001_Oat,2025,Day001,oat,387.JPG,387,DJI Mavic 3M RGB camera,nadir,nadir,0.9999937964863553,5280,3956,387_depth.tif,True,True,OPENCV,C:\Users\81902\Documents\Codex\2026-09-20\depth-anything-v2-python-uav-rgb\data\uav3dcrop\2025\Day001_Oat\images\387.JPG,C:\Users\81902\Documents\Codex\2026-09-20\depth-anything-v2-python-uav-rgb\data\uav3dcrop_depth\2025\Day001_Oat\387_depth.tif,https://huggingface.co/datasets/Link-Dev/UAV3DCrop/resolve/main/2025/Day001_Oat/images/387.JPG?download=true,https://huggingface.co/datasets/Link-Dev/UAV3DCrop_depth/resolve/main/2025/Day001_Oat_depth/387_depth.tif?download=true,main,relative_scale_shift,64,20000,0.054605078125,0.05505977520942688,0.11205764325672224,0.0025422656536102295,-0.43282949469984927,-0.25214026701321557,0.44756607992660974,0.11102001324496348
2025/Day001_Oat,2025,Day001,oat,387.JPG,387,DJI Mavic 3M RGB camera,nadir,nadir,0.9999937964863553,5280,3956,387_depth.tif,True,True,OPENCV,C:\Users\81902\Documents\Codex\2026-09-20\depth-anything-v2-python-uav-rgb\data\uav3dcrop\2025\Day001_Oat\images\387.JPG,C:\Users\81902\Documents\Codex\2026-09-20\depth-anything-v2-python-uav-rgb\data\uav3dcrop_depth\2025\Day001_Oat\387_depth.tif,https://huggingface.co/datasets/Link-Dev/UAV3DCrop/resolve/main/2025/Day001_Oat/images/387.JPG?download=true,https://huggingface.co/datasets/Link-Dev/UAV3DCrop_depth/resolve/main/2025/Day001_Oat_depth/387_depth.tif?download=true,main,metric_raw,128,20000,0.072729296875,0.0909826895236969,0.15107910715253955,0.016789218759536744,0.18435763627566318,0.04577735277852597,0.50047446274072,0.14247800902766727
2025/Day001_Oat,2025,Day001,oat,387.JPG,387,DJI Mavic 3M RGB camera,nadir,nadir,0.9999937964863553,5280,3956,387_depth.tif,True,True,OPENCV,C:\Users\81902\Documents\Codex\2026-09-20\depth-anything-v2-python-uav-rgb\data\uav3dcrop\2025\Day001_Oat\images\387.JPG,C:\Users\81902\Documents\Codex\2026-09-20\depth-anything-v2-python-uav-rgb\data\uav3dcrop_depth\2025\Day001_Oat\387_depth.tif,https://huggingface.co/datasets/Link-Dev/UAV3DCrop/resolve/main/2025/Day001_Oat/images/387.JPG?download=true,https://huggingface.co/datasets/Link-Dev/UAV3DCrop_depth/resolve/main/2025/Day001_Oat_depth/387_depth.tif?download=true,main,metric_bias_corrected,128,20000,0.072729296875,0.09098268637657166,0.15107911428775736,0.01678921332359314,0.18435753451240647,0.04577687771244718,0.500418643594753,0.14247800902766727
2025/Day001_Oat,2025,Day001,oat,387.JPG,387,DJI Mavic 3M RGB camera,nadir,nadir,0.9999937964863553,5280,3956,387_depth.tif,True,True,OPENCV,C:\Users\81902\Documents\Codex\2026-09-20\depth-anything-v2-python-uav-rgb\data\uav3dcrop\2025\Day001_Oat\images\387.JPG,C:\Users\81902\Documents\Codex\2026-09-20\depth-anything-v2-python-uav-rgb\data\uav3dcrop_depth\2025\Day001_Oat\387_depth.tif,https://huggingface.co/datasets/Link-Dev/UAV3DCrop/resolve/main/2025/Day001_Oat/images/387.JPG?download=true,https://huggingface.co/datasets/Link-Dev/UAV3DCrop_depth/resolve/main/2025/Day001_Oat_depth/387_depth.tif?download=true,main,metric_scale_shift,128,20000,0.072729296875,0.07403864803314208,0.14463402730274344,0.0036932661056518555,-0.18435744974365803,-0.04577574526865893,0.49952553725927995,0.14247800902766727
2025/Day001_Oat,2025,Day001,oat,387.JPG,387,DJI Mavic 3M RGB camera,nadir,nadir,0.9999937964863553,5280,3956,387_depth.tif,True,True,OPENCV,C:\Users\81902\Documents\Codex\2026-09-20\depth-anything-v2-python-uav-rgb\data\uav3dcrop\2025\Day001_Oat\images\387.JPG,C:\Users\81902\Documents\Codex\2026-09-20\depth-anything-v2-python-uav-rgb\data\uav3dcrop_depth\2025\Day001_Oat\387_depth.tif,https://huggingface.co/datasets/Link-Dev/UAV3DCrop/resolve/main/2025/Day001_Oat/images/387.JPG?download=true,https://huggingface.co/datasets/Link-Dev/UAV3DCrop_depth/resolve/main/2025/Day001_Oat_depth/387_depth.tif?download=true,main,relative_scale_shift,128,20000,0.072729296875,0.0736159065246582,0.14473515368055834,0.006088123607635498,-0.5248793527952053,-0.2871180283037801,0.43762210438180293,0.14247800902766727
2025/Day001_Oat,2025,Day001,oat,416.JPG,416,DJI Mavic 3M RGB camera,nadir,nadir,0.9999649198832232,5280,3956,416_depth.tif,True,True,OPENCV,C:\Users\81902\Documents\Codex\2026-09-20\depth-anything-v2-python-uav-rgb\data\uav3dcrop\2025\Day001_Oat\images\416.JPG,C:\Users\81902\Documents\Codex\2026-09-20\depth-anything-v2-python-uav-rgb\data\uav3dcrop_depth\2025\Day001_Oat\416_depth.tif,https://huggingface.co/datasets/Link-Dev/UAV3DCrop/resolve/main/2025/Day001_Oat/images/416.JPG?download=true,https://huggingface.co/datasets/Link-Dev/UAV3DCrop_depth/resolve/main/2025/Day001_Oat_depth/416_depth.tif?download=true,main,metric_raw,8,20000,0.0158375,0.018742216539382933,0.0548691605035193,-0.0003477906703948975,0.014807777211923917,0.09025261260266393,0.5415355837088683,0.0485561676162176
2025/Day001_Oat,2025,Day001,oat,416.JPG,416,DJI Mavic 3M RGB camera,nadir,nadir,0.9999649198832232,5280,3956,416_depth.tif,True,True,OPENCV,C:\Users\81902\Documents\Codex\2026-09-20\depth-anything-v2-python-uav-rgb\data\uav3dcrop\2025\Day001_Oat\images\416.JPG,C:\Users\81902\Documents\Codex\2026-09-20\depth-anything-v2-python-uav-rgb\data\uav3dcrop_depth\2025\Day001_Oat\416_depth.tif,https://huggingface.co/datasets/Link-Dev/UAV3DCrop/resolve/main/2025/Day001_Oat/images/416.JPG?download=true,https://huggingface.co/datasets/Link-Dev/UAV3DCrop_depth/resolve/main/2025/Day001_Oat_depth/416_depth.tif?download=true,main,metric_bias_corrected,8,20000,0.0158375,0.018742217111587526,0.054869160212588225,-0.00034779448509216306,0.01480792240663726,0.09025276936573105,0.5415355837088683,0.0485561676162176
2025/Day001_Oat,2025,Day001,oat,416.JPG,416,DJI Mavic 3M RGB camera,nadir,nadir,0.9999649198832232,5280,3956,416_depth.tif,True,True,OPENCV,C:\Users\81902\Documents\Codex\2026-09-20\depth-anything-v2-python-uav-rgb\data\uav3dcrop\2025\Day001_Oat\images\416.JPG,C:\Users\81902\Documents\Codex\2026-09-20\depth-anything-v2-python-uav-rgb\data\uav3dcrop_depth\2025\Day001_Oat\416_depth.tif,https://huggingface.co/datasets/Link-Dev/UAV3DCrop/resolve/main/2025/Day001_Oat/images/416.JPG?download=true,https://huggingface.co/datasets/Link-Dev/UAV3DCrop_depth/resolve/main/2025/Day001_Oat_depth/416_depth.tif?download=true,main,metric_scale_shift,8,20000,0.0158375,0.01690682578086853,0.049431186156668305,-0.0004066521167755127,-0.01480845121249627,-0.09025582851249653,0.4583793895076949,0.0485561676162176
2025/Day001_Oat,2025,Day001,oat,416.JPG,416,DJI Mavic 3M RGB camera,nadir,nadir,0.9999649198832232,5280,3956,416_depth.tif,True,True,OPENCV,C:\Users\81902\Documents\Codex\2026-09-20\depth-anything-v2-python-uav-rgb\data\uav3dcrop\2025\Day001_Oat\images\416.JPG,C:\Users\81902\Documents\Codex\2026-09-20\depth-anything-v2-python-uav-rgb\data\uav3dcrop_depth\2025\Day001_Oat\416_depth.tif,https://huggingface.co/datasets/Link-Dev/UAV3DCrop/resolve/main/2025/Day001_Oat/images/416.JPG?download=true,https://huggingface.co/datasets/Link-Dev/UAV3DCrop_depth/resolve/main/2025/Day001_Oat_depth/416_depth.tif?download=true,main,relative_scale_shift,8,20000,0.0158375,0.016260019826889037,0.047524263324285734,-0.0006709959506988525,0.21121780223018757,0.22526679416577924,0.5883003145990987,0.0485561676162176
2025/Day001_Oat,2025,Day001,oat,416.JPG,416,DJI Mavic 3M RGB camera,nadir,nadir,0.9999649198832232,5280,3956,416_depth.tif,True,True,OPENCV,C:\Users\81902\Documents\Codex\2026-09-20\depth-anything-v2-python-uav-rgb\data\uav3dcrop\2025\Day001_Oat\images\416.JPG,C:\Users\81902\Documents\Codex\2026-09-20\depth-anything-v2-python-uav-rgb\data\uav3dcrop_depth\2025\Day001_Oat\416_depth.tif,https://huggingface.co/datasets/Link-Dev/UAV3DCrop/resolve/main/2025/Day001_Oat/images/416.JPG?download=true,https://huggingface.co/datasets/Link-Dev/UAV3DCrop_depth/resolve/main/2025/Day001_Oat_depth/416_depth.tif?download=true,main,metric_raw,16,20000,0.03082734375,0.03468013687133789,0.07666960810992522,0.0016077935218811036,0.0429664219296442,0.09532469400277002,0.5352913628152807,0.0755581153373677
2025/Day001_Oat,2025,Day001,oat,416.JPG,416,DJI Mavic 3M RGB camera,nadir,nadir,0.9999649198832232,5280,3956,416_depth.tif,True,True,OPENCV,C:\Users\81902\Documents\Codex\2026-09-20\depth-anything-v2-python-uav-rgb\data\uav3dcrop\2025\Day001_Oat\images\416.JPG,C:\Users\81902\Documents\Codex\2026-09-20\depth-anything-v2-python-uav-rgb\data\uav3dcrop_depth\2025\Day001_Oat\416_depth.tif,https://huggingface.co/datasets/Link-Dev/UAV3DCrop/resolve/main/2025/Day001_Oat/images/416.JPG?download=true,https://huggingface.co/datasets/Link-Dev/UAV3DCrop_depth/resolve/main/2025/Day001_Oat_depth/416_depth.tif?download=true,main,metric_bias_corrected,16,20000,0.03082734375,0.03468013854026795,0.0766696080730488,0.0016077917575836181,0.04296637347719184,0.09532473288211162,0.535224459757811,0.0755581153373677
2025/Day001_Oat,2025,Day001,oat,416.JPG,416,DJI Mavic 3M RGB camera,nadir,nadir,0.9999649198832232,5280,3956,416_depth.tif,True,True,OPENCV,C:\Users\81902\Documents\Codex\2026-09-20\depth-anything-v2-python-uav-rgb\data\uav3dcrop\2025\Day001_Oat\images\416.JPG,C:\Users\81902\Documents\Codex\2026-09-20\depth-anything-v2-python-uav-rgb\data\uav3dcrop_depth\2025\Day001_Oat\416_depth.tif,https://huggingface.co/datasets/Link-Dev/UAV3DCrop/resolve/main/2025/Day001_Oat/images/416.JPG?download=true,https://huggingface.co/datasets/Link-Dev/UAV3DCrop_depth/resolve/main/2025/Day001_Oat_depth/416_depth.tif?download=true,main,metric_scale_shift,16,20000,0.03082734375,0.032108046007156374,0.07598225973035969,0.000423997163772583,-0.042965931457481364,-0.09532401427116959,0.46470863718471933,0.0755581153373677
2025/Day001_Oat,2025,Day001,oat,416.JPG,416,DJI Mavic 3M RGB camera,nadir,nadir,0.9999649198832232,5280,3956,416_depth.tif,True,True,OPENCV,C:\Users\81902\Documents\Codex\2026-09-20\depth-anything-v2-python-uav-rgb\data\uav3dcrop\2025\Day001_Oat\images\416.JPG,C:\Users\81902\Documents\Codex\2026-09-20\depth-anything-v2-python-uav-rgb\data\uav3dcrop_depth\2025\Day001_Oat\416_depth.tif,https://huggingface.co/datasets/Link-Dev/UAV3DCrop/resolve/main/2025/Day001_Oat/images/416.JPG?download=true,https://huggingface.co/datasets/Link-Dev/UAV3DCrop_depth/resolve/main/2025/Day001_Oat_depth/416_depth.tif?download=true,main,relative_scale_shift,16,20000,0.03082734375,0.030853989124298094,0.07251820752038414,0.00035569896697998046,0.2960245177023004,0.2545554259269749,0.5852679467451662,0.0755581153373677
2025/Day001_Oat,2025,Day001,oat,416.JPG,416,DJI Mavic 3M RGB camera,nadir,nadir,0.9999649198832232,5280,3956,416_depth.tif,True,True,OPENCV,C:\Users\81902\Documents\Codex\2026-09-20\depth-anything-v2-python-uav-rgb\data\uav3dcrop\2025\Day001_Oat\images\416.JPG,C:\Users\81902\Documents\Codex\2026-09-20\depth-anything-v2-python-uav-rgb\data\uav3dcrop_depth\2025\Day001_Oat\416_depth.tif,https://huggingface.co/datasets/Link-Dev/UAV3DCrop/resolve/main/2025/Day001_Oat/images/416.JPG?download=true,https://huggingface.co/datasets/Link-Dev/UAV3DCrop_depth/resolve/main/2025/Day001_Oat_depth/416_depth.tif?download=true,main,metric_raw,32,20000,0.05721953125,0.06213138029575348,0.11956446260876223,0.0021527759313583372,0.06586095785581646,0.1258459369282191,0.5415836945062669,0.11450316073523638
2025/Day001_Oat,2025,Day001,oat,416.JPG,416,DJI Mavic 3M RGB camera,nadir,nadir,0.9999649198832232,5280,3956,416_depth.tif,True,True,OPENCV,C:\Users\81902\Documents\Codex\2026-09-20\depth-anything-v2-python-uav-rgb\data\uav3dcrop\2025\Day001_Oat\images\416.JPG,C:\Users\81902\Documents\Codex\2026-09-20\depth-anything-v2-python-uav-rgb\data\uav3dcrop_depth\2025\Day001_Oat\416_depth.tif,https://huggingface.co/datasets/Link-Dev/UAV3DCrop/resolve/main/2025/Day001_Oat/images/416.JPG?download=true,https://huggingface.co/datasets/Link-Dev/UAV3DCrop_depth/resolve/main/2025/Day001_Oat_depth/416_depth.tif?download=true,main,metric_bias_corrected,32,20000,0.05721953125,0.06213137469291687,0.11956445871057797,0.0021527746677398683,0.06586101134001295,0.12584649614777185,0.5415836945062669,0.11450316073523638
2025/Day001_Oat,2025,Day001,oat,416.JPG,416,DJI Mavic 3M RGB camera,nadir,nadir,0.9999649198832232,5280,3956,416_depth.tif,True,True,OPENCV,C:\Users\81902\Documents\Codex\2026-09-20\depth-anything-v2-python-uav-rgb\data\uav3dcrop\2025\Day001_Oat\images\416.JPG,C:\Users\81902\Documents\Codex\2026-09-20\depth-anything-v2-python-uav-rgb\data\uav3dcrop_depth\2025\Day001_Oat\416_depth.tif,https://huggingface.co/datasets/Link-Dev/UAV3DCrop/resolve/main/2025/Day001_Oat/images/416.JPG?download=true,https://huggingface.co/datasets/Link-Dev/UAV3DCrop_depth/resolve/main/2025/Day001_Oat_depth/416_depth.tif?download=true,main,metric_scale_shift,32,20000,0.05721953125,0.059229880094528196,0.11625215175741294,0.00047538113594055176,-0.06586111927922944,-0.12584592354306556,0.45841630549373313,0.11450316073523638
2025/Day001_Oat,2025,Day001,oat,416.JPG,416,DJI Mavic 3M RGB camera,nadir,nadir,0.9999649198832232,5280,3956,416_depth.tif,True,True,OPENCV,C:\Users\81902\Documents\Codex\2026-09-20\depth-anything-v2-python-uav-rgb\data\uav3dcrop\2025\Day001_Oat\images\416.JPG,C:\Users\81902\Documents\Codex\2026-09-20\depth-anything-v2-python-uav-rgb\data\uav3dcrop_depth\2025\Day001_Oat\416_depth.tif,https://huggingface.co/datasets/Link-Dev/UAV3DCrop/resolve/main/2025/Day001_Oat/images/416.JPG?download=true,https://huggingface.co/datasets/Link-Dev/UAV3DCrop_depth/resolve/main/2025/Day001_Oat_depth/416_depth.tif?download=true,main,relative_scale_shift,32,20000,0.05721953125,0.0553094078540802,0.10733750528869176,-7.434401512145996e-05,0.36368474952214624,0.3094488913521332,0.5955839287806021,0.11450316073523638
2025/Day001_Oat,2025,Day001,oat,416.JPG,416,DJI Mavic 3M RGB camera,nadir,nadir,0.9999649198832232,5280,3956,416_depth.tif,True,True,OPENCV,C:\Users\81902\Documents\Codex\2026-09-20\depth-anything-v2-python-uav-rgb\data\uav3dcrop\2025\Day001_Oat\images\416.JPG,C:\Users\81902\Documents\Codex\2026-09-20\depth-anything-v2-python-uav-rgb\data\uav3dcrop_depth\2025\Day001_Oat\416_depth.tif,https://huggingface.co/datasets/Link-Dev/UAV3DCrop/resolve/main/2025/Day001_Oat/images/416.JPG?download=true,https://huggingface.co/datasets/Link-Dev/UAV3DCrop_depth/resolve/main/2025/Day001_Oat_depth/416_depth.tif?download=true,main,metric_raw,64,20000,0.098075,0.10447912168502807,0.1675991856537497,0.005314520263671875,0.12583218624351403,0.12204882633006857,0.5387348969438521,0.16751992599347218
2025/Day001_Oat,2025,Day001,oat,416.JPG,416,DJI Mavic 3M RGB camera,nadir,nadir,0.9999649198832232,5280,3956,416_depth.tif,True,True,OPENCV,C:\Users\81902\Documents\Codex\2026-09-20\depth-anything-v2-python-uav-rgb\data\uav3dcrop\2025\Day001_Oat\images\416.JPG,C:\Users\81902\Documents\Codex\2026-09-20\depth-anything-v2-python-uav-rgb\data\uav3dcrop_depth\2025\Day001_Oat\416_depth.tif,https://huggingface.co/datasets/Link-Dev/UAV3DCrop/resolve/main/2025/Day001_Oat/images/416.JPG?download=true,https://huggingface.co/datasets/Link-Dev/UAV3DCrop_depth/resolve/main/2025/Day001_Oat_depth/416_depth.tif?download=true,main,metric_bias_corrected,64,20000,0.098075,0.10447911911010742,0.1675991795636156,0.005314517879486084,0.1258323140222472,0.12204917235200455,0.5387348969438521,0.16751992599347218
2025/Day001_Oat,2025,Day001,oat,416.JPG,416,DJI Mavic 3M RGB camera,nadir,nadir,0.9999649198832232,5280,3956,416_depth.tif,True,True,OPENCV,C:\Users\81902\Documents\Codex\2026-09-20\depth-anything-v2-python-uav-rgb\data\uav3dcrop\2025\Day001_Oat\images\416.JPG,C:\Users\81902\Documents\Codex\2026-09-20\depth-anything-v2-python-uav-rgb\data\uav3dcrop_depth\2025\Day001_Oat\416_depth.tif,https://huggingface.co/datasets/Link-Dev/UAV3DCrop/resolve/main/2025/Day001_Oat/images/416.JPG?download=true,https://huggingface.co/datasets/Link-Dev/UAV3DCrop_depth/resolve/main/2025/Day001_Oat_depth/416_depth.tif?download=true,main,metric_scale_shift,64,20000,0.098075,0.10094408273696899,0.16979544082928766,0.000996012783050537,-0.1258319572972985,-0.12204845435696535,0.4612651030561478,0.16751992599347218
2025/Day001_Oat,2025,Day001,oat,416.JPG,416,DJI Mavic 3M RGB camera,nadir,nadir,0.9999649198832232,5280,3956,416_depth.tif,True,True,OPENCV,C:\Users\81902\Documents\Codex\2026-09-20\depth-anything-v2-python-uav-rgb\data\uav3dcrop\2025\Day001_Oat\images\416.JPG,C:\Users\81902\Documents\Codex\2026-09-20\depth-anything-v2-python-uav-rgb\data\uav3dcrop_depth\2025\Day001_Oat\416_depth.tif,https://huggingface.co/datasets/Link-Dev/UAV3DCrop/resolve/main/2025/Day001_Oat/images/416.JPG?download=true,https://huggingface.co/datasets/Link-Dev/UAV3DCrop_depth/resolve/main/2025/Day001_Oat_depth/416_depth.tif?download=true,main,relative_scale_shift,64,20000,0.098075,0.09021008138656617,0.15133923741646152,0.0006781916618347168,0.4465352502027228,0.39578286231901566,0.6189382756546936,0.16751992599347218
2025/Day001_Oat,2025,Day001,oat,416.JPG,416,DJI Mavic 3M RGB camera,nadir,nadir,0.9999649198832232,5280,3956,416_depth.tif,True,True,OPENCV,C:\Users\81902\Documents\Codex\2026-09-20\depth-anything-v2-python-uav-rgb\data\uav3dcrop\2025\Day001_Oat\images\416.JPG,C:\Users\81902\Documents\Codex\2026-09-20\depth-anything-v2-python-uav-rgb\data\uav3dcrop_depth\2025\Day001_Oat\416_depth.tif,https://huggingface.co/datasets/Link-Dev/UAV3DCrop/resolve/main/2025/Day001_Oat/images/416.JPG?download=true,https://huggingface.co/datasets/Link-Dev/UAV3DCrop_depth/resolve/main/2025/Day001_Oat_depth/416_depth.tif?download=true,main,metric_raw,128,20000,0.14041640625,0.1519374552488327,0.22061627160338929,0.014600328850746155,0.13739677100596503,0.10104357474306909,0.532706806838696,0.21887822692688336
2025/Day001_Oat,2025,Day001,oat,416.JPG,416,DJI Mavic 3M RGB camera,nadir,nadir,0.9999649198832232,5280,3956,416_depth.tif,True,True,OPENCV,C:\Users\81902\Documents\Codex\2026-09-20\depth-anything-v2-python-uav-rgb\data\uav3dcrop\2025\Day001_Oat\images\416.JPG,C:\Users\81902\Documents\Codex\2026-09-20\depth-anything-v2-python-uav-rgb\data\uav3dcrop_depth\2025\Day001_Oat\416_depth.tif,https://huggingface.co/datasets/Link-Dev/UAV3DCrop/resolve/main/2025/Day001_Oat/images/416.JPG?download=true,https://huggingface.co/datasets/Link-Dev/UAV3DCrop_depth/resolve/main/2025/Day001_Oat_depth/416_depth.tif?download=true,main,metric_bias_corrected,128,20000,0.14041640625,0.1519374554157257,0.22061627376063064,0.01460033221244812,0.13739674002287228,0.1010438443279925,0.532706806838696,0.21887822692688336
2025/Day001_Oat,2025,Day001,oat,416.JPG,416,DJI Mavic 3M RGB camera,nadir,nadir,0.9999649198832232,5280,3956,416_depth.tif,True,True,OPENCV,C:\Users\81902\Documents\Codex\2026-09-20\depth-anything-v2-python-uav-rgb\data\uav3dcrop\2025\Day001_Oat\images\416.JPG,C:\Users\81902\Documents\Codex\2026-09-20\depth-anything-v2-python-uav-rgb\data\uav3dcrop_depth\2025\Day001_Oat\416_depth.tif,https://huggingface.co/datasets/Link-Dev/UAV3DCrop/resolve/main/2025/Day001_Oat/images/416.JPG?download=true,https://huggingface.co/datasets/Link-Dev/UAV3DCrop_depth/resolve/main/2025/Day001_Oat_depth/416_depth.tif?download=true,main,metric_scale_shift,128,20000,0.14041640625,0.14475569124221802,0.22309549488862288,0.0058087343215942385,-0.13739681837727913,-0.10104375062790773,0.4672400976956568,0.21887822692688336
2025/Day001_Oat,2025,Day001,oat,416.JPG,416,DJI Mavic 3M RGB camera,nadir,nadir,0.9999649198832232,5280,3956,416_depth.tif,True,True,OPENCV,C:\Users\81902\Documents\Codex\2026-09-20\depth-anything-v2-python-uav-rgb\data\uav3dcrop\2025\Day001_Oat\images\416.JPG,C:\Users\81902\Documents\Codex\2026-09-20\depth-anything-v2-python-uav-rgb\data\uav3dcrop_depth\2025\Day001_Oat\416_depth.tif,https://huggingface.co/datasets/Link-Dev/UAV3DCrop/resolve/main/2025/Day001_Oat/images/416.JPG?download=true,https://huggingface.co/datasets/Link-Dev/UAV3DCrop_depth/resolve/main/2025/Day001_Oat_depth/416_depth.tif?download=true,main,relative_scale_shift,128,20000,0.14041640625,0.12101467680931091,0.18671094352441897,0.0038670732021331786,0.5331496027941977,0.4765499695965067,0.6321015185303175,0.21887822692688336
2025/Day001_Oat,2025,Day001,oat,445.JPG,445,DJI Mavic 3M RGB camera,nadir,nadir,0.9999606054532906,5280,3956,445_depth.tif,True,True,OPENCV,C:\Users\81902\Documents\Codex\2026-09-20\depth-anything-v2-python-uav-rgb\data\uav3dcrop\2025\Day001_Oat\images\445.JPG,C:\Users\81902\Documents\Codex\2026-09-20\depth-anything-v2-python-uav-rgb\data\uav3dcrop_depth\2025\Day001_Oat\445_depth.tif,https://huggingface.co/datasets/Link-Dev/UAV3DCrop/resolve/main/2025/Day001_Oat/images/445.JPG?download=true,https://huggingface.co/datasets/Link-Dev/UAV3DCrop_depth/resolve/main/2025/Day001_Oat_depth/445_depth.tif?download=true,main,metric_raw,8,20000,0.011621875,0.014571608543395996,0.04069192096174979,0.004220065832138062,0.022851072288699082,0.08870232153561194,0.5395465559016961,0.039691329162901225
2025/Day001_Oat,2025,Day001,oat,445.JPG,445,DJI Mavic 3M RGB camera,nadir,nadir,0.9999606054532906,5280,3956,445_depth.tif,True,True,OPENCV,C:\Users\81902\Documents\Codex\2026-09-20\depth-anything-v2-python-uav-rgb\data\uav3dcrop\2025\Day001_Oat\images\445.JPG,C:\Users\81902\Documents\Codex\2026-09-20\depth-anything-v2-python-uav-rgb\data\uav3dcrop_depth\2025\Day001_Oat\445_depth.tif,https://huggingface.co/datasets/Link-Dev/UAV3DCrop/resolve/main/2025/Day001_Oat/images/445.JPG?download=true,https://huggingface.co/datasets/Link-Dev/UAV3DCrop_depth/resolve/main/2025/Day001_Oat_depth/445_depth.tif?download=true,main,metric_bias_corrected,8,20000,0.011621875,0.014571615362167358,0.04069192232677786,0.004220064306259155,0.022850970050693278,0.08870242150644699,0.539460020768432,0.039691329162901225
2025/Day001_Oat,2025,Day001,oat,445.JPG,445,DJI Mavic 3M RGB camera,nadir,nadir,0.9999606054532906,5280,3956,445_depth.tif,True,True,OPENCV,C:\Users\81902\Documents\Codex\2026-09-20\depth-anything-v2-python-uav-rgb\data\uav3dcrop\2025\Day001_Oat\images\445.JPG,C:\Users\81902\Documents\Codex\2026-09-20\depth-anything-v2-python-uav-rgb\data\uav3dcrop_depth\2025\Day001_Oat\445_depth.tif,https://huggingface.co/datasets/Link-Dev/UAV3DCrop/resolve/main/2025/Day001_Oat/images/445.JPG?download=true,https://huggingface.co/datasets/Link-Dev/UAV3DCrop_depth/resolve/main/2025/Day001_Oat_depth/445_depth.tif?download=true,main,metric_scale_shift,8,20000,0.011621875,0.012248669385910033,0.03989625787413358,0.003850675058364868,0.022852251100923576,0.08870309811973563,0.539460020768432,0.039691329162901225
2025/Day001_Oat,2025,Day001,oat,445.JPG,445,DJI Mavic 3M RGB camera,nadir,nadir,0.9999606054532906,5280,3956,445_depth.tif,True,True,OPENCV,C:\Users\81902\Documents\Codex\2026-09-20\depth-anything-v2-python-uav-rgb\data\uav3dcrop\2025\Day001_Oat\images\445.JPG,C:\Users\81902\Documents\Codex\2026-09-20\depth-anything-v2-python-uav-rgb\data\uav3dcrop_depth\2025\Day001_Oat\445_depth.tif,https://huggingface.co/datasets/Link-Dev/UAV3DCrop/resolve/main/2025/Day001_Oat/images/445.JPG?download=true,https://huggingface.co/datasets/Link-Dev/UAV3DCrop_depth/resolve/main/2025/Day001_Oat_depth/445_depth.tif?download=true,main,relative_scale_shift,8,20000,0.011621875,0.012459475326538086,0.038960815616441935,0.0009955324172973633,0.2014219017088443,0.18403626794486305,0.7082900657667013,0.039691329162901225
2025/Day001_Oat,2025,Day001,oat,445.JPG,445,DJI Mavic 3M RGB camera,nadir,nadir,0.9999606054532906,5280,3956,445_depth.tif,True,True,OPENCV,C:\Users\81902\Documents\Codex\2026-09-20\depth-anything-v2-python-uav-rgb\data\uav3dcrop\2025\Day001_Oat\images\445.JPG,C:\Users\81902\Documents\Codex\2026-09-20\depth-anything-v2-python-uav-rgb\data\uav3dcrop_depth\2025\Day001_Oat\445_depth.tif,https://huggingface.co/datasets/Link-Dev/UAV3DCrop/resolve/main/2025/Day001_Oat/images/445.JPG?download=true,https://huggingface.co/datasets/Link-Dev/UAV3DCrop_depth/resolve/main/2025/Day001_Oat_depth/445_depth.tif?download=true,main,metric_raw,16,20000,0.0225625,0.0267729332447052,0.06261500944162693,0.0073079345703125,0.04137989898416753,0.1227241256832072,0.5384362680683311,0.060918215217720395
2025/Day001_Oat,2025,Day001,oat,445.JPG,445,DJI Mavic 3M RGB camera,nadir,nadir,0.9999606054532906,5280,3956,445_depth.tif,True,True,OPENCV,C:\Users\81902\Documents\Codex\2026-09-20\depth-anything-v2-python-uav-rgb\data\uav3dcrop\2025\Day001_Oat\images\445.JPG,C:\Users\81902\Documents\Codex\2026-09-20\depth-anything-v2-python-uav-rgb\data\uav3dcrop_depth\2025\Day001_Oat\445_depth.tif,https://huggingface.co/datasets/Link-Dev/UAV3DCrop/resolve/main/2025/Day001_Oat/images/445.JPG?download=true,https://huggingface.co/datasets/Link-Dev/UAV3DCrop_depth/resolve/main/2025/Day001_Oat_depth/445_depth.tif?download=true,main,metric_bias_corrected,16,20000,0.0225625,0.02677292833328247,0.06261500369646178,0.007307935523986816,0.04138030607958637,0.12272442812645547,0.5384362680683311,0.060918215217720395
2025/Day001_Oat,2025,Day001,oat,445.JPG,445,DJI Mavic 3M RGB camera,nadir,nadir,0.9999606054532906,5280,3956,445_depth.tif,True,True,OPENCV,C:\Users\81902\Documents\Codex\2026-09-20\depth-anything-v2-python-uav-rgb\data\uav3dcrop\2025\Day001_Oat\images\445.JPG,C:\Users\81902\Documents\Codex\2026-09-20\depth-anything-v2-python-uav-rgb\data\uav3dcrop_depth\2025\Day001_Oat\445_depth.tif,https://huggingface.co/datasets/Link-Dev/UAV3DCrop/resolve/main/2025/Day001_Oat/images/445.JPG?download=true,https://huggingface.co/datasets/Link-Dev/UAV3DCrop_depth/resolve/main/2025/Day001_Oat_depth/445_depth.tif?download=true,main,metric_scale_shift,16,20000,0.0225625,0.02310043258666992,0.06122208887647955,0.006382494926452637,0.041380639832535135,0.12272592477849525,0.5384362680683311,0.060918215217720395
2025/Day001_Oat,2025,Day001,oat,445.JPG,445,DJI Mavic 3M RGB camera,nadir,nadir,0.9999606054532906,5280,3956,445_depth.tif,True,True,OPENCV,C:\Users\81902\Documents\Codex\2026-09-20\depth-anything-v2-python-uav-rgb\data\uav3dcrop\2025\Day001_Oat\images\445.JPG,C:\Users\81902\Documents\Codex\2026-09-20\depth-anything-v2-python-uav-rgb\data\uav3dcrop_depth\2025\Day001_Oat\445_depth.tif,https://huggingface.co/datasets/Link-Dev/UAV3DCrop/resolve/main/2025/Day001_Oat/images/445.JPG?download=true,https://huggingface.co/datasets/Link-Dev/UAV3DCrop_depth/resolve/main/2025/Day001_Oat_depth/445_depth.tif?download=true,main,relative_scale_shift,16,20000,0.0225625,0.022075621461868287,0.05821088526968298,0.0007009019374847412,0.2972320923694763,0.20785161350603212,0.7238501971090671,0.060918215217720395
2025/Day001_Oat,2025,Day001,oat,445.JPG,445,DJI Mavic 3M RGB camera,nadir,nadir,0.9999606054532906,5280,3956,445_depth.tif,True,True,OPENCV,C:\Users\81902\Documents\Codex\2026-09-20\depth-anything-v2-python-uav-rgb\data\uav3dcrop\2025\Day001_Oat\images\445.JPG,C:\Users\81902\Documents\Codex\2026-09-20\depth-anything-v2-python-uav-rgb\data\uav3dcrop_depth\2025\Day001_Oat\445_depth.tif,https://huggingface.co/datasets/Link-Dev/UAV3DCrop/resolve/main/2025/Day001_Oat/images/445.JPG?download=true,https://huggingface.co/datasets/Link-Dev/UAV3DCrop_depth/resolve/main/2025/Day001_Oat_depth/445_depth.tif?download=true,main,metric_raw,32,20000,0.041698828125,0.048023115563392636,0.09679901815284145,0.013030059123039246,0.039460189347646384,0.15219559027500607,0.5452679589509692,0.09349465655475062
2025/Day001_Oat,2025,Day001,oat,445.JPG,445,DJI Mavic 3M RGB camera,nadir,nadir,0.9999606054532906,5280,3956,445_depth.tif,True,True,OPENCV,C:\Users\81902\Documents\Codex\2026-09-20\depth-anything-v2-python-uav-rgb\data\uav3dcrop\2025\Day001_Oat\images\445.JPG,C:\Users\81902\Documents\Codex\2026-09-20\depth-anything-v2-python-uav-rgb\data\uav3dcrop_depth\2025\Day001_Oat\445_depth.tif,https://huggingface.co/datasets/Link-Dev/UAV3DCrop/resolve/main/2025/Day001_Oat/images/445.JPG?download=true,https://huggingface.co/datasets/Link-Dev/UAV3DCrop_depth/resolve/main/2025/Day001_Oat_depth/445_depth.tif?download=true,main,metric_bias_corrected,32,20000,0.041698828125,0.048023117637634276,0.09679902167674728,0.013030063343048095,0.03946008531827013,0.15219537009088505,0.5452679589509692,0.09349465655475062
2025/Day001_Oat,2025,Day001,oat,445.JPG,445,DJI Mavic 3M RGB camera,nadir,nadir,0.9999606054532906,5280,3956,445_depth.tif,True,True,OPENCV,C:\Users\81902\Documents\Codex\2026-09-20\depth-anything-v2-python-uav-rgb\data\uav3dcrop\2025\Day001_Oat\images\445.JPG,C:\Users\81902\Documents\Codex\2026-09-20\depth-anything-v2-python-uav-rgb\data\uav3dcrop_depth\2025\Day001_Oat\445_depth.tif,https://huggingface.co/datasets/Link-Dev/UAV3DCrop/resolve/main/2025/Day001_Oat/images/445.JPG?download=true,https://huggingface.co/datasets/Link-Dev/UAV3DCrop_depth/resolve/main/2025/Day001_Oat_depth/445_depth.tif?download=true,main,metric_scale_shift,32,20000,0.041698828125,0.042114996004104614,0.09414103592045676,0.01114701828956604,0.03946011238895221,0.15219444526648299,0.5452679589509692,0.09349465655475062
2025/Day001_Oat,2025,Day001,oat,445.JPG,445,DJI Mavic 3M RGB camera,nadir,nadir,0.9999606054532906,5280,3956,445_depth.tif,True,True,OPENCV,C:\Users\81902\Documents\Codex\2026-09-20\depth-anything-v2-python-uav-rgb\data\uav3dcrop\2025\Day001_Oat\images\445.JPG,C:\Users\81902\Documents\Codex\2026-09-20\depth-anything-v2-python-uav-rgb\data\uav3dcrop_depth\2025\Day001_Oat\445_depth.tif,https://huggingface.co/datasets/Link-Dev/UAV3DCrop/resolve/main/2025/Day001_Oat/images/445.JPG?download=true,https://huggingface.co/datasets/Link-Dev/UAV3DCrop_depth/resolve/main/2025/Day001_Oat_depth/445_depth.tif?download=true,main,relative_scale_shift,32,20000,0.041698828125,0.03845998549461365,0.08827267259925466,0.00016397109031677246,0.33579544883943885,0.25973370179511146,0.7363169897377423,0.09349465655475062
2025/Day001_Oat,2025,Day001,oat,445.JPG,445,DJI Mavic 3M RGB camera,nadir,nadir,0.9999606054532906,5280,3956,445_depth.tif,True,True,OPENCV,C:\Users\81902\Documents\Codex\2026-09-20\depth-anything-v2-python-uav-rgb\data\uav3dcrop\2025\Day001_Oat\images\445.JPG,C:\Users\81902\Documents\Codex\2026-09-20\depth-anything-v2-python-uav-rgb\data\uav3dcrop_depth\2025\Day001_Oat\445_depth.tif,https://huggingface.co/datasets/Link-Dev/UAV3DCrop/resolve/main/2025/Day001_Oat/images/445.JPG?download=true,https://huggingface.co/datasets/Link-Dev/UAV3DCrop_depth/resolve/main/2025/Day001_Oat_depth/445_depth.tif?download=true,main,metric_raw,64,20000,0.07452578125,0.08416042437553406,0.14741511238048186,0.03085872001647949,0.07574415380179533,0.18481425208886168,0.5313653136531366,0.1408944627311375
2025/Day001_Oat,2025,Day001,oat,445.JPG,445,DJI Mavic 3M RGB camera,nadir,nadir,0.9999606054532906,5280,3956,445_depth.tif,True,True,OPENCV,C:\Users\81902\Documents\Codex\2026-09-20\depth-anything-v2-python-uav-rgb\data\uav3dcrop\2025\Day001_Oat\images\445.JPG,C:\Users\81902\Documents\Codex\2026-09-20\depth-anything-v2-python-uav-rgb\data\uav3dcrop_depth\2025\Day001_Oat\445_depth.tif,https://huggingface.co/datasets/Link-Dev/UAV3DCrop/resolve/main/2025/Day001_Oat/images/445.JPG?download=true,https://huggingface.co/datasets/Link-Dev/UAV3DCrop_depth/resolve/main/2025/Day001_Oat_depth/445_depth.tif?download=true,main,metric_bias_corrected,64,20000,0.07452578125,0.08416042370796203,0.1474151105389921,0.03085872254371643,0.07574420353155226,0.18481416472670475,0.5313653136531366,0.1408944627311375
2025/Day001_Oat,2025,Day001,oat,445.JPG,445,DJI Mavic 3M RGB camera,nadir,nadir,0.9999606054532906,5280,3956,445_depth.tif,True,True,OPENCV,C:\Users\81902\Documents\Codex\2026-09-20\depth-anything-v2-python-uav-rgb\data\uav3dcrop\2025\Day001_Oat\images\445.JPG,C:\Users\81902\Documents\Codex\2026-09-20\depth-anything-v2-python-uav-rgb\data\uav3dcrop_depth\2025\Day001_Oat\445_depth.tif,https://huggingface.co/datasets/Link-Dev/UAV3DCrop/resolve/main/2025/Day001_Oat/images/445.JPG?download=true,https://huggingface.co/datasets/Link-Dev/UAV3DCrop_depth/resolve/main/2025/Day001_Oat_depth/445_depth.tif?download=true,main,metric_scale_shift,64,20000,0.07452578125,0.07516773519515992,0.1430008745115484,0.0266599383354187,0.07574431284556812,0.18481444787129037,0.5313653136531366,0.1408944627311375
2025/Day001_Oat,2025,Day001,oat,445.JPG,445,DJI Mavic 3M RGB camera,nadir,nadir,0.9999606054532906,5280,3956,445_depth.tif,True,True,OPENCV,C:\Users\81902\Documents\Codex\2026-09-20\depth-anything-v2-python-uav-rgb\data\uav3dcrop\2025\Day001_Oat\images\445.JPG,C:\Users\81902\Documents\Codex\2026-09-20\depth-anything-v2-python-uav-rgb\data\uav3dcrop_depth\2025\Day001_Oat\445_depth.tif,https://huggingface.co/datasets/Link-Dev/UAV3DCrop/resolve/main/2025/Day001_Oat/images/445.JPG?download=true,https://huggingface.co/datasets/Link-Dev/UAV3DCrop_depth/resolve/main/2025/Day001_Oat_depth/445_depth.tif?download=true,main,relative_scale_shift,64,20000,0.07452578125,0.06542205924987793,0.13283517568768352,0.0035277369499206544,0.3557071475386438,0.27916524374301394,0.766832450933205,0.1408944627311375
2025/Day001_Oat,2025,Day001,oat,445.JPG,445,DJI Mavic 3M RGB camera,nadir,nadir,0.9999606054532906,5280,3956,445_depth.tif,True,True,OPENCV,C:\Users\81902\Documents\Codex\2026-09-20\depth-anything-v2-python-uav-rgb\data\uav3dcrop\2025\Day001_Oat\images\445.JPG,C:\Users\81902\Documents\Codex\2026-09-20\depth-anything-v2-python-uav-rgb\data\uav3dcrop_depth\2025\Day001_Oat\445_depth.tif,https://huggingface.co/datasets/Link-Dev/UAV3DCrop/resolve/main/2025/Day001_Oat/images/445.JPG?download=true,https://huggingface.co/datasets/Link-Dev/UAV3DCrop_depth/resolve/main/2025/Day001_Oat_depth/445_depth.tif?download=true,main,metric_raw,128,20000,0.114588671875,0.13000142323970795,0.19663322853441936,0.05839688274860382,0.10447033352910748,0.21635157112132386,0.5168917171090072,0.18093259788289687
2025/Day001_Oat,2025,Day001,oat,445.JPG,445,DJI Mavic 3M RGB camera,nadir,nadir,0.9999606054532906,5280,3956,445_depth.tif,True,True,OPENCV,C:\Users\81902\Documents\Codex\2026-09-20\depth-anything-v2-python-uav-rgb\data\uav3dcrop\2025\Day001_Oat\images\445.JPG,C:\Users\81902\Documents\Codex\2026-09-20\depth-anything-v2-python-uav-rgb\data\uav3dcrop_depth\2025\Day001_Oat\445_depth.tif,https://huggingface.co/datasets/Link-Dev/UAV3DCrop/resolve/main/2025/Day001_Oat/images/445.JPG?download=true,https://huggingface.co/datasets/Link-Dev/UAV3DCrop_depth/resolve/main/2025/Day001_Oat_depth/445_depth.tif?download=true,main,metric_bias_corrected,128,20000,0.114588671875,0.13000142560005187,0.19663323124470042,0.058396881532669066,0.104470304204671,0.21635186818329286,0.5168917171090072,0.18093259788289687
2025/Day001_Oat,2025,Day001,oat,445.JPG,445,DJI Mavic 3M RGB camera,nadir,nadir,0.9999606054532906,5280,3956,445_depth.tif,True,True,OPENCV,C:\Users\81902\Documents\Codex\2026-09-20\depth-anything-v2-python-uav-rgb\data\uav3dcrop\2025\Day001_Oat\images\445.JPG,C:\Users\81902\Documents\Codex\2026-09-20\depth-anything-v2-python-uav-rgb\data\uav3dcrop_depth\2025\Day001_Oat\445_depth.tif,https://huggingface.co/datasets/Link-Dev/UAV3DCrop/resolve/main/2025/Day001_Oat/images/445.JPG?download=true,https://huggingface.co/datasets/Link-Dev/UAV3DCrop_depth/resolve/main/2025/Day001_Oat_depth/445_depth.tif?download=true,main,metric_scale_shift,128,20000,0.114588671875,0.11613836717605591,0.186533256372168,0.04913744592666626,0.10447009804675267,0.21635155872388037,0.5168917171090072,0.18093259788289687
2025/Day001_Oat,2025,Day001,oat,445.JPG,445,DJI Mavic 3M RGB camera,nadir,nadir,0.9999606054532906,5280,3956,445_depth.tif,True,True,OPENCV,C:\Users\81902\Documents\Codex\2026-09-20\depth-anything-v2-python-uav-rgb\data\uav3dcrop\2025\Day001_Oat\images\445.JPG,C:\Users\81902\Documents\Codex\2026-09-20\depth-anything-v2-python-uav-rgb\data\uav3dcrop_depth\2025\Day001_Oat\445_depth.tif,https://huggingface.co/datasets/Link-Dev/UAV3DCrop/resolve/main/2025/Day001_Oat/images/445.JPG?download=true,https://huggingface.co/datasets/Link-Dev/UAV3DCrop_depth/resolve/main/2025/Day001_Oat_depth/445_depth.tif?download=true,main,relative_scale_shift,128,20000,0.114588671875,0.0918390769958496,0.1654740545868114,0.0032134411811828613,0.4545343136458609,0.33457139021225685,0.8090951420145894,0.18093259788289687
2025/Day001_Oat,2025,Day001,oat,96.JPG,96,DJI Mavic 3M RGB camera,oblique,oblique,0.7043685218326969,5280,3956,96_depth.tif,True,True,OPENCV,C:\Users\81902\Documents\Codex\2026-09-20\depth-anything-v2-python-uav-rgb\data\uav3dcrop\2025\Day001_Oat\images\96.JPG,C:\Users\81902\Documents\Codex\2026-09-20\depth-anything-v2-python-uav-rgb\data\uav3dcrop_depth\2025\Day001_Oat\96_depth.tif,https://huggingface.co/datasets/Link-Dev/UAV3DCrop/resolve/main/2025/Day001_Oat/images/96.JPG?download=true,https://huggingface.co/datasets/Link-Dev/UAV3DCrop_depth/resolve/main/2025/Day001_Oat_depth/96_depth.tif?download=true,main,metric_raw,8,20000,0.03726796875,0.04474187672138214,0.19506347255983808,-0.003214392304420471,-0.004146310402107839,0.05237446780177478,0.5244302562738317,0.19253583929134102
2025/Day001_Oat,2025,Day001,oat,96.JPG,96,DJI Mavic 3M RGB camera,oblique,oblique,0.7043685218326969,5280,3956,96_depth.tif,True,True,OPENCV,C:\Users\81902\Documents\Codex\2026-09-20\depth-anything-v2-python-uav-rgb\data\uav3dcrop\2025\Day001_Oat\images\96.JPG,C:\Users\81902\Documents\Codex\2026-09-20\depth-anything-v2-python-uav-rgb\data\uav3dcrop_depth\2025\Day001_Oat\96_depth.tif,https://huggingface.co/datasets/Link-Dev/UAV3DCrop/resolve/main/2025/Day001_Oat/images/96.JPG?download=true,https://huggingface.co/datasets/Link-Dev/UAV3DCrop_depth/resolve/main/2025/Day001_Oat_depth/96_depth.tif?download=true,main,metric_bias_corrected,8,20000,0.03726796875,0.04474187707901001,0.1950634690208784,-0.0032143996238708497,-0.004146204645098648,0.052375140027980285,0.5244302562738317,0.19253583929134102
2025/Day001_Oat,2025,Day001,oat,96.JPG,96,DJI Mavic 3M RGB camera,oblique,oblique,0.7043685218326969,5280,3956,96_depth.tif,True,True,OPENCV,C:\Users\81902\Documents\Codex\2026-09-20\depth-anything-v2-python-uav-rgb\data\uav3dcrop\2025\Day001_Oat\images\96.JPG,C:\Users\81902\Documents\Codex\2026-09-20\depth-anything-v2-python-uav-rgb\data\uav3dcrop_depth\2025\Day001_Oat\96_depth.tif,https://huggingface.co/datasets/Link-Dev/UAV3DCrop/resolve/main/2025/Day001_Oat/images/96.JPG?download=true,https://huggingface.co/datasets/Link-Dev/UAV3DCrop_depth/resolve/main/2025/Day001_Oat_depth/96_depth.tif?download=true,main,metric_scale_shift,8,20000,0.03726796875,0.05410053329467773,0.2006118789963461,-0.0044879293441772465,-0.004146392403481553,0.05237527044732834,0.5244302562738317,0.19253583929134102
2025/Day001_Oat,2025,Day001,oat,96.JPG,96,DJI Mavic 3M RGB camera,oblique,oblique,0.7043685218326969,5280,3956,96_depth.tif,True,True,OPENCV,C:\Users\81902\Documents\Codex\2026-09-20\depth-anything-v2-python-uav-rgb\data\uav3dcrop\2025\Day001_Oat\images\96.JPG,C:\Users\81902\Documents\Codex\2026-09-20\depth-anything-v2-python-uav-rgb\data\uav3dcrop_depth\2025\Day001_Oat\96_depth.tif,https://huggingface.co/datasets/Link-Dev/UAV3DCrop/resolve/main/2025/Day001_Oat/images/96.JPG?download=true,https://huggingface.co/datasets/Link-Dev/UAV3DCrop_depth/resolve/main/2025/Day001_Oat_depth/96_depth.tif?download=true,main,relative_scale_shift,8,20000,0.03726796875,0.038698932552337646,0.1899561877051027,-0.00295703649520874,0.1641474098825395,0.27246655275941534,0.6005143211847123,0.19253583929134102
2025/Day001_Oat,2025,Day001,oat,96.JPG,96,DJI Mavic 3M RGB camera,oblique,oblique,0.7043685218326969,5280,3956,96_depth.tif,True,True,OPENCV,C:\Users\81902\Documents\Codex\2026-09-20\depth-anything-v2-python-uav-rgb\data\uav3dcrop\2025\Day001_Oat\images\96.JPG,C:\Users\81902\Documents\Codex\2026-09-20\depth-anything-v2-python-uav-rgb\data\uav3dcrop_depth\2025\Day001_Oat\96_depth.tif,https://huggingface.co/datasets/Link-Dev/UAV3DCrop/resolve/main/2025/Day001_Oat/images/96.JPG?download=true,https://huggingface.co/datasets/Link-Dev/UAV3DCrop_depth/resolve/main/2025/Day001_Oat_depth/96_depth.tif?download=true,main,metric_raw,16,20000,0.063933203125,0.0744608337879181,0.22786262307934058,-0.006746478891372681,0.08982281646719176,0.0908707537676727,0.5345423752734457,0.22615565658569498
2025/Day001_Oat,2025,Day001,oat,96.JPG,96,DJI Mavic 3M RGB camera,oblique,oblique,0.7043685218326969,5280,3956,96_depth.tif,True,True,OPENCV,C:\Users\81902\Documents\Codex\2026-09-20\depth-anything-v2-python-uav-rgb\data\uav3dcrop\2025\Day001_Oat\images\96.JPG,C:\Users\81902\Documents\Codex\2026-09-20\depth-anything-v2-python-uav-rgb\data\uav3dcrop_depth\2025\Day001_Oat\96_depth.tif,https://huggingface.co/datasets/Link-Dev/UAV3DCrop/resolve/main/2025/Day001_Oat/images/96.JPG?download=true,https://huggingface.co/datasets/Link-Dev/UAV3DCrop_depth/resolve/main/2025/Day001_Oat_depth/96_depth.tif?download=true,main,metric_bias_corrected,16,20000,0.063933203125,0.0744608337879181,0.22786262861667372,-0.006746472883224487,0.08982269450486938,0.0908702276359324,0.5345423752734457,0.22615565658569498
2025/Day001_Oat,2025,Day001,oat,96.JPG,96,DJI Mavic 3M RGB camera,oblique,oblique,0.7043685218326969,5280,3956,96_depth.tif,True,True,OPENCV,C:\Users\81902\Documents\Codex\2026-09-20\depth-anything-v2-python-uav-rgb\data\uav3dcrop\2025\Day001_Oat\images\96.JPG,C:\Users\81902\Documents\Codex\2026-09-20\depth-anything-v2-python-uav-rgb\data\uav3dcrop_depth\2025\Day001_Oat\96_depth.tif,https://huggingface.co/datasets/Link-Dev/UAV3DCrop/resolve/main/2025/Day001_Oat/images/96.JPG?download=true,https://huggingface.co/datasets/Link-Dev/UAV3DCrop_depth/resolve/main/2025/Day001_Oat_depth/96_depth.tif?download=true,main,metric_scale_shift,16,20000,0.063933203125,0.09011056632995605,0.2387058571862537,-0.009820728302001954,0.0898227064914264,0.09087094365210967,0.5345423752734457,0.22615565658569498
2025/Day001_Oat,2025,Day001,oat,96.JPG,96,DJI Mavic 3M RGB camera,oblique,oblique,0.7043685218326969,5280,3956,96_depth.tif,True,True,OPENCV,C:\Users\81902\Documents\Codex\2026-09-20\depth-anything-v2-python-uav-rgb\data\uav3dcrop\2025\Day001_Oat\images\96.JPG,C:\Users\81902\Documents\Codex\2026-09-20\depth-anything-v2-python-uav-rgb\data\uav3dcrop_depth\2025\Day001_Oat\96_depth.tif,https://huggingface.co/datasets/Link-Dev/UAV3DCrop/resolve/main/2025/Day001_Oat/images/96.JPG?download=true,https://huggingface.co/datasets/Link-Dev/UAV3DCrop_depth/resolve/main/2025/Day001_Oat_depth/96_depth.tif?download=true,main,relative_scale_shift,16,20000,0.063933203125,0.06269343461990357,0.21648878413165823,-0.005693249225616455,0.29112528364472295,0.28985216204297454,0.580692964504975,0.22615565658569498
2025/Day001_Oat,2025,Day001,oat,96.JPG,96,DJI Mavic 3M RGB camera,oblique,oblique,0.7043685218326969,5280,3956,96_depth.tif,True,True,OPENCV,C:\Users\81902\Documents\Codex\2026-09-20\depth-anything-v2-python-uav-rgb\data\uav3dcrop\2025\Day001_Oat\images\96.JPG,C:\Users\81902\Documents\Codex\2026-09-20\depth-anything-v2-python-uav-rgb\data\uav3dcrop_depth\2025\Day001_Oat\96_depth.tif,https://huggingface.co/datasets/Link-Dev/UAV3DCrop/resolve/main/2025/Day001_Oat/images/96.JPG?download=true,https://huggingface.co/datasets/Link-Dev/UAV3DCrop_depth/resolve/main/2025/Day001_Oat_depth/96_depth.tif?download=true,main,metric_raw,32,20000,0.11028671875,0.12581530997753143,0.34830697505006186,-0.01229429132938385,0.14813921428670346,0.11457168572152121,0.537006474546147,0.3489757980253385
2025/Day001_Oat,2025,Day001,oat,96.JPG,96,DJI Mavic 3M RGB camera,oblique,oblique,0.7043685218326969,5280,3956,96_depth.tif,True,True,OPENCV,C:\Users\81902\Documents\Codex\2026-09-20\depth-anything-v2-python-uav-rgb\data\uav3dcrop\2025\Day001_Oat\images\96.JPG,C:\Users\81902\Documents\Codex\2026-09-20\depth-anything-v2-python-uav-rgb\data\uav3dcrop_depth\2025\Day001_Oat\96_depth.tif,https://huggingface.co/datasets/Link-Dev/UAV3DCrop/resolve/main/2025/Day001_Oat/images/96.JPG?download=true,https://huggingface.co/datasets/Link-Dev/UAV3DCrop_depth/resolve/main/2025/Day001_Oat_depth/96_depth.tif?download=true,main,metric_bias_corrected,32,20000,0.11028671875,0.1258153176307678,0.34830697112305353,-0.012294279193878174,0.14813924170203055,0.11457106140834604,0.537006474546147,0.3489757980253385
2025/Day001_Oat,2025,Day001,oat,96.JPG,96,DJI Mavic 3M RGB camera,oblique,oblique,0.7043685218326969,5280,3956,96_depth.tif,True,True,OPENCV,C:\Users\81902\Documents\Codex\2026-09-20\depth-anything-v2-python-uav-rgb\data\uav3dcrop\2025\Day001_Oat\images\96.JPG,C:\Users\81902\Documents\Codex\2026-09-20\depth-anything-v2-python-uav-rgb\data\uav3dcrop_depth\2025\Day001_Oat\96_depth.tif,https://huggingface.co/datasets/Link-Dev/UAV3DCrop/resolve/main/2025/Day001_Oat/images/96.JPG?download=true,https://huggingface.co/datasets/Link-Dev/UAV3DCrop_depth/resolve/main/2025/Day001_Oat_depth/96_depth.tif?download=true,main,metric_scale_shift,32,20000,0.11028671875,0.1500635474205017,0.36759238062155764,-0.017238273906707763,0.14813915229997668,0.11457142139436823,0.537006474546147,0.3489757980253385
2025/Day001_Oat,2025,Day001,oat,96.JPG,96,DJI Mavic 3M RGB camera,oblique,oblique,0.7043685218326969,5280,3956,96_depth.tif,True,True,OPENCV,C:\Users\81902\Documents\Codex\2026-09-20\depth-anything-v2-python-uav-rgb\data\uav3dcrop\2025\Day001_Oat\images\96.JPG,C:\Users\81902\Documents\Codex\2026-09-20\depth-anything-v2-python-uav-rgb\data\uav3dcrop_depth\2025\Day001_Oat\96_depth.tif,https://huggingface.co/datasets/Link-Dev/UAV3DCrop/resolve/main/2025/Day001_Oat/images/96.JPG?download=true,https://huggingface.co/datasets/Link-Dev/UAV3DCrop_depth/resolve/main/2025/Day001_Oat_depth/96_depth.tif?download=true,main,relative_scale_shift,32,20000,0.11028671875,0.10188305883407593,0.3294691747952875,-0.011218189907073975,0.3315180324568573,0.3744128079177082,0.5907705979433795,0.3489757980253385
2025/Day001_Oat,2025,Day001,oat,96.JPG,96,DJI Mavic 3M RGB camera,oblique,oblique,0.7043685218326969,5280,3956,96_depth.tif,True,True,OPENCV,C:\Users\81902\Documents\Codex\2026-09-20\depth-anything-v2-python-uav-rgb\data\uav3dcrop\2025\Day001_Oat\images\96.JPG,C:\Users\81902\Documents\Codex\2026-09-20\depth-anything-v2-python-uav-rgb\data\uav3dcrop_depth\2025\Day001_Oat\96_depth.tif,https://huggingface.co/datasets/Link-Dev/UAV3DCrop/resolve/main/2025/Day001_Oat/images/96.JPG?download=true,https://huggingface.co/datasets/Link-Dev/UAV3DCrop_depth/resolve/main/2025/Day001_Oat_depth/96_depth.tif?download=true,main,metric_raw,64,20000,0.159090625,0.18070804424285888,0.4188099652235152,-0.028403678035736082,0.1909539565429733,0.13113196186730708,0.5392220709253449,0.42108858713135444
2025/Day001_Oat,2025,Day001,oat,96.JPG,96,DJI Mavic 3M RGB camera,oblique,oblique,0.7043685218326969,5280,3956,96_depth.tif,True,True,OPENCV,C:\Users\81902\Documents\Codex\2026-09-20\depth-anything-v2-python-uav-rgb\data\uav3dcrop\2025\Day001_Oat\images\96.JPG,C:\Users\81902\Documents\Codex\2026-09-20\depth-anything-v2-python-uav-rgb\data\uav3dcrop_depth\2025\Day001_Oat\96_depth.tif,https://huggingface.co/datasets/Link-Dev/UAV3DCrop/resolve/main/2025/Day001_Oat/images/96.JPG?download=true,https://huggingface.co/datasets/Link-Dev/UAV3DCrop_depth/resolve/main/2025/Day001_Oat_depth/96_depth.tif?download=true,main,metric_bias_corrected,64,20000,0.159090625,0.18070804028511048,0.4188099753925876,-0.028403677988052368,0.19095388397794272,0.13113209473732765,0.5391628677994198,0.42108858713135444
2025/Day001_Oat,2025,Day001,oat,96.JPG,96,DJI Mavic 3M RGB camera,oblique,oblique,0.7043685218326969,5280,3956,96_depth.tif,True,True,OPENCV,C:\Users\81902\Documents\Codex\2026-09-20\depth-anything-v2-python-uav-rgb\data\uav3dcrop\2025\Day001_Oat\images\96.JPG,C:\Users\81902\Documents\Codex\2026-09-20\depth-anything-v2-python-uav-rgb\data\uav3dcrop_depth\2025\Day001_Oat\96_depth.tif,https://huggingface.co/datasets/Link-Dev/UAV3DCrop/resolve/main/2025/Day001_Oat/images/96.JPG?download=true,https://huggingface.co/datasets/Link-Dev/UAV3DCrop_depth/resolve/main/2025/Day001_Oat_depth/96_depth.tif?download=true,main,metric_scale_shift,64,20000,0.159090625,0.2177808108329773,0.4519793918917711,-0.04189640169143677,0.19095398088557217,0.131131944550454,0.5392220709253449,0.42108858713135444
2025/Day001_Oat,2025,Day001,oat,96.JPG,96,DJI Mavic 3M RGB camera,oblique,oblique,0.7043685218326969,5280,3956,96_depth.tif,True,True,OPENCV,C:\Users\81902\Documents\Codex\2026-09-20\depth-anything-v2-python-uav-rgb\data\uav3dcrop\2025\Day001_Oat\images\96.JPG,C:\Users\81902\Documents\Codex\2026-09-20\depth-anything-v2-python-uav-rgb\data\uav3dcrop_depth\2025\Day001_Oat\96_depth.tif,https://huggingface.co/datasets/Link-Dev/UAV3DCrop/resolve/main/2025/Day001_Oat/images/96.JPG?download=true,https://huggingface.co/datasets/Link-Dev/UAV3DCrop_depth/resolve/main/2025/Day001_Oat_depth/96_depth.tif?download=true,main,relative_scale_shift,64,20000,0.159090625,0.1369177240371704,0.38064506864499875,-0.022815206909179687,0.4311427012042232,0.4393232799565611,0.5874726185542597,0.42108858713135444
2025/Day001_Oat,2025,Day001,oat,96.JPG,96,DJI Mavic 3M RGB camera,oblique,oblique,0.7043685218326969,5280,3956,96_depth.tif,True,True,OPENCV,C:\Users\81902\Documents\Codex\2026-09-20\depth-anything-v2-python-uav-rgb\data\uav3dcrop\2025\Day001_Oat\images\96.JPG,C:\Users\81902\Documents\Codex\2026-09-20\depth-anything-v2-python-uav-rgb\data\uav3dcrop_depth\2025\Day001_Oat\96_depth.tif,https://huggingface.co/datasets/Link-Dev/UAV3DCrop/resolve/main/2025/Day001_Oat/images/96.JPG?download=true,https://huggingface.co/datasets/Link-Dev/UAV3DCrop_depth/resolve/main/2025/Day001_Oat_depth/96_depth.tif?download=true,main,metric_raw,128,20000,0.209478125,0.25047753024101255,0.5536673944291314,-0.07007045435905457,0.26337587598652085,0.10820956047147179,0.5278150884262368,0.562848899485229
2025/Day001_Oat,2025,Day001,oat,96.JPG,96,DJI Mavic 3M RGB camera,oblique,oblique,0.7043685218326969,5280,3956,96_depth.tif,True,True,OPENCV,C:\Users\81902\Documents\Codex\2026-09-20\depth-anything-v2-python-uav-rgb\data\uav3dcrop\2025\Day001_Oat\images\96.JPG,C:\Users\81902\Documents\Codex\2026-09-20\depth-anything-v2-python-uav-rgb\data\uav3dcrop_depth\2025\Day001_Oat\96_depth.tif,https://huggingface.co/datasets/Link-Dev/UAV3DCrop/resolve/main/2025/Day001_Oat/images/96.JPG?download=true,https://huggingface.co/datasets/Link-Dev/UAV3DCrop_depth/resolve/main/2025/Day001_Oat_depth/96_depth.tif?download=true,main,metric_bias_corrected,128,20000,0.209478125,0.2504775273323059,0.5536674030903834,-0.0700704402923584,0.26337582549647776,0.10820932976214223,0.5278150884262368,0.562848899485229
2025/Day001_Oat,2025,Day001,oat,96.JPG,96,DJI Mavic 3M RGB camera,oblique,oblique,0.7043685218326969,5280,3956,96_depth.tif,True,True,OPENCV,C:\Users\81902\Documents\Codex\2026-09-20\depth-anything-v2-python-uav-rgb\data\uav3dcrop\2025\Day001_Oat\images\96.JPG,C:\Users\81902\Documents\Codex\2026-09-20\depth-anything-v2-python-uav-rgb\data\uav3dcrop_depth\2025\Day001_Oat\96_depth.tif,https://huggingface.co/datasets/Link-Dev/UAV3DCrop/resolve/main/2025/Day001_Oat/images/96.JPG?download=true,https://huggingface.co/datasets/Link-Dev/UAV3DCrop_depth/resolve/main/2025/Day001_Oat_depth/96_depth.tif?download=true,main,metric_scale_shift,128,20000,0.209478125,0.3146149897575378,0.6146953667574142,-0.09248462724685669,0.26337593835757234,0.10820952025838351,0.5278150884262368,0.562848899485229
2025/Day001_Oat,2025,Day001,oat,96.JPG,96,DJI Mavic 3M RGB camera,oblique,oblique,0.7043685218326969,5280,3956,96_depth.tif,True,True,OPENCV,C:\Users\81902\Documents\Codex\2026-09-20\depth-anything-v2-python-uav-rgb\data\uav3dcrop\2025\Day001_Oat\images\96.JPG,C:\Users\81902\Documents\Codex\2026-09-20\depth-anything-v2-python-uav-rgb\data\uav3dcrop_depth\2025\Day001_Oat\96_depth.tif,https://huggingface.co/datasets/Link-Dev/UAV3DCrop/resolve/main/2025/Day001_Oat/images/96.JPG?download=true,https://huggingface.co/datasets/Link-Dev/UAV3DCrop_depth/resolve/main/2025/Day001_Oat_depth/96_depth.tif?download=true,main,relative_scale_shift,128,20000,0.209478125,0.1879906002998352,0.510808632757257,-0.06058792924880981,0.4340372387163528,0.4679659344292186,0.5795276471905082,0.562848899485229
2025/Day001_Oat,2025,Day001,oat,166.JPG,166,DJI Mavic 3M RGB camera,oblique,oblique,0.7105216300603896,5280,3956,166_depth.tif,True,True,OPENCV,C:\Users\81902\Documents\Codex\2026-09-20\depth-anything-v2-python-uav-rgb\data\uav3dcrop\2025\Day001_Oat\images\166.JPG,C:\Users\81902\Documents\Codex\2026-09-20\depth-anything-v2-python-uav-rgb\data\uav3dcrop_depth\2025\Day001_Oat\166_depth.tif,https://huggingface.co/datasets/Link-Dev/UAV3DCrop/resolve/main/2025/Day001_Oat/images/166.JPG?download=true,https://huggingface.co/datasets/Link-Dev/UAV3DCrop_depth/resolve/main/2025/Day001_Oat_depth/166_depth.tif?download=true,main,metric_raw,8,20000,0.02267578125,0.02712505021095276,0.10205199445785901,0.0008494757652282715,0.05392458659593194,0.012213929065423417,0.5116050595603586,0.10111603090777925
2025/Day001_Oat,2025,Day001,oat,166.JPG,166,DJI Mavic 3M RGB camera,oblique,oblique,0.7105216300603896,5280,3956,166_depth.tif,True,True,OPENCV,C:\Users\81902\Documents\Codex\2026-09-20\depth-anything-v2-python-uav-rgb\data\uav3dcrop\2025\Day001_Oat\images\166.JPG,C:\Users\81902\Documents\Codex\2026-09-20\depth-anything-v2-python-uav-rgb\data\uav3dcrop_depth\2025\Day001_Oat\166_depth.tif,https://huggingface.co/datasets/Link-Dev/UAV3DCrop/resolve/main/2025/Day001_Oat/images/166.JPG?download=true,https://huggingface.co/datasets/Link-Dev/UAV3DCrop_depth/resolve/main/2025/Day001_Oat_depth/166_depth.tif?download=true,main,metric_bias_corrected,8,20000,0.02267578125,0.027125051689147948,0.10205198868489679,0.0008494781494140625,0.05392485702461299,0.012215973834846384,0.5116050595603586,0.10111603090777925
2025/Day001_Oat,2025,Day001,oat,166.JPG,166,DJI Mavic 3M RGB camera,oblique,oblique,0.7105216300603896,5280,3956,166_depth.tif,True,True,OPENCV,C:\Users\81902\Documents\Codex\2026-09-20\depth-anything-v2-python-uav-rgb\data\uav3dcrop\2025\Day001_Oat\images\166.JPG,C:\Users\81902\Documents\Codex\2026-09-20\depth-anything-v2-python-uav-rgb\data\uav3dcrop_depth\2025\Day001_Oat\166_depth.tif,https://huggingface.co/datasets/Link-Dev/UAV3DCrop/resolve/main/2025/Day001_Oat/images/166.JPG?download=true,https://huggingface.co/datasets/Link-Dev/UAV3DCrop_depth/resolve/main/2025/Day001_Oat_depth/166_depth.tif?download=true,main,metric_scale_shift,8,20000,0.02267578125,0.05348615026473999,0.13834847991455138,0.010227388286590576,0.05392445442425258,0.012214282183300614,0.5116050595603586,0.10111603090777925
2025/Day001_Oat,2025,Day001,oat,166.JPG,166,DJI Mavic 3M RGB camera,oblique,oblique,0.7105216300603896,5280,3956,166_depth.tif,True,True,OPENCV,C:\Users\81902\Documents\Codex\2026-09-20\depth-anything-v2-python-uav-rgb\data\uav3dcrop\2025\Day001_Oat\images\166.JPG,C:\Users\81902\Documents\Codex\2026-09-20\depth-anything-v2-python-uav-rgb\data\uav3dcrop_depth\2025\Day001_Oat\166_depth.tif,https://huggingface.co/datasets/Link-Dev/UAV3DCrop/resolve/main/2025/Day001_Oat/images/166.JPG?download=true,https://huggingface.co/datasets/Link-Dev/UAV3DCrop_depth/resolve/main/2025/Day001_Oat_depth/166_depth.tif?download=true,main,relative_scale_shift,8,20000,0.02267578125,0.024039884853363037,0.10025682387152399,-0.001842485523223877,0.1325021732988794,0.07625010691637703,0.5171312783986246,0.10111603090777925
2025/Day001_Oat,2025,Day001,oat,166.JPG,166,DJI Mavic 3M RGB camera,oblique,oblique,0.7105216300603896,5280,3956,166_depth.tif,True,True,OPENCV,C:\Users\81902\Documents\Codex\2026-09-20\depth-anything-v2-python-uav-rgb\data\uav3dcrop\2025\Day001_Oat\images\166.JPG,C:\Users\81902\Documents\Codex\2026-09-20\depth-anything-v2-python-uav-rgb\data\uav3dcrop_depth\2025\Day001_Oat\166_depth.tif,https://huggingface.co/datasets/Link-Dev/UAV3DCrop/resolve/main/2025/Day001_Oat/images/166.JPG?download=true,https://huggingface.co/datasets/Link-Dev/UAV3DCrop_depth/resolve/main/2025/Day001_Oat_depth/166_depth.tif?download=true,main,metric_raw,16,20000,0.03911875,0.045724475955963136,0.15031999544110494,0.00278877477645874,0.06352722696098416,0.005387769984303266,0.5084326306141155,0.14820584406276113
2025/Day001_Oat,2025,Day001,oat,166.JPG,166,DJI Mavic 3M RGB camera,oblique,oblique,0.7105216300603896,5280,3956,166_depth.tif,True,True,OPENCV,C:\Users\81902\Documents\Codex\2026-09-20\depth-anything-v2-python-uav-rgb\data\uav3dcrop\2025\Day001_Oat\images\166.JPG,C:\Users\81902\Documents\Codex\2026-09-20\depth-anything-v2-python-uav-rgb\data\uav3dcrop_depth\2025\Day001_Oat\166_depth.tif,https://huggingface.co/datasets/Link-Dev/UAV3DCrop/resolve/main/2025/Day001_Oat/images/166.JPG?download=true,https://huggingface.co/datasets/Link-Dev/UAV3DCrop_depth/resolve/main/2025/Day001_Oat_depth/166_depth.tif?download=true,main,metric_bias_corrected,16,20000,0.03911875,0.04572446899414063,0.1503199872972349,0.0027887712478637697,0.06352742525645902,0.00538860435974544,0.5084326306141155,0.14820584406276113
2025/Day001_Oat,2025,Day001,oat,166.JPG,166,DJI Mavic 3M RGB camera,oblique,oblique,0.7105216300603896,5280,3956,166_depth.tif,True,True,OPENCV,C:\Users\81902\Documents\Codex\2026-09-20\depth-anything-v2-python-uav-rgb\data\uav3dcrop\2025\Day001_Oat\images\166.JPG,C:\Users\81902\Documents\Codex\2026-09-20\depth-anything-v2-python-uav-rgb\data\uav3dcrop_depth\2025\Day001_Oat\166_depth.tif,https://huggingface.co/datasets/Link-Dev/UAV3DCrop/resolve/main/2025/Day001_Oat/images/166.JPG?download=true,https://huggingface.co/datasets/Link-Dev/UAV3DCrop_depth/resolve/main/2025/Day001_Oat_depth/166_depth.tif?download=true,main,metric_scale_shift,16,20000,0.03911875,0.09152988243103027,0.2246599265713255,0.020472087287902833,0.06352714561582726,0.005387924207357706,0.5084326306141155,0.14820584406276113
2025/Day001_Oat,2025,Day001,oat,166.JPG,166,DJI Mavic 3M RGB camera,oblique,oblique,0.7105216300603896,5280,3956,166_depth.tif,True,True,OPENCV,C:\Users\81902\Documents\Codex\2026-09-20\depth-anything-v2-python-uav-rgb\data\uav3dcrop\2025\Day001_Oat\images\166.JPG,C:\Users\81902\Documents\Codex\2026-09-20\depth-anything-v2-python-uav-rgb\data\uav3dcrop_depth\2025\Day001_Oat\166_depth.tif,https://huggingface.co/datasets/Link-Dev/UAV3DCrop/resolve/main/2025/Day001_Oat/images/166.JPG?download=true,https://huggingface.co/datasets/Link-Dev/UAV3DCrop_depth/resolve/main/2025/Day001_Oat_depth/166_depth.tif?download=true,main,relative_scale_shift,16,20000,0.03911875,0.040713715553283694,0.14432456157358747,-0.0017357566833496093,0.2288536235467104,0.09058522730087847,0.5157653528872594,0.14820584406276113
2025/Day001_Oat,2025,Day001,oat,166.JPG,166,DJI Mavic 3M RGB camera,oblique,oblique,0.7105216300603896,5280,3956,166_depth.tif,True,True,OPENCV,C:\Users\81902\Documents\Codex\2026-09-20\depth-anything-v2-python-uav-rgb\data\uav3dcrop\2025\Day001_Oat\images\166.JPG,C:\Users\81902\Documents\Codex\2026-09-20\depth-anything-v2-python-uav-rgb\data\uav3dcrop_depth\2025\Day001_Oat\166_depth.tif,https://huggingface.co/datasets/Link-Dev/UAV3DCrop/resolve/main/2025/Day001_Oat/images/166.JPG?download=true,https://huggingface.co/datasets/Link-Dev/UAV3DCrop_depth/resolve/main/2025/Day001_Oat_depth/166_depth.tif?download=true,main,metric_raw,32,20000,0.0579828125,0.06702219951152802,0.18814583453630507,0.00675049135684967,0.1160227306613106,0.02105605783639382,0.5235276259866424,0.18433168928373203
2025/Day001_Oat,2025,Day001,oat,166.JPG,166,DJI Mavic 3M RGB camera,oblique,oblique,0.7105216300603896,5280,3956,166_depth.tif,True,True,OPENCV,C:\Users\81902\Documents\Codex\2026-09-20\depth-anything-v2-python-uav-rgb\data\uav3dcrop\2025\Day001_Oat\images\166.JPG,C:\Users\81902\Documents\Codex\2026-09-20\depth-anything-v2-python-uav-rgb\data\uav3dcrop_depth\2025\Day001_Oat\166_depth.tif,https://huggingface.co/datasets/Link-Dev/UAV3DCrop/resolve/main/2025/Day001_Oat/images/166.JPG?download=true,https://huggingface.co/datasets/Link-Dev/UAV3DCrop_depth/resolve/main/2025/Day001_Oat_depth/166_depth.tif?download=true,main,metric_bias_corrected,32,20000,0.0579828125,0.06702219696044921,0.18814582979755556,0.0067504890441894535,0.1160227799828206,0.021056376450960906,0.5235276259866424,0.18433168928373203
2025/Day001_Oat,2025,Day001,oat,166.JPG,166,DJI Mavic 3M RGB camera,oblique,oblique,0.7105216300603896,5280,3956,166_depth.tif,True,True,OPENCV,C:\Users\81902\Documents\Codex\2026-09-20\depth-anything-v2-python-uav-rgb\data\uav3dcrop\2025\Day001_Oat\images\166.JPG,C:\Users\81902\Documents\Codex\2026-09-20\depth-anything-v2-python-uav-rgb\data\uav3dcrop_depth\2025\Day001_Oat\166_depth.tif,https://huggingface.co/datasets/Link-Dev/UAV3DCrop/resolve/main/2025/Day001_Oat/images/166.JPG?download=true,https://huggingface.co/datasets/Link-Dev/UAV3DCrop_depth/resolve/main/2025/Day001_Oat_depth/166_depth.tif?download=true,main,metric_scale_shift,32,20000,0.0579828125,0.14627718105316162,0.34837330276202444,0.03856788749694824,0.11602273924631752,0.02105632500330088,0.5235276259866424,0.18433168928373203
2025/Day001_Oat,2025,Day001,oat,166.JPG,166,DJI Mavic 3M RGB camera,oblique,oblique,0.7105216300603896,5280,3956,166_depth.tif,True,True,OPENCV,C:\Users\81902\Documents\Codex\2026-09-20\depth-anything-v2-python-uav-rgb\data\uav3dcrop\2025\Day001_Oat\images\166.JPG,C:\Users\81902\Documents\Codex\2026-09-20\depth-anything-v2-python-uav-rgb\data\uav3dcrop_depth\2025\Day001_Oat\166_depth.tif,https://huggingface.co/datasets/Link-Dev/UAV3DCrop/resolve/main/2025/Day001_Oat/images/166.JPG?download=true,https://huggingface.co/datasets/Link-Dev/UAV3DCrop_depth/resolve/main/2025/Day001_Oat_depth/166_depth.tif?download=true,main,relative_scale_shift,32,20000,0.0579828125,0.05810812692642212,0.17329567535634202,-0.0021684739112854,0.3516810224462143,0.08543742546380599,0.4941560412871888,0.18433168928373203
2025/Day001_Oat,2025,Day001,oat,166.JPG,166,DJI Mavic 3M RGB camera,oblique,oblique,0.7105216300603896,5280,3956,166_depth.tif,True,True,OPENCV,C:\Users\81902\Documents\Codex\2026-09-20\depth-anything-v2-python-uav-rgb\data\uav3dcrop\2025\Day001_Oat\images\166.JPG,C:\Users\81902\Documents\Codex\2026-09-20\depth-anything-v2-python-uav-rgb\data\uav3dcrop_depth\2025\Day001_Oat\166_depth.tif,https://huggingface.co/datasets/Link-Dev/UAV3DCrop/resolve/main/2025/Day001_Oat/images/166.JPG?download=true,https://huggingface.co/datasets/Link-Dev/UAV3DCrop_depth/resolve/main/2025/Day001_Oat_depth/166_depth.tif?download=true,main,metric_raw,64,20000,0.072857421875,0.08618615293502807,0.22086003971625576,0.015938974857330323,0.17939217239027058,0.02110601525729493,0.5479553403282217,0.21276257152203187
2025/Day001_Oat,2025,Day001,oat,166.JPG,166,DJI Mavic 3M RGB camera,oblique,oblique,0.7105216300603896,5280,3956,166_depth.tif,True,True,OPENCV,C:\Users\81902\Documents\Codex\2026-09-20\depth-anything-v2-python-uav-rgb\data\uav3dcrop\2025\Day001_Oat\images\166.JPG,C:\Users\81902\Documents\Codex\2026-09-20\depth-anything-v2-python-uav-rgb\data\uav3dcrop_depth\2025\Day001_Oat\166_depth.tif,https://huggingface.co/datasets/Link-Dev/UAV3DCrop/resolve/main/2025/Day001_Oat/images/166.JPG?download=true,https://huggingface.co/datasets/Link-Dev/UAV3DCrop_depth/resolve/main/2025/Day001_Oat_depth/166_depth.tif?download=true,main,metric_bias_corrected,64,20000,0.072857421875,0.08618615303039551,0.2208600439162162,0.0159389684677124,0.17939210769328526,0.02110577700099113,0.5479553403282217,0.21276257152203187
2025/Day001_Oat,2025,Day001,oat,166.JPG,166,DJI Mavic 3M RGB camera,oblique,oblique,0.7105216300603896,5280,3956,166_depth.tif,True,True,OPENCV,C:\Users\81902\Documents\Codex\2026-09-20\depth-anything-v2-python-uav-rgb\data\uav3dcrop\2025\Day001_Oat\images\166.JPG,C:\Users\81902\Documents\Codex\2026-09-20\depth-anything-v2-python-uav-rgb\data\uav3dcrop_depth\2025\Day001_Oat\166_depth.tif,https://huggingface.co/datasets/Link-Dev/UAV3DCrop/resolve/main/2025/Day001_Oat/images/166.JPG?download=true,https://huggingface.co/datasets/Link-Dev/UAV3DCrop_depth/resolve/main/2025/Day001_Oat_depth/166_depth.tif?download=true,main,metric_scale_shift,64,20000,0.072857421875,0.2208174144744873,0.5362367021311126,0.08433750324249267,0.17939218306873586,0.021105627778343225,0.5479553403282217,0.21276257152203187
2025/Day001_Oat,2025,Day001,oat,166.JPG,166,DJI Mavic 3M RGB camera,oblique,oblique,0.7105216300603896,5280,3956,166_depth.tif,True,True,OPENCV,C:\Users\81902\Documents\Codex\2026-09-20\depth-anything-v2-python-uav-rgb\data\uav3dcrop\2025\Day001_Oat\images\166.JPG,C:\Users\81902\Documents\Codex\2026-09-20\depth-anything-v2-python-uav-rgb\data\uav3dcrop_depth\2025\Day001_Oat\166_depth.tif,https://huggingface.co/datasets/Link-Dev/UAV3DCrop/resolve/main/2025/Day001_Oat/images/166.JPG?download=true,https://huggingface.co/datasets/Link-Dev/UAV3DCrop_depth/resolve/main/2025/Day001_Oat_depth/166_depth.tif?download=true,main,relative_scale_shift,64,20000,0.072857421875,0.07051872873306274,0.1853683607230334,-0.0030018868446350096,0.5096712281932099,0.11261718382785406,0.5005380683346785,0.21276257152203187
2025/Day001_Oat,2025,Day001,oat,166.JPG,166,DJI Mavic 3M RGB camera,oblique,oblique,0.7105216300603896,5280,3956,166_depth.tif,True,True,OPENCV,C:\Users\81902\Documents\Codex\2026-09-20\depth-anything-v2-python-uav-rgb\data\uav3dcrop\2025\Day001_Oat\images\166.JPG,C:\Users\81902\Documents\Codex\2026-09-20\depth-anything-v2-python-uav-rgb\data\uav3dcrop_depth\2025\Day001_Oat\166_depth.tif,https://huggingface.co/datasets/Link-Dev/UAV3DCrop/resolve/main/2025/Day001_Oat/images/166.JPG?download=true,https://huggingface.co/datasets/Link-Dev/UAV3DCrop_depth/resolve/main/2025/Day001_Oat_depth/166_depth.tif?download=true,main,metric_raw,128,20000,0.101765234375,0.11725673072338104,0.26335648250015753,0.02643961832523346,0.25287477236886235,0.036423748722922256,0.5751518367828292,0.2559607549027478
2025/Day001_Oat,2025,Day001,oat,166.JPG,166,DJI Mavic 3M RGB camera,oblique,oblique,0.7105216300603896,5280,3956,166_depth.tif,True,True,OPENCV,C:\Users\81902\Documents\Codex\2026-09-20\depth-anything-v2-python-uav-rgb\data\uav3dcrop\2025\Day001_Oat\images\166.JPG,C:\Users\81902\Documents\Codex\2026-09-20\depth-anything-v2-python-uav-rgb\data\uav3dcrop_depth\2025\Day001_Oat\166_depth.tif,https://huggingface.co/datasets/Link-Dev/UAV3DCrop/resolve/main/2025/Day001_Oat/images/166.JPG?download=true,https://huggingface.co/datasets/Link-Dev/UAV3DCrop_depth/resolve/main/2025/Day001_Oat_depth/166_depth.tif?download=true,main,metric_bias_corrected,128,20000,0.101765234375,0.11725673198699951,0.26335648634257525,0.026439610099792482,0.25287475134535,0.0364235116138439,0.5751518367828292,0.2559607549027478
2025/Day001_Oat,2025,Day001,oat,166.JPG,166,DJI Mavic 3M RGB camera,oblique,oblique,0.7105216300603896,5280,3956,166_depth.tif,True,True,OPENCV,C:\Users\81902\Documents\Codex\2026-09-20\depth-anything-v2-python-uav-rgb\data\uav3dcrop\2025\Day001_Oat\images\166.JPG,C:\Users\81902\Documents\Codex\2026-09-20\depth-anything-v2-python-uav-rgb\data\uav3dcrop_depth\2025\Day001_Oat\166_depth.tif,https://huggingface.co/datasets/Link-Dev/UAV3DCrop/resolve/main/2025/Day001_Oat/images/166.JPG?download=true,https://huggingface.co/datasets/Link-Dev/UAV3DCrop_depth/resolve/main/2025/Day001_Oat_depth/166_depth.tif?download=true,main,metric_scale_shift,128,20000,0.101765234375,0.3320122957229614,0.7349814978639324,0.15848385314941407,0.2528747776318994,0.03642370293138831,0.5751518367828292,0.2559607549027478
2025/Day001_Oat,2025,Day001,oat,166.JPG,166,DJI Mavic 3M RGB camera,oblique,oblique,0.7105216300603896,5280,3956,166_depth.tif,True,True,OPENCV,C:\Users\81902\Documents\Codex\2026-09-20\depth-anything-v2-python-uav-rgb\data\uav3dcrop\2025\Day001_Oat\images\166.JPG,C:\Users\81902\Documents\Codex\2026-09-20\depth-anything-v2-python-uav-rgb\data\uav3dcrop_depth\2025\Day001_Oat\166_depth.tif,https://huggingface.co/datasets/Link-Dev/UAV3DCrop/resolve/main/2025/Day001_Oat/images/166.JPG?download=true,https://huggingface.co/datasets/Link-Dev/UAV3DCrop_depth/resolve/main/2025/Day001_Oat_depth/166_depth.tif?download=true,main,relative_scale_shift,128,20000,0.101765234375,0.09566216182708741,0.2133061658122388,-0.009814573860168457,0.5685669731211329,0.12203884742747774,0.4887670263576862,0.2559607549027478
2025/Day001_Oat,2025,Day001,oat,237.JPG,237,DJI Mavic 3M RGB camera,oblique,oblique,0.7067726276480871,5280,3956,237_depth.tif,True,True,OPENCV,C:\Users\81902\Documents\Codex\2026-09-20\depth-anything-v2-python-uav-rgb\data\uav3dcrop\2025\Day001_Oat\images\237.JPG,C:\Users\81902\Documents\Codex\2026-09-20\depth-anything-v2-python-uav-rgb\data\uav3dcrop_depth\2025\Day001_Oat\237_depth.tif,https://huggingface.co/datasets/Link-Dev/UAV3DCrop/resolve/main/2025/Day001_Oat/images/237.JPG?download=true,https://huggingface.co/datasets/Link-Dev/UAV3DCrop_depth/resolve/main/2025/Day001_Oat_depth/237_depth.tif?download=true,main,metric_raw,8,20000,0.03470234375,0.042170650243759156,0.1630719796531979,0.004513941192626953,0.05629120859173812,0.012632951643430344,0.5079915270556519,0.16202411718682777
2025/Day001_Oat,2025,Day001,oat,237.JPG,237,DJI Mavic 3M RGB camera,oblique,oblique,0.7067726276480871,5280,3956,237_depth.tif,True,True,OPENCV,C:\Users\81902\Documents\Codex\2026-09-20\depth-anything-v2-python-uav-rgb\data\uav3dcrop\2025\Day001_Oat\images\237.JPG,C:\Users\81902\Documents\Codex\2026-09-20\depth-anything-v2-python-uav-rgb\data\uav3dcrop_depth\2025\Day001_Oat\237_depth.tif,https://huggingface.co/datasets/Link-Dev/UAV3DCrop/resolve/main/2025/Day001_Oat/images/237.JPG?download=true,https://huggingface.co/datasets/Link-Dev/UAV3DCrop_depth/resolve/main/2025/Day001_Oat_depth/237_depth.tif?download=true,main,metric_bias_corrected,8,20000,0.03470234375,0.04217065839767456,0.1630719855563003,0.004513941669464111,0.05629099973000718,0.012632859344194319,0.5077989601386482,0.16202411718682777
2025/Day001_Oat,2025,Day001,oat,237.JPG,237,DJI Mavic 3M RGB camera,oblique,oblique,0.7067726276480871,5280,3956,237_depth.tif,True,True,OPENCV,C:\Users\81902\Documents\Codex\2026-09-20\depth-anything-v2-python-uav-rgb\data\uav3dcrop\2025\Day001_Oat\images\237.JPG,C:\Users\81902\Documents\Codex\2026-09-20\depth-anything-v2-python-uav-rgb\data\uav3dcrop_depth\2025\Day001_Oat\237_depth.tif,https://huggingface.co/datasets/Link-Dev/UAV3DCrop/resolve/main/2025/Day001_Oat/images/237.JPG?download=true,https://huggingface.co/datasets/Link-Dev/UAV3DCrop_depth/resolve/main/2025/Day001_Oat_depth/237_depth.tif?download=true,main,metric_scale_shift,8,20000,0.03470234375,0.05612968692779541,0.17208949151528785,0.008033703804016114,0.0562911454893677,0.012633708719291667,0.5079915270556519,0.16202411718682777
2025/Day001_Oat,2025,Day001,oat,237.JPG,237,DJI Mavic 3M RGB camera,oblique,oblique,0.7067726276480871,5280,3956,237_depth.tif,True,True,OPENCV,C:\Users\81902\Documents\Codex\2026-09-20\depth-anything-v2-python-uav-rgb\data\uav3dcrop\2025\Day001_Oat\images\237.JPG,C:\Users\81902\Documents\Codex\2026-09-20\depth-anything-v2-python-uav-rgb\data\uav3dcrop_depth\2025\Day001_Oat\237_depth.tif,https://huggingface.co/datasets/Link-Dev/UAV3DCrop/resolve/main/2025/Day001_Oat/images/237.JPG?download=true,https://huggingface.co/datasets/Link-Dev/UAV3DCrop_depth/resolve/main/2025/Day001_Oat_depth/237_depth.tif?download=true,main,relative_scale_shift,8,20000,0.03470234375,0.03666611270904541,0.1576644424425814,0.0015456836700439454,0.23895939974258562,0.2551240297939653,0.5988831118813788,0.16202411718682777
2025/Day001_Oat,2025,Day001,oat,237.JPG,237,DJI Mavic 3M RGB camera,oblique,oblique,0.7067726276480871,5280,3956,237_depth.tif,True,True,OPENCV,C:\Users\81902\Documents\Codex\2026-09-20\depth-anything-v2-python-uav-rgb\data\uav3dcrop\2025\Day001_Oat\images\237.JPG,C:\Users\81902\Documents\Codex\2026-09-20\depth-anything-v2-python-uav-rgb\data\uav3dcrop_depth\2025\Day001_Oat\237_depth.tif,https://huggingface.co/datasets/Link-Dev/UAV3DCrop/resolve/main/2025/Day001_Oat/images/237.JPG?download=true,https://huggingface.co/datasets/Link-Dev/UAV3DCrop_depth/resolve/main/2025/Day001_Oat_depth/237_depth.tif?download=true,main,metric_raw,16,20000,0.058388671875,0.06949051911830902,0.217148065859206,0.007107708811759949,0.07159517329787418,0.040866234860643204,0.510763358778626,0.21442370549536505
2025/Day001_Oat,2025,Day001,oat,237.JPG,237,DJI Mavic 3M RGB camera,oblique,oblique,0.7067726276480871,5280,3956,237_depth.tif,True,True,OPENCV,C:\Users\81902\Documents\Codex\2026-09-20\depth-anything-v2-python-uav-rgb\data\uav3dcrop\2025\Day001_Oat\images\237.JPG,C:\Users\81902\Documents\Codex\2026-09-20\depth-anything-v2-python-uav-rgb\data\uav3dcrop_depth\2025\Day001_Oat\237_depth.tif,https://huggingface.co/datasets/Link-Dev/UAV3DCrop/resolve/main/2025/Day001_Oat/images/237.JPG?download=true,https://huggingface.co/datasets/Link-Dev/UAV3DCrop_depth/resolve/main/2025/Day001_Oat_depth/237_depth.tif?download=true,main,metric_bias_corrected,16,20000,0.058388671875,0.06949051113128663,0.21714805058617154,0.0071077108383178714,0.07159545809753888,0.04086628857795502,0.510763358778626,0.21442370549536505
2025/Day001_Oat,2025,Day001,oat,237.JPG,237,DJI Mavic 3M RGB camera,oblique,oblique,0.7067726276480871,5280,3956,237_depth.tif,True,True,OPENCV,C:\Users\81902\Documents\Codex\2026-09-20\depth-anything-v2-python-uav-rgb\data\uav3dcrop\2025\Day001_Oat\images\237.JPG,C:\Users\81902\Documents\Codex\2026-09-20\depth-anything-v2-python-uav-rgb\data\uav3dcrop_depth\2025\Day001_Oat\237_depth.tif,https://huggingface.co/datasets/Link-Dev/UAV3DCrop/resolve/main/2025/Day001_Oat/images/237.JPG?download=true,https://huggingface.co/datasets/Link-Dev/UAV3DCrop_depth/resolve/main/2025/Day001_Oat_depth/237_depth.tif?download=true,main,metric_scale_shift,16,20000,0.058388671875,0.09300169901847839,0.2386591266257257,0.014001297235488892,0.07159529348100532,0.04086591765131564,0.510763358778626,0.21442370549536505
2025/Day001_Oat,2025,Day001,oat,237.JPG,237,DJI Mavic 3M RGB camera,oblique,oblique,0.7067726276480871,5280,3956,237_depth.tif,True,True,OPENCV,C:\Users\81902\Documents\Codex\2026-09-20\depth-anything-v2-python-uav-rgb\data\uav3dcrop\2025\Day001_Oat\images\237.JPG,C:\Users\81902\Documents\Codex\2026-09-20\depth-anything-v2-python-uav-rgb\data\uav3dcrop_depth\2025\Day001_Oat\237_depth.tif,https://huggingface.co/datasets/Link-Dev/UAV3DCrop/resolve/main/2025/Day001_Oat/images/237.JPG?download=true,https://huggingface.co/datasets/Link-Dev/UAV3DCrop_depth/resolve/main/2025/Day001_Oat_depth/237_depth.tif?download=true,main,relative_scale_shift,16,20000,0.058388671875,0.05815967864990235,0.20706185554137693,-0.00043912105560302734,0.2930171705495605,0.2872686059298358,0.5893893129770993,0.21442370549536505
2025/Day001_Oat,2025,Day001,oat,237.JPG,237,DJI Mavic 3M RGB camera,oblique,oblique,0.7067726276480871,5280,3956,237_depth.tif,True,True,OPENCV,C:\Users\81902\Documents\Codex\2026-09-20\depth-anything-v2-python-uav-rgb\data\uav3dcrop\2025\Day001_Oat\images\237.JPG,C:\Users\81902\Documents\Codex\2026-09-20\depth-anything-v2-python-uav-rgb\data\uav3dcrop_depth\2025\Day001_Oat\237_depth.tif,https://huggingface.co/datasets/Link-Dev/UAV3DCrop/resolve/main/2025/Day001_Oat/images/237.JPG?download=true,https://huggingface.co/datasets/Link-Dev/UAV3DCrop_depth/resolve/main/2025/Day001_Oat_depth/237_depth.tif?download=true,main,metric_raw,32,20000,0.096551171875,0.11213611707687378,0.32074429718778974,0.015543767070770263,0.08438594380408344,0.0897437474160102,0.5264138389886893,0.3147468544618774
2025/Day001_Oat,2025,Day001,oat,237.JPG,237,DJI Mavic 3M RGB camera,oblique,oblique,0.7067726276480871,5280,3956,237_depth.tif,True,True,OPENCV,C:\Users\81902\Documents\Codex\2026-09-20\depth-anything-v2-python-uav-rgb\data\uav3dcrop\2025\Day001_Oat\images\237.JPG,C:\Users\81902\Documents\Codex\2026-09-20\depth-anything-v2-python-uav-rgb\data\uav3dcrop_depth\2025\Day001_Oat\237_depth.tif,https://huggingface.co/datasets/Link-Dev/UAV3DCrop/resolve/main/2025/Day001_Oat/images/237.JPG?download=true,https://huggingface.co/datasets/Link-Dev/UAV3DCrop_depth/resolve/main/2025/Day001_Oat_depth/237_depth.tif?download=true,main,metric_bias_corrected,32,20000,0.096551171875,0.11213611307144165,0.32074429185756653,0.015543766498565674,0.08438602576165127,0.08974380251868996,0.5264138389886893,0.3147468544618774
2025/Day001_Oat,2025,Day001,oat,237.JPG,237,DJI Mavic 3M RGB camera,oblique,oblique,0.7067726276480871,5280,3956,237_depth.tif,True,True,OPENCV,C:\Users\81902\Documents\Codex\2026-09-20\depth-anything-v2-python-uav-rgb\data\uav3dcrop\2025\Day001_Oat\images\237.JPG,C:\Users\81902\Documents\Codex\2026-09-20\depth-anything-v2-python-uav-rgb\data\uav3dcrop_depth\2025\Day001_Oat\237_depth.tif,https://huggingface.co/datasets/Link-Dev/UAV3DCrop/resolve/main/2025/Day001_Oat/images/237.JPG?download=true,https://huggingface.co/datasets/Link-Dev/UAV3DCrop_depth/resolve/main/2025/Day001_Oat_depth/237_depth.tif?download=true,main,metric_scale_shift,32,20000,0.096551171875,0.1516601273536682,0.36545358343820056,0.02985305347442627,0.08438591320127287,0.08974388656427208,0.5264138389886893,0.3147468544618774
2025/Day001_Oat,2025,Day001,oat,237.JPG,237,DJI Mavic 3M RGB camera,oblique,oblique,0.7067726276480871,5280,3956,237_depth.tif,True,True,OPENCV,C:\Users\81902\Documents\Codex\2026-09-20\depth-anything-v2-python-uav-rgb\data\uav3dcrop\2025\Day001_Oat\images\237.JPG,C:\Users\81902\Documents\Codex\2026-09-20\depth-anything-v2-python-uav-rgb\data\uav3dcrop_depth\2025\Day001_Oat\237_depth.tif,https://huggingface.co/datasets/Link-Dev/UAV3DCrop/resolve/main/2025/Day001_Oat/images/237.JPG?download=true,https://huggingface.co/datasets/Link-Dev/UAV3DCrop_depth/resolve/main/2025/Day001_Oat_depth/237_depth.tif?download=true,main,relative_scale_shift,32,20000,0.096551171875,0.08849016675949097,0.29864419548265736,0.0017350300788879394,0.34209924910274003,0.326553597472115,0.584896872920825,0.3147468544618774
2025/Day001_Oat,2025,Day001,oat,237.JPG,237,DJI Mavic 3M RGB camera,oblique,oblique,0.7067726276480871,5280,3956,237_depth.tif,True,True,OPENCV,C:\Users\81902\Documents\Codex\2026-09-20\depth-anything-v2-python-uav-rgb\data\uav3dcrop\2025\Day001_Oat\images\237.JPG,C:\Users\81902\Documents\Codex\2026-09-20\depth-anything-v2-python-uav-rgb\data\uav3dcrop_depth\2025\Day001_Oat\237_depth.tif,https://huggingface.co/datasets/Link-Dev/UAV3DCrop/resolve/main/2025/Day001_Oat/images/237.JPG?download=true,https://huggingface.co/datasets/Link-Dev/UAV3DCrop_depth/resolve/main/2025/Day001_Oat_depth/237_depth.tif?download=true,main,metric_raw,64,20000,0.129795703125,0.15229758014678954,0.3718117000742192,0.026579516553878784,0.12341188086356113,0.15123363564934425,0.5455322265625,0.35899938094295586
2025/Day001_Oat,2025,Day001,oat,237.JPG,237,DJI Mavic 3M RGB camera,oblique,oblique,0.7067726276480871,5280,3956,237_depth.tif,True,True,OPENCV,C:\Users\81902\Documents\Codex\2026-09-20\depth-anything-v2-python-uav-rgb\data\uav3dcrop\2025\Day001_Oat\images\237.JPG,C:\Users\81902\Documents\Codex\2026-09-20\depth-anything-v2-python-uav-rgb\data\uav3dcrop_depth\2025\Day001_Oat\237_depth.tif,https://huggingface.co/datasets/Link-Dev/UAV3DCrop/resolve/main/2025/Day001_Oat/images/237.JPG?download=true,https://huggingface.co/datasets/Link-Dev/UAV3DCrop_depth/resolve/main/2025/Day001_Oat_depth/237_depth.tif?download=true,main,metric_bias_corrected,64,20000,0.129795703125,0.1522975827217102,0.37181168155719346,0.02657951421737671,0.12341202503100926,0.15123394440716684,0.5455322265625,0.35899938094295586
2025/Day001_Oat,2025,Day001,oat,237.JPG,237,DJI Mavic 3M RGB camera,oblique,oblique,0.7067726276480871,5280,3956,237_depth.tif,True,True,OPENCV,C:\Users\81902\Documents\Codex\2026-09-20\depth-anything-v2-python-uav-rgb\data\uav3dcrop\2025\Day001_Oat\images\237.JPG,C:\Users\81902\Documents\Codex\2026-09-20\depth-anything-v2-python-uav-rgb\data\uav3dcrop_depth\2025\Day001_Oat\237_depth.tif,https://huggingface.co/datasets/Link-Dev/UAV3DCrop/resolve/main/2025/Day001_Oat/images/237.JPG?download=true,https://huggingface.co/datasets/Link-Dev/UAV3DCrop_depth/resolve/main/2025/Day001_Oat_depth/237_depth.tif?download=true,main,metric_scale_shift,64,20000,0.129795703125,0.2178746102809906,0.4659681224991376,0.055884607458114625,0.1234119088623971,0.15123369691200517,0.5455322265625,0.35899938094295586
2025/Day001_Oat,2025,Day001,oat,237.JPG,237,DJI Mavic 3M RGB camera,oblique,oblique,0.7067726276480871,5280,3956,237_depth.tif,True,True,OPENCV,C:\Users\81902\Documents\Codex\2026-09-20\depth-anything-v2-python-uav-rgb\data\uav3dcrop\2025\Day001_Oat\images\237.JPG,C:\Users\81902\Documents\Codex\2026-09-20\depth-anything-v2-python-uav-rgb\data\uav3dcrop_depth\2025\Day001_Oat\237_depth.tif,https://huggingface.co/datasets/Link-Dev/UAV3DCrop/resolve/main/2025/Day001_Oat/images/237.JPG?download=true,https://huggingface.co/datasets/Link-Dev/UAV3DCrop_depth/resolve/main/2025/Day001_Oat_depth/237_depth.tif?download=true,main,relative_scale_shift,64,20000,0.129795703125,0.11692176342010498,0.3311249388270201,-0.0007074481964111329,0.44101610363562216,0.4044620483066709,0.60772705078125,0.35899938094295586
2025/Day001_Oat,2025,Day001,oat,237.JPG,237,DJI Mavic 3M RGB camera,oblique,oblique,0.7067726276480871,5280,3956,237_depth.tif,True,True,OPENCV,C:\Users\81902\Documents\Codex\2026-09-20\depth-anything-v2-python-uav-rgb\data\uav3dcrop\2025\Day001_Oat\images\237.JPG,C:\Users\81902\Documents\Codex\2026-09-20\depth-anything-v2-python-uav-rgb\data\uav3dcrop_depth\2025\Day001_Oat\237_depth.tif,https://huggingface.co/datasets/Link-Dev/UAV3DCrop/resolve/main/2025/Day001_Oat/images/237.JPG?download=true,https://huggingface.co/datasets/Link-Dev/UAV3DCrop_depth/resolve/main/2025/Day001_Oat_depth/237_depth.tif?download=true,main,metric_raw,128,20000,0.170254296875,0.21084800515174865,0.429042833296708,0.05521199164390564,0.16973459760099566,0.1362677397864386,0.5364333929498645,0.3959002210413621
2025/Day001_Oat,2025,Day001,oat,237.JPG,237,DJI Mavic 3M RGB camera,oblique,oblique,0.7067726276480871,5280,3956,237_depth.tif,True,True,OPENCV,C:\Users\81902\Documents\Codex\2026-09-20\depth-anything-v2-python-uav-rgb\data\uav3dcrop\2025\Day001_Oat\images\237.JPG,C:\Users\81902\Documents\Codex\2026-09-20\depth-anything-v2-python-uav-rgb\data\uav3dcrop_depth\2025\Day001_Oat\237_depth.tif,https://huggingface.co/datasets/Link-Dev/UAV3DCrop/resolve/main/2025/Day001_Oat/images/237.JPG?download=true,https://huggingface.co/datasets/Link-Dev/UAV3DCrop_depth/resolve/main/2025/Day001_Oat_depth/237_depth.tif?download=true,main,metric_bias_corrected,128,20000,0.170254296875,0.21084799795150758,0.42904282260693655,0.05521198682785034,0.169734635516865,0.13626780874764763,0.5364333929498645,0.3959002210413621
2025/Day001_Oat,2025,Day001,oat,237.JPG,237,DJI Mavic 3M RGB camera,oblique,oblique,0.7067726276480871,5280,3956,237_depth.tif,True,True,OPENCV,C:\Users\81902\Documents\Codex\2026-09-20\depth-anything-v2-python-uav-rgb\data\uav3dcrop\2025\Day001_Oat\images\237.JPG,C:\Users\81902\Documents\Codex\2026-09-20\depth-anything-v2-python-uav-rgb\data\uav3dcrop_depth\2025\Day001_Oat\237_depth.tif,https://huggingface.co/datasets/Link-Dev/UAV3DCrop/resolve/main/2025/Day001_Oat/images/237.JPG?download=true,https://huggingface.co/datasets/Link-Dev/UAV3DCrop_depth/resolve/main/2025/Day001_Oat_depth/237_depth.tif?download=true,main,metric_scale_shift,128,20000,0.170254296875,0.3355346662044525,0.6284157589882612,0.11708272013664246,0.16973459158876952,0.13626774001118702,0.5364333929498645,0.3959002210413621
2025/Day001_Oat,2025,Day001,oat,237.JPG,237,DJI Mavic 3M RGB camera,oblique,oblique,0.7067726276480871,5280,3956,237_depth.tif,True,True,OPENCV,C:\Users\81902\Documents\Codex\2026-09-20\depth-anything-v2-python-uav-rgb\data\uav3dcrop\2025\Day001_Oat\images\237.JPG,C:\Users\81902\Documents\Codex\2026-09-20\depth-anything-v2-python-uav-rgb\data\uav3dcrop_depth\2025\Day001_Oat\237_depth.tif,https://huggingface.co/datasets/Link-Dev/UAV3DCrop/resolve/main/2025/Day001_Oat/images/237.JPG?download=true,https://huggingface.co/datasets/Link-Dev/UAV3DCrop_depth/resolve/main/2025/Day001_Oat_depth/237_depth.tif?download=true,main,relative_scale_shift,128,20000,0.170254296875,0.15079785346984864,0.3474154377992931,-0.0007907497406005859,0.5553652180939086,0.46191078375861416,0.6200888478624589,0.3959002210413621
2025/Day001_Oat,2025,Day001,oat,308.JPG,308,DJI Mavic 3M RGB camera,oblique,oblique,0.7074544938563304,5280,3956,308_depth.tif,True,True,OPENCV,C:\Users\81902\Documents\Codex\2026-09-20\depth-anything-v2-python-uav-rgb\data\uav3dcrop\2025\Day001_Oat\images\308.JPG,C:\Users\81902\Documents\Codex\2026-09-20\depth-anything-v2-python-uav-rgb\data\uav3dcrop_depth\2025\Day001_Oat\308_depth.tif,https://huggingface.co/datasets/Link-Dev/UAV3DCrop/resolve/main/2025/Day001_Oat/images/308.JPG?download=true,https://huggingface.co/datasets/Link-Dev/UAV3DCrop_depth/resolve/main/2025/Day001_Oat_depth/308_depth.tif?download=true,main,metric_raw,8,20000,0.019525390625,0.02716018810272217,0.22363895348519786,0.00018315420150756835,0.0016465797591833393,0.03274706664987595,0.5191547375596456,0.2219632038857836
2025/Day001_Oat,2025,Day001,oat,308.JPG,308,DJI Mavic 3M RGB camera,oblique,oblique,0.7074544938563304,5280,3956,308_depth.tif,True,True,OPENCV,C:\Users\81902\Documents\Codex\2026-09-20\depth-anything-v2-python-uav-rgb\data\uav3dcrop\2025\Day001_Oat\images\308.JPG,C:\Users\81902\Documents\Codex\2026-09-20\depth-anything-v2-python-uav-rgb\data\uav3dcrop_depth\2025\Day001_Oat\308_depth.tif,https://huggingface.co/datasets/Link-Dev/UAV3DCrop/resolve/main/2025/Day001_Oat/images/308.JPG?download=true,https://huggingface.co/datasets/Link-Dev/UAV3DCrop_depth/resolve/main/2025/Day001_Oat_depth/308_depth.tif?download=true,main,metric_bias_corrected,8,20000,0.019525390625,0.027160190582275392,0.22363895390879848,0.0001831623077392578,0.0016465671725211157,0.032747748253334825,0.5191547375596456,0.2219632038857836
2025/Day001_Oat,2025,Day001,oat,308.JPG,308,DJI Mavic 3M RGB camera,oblique,oblique,0.7074544938563304,5280,3956,308_depth.tif,True,True,OPENCV,C:\Users\81902\Documents\Codex\2026-09-20\depth-anything-v2-python-uav-rgb\data\uav3dcrop\2025\Day001_Oat\images\308.JPG,C:\Users\81902\Documents\Codex\2026-09-20\depth-anything-v2-python-uav-rgb\data\uav3dcrop_depth\2025\Day001_Oat\308_depth.tif,https://huggingface.co/datasets/Link-Dev/UAV3DCrop/resolve/main/2025/Day001_Oat/images/308.JPG?download=true,https://huggingface.co/datasets/Link-Dev/UAV3DCrop_depth/resolve/main/2025/Day001_Oat_depth/308_depth.tif?download=true,main,metric_scale_shift,8,20000,0.019525390625,0.037208415365219114,0.22883552277043714,0.0012688023090362548,0.001646678207863853,0.03274779139410882,0.5191547375596456,0.2219632038857836
2025/Day001_Oat,2025,Day001,oat,308.JPG,308,DJI Mavic 3M RGB camera,oblique,oblique,0.7074544938563304,5280,3956,308_depth.tif,True,True,OPENCV,C:\Users\81902\Documents\Codex\2026-09-20\depth-anything-v2-python-uav-rgb\data\uav3dcrop\2025\Day001_Oat\images\308.JPG,C:\Users\81902\Documents\Codex\2026-09-20\depth-anything-v2-python-uav-rgb\data\uav3dcrop_depth\2025\Day001_Oat\308_depth.tif,https://huggingface.co/datasets/Link-Dev/UAV3DCrop/resolve/main/2025/Day001_Oat/images/308.JPG?download=true,https://huggingface.co/datasets/Link-Dev/UAV3DCrop_depth/resolve/main/2025/Day001_Oat_depth/308_depth.tif?download=true,main,relative_scale_shift,8,20000,0.019525390625,0.020966063213348388,0.22082518836885737,-0.0015291722297668456,0.10286329424299197,0.0745310496366692,0.5366053169734152,0.2219632038857836
2025/Day001_Oat,2025,Day001,oat,308.JPG,308,DJI Mavic 3M RGB camera,oblique,oblique,0.7074544938563304,5280,3956,308_depth.tif,True,True,OPENCV,C:\Users\81902\Documents\Codex\2026-09-20\depth-anything-v2-python-uav-rgb\data\uav3dcrop\2025\Day001_Oat\images\308.JPG,C:\Users\81902\Documents\Codex\2026-09-20\depth-anything-v2-python-uav-rgb\data\uav3dcrop_depth\2025\Day001_Oat\308_depth.tif,https://huggingface.co/datasets/Link-Dev/UAV3DCrop/resolve/main/2025/Day001_Oat/images/308.JPG?download=true,https://huggingface.co/datasets/Link-Dev/UAV3DCrop_depth/resolve/main/2025/Day001_Oat_depth/308_depth.tif?download=true,main,metric_raw,16,20000,0.037932421875,0.04956081156730652,0.3308771212984458,0.00602546215057373,0.05460841914527282,0.04743861031255188,0.5222629144178874,0.3295662726041266
2025/Day001_Oat,2025,Day001,oat,308.JPG,308,DJI Mavic 3M RGB camera,oblique,oblique,0.7074544938563304,5280,3956,308_depth.tif,True,True,OPENCV,C:\Users\81902\Documents\Codex\2026-09-20\depth-anything-v2-python-uav-rgb\data\uav3dcrop\2025\Day001_Oat\images\308.JPG,C:\Users\81902\Documents\Codex\2026-09-20\depth-anything-v2-python-uav-rgb\data\uav3dcrop_depth\2025\Day001_Oat\308_depth.tif,https://huggingface.co/datasets/Link-Dev/UAV3DCrop/resolve/main/2025/Day001_Oat/images/308.JPG?download=true,https://huggingface.co/datasets/Link-Dev/UAV3DCrop_depth/resolve/main/2025/Day001_Oat_depth/308_depth.tif?download=true,main,metric_bias_corrected,16,20000,0.037932421875,0.04956081342697143,0.3308771217851058,0.0060254605293273925,0.054608413221092125,0.047438477177638085,0.5222629144178874,0.3295662726041266
2025/Day001_Oat,2025,Day001,oat,308.JPG,308,DJI Mavic 3M RGB camera,oblique,oblique,0.7074544938563304,5280,3956,308_depth.tif,True,True,OPENCV,C:\Users\81902\Documents\Codex\2026-09-20\depth-anything-v2-python-uav-rgb\data\uav3dcrop\2025\Day001_Oat\images\308.JPG,C:\Users\81902\Documents\Codex\2026-09-20\depth-anything-v2-python-uav-rgb\data\uav3dcrop_depth\2025\Day001_Oat\308_depth.tif,https://huggingface.co/datasets/Link-Dev/UAV3DCrop/resolve/main/2025/Day001_Oat/images/308.JPG?download=true,https://huggingface.co/datasets/Link-Dev/UAV3DCrop_depth/resolve/main/2025/Day001_Oat_depth/308_depth.tif?download=true,main,metric_scale_shift,16,20000,0.037932421875,0.0670655704498291,0.34050469402925254,0.008273610782623292,0.054608612569160296,0.04743902662643828,0.5222629144178874,0.3295662726041266
2025/Day001_Oat,2025,Day001,oat,308.JPG,308,DJI Mavic 3M RGB camera,oblique,oblique,0.7074544938563304,5280,3956,308_depth.tif,True,True,OPENCV,C:\Users\81902\Documents\Codex\2026-09-20\depth-anything-v2-python-uav-rgb\data\uav3dcrop\2025\Day001_Oat\images\308.JPG,C:\Users\81902\Documents\Codex\2026-09-20\depth-anything-v2-python-uav-rgb\data\uav3dcrop_depth\2025\Day001_Oat\308_depth.tif,https://huggingface.co/datasets/Link-Dev/UAV3DCrop/resolve/main/2025/Day001_Oat/images/308.JPG?download=true,https://huggingface.co/datasets/Link-Dev/UAV3DCrop_depth/resolve/main/2025/Day001_Oat_depth/308_depth.tif?download=true,main,relative_scale_shift,16,20000,0.037932421875,0.03917613344192505,0.32582345075732017,0.002462053966522217,0.17372373205000405,0.09666533826043713,0.5431765612952968,0.3295662726041266
2025/Day001_Oat,2025,Day001,oat,308.JPG,308,DJI Mavic 3M RGB camera,oblique,oblique,0.7074544938563304,5280,3956,308_depth.tif,True,True,OPENCV,C:\Users\81902\Documents\Codex\2026-09-20\depth-anything-v2-python-uav-rgb\data\uav3dcrop\2025\Day001_Oat\images\308.JPG,C:\Users\81902\Documents\Codex\2026-09-20\depth-anything-v2-python-uav-rgb\data\uav3dcrop_depth\2025\Day001_Oat\308_depth.tif,https://huggingface.co/datasets/Link-Dev/UAV3DCrop/resolve/main/2025/Day001_Oat/images/308.JPG?download=true,https://huggingface.co/datasets/Link-Dev/UAV3DCrop_depth/resolve/main/2025/Day001_Oat_depth/308_depth.tif?download=true,main,metric_raw,32,20000,0.060914453125,0.08051168940067291,0.43115099984224114,0.011196510910987854,0.02753359271559369,0.05963130387052672,0.5185773261352811,0.4221710224406314
2025/Day001_Oat,2025,Day001,oat,308.JPG,308,DJI Mavic 3M RGB camera,oblique,oblique,0.7074544938563304,5280,3956,308_depth.tif,True,True,OPENCV,C:\Users\81902\Documents\Codex\2026-09-20\depth-anything-v2-python-uav-rgb\data\uav3dcrop\2025\Day001_Oat\images\308.JPG,C:\Users\81902\Documents\Codex\2026-09-20\depth-anything-v2-python-uav-rgb\data\uav3dcrop_depth\2025\Day001_Oat\308_depth.tif,https://huggingface.co/datasets/Link-Dev/UAV3DCrop/resolve/main/2025/Day001_Oat/images/308.JPG?download=true,https://huggingface.co/datasets/Link-Dev/UAV3DCrop_depth/resolve/main/2025/Day001_Oat_depth/308_depth.tif?download=true,main,metric_bias_corrected,32,20000,0.060914453125,0.08051169996261597,0.4311509998485248,0.011196506977081298,0.027533592947882365,0.05963055944296825,0.5184979358526516,0.4221710224406314
2025/Day001_Oat,2025,Day001,oat,308.JPG,308,DJI Mavic 3M RGB camera,oblique,oblique,0.7074544938563304,5280,3956,308_depth.tif,True,True,OPENCV,C:\Users\81902\Documents\Codex\2026-09-20\depth-anything-v2-python-uav-rgb\data\uav3dcrop\2025\Day001_Oat\images\308.JPG,C:\Users\81902\Documents\Codex\2026-09-20\depth-anything-v2-python-uav-rgb\data\uav3dcrop_depth\2025\Day001_Oat\308_depth.tif,https://huggingface.co/datasets/Link-Dev/UAV3DCrop/resolve/main/2025/Day001_Oat/images/308.JPG?download=true,https://huggingface.co/datasets/Link-Dev/UAV3DCrop_depth/resolve/main/2025/Day001_Oat_depth/308_depth.tif?download=true,main,metric_scale_shift,32,20000,0.060914453125,0.11072393436431885,0.4626761748471675,0.015357969856262208,0.02753364073426151,0.05963103981379056,0.5185773261352811,0.4221710224406314
2025/Day001_Oat,2025,Day001,oat,308.JPG,308,DJI Mavic 3M RGB camera,oblique,oblique,0.7074544938563304,5280,3956,308_depth.tif,True,True,OPENCV,C:\Users\81902\Documents\Codex\2026-09-20\depth-anything-v2-python-uav-rgb\data\uav3dcrop\2025\Day001_Oat\images\308.JPG,C:\Users\81902\Documents\Codex\2026-09-20\depth-anything-v2-python-uav-rgb\data\uav3dcrop_depth\2025\Day001_Oat\308_depth.tif,https://huggingface.co/datasets/Link-Dev/UAV3DCrop/resolve/main/2025/Day001_Oat/images/308.JPG?download=true,https://huggingface.co/datasets/Link-Dev/UAV3DCrop_depth/resolve/main/2025/Day001_Oat_depth/308_depth.tif?download=true,main,relative_scale_shift,32,20000,0.060914453125,0.06151836090087891,0.4125259636775659,0.004192732048034668,0.2479361781796849,0.12728766186318863,0.5538266116227374,0.4221710224406314
2025/Day001_Oat,2025,Day001,oat,308.JPG,308,DJI Mavic 3M RGB camera,oblique,oblique,0.7074544938563304,5280,3956,308_depth.tif,True,True,OPENCV,C:\Users\81902\Documents\Codex\2026-09-20\depth-anything-v2-python-uav-rgb\data\uav3dcrop\2025\Day001_Oat\images\308.JPG,C:\Users\81902\Documents\Codex\2026-09-20\depth-anything-v2-python-uav-rgb\data\uav3dcrop_depth\2025\Day001_Oat\308_depth.tif,https://huggingface.co/datasets/Link-Dev/UAV3DCrop/resolve/main/2025/Day001_Oat/images/308.JPG?download=true,https://huggingface.co/datasets/Link-Dev/UAV3DCrop_depth/resolve/main/2025/Day001_Oat_depth/308_depth.tif?download=true,main,metric_raw,64,20000,0.084151953125,0.11117672023773194,0.4512955740339899,0.017128113412857054,0.09615027223791486,0.11223504304690039,0.5378893214682982,0.4394766222494135
2025/Day001_Oat,2025,Day001,oat,308.JPG,308,DJI Mavic 3M RGB camera,oblique,oblique,0.7074544938563304,5280,3956,308_depth.tif,True,True,OPENCV,C:\Users\81902\Documents\Codex\2026-09-20\depth-anything-v2-python-uav-rgb\data\uav3dcrop\2025\Day001_Oat\images\308.JPG,C:\Users\81902\Documents\Codex\2026-09-20\depth-anything-v2-python-uav-rgb\data\uav3dcrop_depth\2025\Day001_Oat\308_depth.tif,https://huggingface.co/datasets/Link-Dev/UAV3DCrop/resolve/main/2025/Day001_Oat/images/308.JPG?download=true,https://huggingface.co/datasets/Link-Dev/UAV3DCrop_depth/resolve/main/2025/Day001_Oat_depth/308_depth.tif?download=true,main,metric_bias_corrected,64,20000,0.084151953125,0.11117671365737915,0.4512955736697937,0.017128117847442628,0.09615028101932967,0.11223538504931102,0.5378893214682982,0.4394766222494135
2025/Day001_Oat,2025,Day001,oat,308.JPG,308,DJI Mavic 3M RGB camera,oblique,oblique,0.7074544938563304,5280,3956,308_depth.tif,True,True,OPENCV,C:\Users\81902\Documents\Codex\2026-09-20\depth-anything-v2-python-uav-rgb\data\uav3dcrop\2025\Day001_Oat\images\308.JPG,C:\Users\81902\Documents\Codex\2026-09-20\depth-anything-v2-python-uav-rgb\data\uav3dcrop_depth\2025\Day001_Oat\308_depth.tif,https://huggingface.co/datasets/Link-Dev/UAV3DCrop/resolve/main/2025/Day001_Oat/images/308.JPG?download=true,https://huggingface.co/datasets/Link-Dev/UAV3DCrop_depth/resolve/main/2025/Day001_Oat_depth/308_depth.tif?download=true,main,metric_scale_shift,64,20000,0.084151953125,0.15706695351600647,0.5120881876088833,0.026020950078964232,0.09615031142953473,0.112235253864212,0.5378893214682982,0.4394766222494135
2025/Day001_Oat,2025,Day001,oat,308.JPG,308,DJI Mavic 3M RGB camera,oblique,oblique,0.7074544938563304,5280,3956,308_depth.tif,True,True,OPENCV,C:\Users\81902\Documents\Codex\2026-09-20\depth-anything-v2-python-uav-rgb\data\uav3dcrop\2025\Day001_Oat\images\308.JPG,C:\Users\81902\Documents\Codex\2026-09-20\depth-anything-v2-python-uav-rgb\data\uav3dcrop_depth\2025\Day001_Oat\308_depth.tif,https://huggingface.co/datasets/Link-Dev/UAV3DCrop/resolve/main/2025/Day001_Oat/images/308.JPG?download=true,https://huggingface.co/datasets/Link-Dev/UAV3DCrop_depth/resolve/main/2025/Day001_Oat_depth/308_depth.tif?download=true,main,relative_scale_shift,64,20000,0.084151953125,0.08157261867523194,0.42138121991071265,0.0040126991271972655,0.3013131863113445,0.16410965068815342,0.5707035595105673,0.4394766222494135
2025/Day001_Oat,2025,Day001,oat,308.JPG,308,DJI Mavic 3M RGB camera,oblique,oblique,0.7074544938563304,5280,3956,308_depth.tif,True,True,OPENCV,C:\Users\81902\Documents\Codex\2026-09-20\depth-anything-v2-python-uav-rgb\data\uav3dcrop\2025\Day001_Oat\images\308.JPG,C:\Users\81902\Documents\Codex\2026-09-20\depth-anything-v2-python-uav-rgb\data\uav3dcrop_depth\2025\Day001_Oat\308_depth.tif,https://huggingface.co/datasets/Link-Dev/UAV3DCrop/resolve/main/2025/Day001_Oat/images/308.JPG?download=true,https://huggingface.co/datasets/Link-Dev/UAV3DCrop_depth/resolve/main/2025/Day001_Oat_depth/308_depth.tif?download=true,main,metric_raw,128,20000,0.117338671875,0.15759430820941925,0.5652279183482147,0.03614236357212067,0.11737951832927256,0.11707877613262098,0.5450260481270156,0.5460429641586116
2025/Day001_Oat,2025,Day001,oat,308.JPG,308,DJI Mavic 3M RGB camera,oblique,oblique,0.7074544938563304,5280,3956,308_depth.tif,True,True,OPENCV,C:\Users\81902\Documents\Codex\2026-09-20\depth-anything-v2-python-uav-rgb\data\uav3dcrop\2025\Day001_Oat\images\308.JPG,C:\Users\81902\Documents\Codex\2026-09-20\depth-anything-v2-python-uav-rgb\data\uav3dcrop_depth\2025\Day001_Oat\308_depth.tif,https://huggingface.co/datasets/Link-Dev/UAV3DCrop/resolve/main/2025/Day001_Oat/images/308.JPG?download=true,https://huggingface.co/datasets/Link-Dev/UAV3DCrop_depth/resolve/main/2025/Day001_Oat_depth/308_depth.tif?download=true,main,metric_bias_corrected,128,20000,0.117338671875,0.15759430227279664,0.5652279146202964,0.0361423659324646,0.11737952775356811,0.11707897590578392,0.5450260481270156,0.5460429641586116
2025/Day001_Oat,2025,Day001,oat,308.JPG,308,DJI Mavic 3M RGB camera,oblique,oblique,0.7074544938563304,5280,3956,308_depth.tif,True,True,OPENCV,C:\Users\81902\Documents\Codex\2026-09-20\depth-anything-v2-python-uav-rgb\data\uav3dcrop\2025\Day001_Oat\images\308.JPG,C:\Users\81902\Documents\Codex\2026-09-20\depth-anything-v2-python-uav-rgb\data\uav3dcrop_depth\2025\Day001_Oat\308_depth.tif,https://huggingface.co/datasets/Link-Dev/UAV3DCrop/resolve/main/2025/Day001_Oat/images/308.JPG?download=true,https://huggingface.co/datasets/Link-Dev/UAV3DCrop_depth/resolve/main/2025/Day001_Oat_depth/308_depth.tif?download=true,main,metric_scale_shift,128,20000,0.117338671875,0.22958436579704283,0.6646955290064492,0.06013123250007629,0.11737952144128547,0.11707842247051362,0.5450260481270156,0.5460429641586116
2025/Day001_Oat,2025,Day001,oat,308.JPG,308,DJI Mavic 3M RGB camera,oblique,oblique,0.7074544938563304,5280,3956,308_depth.tif,True,True,OPENCV,C:\Users\81902\Documents\Codex\2026-09-20\depth-anything-v2-python-uav-rgb\data\uav3dcrop\2025\Day001_Oat\images\308.JPG,C:\Users\81902\Documents\Codex\2026-09-20\depth-anything-v2-python-uav-rgb\data\uav3dcrop_depth\2025\Day001_Oat\308_depth.tif,https://huggingface.co/datasets/Link-Dev/UAV3DCrop/resolve/main/2025/Day001_Oat/images/308.JPG?download=true,https://huggingface.co/datasets/Link-Dev/UAV3DCrop_depth/resolve/main/2025/Day001_Oat_depth/308_depth.tif?download=true,main,relative_scale_shift,128,20000,0.117338671875,0.11095098114013671,0.5140513577352915,0.0022185930252075197,0.3659795134987056,0.18408212758060372,0.5824857355494915,0.5460429641586116
2025/Day001_Oat,2025,Day001,oat,487.JPG,487,DJI Mavic 3M RGB camera,oblique,oblique,0.7080546480846165,5280,3956,487_depth.tif,True,True,OPENCV,C:\Users\81902\Documents\Codex\2026-09-20\depth-anything-v2-python-uav-rgb\data\uav3dcrop\2025\Day001_Oat\images\487.JPG,C:\Users\81902\Documents\Codex\2026-09-20\depth-anything-v2-python-uav-rgb\data\uav3dcrop_depth\2025\Day001_Oat\487_depth.tif,https://huggingface.co/datasets/Link-Dev/UAV3DCrop/resolve/main/2025/Day001_Oat/images/487.JPG?download=true,https://huggingface.co/datasets/Link-Dev/UAV3DCrop_depth/resolve/main/2025/Day001_Oat_depth/487_depth.tif?download=true,main,metric_raw,8,20000,0.02713359375,0.035070667338371275,0.10905730949928104,0.0021545663118362427,0.018775406142002158,0.025977505409998634,0.5101168126825198,0.10255212535841149
2025/Day001_Oat,2025,Day001,oat,487.JPG,487,DJI Mavic 3M RGB camera,oblique,oblique,0.7080546480846165,5280,3956,487_depth.tif,True,True,OPENCV,C:\Users\81902\Documents\Codex\2026-09-20\depth-anything-v2-python-uav-rgb\data\uav3dcrop\2025\Day001_Oat\images\487.JPG,C:\Users\81902\Documents\Codex\2026-09-20\depth-anything-v2-python-uav-rgb\data\uav3dcrop_depth\2025\Day001_Oat\487_depth.tif,https://huggingface.co/datasets/Link-Dev/UAV3DCrop/resolve/main/2025/Day001_Oat/images/487.JPG?download=true,https://huggingface.co/datasets/Link-Dev/UAV3DCrop_depth/resolve/main/2025/Day001_Oat_depth/487_depth.tif?download=true,main,metric_bias_corrected,8,20000,0.02713359375,0.03507066984176636,0.10905731582207752,0.002154573726654053,0.018775296683648388,0.02597741576086372,0.5101168126825198,0.10255212535841149
2025/Day001_Oat,2025,Day001,oat,487.JPG,487,DJI Mavic 3M RGB camera,oblique,oblique,0.7080546480846165,5280,3956,487_depth.tif,True,True,OPENCV,C:\Users\81902\Documents\Codex\2026-09-20\depth-anything-v2-python-uav-rgb\data\uav3dcrop\2025\Day001_Oat\images\487.JPG,C:\Users\81902\Documents\Codex\2026-09-20\depth-anything-v2-python-uav-rgb\data\uav3dcrop_depth\2025\Day001_Oat\487_depth.tif,https://huggingface.co/datasets/Link-Dev/UAV3DCrop/resolve/main/2025/Day001_Oat/images/487.JPG?download=true,https://huggingface.co/datasets/Link-Dev/UAV3DCrop_depth/resolve/main/2025/Day001_Oat_depth/487_depth.tif?download=true,main,metric_scale_shift,8,20000,0.02713359375,0.05654487075805664,0.15035354632844972,0.003857280921936035,0.01877546815234269,0.0259777588238729,0.5101168126825198,0.10255212535841149
2025/Day001_Oat,2025,Day001,oat,487.JPG,487,DJI Mavic 3M RGB camera,oblique,oblique,0.7080546480846165,5280,3956,487_depth.tif,True,True,OPENCV,C:\Users\81902\Documents\Codex\2026-09-20\depth-anything-v2-python-uav-rgb\data\uav3dcrop\2025\Day001_Oat\images\487.JPG,C:\Users\81902\Documents\Codex\2026-09-20\depth-anything-v2-python-uav-rgb\data\uav3dcrop_depth\2025\Day001_Oat\487_depth.tif,https://huggingface.co/datasets/Link-Dev/UAV3DCrop/resolve/main/2025/Day001_Oat/images/487.JPG?download=true,https://huggingface.co/datasets/Link-Dev/UAV3DCrop_depth/resolve/main/2025/Day001_Oat_depth/487_depth.tif?download=true,main,relative_scale_shift,8,20000,0.02713359375,0.029455726432800294,0.1003238223969435,-0.0004097837448120117,0.20964331318209437,0.14411052979474895,0.5566332916145181,0.10255212535841149
2025/Day001_Oat,2025,Day001,oat,487.JPG,487,DJI Mavic 3M RGB camera,oblique,oblique,0.7080546480846165,5280,3956,487_depth.tif,True,True,OPENCV,C:\Users\81902\Documents\Codex\2026-09-20\depth-anything-v2-python-uav-rgb\data\uav3dcrop\2025\Day001_Oat\images\487.JPG,C:\Users\81902\Documents\Codex\2026-09-20\depth-anything-v2-python-uav-rgb\data\uav3dcrop_depth\2025\Day001_Oat\487_depth.tif,https://huggingface.co/datasets/Link-Dev/UAV3DCrop/resolve/main/2025/Day001_Oat/images/487.JPG?download=true,https://huggingface.co/datasets/Link-Dev/UAV3DCrop_depth/resolve/main/2025/Day001_Oat_depth/487_depth.tif?download=true,main,metric_raw,16,20000,0.051062890625,0.06357114417552948,0.1634231818139629,0.0023241375207901003,0.08125834587034095,0.013915274945451831,0.4979990395389787,0.1524449626722199
2025/Day001_Oat,2025,Day001,oat,487.JPG,487,DJI Mavic 3M RGB camera,oblique,oblique,0.7080546480846165,5280,3956,487_depth.tif,True,True,OPENCV,C:\Users\81902\Documents\Codex\2026-09-20\depth-anything-v2-python-uav-rgb\data\uav3dcrop\2025\Day001_Oat\images\487.JPG,C:\Users\81902\Documents\Codex\2026-09-20\depth-anything-v2-python-uav-rgb\data\uav3dcrop_depth\2025\Day001_Oat\487_depth.tif,https://huggingface.co/datasets/Link-Dev/UAV3DCrop/resolve/main/2025/Day001_Oat/images/487.JPG?download=true,https://huggingface.co/datasets/Link-Dev/UAV3DCrop_depth/resolve/main/2025/Day001_Oat_depth/487_depth.tif?download=true,main,metric_bias_corrected,16,20000,0.051062890625,0.06357114810943604,0.16342318908288342,0.0023241371154785156,0.08125824836473648,0.013914887275147475,0.4979990395389787,0.1524449626722199
2025/Day001_Oat,2025,Day001,oat,487.JPG,487,DJI Mavic 3M RGB camera,oblique,oblique,0.7080546480846165,5280,3956,487_depth.tif,True,True,OPENCV,C:\Users\81902\Documents\Codex\2026-09-20\depth-anything-v2-python-uav-rgb\data\uav3dcrop\2025\Day001_Oat\images\487.JPG,C:\Users\81902\Documents\Codex\2026-09-20\depth-anything-v2-python-uav-rgb\data\uav3dcrop_depth\2025\Day001_Oat\487_depth.tif,https://huggingface.co/datasets/Link-Dev/UAV3DCrop/resolve/main/2025/Day001_Oat/images/487.JPG?download=true,https://huggingface.co/datasets/Link-Dev/UAV3DCrop_depth/resolve/main/2025/Day001_Oat_depth/487_depth.tif?download=true,main,metric_scale_shift,16,20000,0.051062890625,0.10131624345779419,0.24767879503955176,0.007172549247741699,0.08125834885039444,0.013915174959066214,0.4979990395389787,0.1524449626722199
2025/Day001_Oat,2025,Day001,oat,487.JPG,487,DJI Mavic 3M RGB camera,oblique,oblique,0.7080546480846165,5280,3956,487_depth.tif,True,True,OPENCV,C:\Users\81902\Documents\Codex\2026-09-20\depth-anything-v2-python-uav-rgb\data\uav3dcrop\2025\Day001_Oat\images\487.JPG,C:\Users\81902\Documents\Codex\2026-09-20\depth-anything-v2-python-uav-rgb\data\uav3dcrop_depth\2025\Day001_Oat\487_depth.tif,https://huggingface.co/datasets/Link-Dev/UAV3DCrop/resolve/main/2025/Day001_Oat/images/487.JPG?download=true,https://huggingface.co/datasets/Link-Dev/UAV3DCrop_depth/resolve/main/2025/Day001_Oat_depth/487_depth.tif?download=true,main,relative_scale_shift,16,20000,0.051062890625,0.052975125980377194,0.14445637954991478,-0.0035860377311706542,0.331617626019359,0.1513637813860315,0.5364174803905875,0.1524449626722199
2025/Day001_Oat,2025,Day001,oat,487.JPG,487,DJI Mavic 3M RGB camera,oblique,oblique,0.7080546480846165,5280,3956,487_depth.tif,True,True,OPENCV,C:\Users\81902\Documents\Codex\2026-09-20\depth-anything-v2-python-uav-rgb\data\uav3dcrop\2025\Day001_Oat\images\487.JPG,C:\Users\81902\Documents\Codex\2026-09-20\depth-anything-v2-python-uav-rgb\data\uav3dcrop_depth\2025\Day001_Oat\487_depth.tif,https://huggingface.co/datasets/Link-Dev/UAV3DCrop/resolve/main/2025/Day001_Oat/images/487.JPG?download=true,https://huggingface.co/datasets/Link-Dev/UAV3DCrop_depth/resolve/main/2025/Day001_Oat_depth/487_depth.tif?download=true,main,metric_raw,32,20000,0.0826015625,0.102935679769516,0.2237468491947613,0.0034174043655395506,0.13026452751500178,0.009844930753506318,0.49146161086459594,0.19939092431109254
2025/Day001_Oat,2025,Day001,oat,487.JPG,487,DJI Mavic 3M RGB camera,oblique,oblique,0.7080546480846165,5280,3956,487_depth.tif,True,True,OPENCV,C:\Users\81902\Documents\Codex\2026-09-20\depth-anything-v2-python-uav-rgb\data\uav3dcrop\2025\Day001_Oat\images\487.JPG,C:\Users\81902\Documents\Codex\2026-09-20\depth-anything-v2-python-uav-rgb\data\uav3dcrop_depth\2025\Day001_Oat\487_depth.tif,https://huggingface.co/datasets/Link-Dev/UAV3DCrop/resolve/main/2025/Day001_Oat/images/487.JPG?download=true,https://huggingface.co/datasets/Link-Dev/UAV3DCrop_depth/resolve/main/2025/Day001_Oat_depth/487_depth.tif?download=true,main,metric_bias_corrected,32,20000,0.0826015625,0.1029356746673584,0.22374684053580654,0.003417406463623047,0.1302645981047179,0.009845144308578583,0.49146161086459594,0.19939092431109254
2025/Day001_Oat,2025,Day001,oat,487.JPG,487,DJI Mavic 3M RGB camera,oblique,oblique,0.7080546480846165,5280,3956,487_depth.tif,True,True,OPENCV,C:\Users\81902\Documents\Codex\2026-09-20\depth-anything-v2-python-uav-rgb\data\uav3dcrop\2025\Day001_Oat\images\487.JPG,C:\Users\81902\Documents\Codex\2026-09-20\depth-anything-v2-python-uav-rgb\data\uav3dcrop_depth\2025\Day001_Oat\487_depth.tif,https://huggingface.co/datasets/Link-Dev/UAV3DCrop/resolve/main/2025/Day001_Oat/images/487.JPG?download=true,https://huggingface.co/datasets/Link-Dev/UAV3DCrop_depth/resolve/main/2025/Day001_Oat_depth/487_depth.tif?download=true,main,metric_scale_shift,32,20000,0.0826015625,0.17040652499198913,0.400907011452433,0.008962573957443237,0.13026451541339917,0.009844958840901644,0.49146161086459594,0.19939092431109254
2025/Day001_Oat,2025,Day001,oat,487.JPG,487,DJI Mavic 3M RGB camera,oblique,oblique,0.7080546480846165,5280,3956,487_depth.tif,True,True,OPENCV,C:\Users\81902\Documents\Codex\2026-09-20\depth-anything-v2-python-uav-rgb\data\uav3dcrop\2025\Day001_Oat\images\487.JPG,C:\Users\81902\Documents\Codex\2026-09-20\depth-anything-v2-python-uav-rgb\data\uav3dcrop_depth\2025\Day001_Oat\487_depth.tif,https://huggingface.co/datasets/Link-Dev/UAV3DCrop/resolve/main/2025/Day001_Oat/images/487.JPG?download=true,https://huggingface.co/datasets/Link-Dev/UAV3DCrop_depth/resolve/main/2025/Day001_Oat_depth/487_depth.tif?download=true,main,relative_scale_shift,32,20000,0.0826015625,0.08266976022720338,0.18149068922598355,-0.005170922946929932,0.429012749304936,0.17780391917156396,0.5288422751109318,0.19939092431109254
2025/Day001_Oat,2025,Day001,oat,487.JPG,487,DJI Mavic 3M RGB camera,oblique,oblique,0.7080546480846165,5280,3956,487_depth.tif,True,True,OPENCV,C:\Users\81902\Documents\Codex\2026-09-20\depth-anything-v2-python-uav-rgb\data\uav3dcrop\2025\Day001_Oat\images\487.JPG,C:\Users\81902\Documents\Codex\2026-09-20\depth-anything-v2-python-uav-rgb\data\uav3dcrop_depth\2025\Day001_Oat\487_depth.tif,https://huggingface.co/datasets/Link-Dev/UAV3DCrop/resolve/main/2025/Day001_Oat/images/487.JPG?download=true,https://huggingface.co/datasets/Link-Dev/UAV3DCrop_depth/resolve/main/2025/Day001_Oat_depth/487_depth.tif?download=true,main,metric_raw,64,20000,0.1283140625,0.16430352382659913,0.32752612485779237,0.01440437240600586,0.18489405794230332,0.002322359592277497,0.4818170686910738,0.27852805081744114
2025/Day001_Oat,2025,Day001,oat,487.JPG,487,DJI Mavic 3M RGB camera,oblique,oblique,0.7080546480846165,5280,3956,487_depth.tif,True,True,OPENCV,C:\Users\81902\Documents\Codex\2026-09-20\depth-anything-v2-python-uav-rgb\data\uav3dcrop\2025\Day001_Oat\images\487.JPG,C:\Users\81902\Documents\Codex\2026-09-20\depth-anything-v2-python-uav-rgb\data\uav3dcrop_depth\2025\Day001_Oat\487_depth.tif,https://huggingface.co/datasets/Link-Dev/UAV3DCrop/resolve/main/2025/Day001_Oat/images/487.JPG?download=true,https://huggingface.co/datasets/Link-Dev/UAV3DCrop_depth/resolve/main/2025/Day001_Oat_depth/487_depth.tif?download=true,main,metric_bias_corrected,64,20000,0.1283140625,0.1643035138130188,0.3275261214063407,0.014404371166229248,0.18489404461711606,0.00232232267995128,0.4818170686910738,0.27852805081744114
2025/Day001_Oat,2025,Day001,oat,487.JPG,487,DJI Mavic 3M RGB camera,oblique,oblique,0.7080546480846165,5280,3956,487_depth.tif,True,True,OPENCV,C:\Users\81902\Documents\Codex\2026-09-20\depth-anything-v2-python-uav-rgb\data\uav3dcrop\2025\Day001_Oat\images\487.JPG,C:\Users\81902\Documents\Codex\2026-09-20\depth-anything-v2-python-uav-rgb\data\uav3dcrop_depth\2025\Day001_Oat\487_depth.tif,https://huggingface.co/datasets/Link-Dev/UAV3DCrop/resolve/main/2025/Day001_Oat/images/487.JPG?download=true,https://huggingface.co/datasets/Link-Dev/UAV3DCrop_depth/resolve/main/2025/Day001_Oat_depth/487_depth.tif?download=true,main,metric_scale_shift,64,20000,0.1283140625,0.28700934710502624,0.6692229350477393,0.029778360509872436,0.18489405884333704,0.0023222552566129844,0.4818170686910738,0.27852805081744114
2025/Day001_Oat,2025,Day001,oat,487.JPG,487,DJI Mavic 3M RGB camera,oblique,oblique,0.7080546480846165,5280,3956,487_depth.tif,True,True,OPENCV,C:\Users\81902\Documents\Codex\2026-09-20\depth-anything-v2-python-uav-rgb\data\uav3dcrop\2025\Day001_Oat\images\487.JPG,C:\Users\81902\Documents\Codex\2026-09-20\depth-anything-v2-python-uav-rgb\data\uav3dcrop_depth\2025\Day001_Oat\487_depth.tif,https://huggingface.co/datasets/Link-Dev/UAV3DCrop/resolve/main/2025/Day001_Oat/images/487.JPG?download=true,https://huggingface.co/datasets/Link-Dev/UAV3DCrop_depth/resolve/main/2025/Day001_Oat_depth/487_depth.tif?download=true,main,relative_scale_shift,64,20000,0.1283140625,0.12343237400054932,0.24058868119159296,-0.006760755157470703,0.526994595912269,0.22715388766526798,0.5380188563732092,0.27852805081744114
2025/Day001_Oat,2025,Day001,oat,487.JPG,487,DJI Mavic 3M RGB camera,oblique,oblique,0.7080546480846165,5280,3956,487_depth.tif,True,True,OPENCV,C:\Users\81902\Documents\Codex\2026-09-20\depth-anything-v2-python-uav-rgb\data\uav3dcrop\2025\Day001_Oat\images\487.JPG,C:\Users\81902\Documents\Codex\2026-09-20\depth-anything-v2-python-uav-rgb\data\uav3dcrop_depth\2025\Day001_Oat\487_depth.tif,https://huggingface.co/datasets/Link-Dev/UAV3DCrop/resolve/main/2025/Day001_Oat/images/487.JPG?download=true,https://huggingface.co/datasets/Link-Dev/UAV3DCrop_depth/resolve/main/2025/Day001_Oat_depth/487_depth.tif?download=true,main,metric_raw,128,20000,0.17626953125,0.24442038440704345,0.455915868132756,0.02055235629081726,0.1843954028068658,-0.03581579506594499,0.4691896858668811,0.3639772556241589
2025/Day001_Oat,2025,Day001,oat,487.JPG,487,DJI Mavic 3M RGB camera,oblique,oblique,0.7080546480846165,5280,3956,487_depth.tif,True,True,OPENCV,C:\Users\81902\Documents\Codex\2026-09-20\depth-anything-v2-python-uav-rgb\data\uav3dcrop\2025\Day001_Oat\images\487.JPG,C:\Users\81902\Documents\Codex\2026-09-20\depth-anything-v2-python-uav-rgb\data\uav3dcrop_depth\2025\Day001_Oat\487_depth.tif,https://huggingface.co/datasets/Link-Dev/UAV3DCrop/resolve/main/2025/Day001_Oat/images/487.JPG?download=true,https://huggingface.co/datasets/Link-Dev/UAV3DCrop_depth/resolve/main/2025/Day001_Oat_depth/487_depth.tif?download=true,main,metric_bias_corrected,128,20000,0.17626953125,0.24442038450241088,0.45591586902381276,0.020552355670928956,0.18439539213838507,-0.03581599332351535,0.4691896858668811,0.3639772556241589
2025/Day001_Oat,2025,Day001,oat,487.JPG,487,DJI Mavic 3M RGB camera,oblique,oblique,0.7080546480846165,5280,3956,487_depth.tif,True,True,OPENCV,C:\Users\81902\Documents\Codex\2026-09-20\depth-anything-v2-python-uav-rgb\data\uav3dcrop\2025\Day001_Oat\images\487.JPG,C:\Users\81902\Documents\Codex\2026-09-20\depth-anything-v2-python-uav-rgb\data\uav3dcrop_depth\2025\Day001_Oat\487_depth.tif,https://huggingface.co/datasets/Link-Dev/UAV3DCrop/resolve/main/2025/Day001_Oat/images/487.JPG?download=true,https://huggingface.co/datasets/Link-Dev/UAV3DCrop_depth/resolve/main/2025/Day001_Oat_depth/487_depth.tif?download=true,main,metric_scale_shift,128,20000,0.17626953125,0.46634677047729495,1.0003552451038442,0.04292096300125122,0.1843954117542833,-0.03581573150637333,0.4691896858668811,0.3639772556241589
2025/Day001_Oat,2025,Day001,oat,487.JPG,487,DJI Mavic 3M RGB camera,oblique,oblique,0.7080546480846165,5280,3956,487_depth.tif,True,True,OPENCV,C:\Users\81902\Documents\Codex\2026-09-20\depth-anything-v2-python-uav-rgb\data\uav3dcrop\2025\Day001_Oat\images\487.JPG,C:\Users\81902\Documents\Codex\2026-09-20\depth-anything-v2-python-uav-rgb\data\uav3dcrop_depth\2025\Day001_Oat\487_depth.tif,https://huggingface.co/datasets/Link-Dev/UAV3DCrop/resolve/main/2025/Day001_Oat/images/487.JPG?download=true,https://huggingface.co/datasets/Link-Dev/UAV3DCrop_depth/resolve/main/2025/Day001_Oat_depth/487_depth.tif?download=true,main,relative_scale_shift,128,20000,0.17626953125,0.17409172897338868,0.30608787168675294,-0.01912821044921875,0.560115353299717,0.22793497879023525,0.5229426290702349,0.3639772556241589
2025/Day001_Oat,2025,Day001,oat,558.JPG,558,DJI Mavic 3M RGB camera,oblique,oblique,0.7085719022101711,5280,3956,558_depth.tif,True,True,OPENCV,C:\Users\81902\Documents\Codex\2026-09-20\depth-anything-v2-python-uav-rgb\data\uav3dcrop\2025\Day001_Oat\images\558.JPG,C:\Users\81902\Documents\Codex\2026-09-20\depth-anything-v2-python-uav-rgb\data\uav3dcrop_depth\2025\Day001_Oat\558_depth.tif,https://huggingface.co/datasets/Link-Dev/UAV3DCrop/resolve/main/2025/Day001_Oat/images/558.JPG?download=true,https://huggingface.co/datasets/Link-Dev/UAV3DCrop_depth/resolve/main/2025/Day001_Oat_depth/558_depth.tif?download=true,main,metric_raw,8,20000,0.020545703125,0.028216989803314208,0.08870130442292466,-0.0006071921825408935,0.06944073575558199,0.0836966623093479,0.5410653099366629,0.08539376412970674
2025/Day001_Oat,2025,Day001,oat,558.JPG,558,DJI Mavic 3M RGB camera,oblique,oblique,0.7085719022101711,5280,3956,558_depth.tif,True,True,OPENCV,C:\Users\81902\Documents\Codex\2026-09-20\depth-anything-v2-python-uav-rgb\data\uav3dcrop\2025\Day001_Oat\images\558.JPG,C:\Users\81902\Documents\Codex\2026-09-20\depth-anything-v2-python-uav-rgb\data\uav3dcrop_depth\2025\Day001_Oat\558_depth.tif,https://huggingface.co/datasets/Link-Dev/UAV3DCrop/resolve/main/2025/Day001_Oat/images/558.JPG?download=true,https://huggingface.co/datasets/Link-Dev/UAV3DCrop_depth/resolve/main/2025/Day001_Oat_depth/558_depth.tif?download=true,main,metric_bias_corrected,8,20000,0.020545703125,0.02821699800491333,0.08870130152641052,-0.0006071846961975098,0.06944093687611111,0.08369743556154946,0.5410653099366629,0.08539376412970674
2025/Day001_Oat,2025,Day001,oat,558.JPG,558,DJI Mavic 3M RGB camera,oblique,oblique,0.7085719022101711,5280,3956,558_depth.tif,True,True,OPENCV,C:\Users\81902\Documents\Codex\2026-09-20\depth-anything-v2-python-uav-rgb\data\uav3dcrop\2025\Day001_Oat\images\558.JPG,C:\Users\81902\Documents\Codex\2026-09-20\depth-anything-v2-python-uav-rgb\data\uav3dcrop_depth\2025\Day001_Oat\558_depth.tif,https://huggingface.co/datasets/Link-Dev/UAV3DCrop/resolve/main/2025/Day001_Oat/images/558.JPG?download=true,https://huggingface.co/datasets/Link-Dev/UAV3DCrop_depth/resolve/main/2025/Day001_Oat_depth/558_depth.tif?download=true,main,metric_scale_shift,8,20000,0.020545703125,0.03536048984527588,0.09642454158593923,-0.001327959442138672,0.06944041701428315,0.08369721040637902,0.5410653099366629,0.08539376412970674
2025/Day001_Oat,2025,Day001,oat,558.JPG,558,DJI Mavic 3M RGB camera,oblique,oblique,0.7085719022101711,5280,3956,558_depth.tif,True,True,OPENCV,C:\Users\81902\Documents\Codex\2026-09-20\depth-anything-v2-python-uav-rgb\data\uav3dcrop\2025\Day001_Oat\images\558.JPG,C:\Users\81902\Documents\Codex\2026-09-20\depth-anything-v2-python-uav-rgb\data\uav3dcrop_depth\2025\Day001_Oat\558_depth.tif,https://huggingface.co/datasets/Link-Dev/UAV3DCrop/resolve/main/2025/Day001_Oat/images/558.JPG?download=true,https://huggingface.co/datasets/Link-Dev/UAV3DCrop_depth/resolve/main/2025/Day001_Oat_depth/558_depth.tif?download=true,main,relative_scale_shift,8,20000,0.020545703125,0.02164079818725586,0.08104532105326141,0.0015844106674194336,0.31585216973998437,0.29296507322424803,0.6216384591423528,0.08539376412970674
2025/Day001_Oat,2025,Day001,oat,558.JPG,558,DJI Mavic 3M RGB camera,oblique,oblique,0.7085719022101711,5280,3956,558_depth.tif,True,True,OPENCV,C:\Users\81902\Documents\Codex\2026-09-20\depth-anything-v2-python-uav-rgb\data\uav3dcrop\2025\Day001_Oat\images\558.JPG,C:\Users\81902\Documents\Codex\2026-09-20\depth-anything-v2-python-uav-rgb\data\uav3dcrop_depth\2025\Day001_Oat\558_depth.tif,https://huggingface.co/datasets/Link-Dev/UAV3DCrop/resolve/main/2025/Day001_Oat/images/558.JPG?download=true,https://huggingface.co/datasets/Link-Dev/UAV3DCrop_depth/resolve/main/2025/Day001_Oat_depth/558_depth.tif?download=true,main,metric_raw,16,20000,0.036871875,0.047765756464004515,0.12100917133942858,-0.0034734260082244874,0.21646131245708716,0.11518632642130874,0.5376044568245125,0.11796346881545823
2025/Day001_Oat,2025,Day001,oat,558.JPG,558,DJI Mavic 3M RGB camera,oblique,oblique,0.7085719022101711,5280,3956,558_depth.tif,True,True,OPENCV,C:\Users\81902\Documents\Codex\2026-09-20\depth-anything-v2-python-uav-rgb\data\uav3dcrop\2025\Day001_Oat\images\558.JPG,C:\Users\81902\Documents\Codex\2026-09-20\depth-anything-v2-python-uav-rgb\data\uav3dcrop_depth\2025\Day001_Oat\558_depth.tif,https://huggingface.co/datasets/Link-Dev/UAV3DCrop/resolve/main/2025/Day001_Oat/images/558.JPG?download=true,https://huggingface.co/datasets/Link-Dev/UAV3DCrop_depth/resolve/main/2025/Day001_Oat_depth/558_depth.tif?download=true,main,metric_bias_corrected,16,20000,0.036871875,0.04776574649810791,0.12100916890774205,-0.0034734153747558593,0.21646129456216934,0.11518579505620272,0.5376044568245125,0.11796346881545823
2025/Day001_Oat,2025,Day001,oat,558.JPG,558,DJI Mavic 3M RGB camera,oblique,oblique,0.7085719022101711,5280,3956,558_depth.tif,True,True,OPENCV,C:\Users\81902\Documents\Codex\2026-09-20\depth-anything-v2-python-uav-rgb\data\uav3dcrop\2025\Day001_Oat\images\558.JPG,C:\Users\81902\Documents\Codex\2026-09-20\depth-anything-v2-python-uav-rgb\data\uav3dcrop_depth\2025\Day001_Oat\558_depth.tif,https://huggingface.co/datasets/Link-Dev/UAV3DCrop/resolve/main/2025/Day001_Oat/images/558.JPG?download=true,https://huggingface.co/datasets/Link-Dev/UAV3DCrop_depth/resolve/main/2025/Day001_Oat_depth/558_depth.tif?download=true,main,metric_scale_shift,16,20000,0.036871875,0.05968330888748169,0.1395800033058243,-0.005083661365509033,0.21646130768482033,0.11518706390375402,0.5376044568245125,0.11796346881545823
2025/Day001_Oat,2025,Day001,oat,558.JPG,558,DJI Mavic 3M RGB camera,oblique,oblique,0.7085719022101711,5280,3956,558_depth.tif,True,True,OPENCV,C:\Users\81902\Documents\Codex\2026-09-20\depth-anything-v2-python-uav-rgb\data\uav3dcrop\2025\Day001_Oat\images\558.JPG,C:\Users\81902\Documents\Codex\2026-09-20\depth-anything-v2-python-uav-rgb\data\uav3dcrop_depth\2025\Day001_Oat\558_depth.tif,https://huggingface.co/datasets/Link-Dev/UAV3DCrop/resolve/main/2025/Day001_Oat/images/558.JPG?download=true,https://huggingface.co/datasets/Link-Dev/UAV3DCrop_depth/resolve/main/2025/Day001_Oat_depth/558_depth.tif?download=true,main,relative_scale_shift,16,20000,0.036871875,0.036299629402160645,0.10705288880276558,0.000997554588317871,0.4202406814380626,0.3245847460815238,0.6088672237697307,0.11796346881545823
2025/Day001_Oat,2025,Day001,oat,558.JPG,558,DJI Mavic 3M RGB camera,oblique,oblique,0.7085719022101711,5280,3956,558_depth.tif,True,True,OPENCV,C:\Users\81902\Documents\Codex\2026-09-20\depth-anything-v2-python-uav-rgb\data\uav3dcrop\2025\Day001_Oat\images\558.JPG,C:\Users\81902\Documents\Codex\2026-09-20\depth-anything-v2-python-uav-rgb\data\uav3dcrop_depth\2025\Day001_Oat\558_depth.tif,https://huggingface.co/datasets/Link-Dev/UAV3DCrop/resolve/main/2025/Day001_Oat/images/558.JPG?download=true,https://huggingface.co/datasets/Link-Dev/UAV3DCrop_depth/resolve/main/2025/Day001_Oat_depth/558_depth.tif?download=true,main,metric_raw,32,20000,0.06693359375,0.0832346491098404,0.18667388523126124,-0.0040494649171829225,0.19680618101386446,0.1394962072951873,0.5476546743868324,0.17958687633491874
2025/Day001_Oat,2025,Day001,oat,558.JPG,558,DJI Mavic 3M RGB camera,oblique,oblique,0.7085719022101711,5280,3956,558_depth.tif,True,True,OPENCV,C:\Users\81902\Documents\Codex\2026-09-20\depth-anything-v2-python-uav-rgb\data\uav3dcrop\2025\Day001_Oat\images\558.JPG,C:\Users\81902\Documents\Codex\2026-09-20\depth-anything-v2-python-uav-rgb\data\uav3dcrop_depth\2025\Day001_Oat\558_depth.tif,https://huggingface.co/datasets/Link-Dev/UAV3DCrop/resolve/main/2025/Day001_Oat/images/558.JPG?download=true,https://huggingface.co/datasets/Link-Dev/UAV3DCrop_depth/resolve/main/2025/Day001_Oat_depth/558_depth.tif?download=true,main,metric_bias_corrected,32,20000,0.06693359375,0.08323464603424072,0.18667389112345747,-0.004049451637268066,0.1968061351837422,0.13949649167453718,0.5476546743868324,0.17958687633491874
2025/Day001_Oat,2025,Day001,oat,558.JPG,558,DJI Mavic 3M RGB camera,oblique,oblique,0.7085719022101711,5280,3956,558_depth.tif,True,True,OPENCV,C:\Users\81902\Documents\Codex\2026-09-20\depth-anything-v2-python-uav-rgb\data\uav3dcrop\2025\Day001_Oat\images\558.JPG,C:\Users\81902\Documents\Codex\2026-09-20\depth-anything-v2-python-uav-rgb\data\uav3dcrop_depth\2025\Day001_Oat\558_depth.tif,https://huggingface.co/datasets/Link-Dev/UAV3DCrop/resolve/main/2025/Day001_Oat/images/558.JPG?download=true,https://huggingface.co/datasets/Link-Dev/UAV3DCrop_depth/resolve/main/2025/Day001_Oat_depth/558_depth.tif?download=true,main,metric_scale_shift,32,20000,0.06693359375,0.10247834739685059,0.2170522002549705,-0.006764436340332031,0.19680628485715487,0.1394961162869233,0.5476546743868324,0.17958687633491874
2025/Day001_Oat,2025,Day001,oat,558.JPG,558,DJI Mavic 3M RGB camera,oblique,oblique,0.7085719022101711,5280,3956,558_depth.tif,True,True,OPENCV,C:\Users\81902\Documents\Codex\2026-09-20\depth-anything-v2-python-uav-rgb\data\uav3dcrop\2025\Day001_Oat\images\558.JPG,C:\Users\81902\Documents\Codex\2026-09-20\depth-anything-v2-python-uav-rgb\data\uav3dcrop_depth\2025\Day001_Oat\558_depth.tif,https://huggingface.co/datasets/Link-Dev/UAV3DCrop/resolve/main/2025/Day001_Oat/images/558.JPG?download=true,https://huggingface.co/datasets/Link-Dev/UAV3DCrop_depth/resolve/main/2025/Day001_Oat_depth/558_depth.tif?download=true,main,relative_scale_shift,32,20000,0.06693359375,0.059410445308685306,0.14932173622931844,0.004321442317962647,0.5630351508324962,0.3801479865413611,0.5967731442326459,0.17958687633491874
2025/Day001_Oat,2025,Day001,oat,558.JPG,558,DJI Mavic 3M RGB camera,oblique,oblique,0.7085719022101711,5280,3956,558_depth.tif,True,True,OPENCV,C:\Users\81902\Documents\Codex\2026-09-20\depth-anything-v2-python-uav-rgb\data\uav3dcrop\2025\Day001_Oat\images\558.JPG,C:\Users\81902\Documents\Codex\2026-09-20\depth-anything-v2-python-uav-rgb\data\uav3dcrop_depth\2025\Day001_Oat\558_depth.tif,https://huggingface.co/datasets/Link-Dev/UAV3DCrop/resolve/main/2025/Day001_Oat/images/558.JPG?download=true,https://huggingface.co/datasets/Link-Dev/UAV3DCrop_depth/resolve/main/2025/Day001_Oat_depth/558_depth.tif?download=true,main,metric_raw,64,20000,0.107574609375,0.13174658761024474,0.26730761654239005,-0.010328685903549194,0.25360270110473543,0.19341419142923935,0.5645867866445655,0.2493264643544366
2025/Day001_Oat,2025,Day001,oat,558.JPG,558,DJI Mavic 3M RGB camera,oblique,oblique,0.7085719022101711,5280,3956,558_depth.tif,True,True,OPENCV,C:\Users\81902\Documents\Codex\2026-09-20\depth-anything-v2-python-uav-rgb\data\uav3dcrop\2025\Day001_Oat\images\558.JPG,C:\Users\81902\Documents\Codex\2026-09-20\depth-anything-v2-python-uav-rgb\data\uav3dcrop_depth\2025\Day001_Oat\558_depth.tif,https://huggingface.co/datasets/Link-Dev/UAV3DCrop/resolve/main/2025/Day001_Oat/images/558.JPG?download=true,https://huggingface.co/datasets/Link-Dev/UAV3DCrop_depth/resolve/main/2025/Day001_Oat_depth/558_depth.tif?download=true,main,metric_bias_corrected,64,20000,0.107574609375,0.13174659328460694,0.2673076182126637,-0.01032868537902832,0.2536026800439576,0.193414539293545,0.5645867866445655,0.2493264643544366
2025/Day001_Oat,2025,Day001,oat,558.JPG,558,DJI Mavic 3M RGB camera,oblique,oblique,0.7085719022101711,5280,3956,558_depth.tif,True,True,OPENCV,C:\Users\81902\Documents\Codex\2026-09-20\depth-anything-v2-python-uav-rgb\data\uav3dcrop\2025\Day001_Oat\images\558.JPG,C:\Users\81902\Documents\Codex\2026-09-20\depth-anything-v2-python-uav-rgb\data\uav3dcrop_depth\2025\Day001_Oat\558_depth.tif,https://huggingface.co/datasets/Link-Dev/UAV3DCrop/resolve/main/2025/Day001_Oat/images/558.JPG?download=true,https://huggingface.co/datasets/Link-Dev/UAV3DCrop_depth/resolve/main/2025/Day001_Oat_depth/558_depth.tif?download=true,main,metric_scale_shift,64,20000,0.107574609375,0.16353286719322205,0.33618836998478324,-0.01693862404823303,0.2536027011318336,0.1934141974895705,0.5645867866445655,0.2493264643544366
2025/Day001_Oat,2025,Day001,oat,558.JPG,558,DJI Mavic 3M RGB camera,oblique,oblique,0.7085719022101711,5280,3956,558_depth.tif,True,True,OPENCV,C:\Users\81902\Documents\Codex\2026-09-20\depth-anything-v2-python-uav-rgb\data\uav3dcrop\2025\Day001_Oat\images\558.JPG,C:\Users\81902\Documents\Codex\2026-09-20\depth-anything-v2-python-uav-rgb\data\uav3dcrop_depth\2025\Day001_Oat\558_depth.tif,https://huggingface.co/datasets/Link-Dev/UAV3DCrop/resolve/main/2025/Day001_Oat/images/558.JPG?download=true,https://huggingface.co/datasets/Link-Dev/UAV3DCrop_depth/resolve/main/2025/Day001_Oat_depth/558_depth.tif?download=true,main,relative_scale_shift,64,20000,0.107574609375,0.08827485017776489,0.1941735972921264,0.007193877315521241,0.6339187643341625,0.47105913247850056,0.6079801089273029,0.2493264643544366
2025/Day001_Oat,2025,Day001,oat,558.JPG,558,DJI Mavic 3M RGB camera,oblique,oblique,0.7085719022101711,5280,3956,558_depth.tif,True,True,OPENCV,C:\Users\81902\Documents\Codex\2026-09-20\depth-anything-v2-python-uav-rgb\data\uav3dcrop\2025\Day001_Oat\images\558.JPG,C:\Users\81902\Documents\Codex\2026-09-20\depth-anything-v2-python-uav-rgb\data\uav3dcrop_depth\2025\Day001_Oat\558_depth.tif,https://huggingface.co/datasets/Link-Dev/UAV3DCrop/resolve/main/2025/Day001_Oat/images/558.JPG?download=true,https://huggingface.co/datasets/Link-Dev/UAV3DCrop_depth/resolve/main/2025/Day001_Oat_depth/558_depth.tif?download=true,main,metric_raw,128,20000,0.1496140625,0.18070742905139922,0.339288717264815,-0.012325407910346985,0.29344370424783506,0.20640265664709065,0.5761918355695118,0.3193458397270147
2025/Day001_Oat,2025,Day001,oat,558.JPG,558,DJI Mavic 3M RGB camera,oblique,oblique,0.7085719022101711,5280,3956,558_depth.tif,True,True,OPENCV,C:\Users\81902\Documents\Codex\2026-09-20\depth-anything-v2-python-uav-rgb\data\uav3dcrop\2025\Day001_Oat\images\558.JPG,C:\Users\81902\Documents\Codex\2026-09-20\depth-anything-v2-python-uav-rgb\data\uav3dcrop_depth\2025\Day001_Oat\558_depth.tif,https://huggingface.co/datasets/Link-Dev/UAV3DCrop/resolve/main/2025/Day001_Oat/images/558.JPG?download=true,https://huggingface.co/datasets/Link-Dev/UAV3DCrop_depth/resolve/main/2025/Day001_Oat_depth/558_depth.tif?download=true,main,metric_bias_corrected,128,20000,0.1496140625,0.18070743684768678,0.3392887271110057,-0.012325414371490479,0.2934436977339999,0.20640260256492693,0.5761918355695118,0.3193458397270147
2025/Day001_Oat,2025,Day001,oat,558.JPG,558,DJI Mavic 3M RGB camera,oblique,oblique,0.7085719022101711,5280,3956,558_depth.tif,True,True,OPENCV,C:\Users\81902\Documents\Codex\2026-09-20\depth-anything-v2-python-uav-rgb\data\uav3dcrop\2025\Day001_Oat\images\558.JPG,C:\Users\81902\Documents\Codex\2026-09-20\depth-anything-v2-python-uav-rgb\data\uav3dcrop_depth\2025\Day001_Oat\558_depth.tif,https://huggingface.co/datasets/Link-Dev/UAV3DCrop/resolve/main/2025/Day001_Oat/images/558.JPG?download=true,https://huggingface.co/datasets/Link-Dev/UAV3DCrop_depth/resolve/main/2025/Day001_Oat_depth/558_depth.tif?download=true,main,metric_scale_shift,128,20000,0.1496140625,0.22826594185829163,0.4346418595314566,-0.023367910814285277,0.2934437060657376,0.20640268711927062,0.5761918355695118,0.3193458397270147
2025/Day001_Oat,2025,Day001,oat,558.JPG,558,DJI Mavic 3M RGB camera,oblique,oblique,0.7085719022101711,5280,3956,558_depth.tif,True,True,OPENCV,C:\Users\81902\Documents\Codex\2026-09-20\depth-anything-v2-python-uav-rgb\data\uav3dcrop\2025\Day001_Oat\images\558.JPG,C:\Users\81902\Documents\Codex\2026-09-20\depth-anything-v2-python-uav-rgb\data\uav3dcrop_depth\2025\Day001_Oat\558_depth.tif,https://huggingface.co/datasets/Link-Dev/UAV3DCrop/resolve/main/2025/Day001_Oat/images/558.JPG?download=true,https://huggingface.co/datasets/Link-Dev/UAV3DCrop_depth/resolve/main/2025/Day001_Oat_depth/558_depth.tif?download=true,main,relative_scale_shift,128,20000,0.1496140625,0.11993161659240723,0.23367474211152203,0.017603302574157716,0.6878163273092581,0.5517663609180218,0.6110191264630317,0.3193458397270147
2025/Day001_Oat,2025,Day001,oat,629.JPG,629,DJI Mavic 3M RGB camera,oblique,oblique,0.7093736388252762,5280,3956,629_depth.tif,True,True,OPENCV,C:\Users\81902\Documents\Codex\2026-09-20\depth-anything-v2-python-uav-rgb\data\uav3dcrop\2025\Day001_Oat\images\629.JPG,C:\Users\81902\Documents\Codex\2026-09-20\depth-anything-v2-python-uav-rgb\data\uav3dcrop_depth\2025\Day001_Oat\629_depth.tif,https://huggingface.co/datasets/Link-Dev/UAV3DCrop/resolve/main/2025/Day001_Oat/images/629.JPG?download=true,https://huggingface.co/datasets/Link-Dev/UAV3DCrop_depth/resolve/main/2025/Day001_Oat_depth/629_depth.tif?download=true,main,metric_raw,8,20000,0.017930859375,0.025608815622329712,0.076044093545064,0.005219584417343139,0.0528401998825125,0.0928778864981747,0.5385799302277857,0.07154149376017568
2025/Day001_Oat,2025,Day001,oat,629.JPG,629,DJI Mavic 3M RGB camera,oblique,oblique,0.7093736388252762,5280,3956,629_depth.tif,True,True,OPENCV,C:\Users\81902\Documents\Codex\2026-09-20\depth-anything-v2-python-uav-rgb\data\uav3dcrop\2025\Day001_Oat\images\629.JPG,C:\Users\81902\Documents\Codex\2026-09-20\depth-anything-v2-python-uav-rgb\data\uav3dcrop_depth\2025\Day001_Oat\629_depth.tif,https://huggingface.co/datasets/Link-Dev/UAV3DCrop/resolve/main/2025/Day001_Oat/images/629.JPG?download=true,https://huggingface.co/datasets/Link-Dev/UAV3DCrop_depth/resolve/main/2025/Day001_Oat_depth/629_depth.tif?download=true,main,metric_bias_corrected,8,20000,0.017930859375,0.025608813858032226,0.07604411331614022,0.00521958236694336,0.05283964919278475,0.09287865595624381,0.5385799302277857,0.07154149376017568
2025/Day001_Oat,2025,Day001,oat,629.JPG,629,DJI Mavic 3M RGB camera,oblique,oblique,0.7093736388252762,5280,3956,629_depth.tif,True,True,OPENCV,C:\Users\81902\Documents\Codex\2026-09-20\depth-anything-v2-python-uav-rgb\data\uav3dcrop\2025\Day001_Oat\images\629.JPG,C:\Users\81902\Documents\Codex\2026-09-20\depth-anything-v2-python-uav-rgb\data\uav3dcrop_depth\2025\Day001_Oat\629_depth.tif,https://huggingface.co/datasets/Link-Dev/UAV3DCrop/resolve/main/2025/Day001_Oat/images/629.JPG?download=true,https://huggingface.co/datasets/Link-Dev/UAV3DCrop_depth/resolve/main/2025/Day001_Oat_depth/629_depth.tif?download=true,main,metric_scale_shift,8,20000,0.017930859375,0.037040051937103274,0.09172133757448798,0.011047263622283936,0.052840282977559244,0.09287718874113968,0.5385799302277857,0.07154149376017568
2025/Day001_Oat,2025,Day001,oat,629.JPG,629,DJI Mavic 3M RGB camera,oblique,oblique,0.7093736388252762,5280,3956,629_depth.tif,True,True,OPENCV,C:\Users\81902\Documents\Codex\2026-09-20\depth-anything-v2-python-uav-rgb\data\uav3dcrop\2025\Day001_Oat\images\629.JPG,C:\Users\81902\Documents\Codex\2026-09-20\depth-anything-v2-python-uav-rgb\data\uav3dcrop_depth\2025\Day001_Oat\629_depth.tif,https://huggingface.co/datasets/Link-Dev/UAV3DCrop/resolve/main/2025/Day001_Oat/images/629.JPG?download=true,https://huggingface.co/datasets/Link-Dev/UAV3DCrop_depth/resolve/main/2025/Day001_Oat_depth/629_depth.tif?download=true,main,relative_scale_shift,8,20000,0.017930859375,0.02081881093978882,0.06972480353121073,-0.00401966142654419,0.26784432901641597,0.23864228569465076,0.5769546480607428,0.07154149376017568
2025/Day001_Oat,2025,Day001,oat,629.JPG,629,DJI Mavic 3M RGB camera,oblique,oblique,0.7093736388252762,5280,3956,629_depth.tif,True,True,OPENCV,C:\Users\81902\Documents\Codex\2026-09-20\depth-anything-v2-python-uav-rgb\data\uav3dcrop\2025\Day001_Oat\images\629.JPG,C:\Users\81902\Documents\Codex\2026-09-20\depth-anything-v2-python-uav-rgb\data\uav3dcrop_depth\2025\Day001_Oat\629_depth.tif,https://huggingface.co/datasets/Link-Dev/UAV3DCrop/resolve/main/2025/Day001_Oat/images/629.JPG?download=true,https://huggingface.co/datasets/Link-Dev/UAV3DCrop_depth/resolve/main/2025/Day001_Oat_depth/629_depth.tif?download=true,main,metric_raw,16,20000,0.034433203125,0.04730539484024048,0.13086304339161975,0.007186175346374512,0.08292102234753243,0.12996031146316606,0.5500647224548847,0.11555939504872417
2025/Day001_Oat,2025,Day001,oat,629.JPG,629,DJI Mavic 3M RGB camera,oblique,oblique,0.7093736388252762,5280,3956,629_depth.tif,True,True,OPENCV,C:\Users\81902\Documents\Codex\2026-09-20\depth-anything-v2-python-uav-rgb\data\uav3dcrop\2025\Day001_Oat\images\629.JPG,C:\Users\81902\Documents\Codex\2026-09-20\depth-anything-v2-python-uav-rgb\data\uav3dcrop_depth\2025\Day001_Oat\629_depth.tif,https://huggingface.co/datasets/Link-Dev/UAV3DCrop/resolve/main/2025/Day001_Oat/images/629.JPG?download=true,https://huggingface.co/datasets/Link-Dev/UAV3DCrop_depth/resolve/main/2025/Day001_Oat_depth/629_depth.tif?download=true,main,metric_bias_corrected,16,20000,0.034433203125,0.04730538759231567,0.13086303838811947,0.0071861701011657715,0.08292099704187358,0.12995973421287282,0.5500647224548847,0.11555939504872417
2025/Day001_Oat,2025,Day001,oat,629.JPG,629,DJI Mavic 3M RGB camera,oblique,oblique,0.7093736388252762,5280,3956,629_depth.tif,True,True,OPENCV,C:\Users\81902\Documents\Codex\2026-09-20\depth-anything-v2-python-uav-rgb\data\uav3dcrop\2025\Day001_Oat\images\629.JPG,C:\Users\81902\Documents\Codex\2026-09-20\depth-anything-v2-python-uav-rgb\data\uav3dcrop_depth\2025\Day001_Oat\629_depth.tif,https://huggingface.co/datasets/Link-Dev/UAV3DCrop/resolve/main/2025/Day001_Oat/images/629.JPG?download=true,https://huggingface.co/datasets/Link-Dev/UAV3DCrop_depth/resolve/main/2025/Day001_Oat_depth/629_depth.tif?download=true,main,metric_scale_shift,16,20000,0.034433203125,0.06891957483291626,0.18000237213115736,0.019241126155853272,0.08292094887269674,0.12996015824250687,0.5500647224548847,0.11555939504872417
2025/Day001_Oat,2025,Day001,oat,629.JPG,629,DJI Mavic 3M RGB camera,oblique,oblique,0.7093736388252762,5280,3956,629_depth.tif,True,True,OPENCV,C:\Users\81902\Documents\Codex\2026-09-20\depth-anything-v2-python-uav-rgb\data\uav3dcrop\2025\Day001_Oat\images\629.JPG,C:\Users\81902\Documents\Codex\2026-09-20\depth-anything-v2-python-uav-rgb\data\uav3dcrop_depth\2025\Day001_Oat\629_depth.tif,https://huggingface.co/datasets/Link-Dev/UAV3DCrop/resolve/main/2025/Day001_Oat/images/629.JPG?download=true,https://huggingface.co/datasets/Link-Dev/UAV3DCrop_depth/resolve/main/2025/Day001_Oat_depth/629_depth.tif?download=true,main,relative_scale_shift,16,20000,0.034433203125,0.036848701095581055,0.10758468723179511,-0.010846017074584961,0.39212309419151714,0.2490903153355852,0.5543287900708139,0.11555939504872417
2025/Day001_Oat,2025,Day001,oat,629.JPG,629,DJI Mavic 3M RGB camera,oblique,oblique,0.7093736388252762,5280,3956,629_depth.tif,True,True,OPENCV,C:\Users\81902\Documents\Codex\2026-09-20\depth-anything-v2-python-uav-rgb\data\uav3dcrop\2025\Day001_Oat\images\629.JPG,C:\Users\81902\Documents\Codex\2026-09-20\depth-anything-v2-python-uav-rgb\data\uav3dcrop_depth\2025\Day001_Oat\629_depth.tif,https://huggingface.co/datasets/Link-Dev/UAV3DCrop/resolve/main/2025/Day001_Oat/images/629.JPG?download=true,https://huggingface.co/datasets/Link-Dev/UAV3DCrop_depth/resolve/main/2025/Day001_Oat_depth/629_depth.tif?download=true,main,metric_raw,32,20000,0.061642578125,0.081961998462677,0.1868366417613254,0.015065299272537231,0.13726584230688285,0.16535269015405818,0.5554335185424474,0.16658684130034848
2025/Day001_Oat,2025,Day001,oat,629.JPG,629,DJI Mavic 3M RGB camera,oblique,oblique,0.7093736388252762,5280,3956,629_depth.tif,True,True,OPENCV,C:\Users\81902\Documents\Codex\2026-09-20\depth-anything-v2-python-uav-rgb\data\uav3dcrop\2025\Day001_Oat\images\629.JPG,C:\Users\81902\Documents\Codex\2026-09-20\depth-anything-v2-python-uav-rgb\data\uav3dcrop_depth\2025\Day001_Oat\629_depth.tif,https://huggingface.co/datasets/Link-Dev/UAV3DCrop/resolve/main/2025/Day001_Oat/images/629.JPG?download=true,https://huggingface.co/datasets/Link-Dev/UAV3DCrop_depth/resolve/main/2025/Day001_Oat_depth/629_depth.tif?download=true,main,metric_bias_corrected,32,20000,0.061642578125,0.08196199083328247,0.18683663904617798,0.015065292263031006,0.13726588704155665,0.1653529199525432,0.5554335185424474,0.16658684130034848
2025/Day001_Oat,2025,Day001,oat,629.JPG,629,DJI Mavic 3M RGB camera,oblique,oblique,0.7093736388252762,5280,3956,629_depth.tif,True,True,OPENCV,C:\Users\81902\Documents\Codex\2026-09-20\depth-anything-v2-python-uav-rgb\data\uav3dcrop\2025\Day001_Oat\images\629.JPG,C:\Users\81902\Documents\Codex\2026-09-20\depth-anything-v2-python-uav-rgb\data\uav3dcrop_depth\2025\Day001_Oat\629_depth.tif,https://huggingface.co/datasets/Link-Dev/UAV3DCrop/resolve/main/2025/Day001_Oat/images/629.JPG?download=true,https://huggingface.co/datasets/Link-Dev/UAV3DCrop_depth/resolve/main/2025/Day001_Oat_depth/629_depth.tif?download=true,main,metric_scale_shift,32,20000,0.061642578125,0.11835678596496582,0.26343709399819343,0.03928525104522705,0.13726582562550724,0.16535280748135275,0.5554335185424474,0.16658684130034848
2025/Day001_Oat,2025,Day001,oat,629.JPG,629,DJI Mavic 3M RGB camera,oblique,oblique,0.7093736388252762,5280,3956,629_depth.tif,True,True,OPENCV,C:\Users\81902\Documents\Codex\2026-09-20\depth-anything-v2-python-uav-rgb\data\uav3dcrop\2025\Day001_Oat\images\629.JPG,C:\Users\81902\Documents\Codex\2026-09-20\depth-anything-v2-python-uav-rgb\data\uav3dcrop_depth\2025\Day001_Oat\629_depth.tif,https://huggingface.co/datasets/Link-Dev/UAV3DCrop/resolve/main/2025/Day001_Oat/images/629.JPG?download=true,https://huggingface.co/datasets/Link-Dev/UAV3DCrop_depth/resolve/main/2025/Day001_Oat_depth/629_depth.tif?download=true,main,relative_scale_shift,32,20000,0.061642578125,0.060368383502960206,0.143688556395183,-0.02260553026199341,0.523868619199207,0.29054991902434113,0.5436102855666106,0.16658684130034848
2025/Day001_Oat,2025,Day001,oat,629.JPG,629,DJI Mavic 3M RGB camera,oblique,oblique,0.7093736388252762,5280,3956,629_depth.tif,True,True,OPENCV,C:\Users\81902\Documents\Codex\2026-09-20\depth-anything-v2-python-uav-rgb\data\uav3dcrop\2025\Day001_Oat\images\629.JPG,C:\Users\81902\Documents\Codex\2026-09-20\depth-anything-v2-python-uav-rgb\data\uav3dcrop_depth\2025\Day001_Oat\629_depth.tif,https://huggingface.co/datasets/Link-Dev/UAV3DCrop/resolve/main/2025/Day001_Oat/images/629.JPG?download=true,https://huggingface.co/datasets/Link-Dev/UAV3DCrop_depth/resolve/main/2025/Day001_Oat_depth/629_depth.tif?download=true,main,metric_raw,64,20000,0.10221796875,0.1309495423555374,0.26431333442137706,0.028548439908027648,0.20992684165312497,0.2254985484259529,0.5834851601528064,0.23407768821586433
2025/Day001_Oat,2025,Day001,oat,629.JPG,629,DJI Mavic 3M RGB camera,oblique,oblique,0.7093736388252762,5280,3956,629_depth.tif,True,True,OPENCV,C:\Users\81902\Documents\Codex\2026-09-20\depth-anything-v2-python-uav-rgb\data\uav3dcrop\2025\Day001_Oat\images\629.JPG,C:\Users\81902\Documents\Codex\2026-09-20\depth-anything-v2-python-uav-rgb\data\uav3dcrop_depth\2025\Day001_Oat\629_depth.tif,https://huggingface.co/datasets/Link-Dev/UAV3DCrop/resolve/main/2025/Day001_Oat/images/629.JPG?download=true,https://huggingface.co/datasets/Link-Dev/UAV3DCrop_depth/resolve/main/2025/Day001_Oat_depth/629_depth.tif?download=true,main,metric_bias_corrected,64,20000,0.10221796875,0.13094954376220702,0.2643133323084282,0.028548441123962404,0.20992685186573332,0.2254982428900041,0.5834851601528064,0.23407768821586433
2025/Day001_Oat,2025,Day001,oat,629.JPG,629,DJI Mavic 3M RGB camera,oblique,oblique,0.7093736388252762,5280,3956,629_depth.tif,True,True,OPENCV,C:\Users\81902\Documents\Codex\2026-09-20\depth-anything-v2-python-uav-rgb\data\uav3dcrop\2025\Day001_Oat\images\629.JPG,C:\Users\81902\Documents\Codex\2026-09-20\depth-anything-v2-python-uav-rgb\data\uav3dcrop_depth\2025\Day001_Oat\629_depth.tif,https://huggingface.co/datasets/Link-Dev/UAV3DCrop/resolve/main/2025/Day001_Oat/images/629.JPG?download=true,https://huggingface.co/datasets/Link-Dev/UAV3DCrop_depth/resolve/main/2025/Day001_Oat_depth/629_depth.tif?download=true,main,metric_scale_shift,64,20000,0.10221796875,0.19048073444366456,0.39815074487711416,0.07431945190429687,0.20992684524141453,0.2254987576434085,0.5834851601528064,0.23407768821586433
2025/Day001_Oat,2025,Day001,oat,629.JPG,629,DJI Mavic 3M RGB camera,oblique,oblique,0.7093736388252762,5280,3956,629_depth.tif,True,True,OPENCV,C:\Users\81902\Documents\Codex\2026-09-20\depth-anything-v2-python-uav-rgb\data\uav3dcrop\2025\Day001_Oat\images\629.JPG,C:\Users\81902\Documents\Codex\2026-09-20\depth-anything-v2-python-uav-rgb\data\uav3dcrop_depth\2025\Day001_Oat\629_depth.tif,https://huggingface.co/datasets/Link-Dev/UAV3DCrop/resolve/main/2025/Day001_Oat/images/629.JPG?download=true,https://huggingface.co/datasets/Link-Dev/UAV3DCrop_depth/resolve/main/2025/Day001_Oat_depth/629_depth.tif?download=true,main,relative_scale_shift,64,20000,0.10221796875,0.09633296365737914,0.1873828332580991,-0.04315504961013794,0.627312218035912,0.3485502617543685,0.5417572729944167,0.23407768821586433
2025/Day001_Oat,2025,Day001,oat,629.JPG,629,DJI Mavic 3M RGB camera,oblique,oblique,0.7093736388252762,5280,3956,629_depth.tif,True,True,OPENCV,C:\Users\81902\Documents\Codex\2026-09-20\depth-anything-v2-python-uav-rgb\data\uav3dcrop\2025\Day001_Oat\images\629.JPG,C:\Users\81902\Documents\Codex\2026-09-20\depth-anything-v2-python-uav-rgb\data\uav3dcrop_depth\2025\Day001_Oat\629_depth.tif,https://huggingface.co/datasets/Link-Dev/UAV3DCrop/resolve/main/2025/Day001_Oat/images/629.JPG?download=true,https://huggingface.co/datasets/Link-Dev/UAV3DCrop_depth/resolve/main/2025/Day001_Oat_depth/629_depth.tif?download=true,main,metric_raw,128,20000,0.1605875,0.20350114936828614,0.38810424671470384,0.055779723739624025,0.29661243428993656,0.25426007804387896,0.6063050269809713,0.3334043924949648
2025/Day001_Oat,2025,Day001,oat,629.JPG,629,DJI Mavic 3M RGB camera,oblique,oblique,0.7093736388252762,5280,3956,629_depth.tif,True,True,OPENCV,C:\Users\81902\Documents\Codex\2026-09-20\depth-anything-v2-python-uav-rgb\data\uav3dcrop\2025\Day001_Oat\images\629.JPG,C:\Users\81902\Documents\Codex\2026-09-20\depth-anything-v2-python-uav-rgb\data\uav3dcrop_depth\2025\Day001_Oat\629_depth.tif,https://huggingface.co/datasets/Link-Dev/UAV3DCrop/resolve/main/2025/Day001_Oat/images/629.JPG?download=true,https://huggingface.co/datasets/Link-Dev/UAV3DCrop_depth/resolve/main/2025/Day001_Oat_depth/629_depth.tif?download=true,main,metric_bias_corrected,128,20000,0.1605875,0.20350115518569947,0.388104254841246,0.0557797324180603,0.2966124142989049,0.2542600903401679,0.6063050269809713,0.3334043924949648
2025/Day001_Oat,2025,Day001,oat,629.JPG,629,DJI Mavic 3M RGB camera,oblique,oblique,0.7093736388252762,5280,3956,629_depth.tif,True,True,OPENCV,C:\Users\81902\Documents\Codex\2026-09-20\depth-anything-v2-python-uav-rgb\data\uav3dcrop\2025\Day001_Oat\images\629.JPG,C:\Users\81902\Documents\Codex\2026-09-20\depth-anything-v2-python-uav-rgb\data\uav3dcrop_depth\2025\Day001_Oat\629_depth.tif,https://huggingface.co/datasets/Link-Dev/UAV3DCrop/resolve/main/2025/Day001_Oat/images/629.JPG?download=true,https://huggingface.co/datasets/Link-Dev/UAV3DCrop_depth/resolve/main/2025/Day001_Oat_depth/629_depth.tif?download=true,main,metric_scale_shift,128,20000,0.1605875,0.30194618549346924,0.6493317189925228,0.14945463542938234,0.2966124368604128,0.25426019947247525,0.6063050269809713,0.3334043924949648
2025/Day001_Oat,2025,Day001,oat,629.JPG,629,DJI Mavic 3M RGB camera,oblique,oblique,0.7093736388252762,5280,3956,629_depth.tif,True,True,OPENCV,C:\Users\81902\Documents\Codex\2026-09-20\depth-anything-v2-python-uav-rgb\data\uav3dcrop\2025\Day001_Oat\images\629.JPG,C:\Users\81902\Documents\Codex\2026-09-20\depth-anything-v2-python-uav-rgb\data\uav3dcrop_depth\2025\Day001_Oat\629_depth.tif,https://huggingface.co/datasets/Link-Dev/UAV3DCrop/resolve/main/2025/Day001_Oat/images/629.JPG?download=true,https://huggingface.co/datasets/Link-Dev/UAV3DCrop_depth/resolve/main/2025/Day001_Oat_depth/629_depth.tif?download=true,main,relative_scale_shift,128,20000,0.1605875,0.1570299120903015,0.26691191964074334,-0.08501320562362671,0.6527545184482382,0.404317415010269,0.5386537915364953,0.3334043924949648
2025/Day001_Oat,2025,Day001,oat,700.JPG,700,DJI Mavic 3M RGB camera,oblique,oblique,0.7083800399027272,5280,3956,700_depth.tif,True,True,OPENCV,C:\Users\81902\Documents\Codex\2026-09-20\depth-anything-v2-python-uav-rgb\data\uav3dcrop\2025\Day001_Oat\images\700.JPG,C:\Users\81902\Documents\Codex\2026-09-20\depth-anything-v2-python-uav-rgb\data\uav3dcrop_depth\2025\Day001_Oat\700_depth.tif,https://huggingface.co/datasets/Link-Dev/UAV3DCrop/resolve/main/2025/Day001_Oat/images/700.JPG?download=true,https://huggingface.co/datasets/Link-Dev/UAV3DCrop_depth/resolve/main/2025/Day001_Oat_depth/700_depth.tif?download=true,main,metric_raw,8,20000,0.0251328125,0.03697391839027405,0.13679065557614015,0.003075391149520874,0.04345887806429562,0.13631790142656042,0.548093548093548,0.12362481651423678
2025/Day001_Oat,2025,Day001,oat,700.JPG,700,DJI Mavic 3M RGB camera,oblique,oblique,0.7083800399027272,5280,3956,700_depth.tif,True,True,OPENCV,C:\Users\81902\Documents\Codex\2026-09-20\depth-anything-v2-python-uav-rgb\data\uav3dcrop\2025\Day001_Oat\images\700.JPG,C:\Users\81902\Documents\Codex\2026-09-20\depth-anything-v2-python-uav-rgb\data\uav3dcrop_depth\2025\Day001_Oat\700_depth.tif,https://huggingface.co/datasets/Link-Dev/UAV3DCrop/resolve/main/2025/Day001_Oat/images/700.JPG?download=true,https://huggingface.co/datasets/Link-Dev/UAV3DCrop_depth/resolve/main/2025/Day001_Oat_depth/700_depth.tif?download=true,main,metric_bias_corrected,8,20000,0.0251328125,0.036973921871185304,0.13679066030096626,0.003075380229949951,0.04345889943690142,0.1363177123439376,0.548093548093548,0.12362481651423678
2025/Day001_Oat,2025,Day001,oat,700.JPG,700,DJI Mavic 3M RGB camera,oblique,oblique,0.7083800399027272,5280,3956,700_depth.tif,True,True,OPENCV,C:\Users\81902\Documents\Codex\2026-09-20\depth-anything-v2-python-uav-rgb\data\uav3dcrop\2025\Day001_Oat\images\700.JPG,C:\Users\81902\Documents\Codex\2026-09-20\depth-anything-v2-python-uav-rgb\data\uav3dcrop_depth\2025\Day001_Oat\700_depth.tif,https://huggingface.co/datasets/Link-Dev/UAV3DCrop/resolve/main/2025/Day001_Oat/images/700.JPG?download=true,https://huggingface.co/datasets/Link-Dev/UAV3DCrop_depth/resolve/main/2025/Day001_Oat_depth/700_depth.tif?download=true,main,metric_scale_shift,8,20000,0.0251328125,0.046635438060760495,0.15744708735526974,0.0024397879600524903,0.0434587924891822,0.13631856012167995,0.548093548093548,0.12362481651423678
2025/Day001_Oat,2025,Day001,oat,700.JPG,700,DJI Mavic 3M RGB camera,oblique,oblique,0.7083800399027272,5280,3956,700_depth.tif,True,True,OPENCV,C:\Users\81902\Documents\Codex\2026-09-20\depth-anything-v2-python-uav-rgb\data\uav3dcrop\2025\Day001_Oat\images\700.JPG,C:\Users\81902\Documents\Codex\2026-09-20\depth-anything-v2-python-uav-rgb\data\uav3dcrop_depth\2025\Day001_Oat\700_depth.tif,https://huggingface.co/datasets/Link-Dev/UAV3DCrop/resolve/main/2025/Day001_Oat/images/700.JPG?download=true,https://huggingface.co/datasets/Link-Dev/UAV3DCrop_depth/resolve/main/2025/Day001_Oat_depth/700_depth.tif?download=true,main,relative_scale_shift,8,20000,0.0251328125,0.026345515537261964,0.12212057407517957,0.0039276946067810055,0.15925406184935803,0.14805679549448722,0.5268905268905268,0.12362481651423678
2025/Day001_Oat,2025,Day001,oat,700.JPG,700,DJI Mavic 3M RGB camera,oblique,oblique,0.7083800399027272,5280,3956,700_depth.tif,True,True,OPENCV,C:\Users\81902\Documents\Codex\2026-09-20\depth-anything-v2-python-uav-rgb\data\uav3dcrop\2025\Day001_Oat\images\700.JPG,C:\Users\81902\Documents\Codex\2026-09-20\depth-anything-v2-python-uav-rgb\data\uav3dcrop_depth\2025\Day001_Oat\700_depth.tif,https://huggingface.co/datasets/Link-Dev/UAV3DCrop/resolve/main/2025/Day001_Oat/images/700.JPG?download=true,https://huggingface.co/datasets/Link-Dev/UAV3DCrop_depth/resolve/main/2025/Day001_Oat_depth/700_depth.tif?download=true,main,metric_raw,16,20000,0.04636171875,0.06566963155269623,0.20114313671134262,0.005004996609687805,0.06519854829929236,0.15497812949937717,0.5436313973548016,0.17033123122339638
2025/Day001_Oat,2025,Day001,oat,700.JPG,700,DJI Mavic 3M RGB camera,oblique,oblique,0.7083800399027272,5280,3956,700_depth.tif,True,True,OPENCV,C:\Users\81902\Documents\Codex\2026-09-20\depth-anything-v2-python-uav-rgb\data\uav3dcrop\2025\Day001_Oat\images\700.JPG,C:\Users\81902\Documents\Codex\2026-09-20\depth-anything-v2-python-uav-rgb\data\uav3dcrop_depth\2025\Day001_Oat\700_depth.tif,https://huggingface.co/datasets/Link-Dev/UAV3DCrop/resolve/main/2025/Day001_Oat/images/700.JPG?download=true,https://huggingface.co/datasets/Link-Dev/UAV3DCrop_depth/resolve/main/2025/Day001_Oat_depth/700_depth.tif?download=true,main,metric_bias_corrected,16,20000,0.04636171875,0.06566962451934814,0.20114313603802772,0.005004990005493164,0.06519857493065674,0.15497919630086482,0.5436313973548016,0.17033123122339638
2025/Day001_Oat,2025,Day001,oat,700.JPG,700,DJI Mavic 3M RGB camera,oblique,oblique,0.7083800399027272,5280,3956,700_depth.tif,True,True,OPENCV,C:\Users\81902\Documents\Codex\2026-09-20\depth-anything-v2-python-uav-rgb\data\uav3dcrop\2025\Day001_Oat\images\700.JPG,C:\Users\81902\Documents\Codex\2026-09-20\depth-anything-v2-python-uav-rgb\data\uav3dcrop_depth\2025\Day001_Oat\700_depth.tif,https://huggingface.co/datasets/Link-Dev/UAV3DCrop/resolve/main/2025/Day001_Oat/images/700.JPG?download=true,https://huggingface.co/datasets/Link-Dev/UAV3DCrop_depth/resolve/main/2025/Day001_Oat_depth/700_depth.tif?download=true,main,metric_scale_shift,16,20000,0.04636171875,0.08345512380599976,0.247160077073484,0.004082469844818116,0.06519849060064209,0.15497785012606802,0.5436313973548016,0.17033123122339638
2025/Day001_Oat,2025,Day001,oat,700.JPG,700,DJI Mavic 3M RGB camera,oblique,oblique,0.7083800399027272,5280,3956,700_depth.tif,True,True,OPENCV,C:\Users\81902\Documents\Codex\2026-09-20\depth-anything-v2-python-uav-rgb\data\uav3dcrop\2025\Day001_Oat\images\700.JPG,C:\Users\81902\Documents\Codex\2026-09-20\depth-anything-v2-python-uav-rgb\data\uav3dcrop_depth\2025\Day001_Oat\700_depth.tif,https://huggingface.co/datasets/Link-Dev/UAV3DCrop/resolve/main/2025/Day001_Oat/images/700.JPG?download=true,https://huggingface.co/datasets/Link-Dev/UAV3DCrop_depth/resolve/main/2025/Day001_Oat_depth/700_depth.tif?download=true,main,relative_scale_shift,16,20000,0.04636171875,0.04670410499572754,0.1655193773404471,0.006121861839294434,0.23995697493453602,0.16478865855190541,0.5057504312823462,0.17033123122339638
2025/Day001_Oat,2025,Day001,oat,700.JPG,700,DJI Mavic 3M RGB camera,oblique,oblique,0.7083800399027272,5280,3956,700_depth.tif,True,True,OPENCV,C:\Users\81902\Documents\Codex\2026-09-20\depth-anything-v2-python-uav-rgb\data\uav3dcrop\2025\Day001_Oat\images\700.JPG,C:\Users\81902\Documents\Codex\2026-09-20\depth-anything-v2-python-uav-rgb\data\uav3dcrop_depth\2025\Day001_Oat\700_depth.tif,https://huggingface.co/datasets/Link-Dev/UAV3DCrop/resolve/main/2025/Day001_Oat/images/700.JPG?download=true,https://huggingface.co/datasets/Link-Dev/UAV3DCrop_depth/resolve/main/2025/Day001_Oat_depth/700_depth.tif?download=true,main,metric_raw,32,20000,0.07935390625,0.11104939925670623,0.26595076064363543,0.014098388695716857,0.12100644029763326,0.1721192890921125,0.5360391443447713,0.19114832366679285
2025/Day001_Oat,2025,Day001,oat,700.JPG,700,DJI Mavic 3M RGB camera,oblique,oblique,0.7083800399027272,5280,3956,700_depth.tif,True,True,OPENCV,C:\Users\81902\Documents\Codex\2026-09-20\depth-anything-v2-python-uav-rgb\data\uav3dcrop\2025\Day001_Oat\images\700.JPG,C:\Users\81902\Documents\Codex\2026-09-20\depth-anything-v2-python-uav-rgb\data\uav3dcrop_depth\2025\Day001_Oat\700_depth.tif,https://huggingface.co/datasets/Link-Dev/UAV3DCrop/resolve/main/2025/Day001_Oat/images/700.JPG?download=true,https://huggingface.co/datasets/Link-Dev/UAV3DCrop_depth/resolve/main/2025/Day001_Oat_depth/700_depth.tif?download=true,main,metric_bias_corrected,32,20000,0.07935390625,0.11104939851760864,0.26595076606675816,0.014098393154144287,0.12100642907271227,0.17211939959213507,0.5360391443447713,0.19114832366679285
2025/Day001_Oat,2025,Day001,oat,700.JPG,700,DJI Mavic 3M RGB camera,oblique,oblique,0.7083800399027272,5280,3956,700_depth.tif,True,True,OPENCV,C:\Users\81902\Documents\Codex\2026-09-20\depth-anything-v2-python-uav-rgb\data\uav3dcrop\2025\Day001_Oat\images\700.JPG,C:\Users\81902\Documents\Codex\2026-09-20\depth-anything-v2-python-uav-rgb\data\uav3dcrop_depth\2025\Day001_Oat\700_depth.tif,https://huggingface.co/datasets/Link-Dev/UAV3DCrop/resolve/main/2025/Day001_Oat/images/700.JPG?download=true,https://huggingface.co/datasets/Link-Dev/UAV3DCrop_depth/resolve/main/2025/Day001_Oat_depth/700_depth.tif?download=true,main,metric_scale_shift,32,20000,0.07935390625,0.1422664704322815,0.3659682575768682,0.013797744083404541,0.1210064368512528,0.17211963518281498,0.5360391443447713,0.19114832366679285
2025/Day001_Oat,2025,Day001,oat,700.JPG,700,DJI Mavic 3M RGB camera,oblique,oblique,0.7083800399027272,5280,3956,700_depth.tif,True,True,OPENCV,C:\Users\81902\Documents\Codex\2026-09-20\depth-anything-v2-python-uav-rgb\data\uav3dcrop\2025\Day001_Oat\images\700.JPG,C:\Users\81902\Documents\Codex\2026-09-20\depth-anything-v2-python-uav-rgb\data\uav3dcrop_depth\2025\Day001_Oat\700_depth.tif,https://huggingface.co/datasets/Link-Dev/UAV3DCrop/resolve/main/2025/Day001_Oat/images/700.JPG?download=true,https://huggingface.co/datasets/Link-Dev/UAV3DCrop_depth/resolve/main/2025/Day001_Oat_depth/700_depth.tif?download=true,main,relative_scale_shift,32,20000,0.07935390625,0.07680446252822876,0.17854382838658758,0.014507425594329834,0.3675943519615604,0.17448543818733925,0.49526378520795433,0.19114832366679285
2025/Day001_Oat,2025,Day001,oat,700.JPG,700,DJI Mavic 3M RGB camera,oblique,oblique,0.7083800399027272,5280,3956,700_depth.tif,True,True,OPENCV,C:\Users\81902\Documents\Codex\2026-09-20\depth-anything-v2-python-uav-rgb\data\uav3dcrop\2025\Day001_Oat\images\700.JPG,C:\Users\81902\Documents\Codex\2026-09-20\depth-anything-v2-python-uav-rgb\data\uav3dcrop_depth\2025\Day001_Oat\700_depth.tif,https://huggingface.co/datasets/Link-Dev/UAV3DCrop/resolve/main/2025/Day001_Oat/images/700.JPG?download=true,https://huggingface.co/datasets/Link-Dev/UAV3DCrop_depth/resolve/main/2025/Day001_Oat_depth/700_depth.tif?download=true,main,metric_raw,64,20000,0.13381640625,0.19037453832626341,0.4493660715123457,0.021884025859832762,0.16211427721124017,0.1996900003221413,0.5422954611159294,0.27863423085998174
2025/Day001_Oat,2025,Day001,oat,700.JPG,700,DJI Mavic 3M RGB camera,oblique,oblique,0.7083800399027272,5280,3956,700_depth.tif,True,True,OPENCV,C:\Users\81902\Documents\Codex\2026-09-20\depth-anything-v2-python-uav-rgb\data\uav3dcrop\2025\Day001_Oat\images\700.JPG,C:\Users\81902\Documents\Codex\2026-09-20\depth-anything-v2-python-uav-rgb\data\uav3dcrop_depth\2025\Day001_Oat\700_depth.tif,https://huggingface.co/datasets/Link-Dev/UAV3DCrop/resolve/main/2025/Day001_Oat/images/700.JPG?download=true,https://huggingface.co/datasets/Link-Dev/UAV3DCrop_depth/resolve/main/2025/Day001_Oat_depth/700_depth.tif?download=true,main,metric_bias_corrected,64,20000,0.13381640625,0.1903745331764221,0.4493660812680997,0.021884020519256593,0.16211427473743037,0.19969006171541565,0.5422954611159294,0.27863423085998174
2025/Day001_Oat,2025,Day001,oat,700.JPG,700,DJI Mavic 3M RGB camera,oblique,oblique,0.7083800399027272,5280,3956,700_depth.tif,True,True,OPENCV,C:\Users\81902\Documents\Codex\2026-09-20\depth-anything-v2-python-uav-rgb\data\uav3dcrop\2025\Day001_Oat\images\700.JPG,C:\Users\81902\Documents\Codex\2026-09-20\depth-anything-v2-python-uav-rgb\data\uav3dcrop_depth\2025\Day001_Oat\700_depth.tif,https://huggingface.co/datasets/Link-Dev/UAV3DCrop/resolve/main/2025/Day001_Oat/images/700.JPG?download=true,https://huggingface.co/datasets/Link-Dev/UAV3DCrop_depth/resolve/main/2025/Day001_Oat_depth/700_depth.tif?download=true,main,metric_scale_shift,64,20000,0.13381640625,0.24782307996749878,0.6579284414221981,0.0168397198677063,0.16211426969914888,0.19968986642842143,0.5422954611159294,0.27863423085998174
2025/Day001_Oat,2025,Day001,oat,700.JPG,700,DJI Mavic 3M RGB camera,oblique,oblique,0.7083800399027272,5280,3956,700_depth.tif,True,True,OPENCV,C:\Users\81902\Documents\Codex\2026-09-20\depth-anything-v2-python-uav-rgb\data\uav3dcrop\2025\Day001_Oat\images\700.JPG,C:\Users\81902\Documents\Codex\2026-09-20\depth-anything-v2-python-uav-rgb\data\uav3dcrop_depth\2025\Day001_Oat\700_depth.tif,https://huggingface.co/datasets/Link-Dev/UAV3DCrop/resolve/main/2025/Day001_Oat/images/700.JPG?download=true,https://huggingface.co/datasets/Link-Dev/UAV3DCrop_depth/resolve/main/2025/Day001_Oat_depth/700_depth.tif?download=true,main,relative_scale_shift,64,20000,0.13381640625,0.12300988903045654,0.2527736934495751,0.02830217971801758,0.4339836214586072,0.1965533292388258,0.4891587163920208,0.27863423085998174
2025/Day001_Oat,2025,Day001,oat,700.JPG,700,DJI Mavic 3M RGB camera,oblique,oblique,0.7083800399027272,5280,3956,700_depth.tif,True,True,OPENCV,C:\Users\81902\Documents\Codex\2026-09-20\depth-anything-v2-python-uav-rgb\data\uav3dcrop\2025\Day001_Oat\images\700.JPG,C:\Users\81902\Documents\Codex\2026-09-20\depth-anything-v2-python-uav-rgb\data\uav3dcrop_depth\2025\Day001_Oat\700_depth.tif,https://huggingface.co/datasets/Link-Dev/UAV3DCrop/resolve/main/2025/Day001_Oat/images/700.JPG?download=true,https://huggingface.co/datasets/Link-Dev/UAV3DCrop_depth/resolve/main/2025/Day001_Oat_depth/700_depth.tif?download=true,main,metric_raw,128,20000,0.196029296875,0.2988181428432465,0.6481560972093465,0.06060726952552795,0.1883339559386063,0.21199863982451994,0.5529333554927705,0.372139215853973
2025/Day001_Oat,2025,Day001,oat,700.JPG,700,DJI Mavic 3M RGB camera,oblique,oblique,0.7083800399027272,5280,3956,700_depth.tif,True,True,OPENCV,C:\Users\81902\Documents\Codex\2026-09-20\depth-anything-v2-python-uav-rgb\data\uav3dcrop\2025\Day001_Oat\images\700.JPG,C:\Users\81902\Documents\Codex\2026-09-20\depth-anything-v2-python-uav-rgb\data\uav3dcrop_depth\2025\Day001_Oat\700_depth.tif,https://huggingface.co/datasets/Link-Dev/UAV3DCrop/resolve/main/2025/Day001_Oat/images/700.JPG?download=true,https://huggingface.co/datasets/Link-Dev/UAV3DCrop_depth/resolve/main/2025/Day001_Oat_depth/700_depth.tif?download=true,main,metric_bias_corrected,128,20000,0.196029296875,0.2988181372642517,0.6481560989570576,0.06060725717544556,0.18833393322481604,0.21199854248309427,0.5529333554927705,0.372139215853973
2025/Day001_Oat,2025,Day001,oat,700.JPG,700,DJI Mavic 3M RGB camera,oblique,oblique,0.7083800399027272,5280,3956,700_depth.tif,True,True,OPENCV,C:\Users\81902\Documents\Codex\2026-09-20\depth-anything-v2-python-uav-rgb\data\uav3dcrop\2025\Day001_Oat\images\700.JPG,C:\Users\81902\Documents\Codex\2026-09-20\depth-anything-v2-python-uav-rgb\data\uav3dcrop_depth\2025\Day001_Oat\700_depth.tif,https://huggingface.co/datasets/Link-Dev/UAV3DCrop/resolve/main/2025/Day001_Oat/images/700.JPG?download=true,https://huggingface.co/datasets/Link-Dev/UAV3DCrop_depth/resolve/main/2025/Day001_Oat_depth/700_depth.tif?download=true,main,metric_scale_shift,128,20000,0.196029296875,0.40107428436279297,0.9706294335638422,0.06028901386260986,0.18833396455225598,0.21199836499623576,0.5529333554927705,0.372139215853973
2025/Day001_Oat,2025,Day001,oat,700.JPG,700,DJI Mavic 3M RGB camera,oblique,oblique,0.7083800399027272,5280,3956,700_depth.tif,True,True,OPENCV,C:\Users\81902\Documents\Codex\2026-09-20\depth-anything-v2-python-uav-rgb\data\uav3dcrop\2025\Day001_Oat\images\700.JPG,C:\Users\81902\Documents\Codex\2026-09-20\depth-anything-v2-python-uav-rgb\data\uav3dcrop_depth\2025\Day001_Oat\700_depth.tif,https://huggingface.co/datasets/Link-Dev/UAV3DCrop/resolve/main/2025/Day001_Oat/images/700.JPG?download=true,https://huggingface.co/datasets/Link-Dev/UAV3DCrop_depth/resolve/main/2025/Day001_Oat_depth/700_depth.tif?download=true,main,relative_scale_shift,128,20000,0.196029296875,0.18474402160644532,0.345857530069923,0.05868328018188477,0.4044240597539675,0.1786331782481384,0.47631710154562074,0.372139215853973
2025/Day001_Wheat,2025,Day001,wheat,1.JPG,1,DJI Mavic 3M RGB camera,nadir,nadir,0.9999870190847487,5280,3956,1_depth.tif,True,True,OPENCV,data\uav3dcrop\2025\Day001_Wheat\images\1.JPG,data\uav3dcrop_depth\2025\Day001_Wheat\1_depth.tif,https://huggingface.co/datasets/Link-Dev/UAV3DCrop/blob/main/2025/Day001_Wheat/images/1.JPG,https://huggingface.co/datasets/Link-Dev/UAV3DCrop_depth/blob/main/2025/Day001_Wheat_depth/1_depth.tif,main,metric_raw,8,20000,0.004665625,0.00793253264427185,0.014797315913775371,0.0014047470569610596,0.024212073459120183,0.025524670047884945,0.5328716036228024,0.009734756682675661
2025/Day001_Wheat,2025,Day001,wheat,1.JPG,1,DJI Mavic 3M RGB camera,nadir,nadir,0.9999870190847487,5280,3956,1_depth.tif,True,True,OPENCV,data\uav3dcrop\2025\Day001_Wheat\images\1.JPG,data\uav3dcrop_depth\2025\Day001_Wheat\1_depth.tif,https://huggingface.co/datasets/Link-Dev/UAV3DCrop/blob/main/2025/Day001_Wheat/images/1.JPG,https://huggingface.co/datasets/Link-Dev/UAV3DCrop_depth/blob/main/2025/Day001_Wheat_depth/1_depth.tif,main,metric_bias_corrected,8,20000,0.004665625,0.007932528638839722,0.014797312731219254,0.0014047420024871826,0.024212023557850727,0.02552502453491902,0.5327650506126798,0.009734756682675661
2025/Day001_Wheat,2025,Day001,wheat,1.JPG,1,DJI Mavic 3M RGB camera,nadir,nadir,0.9999870190847487,5280,3956,1_depth.tif,True,True,OPENCV,data\uav3dcrop\2025\Day001_Wheat\images\1.JPG,data\uav3dcrop_depth\2025\Day001_Wheat\1_depth.tif,https://huggingface.co/datasets/Link-Dev/UAV3DCrop/blob/main/2025/Day001_Wheat/images/1.JPG,https://huggingface.co/datasets/Link-Dev/UAV3DCrop_depth/blob/main/2025/Day001_Wheat_depth/1_depth.tif,main,metric_scale_shift,8,20000,0.004665625,0.004846052122116089,0.009750961453976081,-0.00029376587867736815,0.024213083584204646,0.025536208823861158,0.5326584976025572,0.009734756682675661
2025/Day001_Wheat,2025,Day001,wheat,1.JPG,1,DJI Mavic 3M RGB camera,nadir,nadir,0.9999870190847487,5280,3956,1_depth.tif,True,True,OPENCV,data\uav3dcrop\2025\Day001_Wheat\images\1.JPG,data\uav3dcrop_depth\2025\Day001_Wheat\1_depth.tif,https://huggingface.co/datasets/Link-Dev/UAV3DCrop/blob/main/2025/Day001_Wheat/images/1.JPG,https://huggingface.co/datasets/Link-Dev/UAV3DCrop_depth/blob/main/2025/Day001_Wheat_depth/1_depth.tif,main,relative_scale_shift,8,20000,0.004665625,0.004799060583114624,0.009750748860246464,-0.0001457139492034912,-0.05528566911420849,0.005235763775200526,0.5694192860948322,0.009734756682675661
2025/Day001_Wheat,2025,Day001,wheat,1.JPG,1,DJI Mavic 3M RGB camera,nadir,nadir,0.9999870190847487,5280,3956,1_depth.tif,True,True,OPENCV,data\uav3dcrop\2025\Day001_Wheat\images\1.JPG,data\uav3dcrop_depth\2025\Day001_Wheat\1_depth.tif,https://huggingface.co/datasets/Link-Dev/UAV3DCrop/blob/main/2025/Day001_Wheat/images/1.JPG,https://huggingface.co/datasets/Link-Dev/UAV3DCrop_depth/blob/main/2025/Day001_Wheat_depth/1_depth.tif,main,metric_raw,16,20000,0.008646875,0.013583667516708375,0.020485529780743802,0.002665370464324951,0.042185707507548985,0.00717698462181011,0.518940843345833,0.01558946889818071
2025/Day001_Wheat,2025,Day001,wheat,1.JPG,1,DJI Mavic 3M RGB camera,nadir,nadir,0.9999870190847487,5280,3956,1_depth.tif,True,True,OPENCV,data\uav3dcrop\2025\Day001_Wheat\images\1.JPG,data\uav3dcrop_depth\2025\Day001_Wheat\1_depth.tif,https://huggingface.co/datasets/Link-Dev/UAV3DCrop/blob/main/2025/Day001_Wheat/images/1.JPG,https://huggingface.co/datasets/Link-Dev/UAV3DCrop_depth/blob/main/2025/Day001_Wheat_depth/1_depth.tif,main,metric_bias_corrected,16,20000,0.008646875,0.013583665609359741,0.02048552737832681,0.0026653698444366455,0.04218584119458488,0.007176935307966138,0.518940843345833,0.01558946889818071
2025/Day001_Wheat,2025,Day001,wheat,1.JPG,1,DJI Mavic 3M RGB camera,nadir,nadir,0.9999870190847487,5280,3956,1_depth.tif,True,True,OPENCV,data\uav3dcrop\2025\Day001_Wheat\images\1.JPG,data\uav3dcrop_depth\2025\Day001_Wheat\1_depth.tif,https://huggingface.co/datasets/Link-Dev/UAV3DCrop/blob/main/2025/Day001_Wheat/images/1.JPG,https://huggingface.co/datasets/Link-Dev/UAV3DCrop_depth/blob/main/2025/Day001_Wheat_depth/1_depth.tif,main,metric_scale_shift,16,20000,0.008646875,0.008839051198959351,0.015592810373156789,-0.000678881311416626,0.04218869541588832,0.007182154197508633,0.5183286140659678,0.01558946889818071
2025/Day001_Wheat,2025,Day001,wheat,1.JPG,1,DJI Mavic 3M RGB camera,nadir,nadir,0.9999870190847487,5280,3956,1_depth.tif,True,True,OPENCV,data\uav3dcrop\2025\Day001_Wheat\images\1.JPG,data\uav3dcrop_depth\2025\Day001_Wheat\1_depth.tif,https://huggingface.co/datasets/Link-Dev/UAV3DCrop/blob/main/2025/Day001_Wheat/images/1.JPG,https://huggingface.co/datasets/Link-Dev/UAV3DCrop_depth/blob/main/2025/Day001_Wheat_depth/1_depth.tif,main,relative_scale_shift,16,20000,0.008646875,0.008799769735336303,0.01563278778108017,-0.0003851497173309326,-0.07463667681536125,0.0008657874660106148,0.5643223387158491,0.01558946889818071
2025/Day001_Wheat,2025,Day001,wheat,1.JPG,1,DJI Mavic 3M RGB camera,nadir,nadir,0.9999870190847487,5280,3956,1_depth.tif,True,True,OPENCV,data\uav3dcrop\2025\Day001_Wheat\images\1.JPG,data\uav3dcrop_depth\2025\Day001_Wheat\1_depth.tif,https://huggingface.co/datasets/Link-Dev/UAV3DCrop/blob/main/2025/Day001_Wheat/images/1.JPG,https://huggingface.co/datasets/Link-Dev/UAV3DCrop_depth/blob/main/2025/Day001_Wheat_depth/1_depth.tif,main,metric_raw,32,20000,0.014771875,0.022861991930007933,0.03797769824687207,0.005903216218948364,0.02691674334969185,0.011452436112598701,0.5232075716323091,0.02539298662094024
2025/Day001_Wheat,2025,Day001,wheat,1.JPG,1,DJI Mavic 3M RGB camera,nadir,nadir,0.9999870190847487,5280,3956,1_depth.tif,True,True,OPENCV,data\uav3dcrop\2025\Day001_Wheat\images\1.JPG,data\uav3dcrop_depth\2025\Day001_Wheat\1_depth.tif,https://huggingface.co/datasets/Link-Dev/UAV3DCrop/blob/main/2025/Day001_Wheat/images/1.JPG,https://huggingface.co/datasets/Link-Dev/UAV3DCrop_depth/blob/main/2025/Day001_Wheat_depth/1_depth.tif,main,metric_bias_corrected,32,20000,0.014771875,0.022861992931365968,0.03797769815291669,0.005903218936920166,0.026916866995580886,0.011452489492936826,0.5232075716323091,0.02539298662094024
2025/Day001_Wheat,2025,Day001,wheat,1.JPG,1,DJI Mavic 3M RGB camera,nadir,nadir,0.9999870190847487,5280,3956,1_depth.tif,True,True,OPENCV,data\uav3dcrop\2025\Day001_Wheat\images\1.JPG,data\uav3dcrop_depth\2025\Day001_Wheat\1_depth.tif,https://huggingface.co/datasets/Link-Dev/UAV3DCrop/blob/main/2025/Day001_Wheat/images/1.JPG,https://huggingface.co/datasets/Link-Dev/UAV3DCrop_depth/blob/main/2025/Day001_Wheat_depth/1_depth.tif,main,metric_scale_shift,32,20000,0.014771875,0.014968481206893921,0.025444277539740982,-0.0012343092441558837,0.026918160218346095,0.01145591553641625,0.5230130947750551,0.02539298662094024
2025/Day001_Wheat,2025,Day001,wheat,1.JPG,1,DJI Mavic 3M RGB camera,nadir,nadir,0.9999870190847487,5280,3956,1_depth.tif,True,True,OPENCV,data\uav3dcrop\2025\Day001_Wheat\images\1.JPG,data\uav3dcrop_depth\2025\Day001_Wheat\1_depth.tif,https://huggingface.co/datasets/Link-Dev/UAV3DCrop/blob/main/2025/Day001_Wheat/images/1.JPG,https://huggingface.co/datasets/Link-Dev/UAV3DCrop_depth/blob/main/2025/Day001_Wheat_depth/1_depth.tif,main,relative_scale_shift,32,20000,0.014771875,0.014940497303009033,0.025488689124207455,-0.0006821270942687989,-0.0840285771211577,-0.008872457157957413,0.5622974199403604,0.02539298662094024
2025/Day001_Wheat,2025,Day001,wheat,1.JPG,1,DJI Mavic 3M RGB camera,nadir,nadir,0.9999870190847487,5280,3956,1_depth.tif,True,True,OPENCV,data\uav3dcrop\2025\Day001_Wheat\images\1.JPG,data\uav3dcrop_depth\2025\Day001_Wheat\1_depth.tif,https://huggingface.co/datasets/Link-Dev/UAV3DCrop/blob/main/2025/Day001_Wheat/images/1.JPG,https://huggingface.co/datasets/Link-Dev/UAV3DCrop_depth/blob/main/2025/Day001_Wheat_depth/1_depth.tif,main,metric_raw,64,20000,0.022611328125,0.03697730488777161,0.05336968207926737,0.011857151556015015,0.03300131234866455,-0.010996729156933976,0.5270141616089492,0.03809048858825959
2025/Day001_Wheat,2025,Day001,wheat,1.JPG,1,DJI Mavic 3M RGB camera,nadir,nadir,0.9999870190847487,5280,3956,1_depth.tif,True,True,OPENCV,data\uav3dcrop\2025\Day001_Wheat\images\1.JPG,data\uav3dcrop_depth\2025\Day001_Wheat\1_depth.tif,https://huggingface.co/datasets/Link-Dev/UAV3DCrop/blob/main/2025/Day001_Wheat/images/1.JPG,https://huggingface.co/datasets/Link-Dev/UAV3DCrop_depth/blob/main/2025/Day001_Wheat_depth/1_depth.tif,main,metric_bias_corrected,64,20000,0.022611328125,0.03697730331420898,0.05336967503263334,0.01185715160369873,0.03300145516890976,-0.010996300060420364,0.5270141616089492,0.03809048858825959
2025/Day001_Wheat,2025,Day001,wheat,1.JPG,1,DJI Mavic 3M RGB camera,nadir,nadir,0.9999870190847487,5280,3956,1_depth.tif,True,True,OPENCV,data\uav3dcrop\2025\Day001_Wheat\images\1.JPG,data\uav3dcrop_depth\2025\Day001_Wheat\1_depth.tif,https://huggingface.co/datasets/Link-Dev/UAV3DCrop/blob/main/2025/Day001_Wheat/images/1.JPG,https://huggingface.co/datasets/Link-Dev/UAV3DCrop_depth/blob/main/2025/Day001_Wheat_depth/1_depth.tif,main,metric_scale_shift,64,20000,0.022611328125,0.02275734496116638,0.038159337927713276,-0.0022973573207855226,0.033003105114285745,-0.010996320777260427,0.5268951564917291,0.03809048858825959
2025/Day001_Wheat,2025,Day001,wheat,1.JPG,1,DJI Mavic 3M RGB camera,nadir,nadir,0.9999870190847487,5280,3956,1_depth.tif,True,True,OPENCV,data\uav3dcrop\2025\Day001_Wheat\images\1.JPG,data\uav3dcrop_depth\2025\Day001_Wheat\1_depth.tif,https://huggingface.co/datasets/Link-Dev/UAV3DCrop/blob/main/2025/Day001_Wheat/images/1.JPG,https://huggingface.co/datasets/Link-Dev/UAV3DCrop_depth/blob/main/2025/Day001_Wheat_depth/1_depth.tif,main,relative_scale_shift,64,20000,0.022611328125,0.022773532724380492,0.03833408287124116,-0.00117619891166687,-0.11606583391112588,-0.03598760450187573,0.5583720099964299,0.03809048858825959
2025/Day001_Wheat,2025,Day001,wheat,1.JPG,1,DJI Mavic 3M RGB camera,nadir,nadir,0.9999870190847487,5280,3956,1_depth.tif,True,True,OPENCV,data\uav3dcrop\2025\Day001_Wheat\images\1.JPG,data\uav3dcrop_depth\2025\Day001_Wheat\1_depth.tif,https://huggingface.co/datasets/Link-Dev/UAV3DCrop/blob/main/2025/Day001_Wheat/images/1.JPG,https://huggingface.co/datasets/Link-Dev/UAV3DCrop_depth/blob/main/2025/Day001_Wheat_depth/1_depth.tif,main,metric_raw,128,20000,0.03236171875,0.05937521467208862,0.08158302292442067,0.02186993794441223,-0.014733305860539003,-0.05942320381575326,0.5185963318380558,0.053466631313956
2025/Day001_Wheat,2025,Day001,wheat,1.JPG,1,DJI Mavic 3M RGB camera,nadir,nadir,0.9999870190847487,5280,3956,1_depth.tif,True,True,OPENCV,data\uav3dcrop\2025\Day001_Wheat\images\1.JPG,data\uav3dcrop_depth\2025\Day001_Wheat\1_depth.tif,https://huggingface.co/datasets/Link-Dev/UAV3DCrop/blob/main/2025/Day001_Wheat/images/1.JPG,https://huggingface.co/datasets/Link-Dev/UAV3DCrop_depth/blob/main/2025/Day001_Wheat_depth/1_depth.tif,main,metric_bias_corrected,128,20000,0.03236171875,0.05937521271705627,0.08158302608317206,0.021869937658309937,-0.014733212637193233,-0.059422929556921175,0.5185963318380558,0.053466631313956
2025/Day001_Wheat,2025,Day001,wheat,1.JPG,1,DJI Mavic 3M RGB camera,nadir,nadir,0.9999870190847487,5280,3956,1_depth.tif,True,True,OPENCV,data\uav3dcrop\2025\Day001_Wheat\images\1.JPG,data\uav3dcrop_depth\2025\Day001_Wheat\1_depth.tif,https://huggingface.co/datasets/Link-Dev/UAV3DCrop/blob/main/2025/Day001_Wheat/images/1.JPG,https://huggingface.co/datasets/Link-Dev/UAV3DCrop_depth/blob/main/2025/Day001_Wheat_depth/1_depth.tif,main,metric_scale_shift,128,20000,0.03236171875,0.03259269995689392,0.0538843111972179,-0.004872553110122681,-0.01473484345478583,-0.05942315855732476,0.5185395491454204,0.053466631313956
2025/Day001_Wheat,2025,Day001,wheat,1.JPG,1,DJI Mavic 3M RGB camera,nadir,nadir,0.9999870190847487,5280,3956,1_depth.tif,True,True,OPENCV,data\uav3dcrop\2025\Day001_Wheat\images\1.JPG,data\uav3dcrop_depth\2025\Day001_Wheat\1_depth.tif,https://huggingface.co/datasets/Link-Dev/UAV3DCrop/blob/main/2025/Day001_Wheat/images/1.JPG,https://huggingface.co/datasets/Link-Dev/UAV3DCrop_depth/blob/main/2025/Day001_Wheat_depth/1_depth.tif,main,relative_scale_shift,128,20000,0.03236171875,0.032511476421356204,0.054028223548271394,-0.002535802173614502,-0.13237129354054317,-0.05052481455805826,0.5558457782068026,0.053466631313956
2025/Day001_Wheat,2025,Day001,wheat,43.JPG,43,DJI Mavic 3M RGB camera,nadir,nadir,0.9999036072131963,5280,3956,43_depth.tif,True,True,OPENCV,data\uav3dcrop\2025\Day001_Wheat\images\43.JPG,data\uav3dcrop_depth\2025\Day001_Wheat\43_depth.tif,https://huggingface.co/datasets/Link-Dev/UAV3DCrop/blob/main/2025/Day001_Wheat/images/43.JPG,https://huggingface.co/datasets/Link-Dev/UAV3DCrop_depth/blob/main/2025/Day001_Wheat_depth/43_depth.tif,main,metric_raw,8,20000,0.009098046875,0.01217968966960907,0.023680235360983015,0.0010621238946914673,0.008818279464829265,0.0036087267452321915,0.5029016614993242,0.019833150770271434
2025/Day001_Wheat,2025,Day001,wheat,43.JPG,43,DJI Mavic 3M RGB camera,nadir,nadir,0.9999036072131963,5280,3956,43_depth.tif,True,True,OPENCV,data\uav3dcrop\2025\Day001_Wheat\images\43.JPG,data\uav3dcrop_depth\2025\Day001_Wheat\43_depth.tif,https://huggingface.co/datasets/Link-Dev/UAV3DCrop/blob/main/2025/Day001_Wheat/images/43.JPG,https://huggingface.co/datasets/Link-Dev/UAV3DCrop_depth/blob/main/2025/Day001_Wheat_depth/43_depth.tif,main,metric_bias_corrected,8,20000,0.009098046875,0.012179683256149291,0.02368022163164172,0.0010621260166168212,0.00881878294014566,0.0036078102728979273,0.5028221639240004,0.019833150770271434
2025/Day001_Wheat,2025,Day001,wheat,43.JPG,43,DJI Mavic 3M RGB camera,nadir,nadir,0.9999036072131963,5280,3956,43_depth.tif,True,True,OPENCV,data\uav3dcrop\2025\Day001_Wheat\images\43.JPG,data\uav3dcrop_depth\2025\Day001_Wheat\43_depth.tif,https://huggingface.co/datasets/Link-Dev/UAV3DCrop/blob/main/2025/Day001_Wheat/images/43.JPG,https://huggingface.co/datasets/Link-Dev/UAV3DCrop_depth/blob/main/2025/Day001_Wheat_depth/43_depth.tif,main,metric_scale_shift,8,20000,0.009098046875,0.009132939386367799,0.019838387817132628,0.00028343825340270995,-0.00881628952467891,-0.0036087447003946243,0.4955083869941967,0.019833150770271434
2025/Day001_Wheat,2025,Day001,wheat,43.JPG,43,DJI Mavic 3M RGB camera,nadir,nadir,0.9999036072131963,5280,3956,43_depth.tif,True,True,OPENCV,data\uav3dcrop\2025\Day001_Wheat\images\43.JPG,data\uav3dcrop_depth\2025\Day001_Wheat\43_depth.tif,https://huggingface.co/datasets/Link-Dev/UAV3DCrop/blob/main/2025/Day001_Wheat/images/43.JPG,https://huggingface.co/datasets/Link-Dev/UAV3DCrop_depth/blob/main/2025/Day001_Wheat_depth/43_depth.tif,main,relative_scale_shift,8,20000,0.009098046875,0.009170375061035156,0.019793397664913913,0.000281406307220459,0.15651414240301656,0.026983374551952856,0.4957468797201685,0.019833150770271434
2025/Day001_Wheat,2025,Day001,wheat,43.JPG,43,DJI Mavic 3M RGB camera,nadir,nadir,0.9999036072131963,5280,3956,43_depth.tif,True,True,OPENCV,data\uav3dcrop\2025\Day001_Wheat\images\43.JPG,data\uav3dcrop_depth\2025\Day001_Wheat\43_depth.tif,https://huggingface.co/datasets/Link-Dev/UAV3DCrop/blob/main/2025/Day001_Wheat/images/43.JPG,https://huggingface.co/datasets/Link-Dev/UAV3DCrop_depth/blob/main/2025/Day001_Wheat_depth/43_depth.tif,main,metric_raw,16,20000,0.016823828125,0.02162026116847992,0.03865838162123554,0.001961988377571106,0.03530869155685379,0.02617212307691206,0.5076634546983121,0.03277821631344759
2025/Day001_Wheat,2025,Day001,wheat,43.JPG,43,DJI Mavic 3M RGB camera,nadir,nadir,0.9999036072131963,5280,3956,43_depth.tif,True,True,OPENCV,data\uav3dcrop\2025\Day001_Wheat\images\43.JPG,data\uav3dcrop_depth\2025\Day001_Wheat\43_depth.tif,https://huggingface.co/datasets/Link-Dev/UAV3DCrop/blob/main/2025/Day001_Wheat/images/43.JPG,https://huggingface.co/datasets/Link-Dev/UAV3DCrop_depth/blob/main/2025/Day001_Wheat_depth/43_depth.tif,main,metric_bias_corrected,16,20000,0.016823828125,0.021620263147354126,0.03865838488306659,0.0019619909763336184,0.0353086433014355,0.026171391192100588,0.5076634546983121,0.03277821631344759
2025/Day001_Wheat,2025,Day001,wheat,43.JPG,43,DJI Mavic 3M RGB camera,nadir,nadir,0.9999036072131963,5280,3956,43_depth.tif,True,True,OPENCV,data\uav3dcrop\2025\Day001_Wheat\images\43.JPG,data\uav3dcrop_depth\2025\Day001_Wheat\43_depth.tif,https://huggingface.co/datasets/Link-Dev/UAV3DCrop/blob/main/2025/Day001_Wheat/images/43.JPG,https://huggingface.co/datasets/Link-Dev/UAV3DCrop_depth/blob/main/2025/Day001_Wheat_depth/43_depth.tif,main,metric_scale_shift,16,20000,0.016823828125,0.016868102407455444,0.03279678722845213,0.0004810555934906006,-0.035301572150416176,-0.026181382511213998,0.49168984026385565,0.03277821631344759
2025/Day001_Wheat,2025,Day001,wheat,43.JPG,43,DJI Mavic 3M RGB camera,nadir,nadir,0.9999036072131963,5280,3956,43_depth.tif,True,True,OPENCV,data\uav3dcrop\2025\Day001_Wheat\images\43.JPG,data\uav3dcrop_depth\2025\Day001_Wheat\43_depth.tif,https://huggingface.co/datasets/Link-Dev/UAV3DCrop/blob/main/2025/Day001_Wheat/images/43.JPG,https://huggingface.co/datasets/Link-Dev/UAV3DCrop_depth/blob/main/2025/Day001_Wheat_depth/43_depth.tif,main,relative_scale_shift,16,20000,0.016823828125,0.016903401136398315,0.032674581054516504,0.0004785010814666748,0.19898014910454406,0.05126004014106905,0.5078574662096618,0.03277821631344759
2025/Day001_Wheat,2025,Day001,wheat,43.JPG,43,DJI Mavic 3M RGB camera,nadir,nadir,0.9999036072131963,5280,3956,43_depth.tif,True,True,OPENCV,data\uav3dcrop\2025\Day001_Wheat\images\43.JPG,data\uav3dcrop_depth\2025\Day001_Wheat\43_depth.tif,https://huggingface.co/datasets/Link-Dev/UAV3DCrop/blob/main/2025/Day001_Wheat/images/43.JPG,https://huggingface.co/datasets/Link-Dev/UAV3DCrop_depth/blob/main/2025/Day001_Wheat_depth/43_depth.tif,main,metric_raw,32,20000,0.028014453125,0.035690181398391724,0.0613684566407858,0.0034741639614105225,0.04234423617907213,0.04099959896644674,0.5162798854270182,0.05060312238113829
2025/Day001_Wheat,2025,Day001,wheat,43.JPG,43,DJI Mavic 3M RGB camera,nadir,nadir,0.9999036072131963,5280,3956,43_depth.tif,True,True,OPENCV,data\uav3dcrop\2025\Day001_Wheat\images\43.JPG,data\uav3dcrop_depth\2025\Day001_Wheat\43_depth.tif,https://huggingface.co/datasets/Link-Dev/UAV3DCrop/blob/main/2025/Day001_Wheat/images/43.JPG,https://huggingface.co/datasets/Link-Dev/UAV3DCrop_depth/blob/main/2025/Day001_Wheat_depth/43_depth.tif,main,metric_bias_corrected,32,20000,0.028014453125,0.03569018096923828,0.06136845490944805,0.0034741639137268066,0.042344341153596816,0.040999435721664985,0.5162798854270182,0.05060312238113829
2025/Day001_Wheat,2025,Day001,wheat,43.JPG,43,DJI Mavic 3M RGB camera,nadir,nadir,0.9999036072131963,5280,3956,43_depth.tif,True,True,OPENCV,data\uav3dcrop\2025\Day001_Wheat\images\43.JPG,data\uav3dcrop_depth\2025\Day001_Wheat\43_depth.tif,https://huggingface.co/datasets/Link-Dev/UAV3DCrop/blob/main/2025/Day001_Wheat/images/43.JPG,https://huggingface.co/datasets/Link-Dev/UAV3DCrop_depth/blob/main/2025/Day001_Wheat_depth/43_depth.tif,main,metric_scale_shift,32,20000,0.028014453125,0.0280659460067749,0.05063827860093787,0.0006960477828979493,-0.042343004961927666,-0.04098910874067077,0.4829017361314082,0.05060312238113829
2025/Day001_Wheat,2025,Day001,wheat,43.JPG,43,DJI Mavic 3M RGB camera,nadir,nadir,0.9999036072131963,5280,3956,43_depth.tif,True,True,OPENCV,data\uav3dcrop\2025\Day001_Wheat\images\43.JPG,data\uav3dcrop_depth\2025\Day001_Wheat\43_depth.tif,https://huggingface.co/datasets/Link-Dev/UAV3DCrop/blob/main/2025/Day001_Wheat/images/43.JPG,https://huggingface.co/datasets/Link-Dev/UAV3DCrop_depth/blob/main/2025/Day001_Wheat_depth/43_depth.tif,main,relative_scale_shift,32,20000,0.028014453125,0.028083801174163817,0.05037499862818447,0.0006740598678588867,0.22332183722730264,0.07871568704434859,0.5182673759279827,0.05060312238113829
2025/Day001_Wheat,2025,Day001,wheat,43.JPG,43,DJI Mavic 3M RGB camera,nadir,nadir,0.9999036072131963,5280,3956,43_depth.tif,True,True,OPENCV,data\uav3dcrop\2025\Day001_Wheat\images\43.JPG,data\uav3dcrop_depth\2025\Day001_Wheat\43_depth.tif,https://huggingface.co/datasets/Link-Dev/UAV3DCrop/blob/main/2025/Day001_Wheat/images/43.JPG,https://huggingface.co/datasets/Link-Dev/UAV3DCrop_depth/blob/main/2025/Day001_Wheat_depth/43_depth.tif,main,metric_raw,64,20000,0.043398828125,0.056808933210372926,0.09079433186572593,0.007772409248352051,0.06724893477414791,0.0842708895055913,0.5294085007213406,0.07441615031417433
2025/Day001_Wheat,2025,Day001,wheat,43.JPG,43,DJI Mavic 3M RGB camera,nadir,nadir,0.9999036072131963,5280,3956,43_depth.tif,True,True,OPENCV,data\uav3dcrop\2025\Day001_Wheat\images\43.JPG,data\uav3dcrop_depth\2025\Day001_Wheat\43_depth.tif,https://huggingface.co/datasets/Link-Dev/UAV3DCrop/blob/main/2025/Day001_Wheat/images/43.JPG,https://huggingface.co/datasets/Link-Dev/UAV3DCrop_depth/blob/main/2025/Day001_Wheat_depth/43_depth.tif,main,metric_bias_corrected,64,20000,0.043398828125,0.056808933877944945,0.09079433371360772,0.007772407865524292,0.06724889769749515,0.0842708471848576,0.5294085007213406,0.07441615031417433
2025/Day001_Wheat,2025,Day001,wheat,43.JPG,43,DJI Mavic 3M RGB camera,nadir,nadir,0.9999036072131963,5280,3956,43_depth.tif,True,True,OPENCV,data\uav3dcrop\2025\Day001_Wheat\images\43.JPG,data\uav3dcrop_depth\2025\Day001_Wheat\43_depth.tif,https://huggingface.co/datasets/Link-Dev/UAV3DCrop/blob/main/2025/Day001_Wheat/images/43.JPG,https://huggingface.co/datasets/Link-Dev/UAV3DCrop_depth/blob/main/2025/Day001_Wheat_depth/43_depth.tif,main,metric_scale_shift,64,20000,0.043398828125,0.04348543729782105,0.07451614400353666,0.0020729063987731935,-0.0672486798474763,-0.08426627122149552,0.47020308511818887,0.07441615031417433
2025/Day001_Wheat,2025,Day001,wheat,43.JPG,43,DJI Mavic 3M RGB camera,nadir,nadir,0.9999036072131963,5280,3956,43_depth.tif,True,True,OPENCV,data\uav3dcrop\2025\Day001_Wheat\images\43.JPG,data\uav3dcrop_depth\2025\Day001_Wheat\43_depth.tif,https://huggingface.co/datasets/Link-Dev/UAV3DCrop/blob/main/2025/Day001_Wheat/images/43.JPG,https://huggingface.co/datasets/Link-Dev/UAV3DCrop_depth/blob/main/2025/Day001_Wheat_depth/43_depth.tif,main,relative_scale_shift,64,20000,0.043398828125,0.04336729698181152,0.07395919390186066,0.00205413818359375,0.23947742297886504,0.15093722039410545,0.5423926312284985,0.07441615031417433
2025/Day001_Wheat,2025,Day001,wheat,43.JPG,43,DJI Mavic 3M RGB camera,nadir,nadir,0.9999036072131963,5280,3956,43_depth.tif,True,True,OPENCV,data\uav3dcrop\2025\Day001_Wheat\images\43.JPG,data\uav3dcrop_depth\2025\Day001_Wheat\43_depth.tif,https://huggingface.co/datasets/Link-Dev/UAV3DCrop/blob/main/2025/Day001_Wheat/images/43.JPG,https://huggingface.co/datasets/Link-Dev/UAV3DCrop_depth/blob/main/2025/Day001_Wheat_depth/43_depth.tif,main,metric_raw,128,20000,0.060378125,0.08391915488243103,0.12225087569275264,0.013742561292648316,0.10613604799587588,0.1503497189802059,0.5541610557500674,0.09762450708789916
2025/Day001_Wheat,2025,Day001,wheat,43.JPG,43,DJI Mavic 3M RGB camera,nadir,nadir,0.9999036072131963,5280,3956,43_depth.tif,True,True,OPENCV,data\uav3dcrop\2025\Day001_Wheat\images\43.JPG,data\uav3dcrop_depth\2025\Day001_Wheat\43_depth.tif,https://huggingface.co/datasets/Link-Dev/UAV3DCrop/blob/main/2025/Day001_Wheat/images/43.JPG,https://huggingface.co/datasets/Link-Dev/UAV3DCrop_depth/blob/main/2025/Day001_Wheat_depth/43_depth.tif,main,metric_bias_corrected,128,20000,0.060378125,0.08391915040016175,0.12225087485577085,0.013742562055587769,0.10613606363190405,0.15034976609685513,0.5541610557500674,0.09762450708789916
2025/Day001_Wheat,2025,Day001,wheat,43.JPG,43,DJI Mavic 3M RGB camera,nadir,nadir,0.9999036072131963,5280,3956,43_depth.tif,True,True,OPENCV,data\uav3dcrop\2025\Day001_Wheat\images\43.JPG,data\uav3dcrop_depth\2025\Day001_Wheat\43_depth.tif,https://huggingface.co/datasets/Link-Dev/UAV3DCrop/blob/main/2025/Day001_Wheat/images/43.JPG,https://huggingface.co/datasets/Link-Dev/UAV3DCrop_depth/blob/main/2025/Day001_Wheat_depth/43_depth.tif,main,metric_scale_shift,128,20000,0.060378125,0.06054033927917481,0.0978818093806097,0.004341768646240234,-0.10613719383999048,-0.15035066775334824,0.44556962025316454,0.09762450708789916
2025/Day001_Wheat,2025,Day001,wheat,43.JPG,43,DJI Mavic 3M RGB camera,nadir,nadir,0.9999036072131963,5280,3956,43_depth.tif,True,True,OPENCV,data\uav3dcrop\2025\Day001_Wheat\images\43.JPG,data\uav3dcrop_depth\2025\Day001_Wheat\43_depth.tif,https://huggingface.co/datasets/Link-Dev/UAV3DCrop/blob/main/2025/Day001_Wheat/images/43.JPG,https://huggingface.co/datasets/Link-Dev/UAV3DCrop_depth/blob/main/2025/Day001_Wheat_depth/43_depth.tif,main,relative_scale_shift,128,20000,0.060378125,0.06008865909576416,0.09682063738269699,0.004237012481689453,0.23852836644610642,0.23119621674117705,0.5671424723942904,0.09762450708789916
2025/Day001_Wheat,2025,Day001,wheat,85.JPG,85,DJI Mavic 3M RGB camera,nadir,nadir,0.9999854698430397,5280,3956,85_depth.tif,True,True,OPENCV,data\uav3dcrop\2025\Day001_Wheat\images\85.JPG,data\uav3dcrop_depth\2025\Day001_Wheat\85_depth.tif,https://huggingface.co/datasets/Link-Dev/UAV3DCrop/blob/main/2025/Day001_Wheat/images/85.JPG,https://huggingface.co/datasets/Link-Dev/UAV3DCrop_depth/blob/main/2025/Day001_Wheat_depth/85_depth.tif,main,metric_raw,8,20000,0.00982109375,0.012878664112091064,0.02335883800413971,0.00021336379051208496,0.17860256502868763,0.1438405123639948,0.5595572185843467,0.021587688738114393
2025/Day001_Wheat,2025,Day001,wheat,85.JPG,85,DJI Mavic 3M RGB camera,nadir,nadir,0.9999854698430397,5280,3956,85_depth.tif,True,True,OPENCV,data\uav3dcrop\2025\Day001_Wheat\images\85.JPG,data\uav3dcrop_depth\2025\Day001_Wheat\85_depth.tif,https://huggingface.co/datasets/Link-Dev/UAV3DCrop/blob/main/2025/Day001_Wheat/images/85.JPG,https://huggingface.co/datasets/Link-Dev/UAV3DCrop_depth/blob/main/2025/Day001_Wheat_depth/85_depth.tif,main,metric_bias_corrected,8,20000,0.00982109375,0.012878662395477294,0.023358839445263072,0.0002133723258972168,0.1786024552977503,0.14384004032920816,0.5595572185843467,0.021587688738114393
2025/Day001_Wheat,2025,Day001,wheat,85.JPG,85,DJI Mavic 3M RGB camera,nadir,nadir,0.9999854698430397,5280,3956,85_depth.tif,True,True,OPENCV,data\uav3dcrop\2025\Day001_Wheat\images\85.JPG,data\uav3dcrop_depth\2025\Day001_Wheat\85_depth.tif,https://huggingface.co/datasets/Link-Dev/UAV3DCrop/blob/main/2025/Day001_Wheat/images/85.JPG,https://huggingface.co/datasets/Link-Dev/UAV3DCrop_depth/blob/main/2025/Day001_Wheat_depth/85_depth.tif,main,metric_scale_shift,8,20000,0.00982109375,0.010076293230056762,0.021314114525693408,-0.00017516589164733886,0.17860463582818167,0.14383760178468732,0.5595572185843467,0.021587688738114393
2025/Day001_Wheat,2025,Day001,wheat,85.JPG,85,DJI Mavic 3M RGB camera,nadir,nadir,0.9999854698430397,5280,3956,85_depth.tif,True,True,OPENCV,data\uav3dcrop\2025\Day001_Wheat\images\85.JPG,data\uav3dcrop_depth\2025\Day001_Wheat\85_depth.tif,https://huggingface.co/datasets/Link-Dev/UAV3DCrop/blob/main/2025/Day001_Wheat/images/85.JPG,https://huggingface.co/datasets/Link-Dev/UAV3DCrop_depth/blob/main/2025/Day001_Wheat_depth/85_depth.tif,main,relative_scale_shift,8,20000,0.00982109375,0.00982715735435486,0.021304827456200177,-0.00018909077644348144,0.4024839103222657,0.16702870273587966,0.5512940442781415,0.021587688738114393
2025/Day001_Wheat,2025,Day001,wheat,85.JPG,85,DJI Mavic 3M RGB camera,nadir,nadir,0.9999854698430397,5280,3956,85_depth.tif,True,True,OPENCV,data\uav3dcrop\2025\Day001_Wheat\images\85.JPG,data\uav3dcrop_depth\2025\Day001_Wheat\85_depth.tif,https://huggingface.co/datasets/Link-Dev/UAV3DCrop/blob/main/2025/Day001_Wheat/images/85.JPG,https://huggingface.co/datasets/Link-Dev/UAV3DCrop_depth/blob/main/2025/Day001_Wheat_depth/85_depth.tif,main,metric_raw,16,20000,0.01785078125,0.022023912763595582,0.03523651033895018,0.00053841233253479,0.2627803297846667,0.17845106286585616,0.559331834243495,0.03442629397418309
2025/Day001_Wheat,2025,Day001,wheat,85.JPG,85,DJI Mavic 3M RGB camera,nadir,nadir,0.9999854698430397,5280,3956,85_depth.tif,True,True,OPENCV,data\uav3dcrop\2025\Day001_Wheat\images\85.JPG,data\uav3dcrop_depth\2025\Day001_Wheat\85_depth.tif,https://huggingface.co/datasets/Link-Dev/UAV3DCrop/blob/main/2025/Day001_Wheat/images/85.JPG,https://huggingface.co/datasets/Link-Dev/UAV3DCrop_depth/blob/main/2025/Day001_Wheat_depth/85_depth.tif,main,metric_bias_corrected,16,20000,0.01785078125,0.022023911476135253,0.035236513761499215,0.0005384102821350098,0.26278014761659607,0.17845073784036802,0.5592675875361388,0.03442629397418309
2025/Day001_Wheat,2025,Day001,wheat,85.JPG,85,DJI Mavic 3M RGB camera,nadir,nadir,0.9999854698430397,5280,3956,85_depth.tif,True,True,OPENCV,data\uav3dcrop\2025\Day001_Wheat\images\85.JPG,data\uav3dcrop_depth\2025\Day001_Wheat\85_depth.tif,https://huggingface.co/datasets/Link-Dev/UAV3DCrop/blob/main/2025/Day001_Wheat/images/85.JPG,https://huggingface.co/datasets/Link-Dev/UAV3DCrop_depth/blob/main/2025/Day001_Wheat_depth/85_depth.tif,main,metric_scale_shift,16,20000,0.01785078125,0.017928295278549194,0.03372597785869735,-0.00021813254356384279,0.2627807907700202,0.17845086743788083,0.5592675875361388,0.03442629397418309
2025/Day001_Wheat,2025,Day001,wheat,85.JPG,85,DJI Mavic 3M RGB camera,nadir,nadir,0.9999854698430397,5280,3956,85_depth.tif,True,True,OPENCV,data\uav3dcrop\2025\Day001_Wheat\images\85.JPG,data\uav3dcrop_depth\2025\Day001_Wheat\85_depth.tif,https://huggingface.co/datasets/Link-Dev/UAV3DCrop/blob/main/2025/Day001_Wheat/images/85.JPG,https://huggingface.co/datasets/Link-Dev/UAV3DCrop_depth/blob/main/2025/Day001_Wheat_depth/85_depth.tif,main,relative_scale_shift,16,20000,0.01785078125,0.017741556215286256,0.03375319023357334,-0.0002422696590423584,0.49135876280659224,0.19876540676969023,0.5602312881464825,0.03442629397418309
2025/Day001_Wheat,2025,Day001,wheat,85.JPG,85,DJI Mavic 3M RGB camera,nadir,nadir,0.9999854698430397,5280,3956,85_depth.tif,True,True,OPENCV,data\uav3dcrop\2025\Day001_Wheat\images\85.JPG,data\uav3dcrop_depth\2025\Day001_Wheat\85_depth.tif,https://huggingface.co/datasets/Link-Dev/UAV3DCrop/blob/main/2025/Day001_Wheat/images/85.JPG,https://huggingface.co/datasets/Link-Dev/UAV3DCrop_depth/blob/main/2025/Day001_Wheat_depth/85_depth.tif,main,metric_raw,32,20000,0.029963671875,0.035294617724418643,0.05310259764096105,0.0013754803895950317,0.3472641244768107,0.23497590193267887,0.570205080400839,0.052647212861311174
2025/Day001_Wheat,2025,Day001,wheat,85.JPG,85,DJI Mavic 3M RGB camera,nadir,nadir,0.9999854698430397,5280,3956,85_depth.tif,True,True,OPENCV,data\uav3dcrop\2025\Day001_Wheat\images\85.JPG,data\uav3dcrop_depth\2025\Day001_Wheat\85_depth.tif,https://huggingface.co/datasets/Link-Dev/UAV3DCrop/blob/main/2025/Day001_Wheat/images/85.JPG,https://huggingface.co/datasets/Link-Dev/UAV3DCrop_depth/blob/main/2025/Day001_Wheat_depth/85_depth.tif,main,metric_bias_corrected,32,20000,0.029963671875,0.035294617128372195,0.05310259833086349,0.0013754769802093506,0.34726408964307365,0.23497584545520006,0.570205080400839,0.052647212861311174
2025/Day001_Wheat,2025,Day001,wheat,85.JPG,85,DJI Mavic 3M RGB camera,nadir,nadir,0.9999854698430397,5280,3956,85_depth.tif,True,True,OPENCV,data\uav3dcrop\2025\Day001_Wheat\images\85.JPG,data\uav3dcrop_depth\2025\Day001_Wheat\85_depth.tif,https://huggingface.co/datasets/Link-Dev/UAV3DCrop/blob/main/2025/Day001_Wheat/images/85.JPG,https://huggingface.co/datasets/Link-Dev/UAV3DCrop_depth/blob/main/2025/Day001_Wheat_depth/85_depth.tif,main,metric_scale_shift,32,20000,0.029963671875,0.02956195492744446,0.050919957417368884,-0.0006269996166229249,0.3472636306469139,0.23497518269670847,0.570205080400839,0.052647212861311174
2025/Day001_Wheat,2025,Day001,wheat,85.JPG,85,DJI Mavic 3M RGB camera,nadir,nadir,0.9999854698430397,5280,3956,85_depth.tif,True,True,OPENCV,data\uav3dcrop\2025\Day001_Wheat\images\85.JPG,data\uav3dcrop_depth\2025\Day001_Wheat\85_depth.tif,https://huggingface.co/datasets/Link-Dev/UAV3DCrop/blob/main/2025/Day001_Wheat/images/85.JPG,https://huggingface.co/datasets/Link-Dev/UAV3DCrop_depth/blob/main/2025/Day001_Wheat_depth/85_depth.tif,main,relative_scale_shift,32,20000,0.029963671875,0.029549119853973387,0.05112603212148739,-0.0007231683731079102,0.5899791021606186,0.25155524468184054,0.5720694476811932,0.052647212861311174
2025/Day001_Wheat,2025,Day001,wheat,85.JPG,85,DJI Mavic 3M RGB camera,nadir,nadir,0.9999854698430397,5280,3956,85_depth.tif,True,True,OPENCV,data\uav3dcrop\2025\Day001_Wheat\images\85.JPG,data\uav3dcrop_depth\2025\Day001_Wheat\85_depth.tif,https://huggingface.co/datasets/Link-Dev/UAV3DCrop/blob/main/2025/Day001_Wheat/images/85.JPG,https://huggingface.co/datasets/Link-Dev/UAV3DCrop_depth/blob/main/2025/Day001_Wheat_depth/85_depth.tif,main,metric_raw,64,20000,0.044916015625,0.049173285627365115,0.06824629200194626,0.002011812353134155,0.5066849926786982,0.3306340646330789,0.5966583124477861,0.0761285008629898
2025/Day001_Wheat,2025,Day001,wheat,85.JPG,85,DJI Mavic 3M RGB camera,nadir,nadir,0.9999854698430397,5280,3956,85_depth.tif,True,True,OPENCV,data\uav3dcrop\2025\Day001_Wheat\images\85.JPG,data\uav3dcrop_depth\2025\Day001_Wheat\85_depth.tif,https://huggingface.co/datasets/Link-Dev/UAV3DCrop/blob/main/2025/Day001_Wheat/images/85.JPG,https://huggingface.co/datasets/Link-Dev/UAV3DCrop_depth/blob/main/2025/Day001_Wheat_depth/85_depth.tif,main,metric_bias_corrected,64,20000,0.044916015625,0.049173284101486206,0.06824629348342004,0.002011808729171753,0.5066849707525095,0.3306341037786685,0.5966583124477861,0.0761285008629898
2025/Day001_Wheat,2025,Day001,wheat,85.JPG,85,DJI Mavic 3M RGB camera,nadir,nadir,0.9999854698430397,5280,3956,85_depth.tif,True,True,OPENCV,data\uav3dcrop\2025\Day001_Wheat\images\85.JPG,data\uav3dcrop_depth\2025\Day001_Wheat\85_depth.tif,https://huggingface.co/datasets/Link-Dev/UAV3DCrop/blob/main/2025/Day001_Wheat/images/85.JPG,https://huggingface.co/datasets/Link-Dev/UAV3DCrop_depth/blob/main/2025/Day001_Wheat_depth/85_depth.tif,main,metric_scale_shift,64,20000,0.044916015625,0.04345185823440552,0.07207452418993675,-0.0014741457939147949,0.5066849997087213,0.33063243450048113,0.5966583124477861,0.0761285008629898
2025/Day001_Wheat,2025,Day001,wheat,85.JPG,85,DJI Mavic 3M RGB camera,nadir,nadir,0.9999854698430397,5280,3956,85_depth.tif,True,True,OPENCV,data\uav3dcrop\2025\Day001_Wheat\images\85.JPG,data\uav3dcrop_depth\2025\Day001_Wheat\85_depth.tif,https://huggingface.co/datasets/Link-Dev/UAV3DCrop/blob/main/2025/Day001_Wheat/images/85.JPG,https://huggingface.co/datasets/Link-Dev/UAV3DCrop_depth/blob/main/2025/Day001_Wheat_depth/85_depth.tif,main,relative_scale_shift,64,20000,0.044916015625,0.04391172466278076,0.07314075080985104,-0.001633040428161621,0.6437497170089105,0.308042293354686,0.5909774436090226,0.0761285008629898
2025/Day001_Wheat,2025,Day001,wheat,85.JPG,85,DJI Mavic 3M RGB camera,nadir,nadir,0.9999854698430397,5280,3956,85_depth.tif,True,True,OPENCV,data\uav3dcrop\2025\Day001_Wheat\images\85.JPG,data\uav3dcrop_depth\2025\Day001_Wheat\85_depth.tif,https://huggingface.co/datasets/Link-Dev/UAV3DCrop/blob/main/2025/Day001_Wheat/images/85.JPG,https://huggingface.co/datasets/Link-Dev/UAV3DCrop_depth/blob/main/2025/Day001_Wheat_depth/85_depth.tif,main,metric_raw,128,20000,0.06676640625,0.06596803586483002,0.08695568535390637,0.0031164502859115603,0.5996546943736714,0.4491649760532003,0.6410821858864028,0.10485462690121392
2025/Day001_Wheat,2025,Day001,wheat,85.JPG,85,DJI Mavic 3M RGB camera,nadir,nadir,0.9999854698430397,5280,3956,85_depth.tif,True,True,OPENCV,data\uav3dcrop\2025\Day001_Wheat\images\85.JPG,data\uav3dcrop_depth\2025\Day001_Wheat\85_depth.tif,https://huggingface.co/datasets/Link-Dev/UAV3DCrop/blob/main/2025/Day001_Wheat/images/85.JPG,https://huggingface.co/datasets/Link-Dev/UAV3DCrop_depth/blob/main/2025/Day001_Wheat_depth/85_depth.tif,main,metric_bias_corrected,128,20000,0.06676640625,0.0659680374622345,0.08695568527776948,0.0031164512157440187,0.5996546911243849,0.44916468185372527,0.6410821858864028,0.10485462690121392
2025/Day001_Wheat,2025,Day001,wheat,85.JPG,85,DJI Mavic 3M RGB camera,nadir,nadir,0.9999854698430397,5280,3956,85_depth.tif,True,True,OPENCV,data\uav3dcrop\2025\Day001_Wheat\images\85.JPG,data\uav3dcrop_depth\2025\Day001_Wheat\85_depth.tif,https://huggingface.co/datasets/Link-Dev/UAV3DCrop/blob/main/2025/Day001_Wheat/images/85.JPG,https://huggingface.co/datasets/Link-Dev/UAV3DCrop_depth/blob/main/2025/Day001_Wheat_depth/85_depth.tif,main,metric_scale_shift,128,20000,0.06676640625,0.06309691548347474,0.09758516407736278,-0.003684239149093628,0.5996544880586981,0.44916489131413034,0.6410821858864028,0.10485462690121392
2025/Day001_Wheat,2025,Day001,wheat,85.JPG,85,DJI Mavic 3M RGB camera,nadir,nadir,0.9999854698430397,5280,3956,85_depth.tif,True,True,OPENCV,data\uav3dcrop\2025\Day001_Wheat\images\85.JPG,data\uav3dcrop_depth\2025\Day001_Wheat\85_depth.tif,https://huggingface.co/datasets/Link-Dev/UAV3DCrop/blob/main/2025/Day001_Wheat/images/85.JPG,https://huggingface.co/datasets/Link-Dev/UAV3DCrop_depth/blob/main/2025/Day001_Wheat_depth/85_depth.tif,main,relative_scale_shift,128,20000,0.06676640625,0.06435194125175477,0.09973500764678156,-0.004049636793136597,0.654380504123178,0.41672410003275623,0.6304862306368331,0.10485462690121392
2025/Day001_Wheat,2025,Day001,wheat,127.JPG,127,DJI Mavic 3M RGB camera,nadir,nadir,0.9999789990409258,5280,3956,127_depth.tif,True,True,OPENCV,data\uav3dcrop\2025\Day001_Wheat\images\127.JPG,data\uav3dcrop_depth\2025\Day001_Wheat\127_depth.tif,https://huggingface.co/datasets/Link-Dev/UAV3DCrop/blob/main/2025/Day001_Wheat/images/127.JPG,https://huggingface.co/datasets/Link-Dev/UAV3DCrop_depth/blob/main/2025/Day001_Wheat_depth/127_depth.tif,main,metric_raw,8,20000,0.01118359375,0.013204037880897522,0.026122727828969287,0.00045276610851287843,0.10892096970170045,0.10927704225597451,0.5394666462902117,0.025433422572761388
2025/Day001_Wheat,2025,Day001,wheat,127.JPG,127,DJI Mavic 3M RGB camera,nadir,nadir,0.9999789990409258,5280,3956,127_depth.tif,True,True,OPENCV,data\uav3dcrop\2025\Day001_Wheat\images\127.JPG,data\uav3dcrop_depth\2025\Day001_Wheat\127_depth.tif,https://huggingface.co/datasets/Link-Dev/UAV3DCrop/blob/main/2025/Day001_Wheat/images/127.JPG,https://huggingface.co/datasets/Link-Dev/UAV3DCrop_depth/blob/main/2025/Day001_Wheat_depth/127_depth.tif,main,metric_bias_corrected,8,20000,0.01118359375,0.013204038858413696,0.02612272694903473,0.0004527601718902588,0.10892093051392239,0.10927677670632233,0.5393902345839383,0.025433422572761388
2025/Day001_Wheat,2025,Day001,wheat,127.JPG,127,DJI Mavic 3M RGB camera,nadir,nadir,0.9999789990409258,5280,3956,127_depth.tif,True,True,OPENCV,data\uav3dcrop\2025\Day001_Wheat\images\127.JPG,data\uav3dcrop_depth\2025\Day001_Wheat\127_depth.tif,https://huggingface.co/datasets/Link-Dev/UAV3DCrop/blob/main/2025/Day001_Wheat/images/127.JPG,https://huggingface.co/datasets/Link-Dev/UAV3DCrop_depth/blob/main/2025/Day001_Wheat_depth/127_depth.tif,main,metric_scale_shift,8,20000,0.01118359375,0.011499077606201173,0.025291915209586353,5.233526229858398e-05,0.10891959485142644,0.10927437802151536,0.5393902345839383,0.025433422572761388
2025/Day001_Wheat,2025,Day001,wheat,127.JPG,127,DJI Mavic 3M RGB camera,nadir,nadir,0.9999789990409258,5280,3956,127_depth.tif,True,True,OPENCV,data\uav3dcrop\2025\Day001_Wheat\images\127.JPG,data\uav3dcrop_depth\2025\Day001_Wheat\127_depth.tif,https://huggingface.co/datasets/Link-Dev/UAV3DCrop/blob/main/2025/Day001_Wheat/images/127.JPG,https://huggingface.co/datasets/Link-Dev/UAV3DCrop_depth/blob/main/2025/Day001_Wheat_depth/127_depth.tif,main,relative_scale_shift,8,20000,0.01118359375,0.011190504837036134,0.025404062806069716,-5.9511184692382813e-05,0.3277752763830981,0.1232333121711076,0.5293038893558493,0.025433422572761388
2025/Day001_Wheat,2025,Day001,wheat,127.JPG,127,DJI Mavic 3M RGB camera,nadir,nadir,0.9999789990409258,5280,3956,127_depth.tif,True,True,OPENCV,data\uav3dcrop\2025\Day001_Wheat\images\127.JPG,data\uav3dcrop_depth\2025\Day001_Wheat\127_depth.tif,https://huggingface.co/datasets/Link-Dev/UAV3DCrop/blob/main/2025/Day001_Wheat/images/127.JPG,https://huggingface.co/datasets/Link-Dev/UAV3DCrop_depth/blob/main/2025/Day001_Wheat_depth/127_depth.tif,main,metric_raw,16,20000,0.0203125,0.023129856824874877,0.04111379533739679,0.0010258434772491456,0.1212890564319704,0.1276286387492974,0.5436782338387363,0.038691986437156795
2025/Day001_Wheat,2025,Day001,wheat,127.JPG,127,DJI Mavic 3M RGB camera,nadir,nadir,0.9999789990409258,5280,3956,127_depth.tif,True,True,OPENCV,data\uav3dcrop\2025\Day001_Wheat\images\127.JPG,data\uav3dcrop_depth\2025\Day001_Wheat\127_depth.tif,https://huggingface.co/datasets/Link-Dev/UAV3DCrop/blob/main/2025/Day001_Wheat/images/127.JPG,https://huggingface.co/datasets/Link-Dev/UAV3DCrop_depth/blob/main/2025/Day001_Wheat_depth/127_depth.tif,main,metric_bias_corrected,16,20000,0.0203125,0.02312985782623291,0.04111379460860285,0.0010258414268493653,0.1212890221216509,0.12762875444418884,0.5436782338387363,0.038691986437156795
2025/Day001_Wheat,2025,Day001,wheat,127.JPG,127,DJI Mavic 3M RGB camera,nadir,nadir,0.9999789990409258,5280,3956,127_depth.tif,True,True,OPENCV,data\uav3dcrop\2025\Day001_Wheat\images\127.JPG,data\uav3dcrop_depth\2025\Day001_Wheat\127_depth.tif,https://huggingface.co/datasets/Link-Dev/UAV3DCrop/blob/main/2025/Day001_Wheat/images/127.JPG,https://huggingface.co/datasets/Link-Dev/UAV3DCrop_depth/blob/main/2025/Day001_Wheat_depth/127_depth.tif,main,metric_scale_shift,16,20000,0.0203125,0.02056220178604126,0.038409591389014355,0.00029064483642578123,0.12129040872384733,0.1276310511185126,0.543551354437607,0.038691986437156795
2025/Day001_Wheat,2025,Day001,wheat,127.JPG,127,DJI Mavic 3M RGB camera,nadir,nadir,0.9999789990409258,5280,3956,127_depth.tif,True,True,OPENCV,data\uav3dcrop\2025\Day001_Wheat\images\127.JPG,data\uav3dcrop_depth\2025\Day001_Wheat\127_depth.tif,https://huggingface.co/datasets/Link-Dev/UAV3DCrop/blob/main/2025/Day001_Wheat/images/127.JPG,https://huggingface.co/datasets/Link-Dev/UAV3DCrop_depth/blob/main/2025/Day001_Wheat_depth/127_depth.tif,main,relative_scale_shift,16,20000,0.0203125,0.02030967059135437,0.03862267603980039,8.687376976013184e-05,0.39227693172340067,0.15095753382623345,0.5375245828839688,0.038691986437156795
2025/Day001_Wheat,2025,Day001,wheat,127.JPG,127,DJI Mavic 3M RGB camera,nadir,nadir,0.9999789990409258,5280,3956,127_depth.tif,True,True,OPENCV,data\uav3dcrop\2025\Day001_Wheat\images\127.JPG,data\uav3dcrop_depth\2025\Day001_Wheat\127_depth.tif,https://huggingface.co/datasets/Link-Dev/UAV3DCrop/blob/main/2025/Day001_Wheat/images/127.JPG,https://huggingface.co/datasets/Link-Dev/UAV3DCrop_depth/blob/main/2025/Day001_Wheat_depth/127_depth.tif,main,metric_raw,32,20000,0.0337234375,0.037101289200782775,0.05828606483879319,0.0021866809606552124,0.24775905803465598,0.18904861173791837,0.5599281326069317,0.05913363242491238
2025/Day001_Wheat,2025,Day001,wheat,127.JPG,127,DJI Mavic 3M RGB camera,nadir,nadir,0.9999789990409258,5280,3956,127_depth.tif,True,True,OPENCV,data\uav3dcrop\2025\Day001_Wheat\images\127.JPG,data\uav3dcrop_depth\2025\Day001_Wheat\127_depth.tif,https://huggingface.co/datasets/Link-Dev/UAV3DCrop/blob/main/2025/Day001_Wheat/images/127.JPG,https://huggingface.co/datasets/Link-Dev/UAV3DCrop_depth/blob/main/2025/Day001_Wheat_depth/127_depth.tif,main,metric_bias_corrected,32,20000,0.0337234375,0.03710128879547119,0.05828606290124078,0.0021866881370544433,0.24775910670492754,0.18904908313139784,0.5599281326069317,0.05913363242491238
2025/Day001_Wheat,2025,Day001,wheat,127.JPG,127,DJI Mavic 3M RGB camera,nadir,nadir,0.9999789990409258,5280,3956,127_depth.tif,True,True,OPENCV,data\uav3dcrop\2025\Day001_Wheat\images\127.JPG,data\uav3dcrop_depth\2025\Day001_Wheat\127_depth.tif,https://huggingface.co/datasets/Link-Dev/UAV3DCrop/blob/main/2025/Day001_Wheat/images/127.JPG,https://huggingface.co/datasets/Link-Dev/UAV3DCrop_depth/blob/main/2025/Day001_Wheat_depth/127_depth.tif,main,metric_scale_shift,32,20000,0.0337234375,0.03362523655891418,0.05800769216867237,0.0006398024082183838,0.24775878132284887,0.1890490509259282,0.5599281326069317,0.05913363242491238
2025/Day001_Wheat,2025,Day001,wheat,127.JPG,127,DJI Mavic 3M RGB camera,nadir,nadir,0.9999789990409258,5280,3956,127_depth.tif,True,True,OPENCV,data\uav3dcrop\2025\Day001_Wheat\images\127.JPG,data\uav3dcrop_depth\2025\Day001_Wheat\127_depth.tif,https://huggingface.co/datasets/Link-Dev/UAV3DCrop/blob/main/2025/Day001_Wheat/images/127.JPG,https://huggingface.co/datasets/Link-Dev/UAV3DCrop_depth/blob/main/2025/Day001_Wheat_depth/127_depth.tif,main,relative_scale_shift,32,20000,0.0337234375,0.033693446779251096,0.05897732724731606,0.00020820441246032715,0.4683262355035634,0.2066104746190656,0.5576098296047294,0.05913363242491238
2025/Day001_Wheat,2025,Day001,wheat,127.JPG,127,DJI Mavic 3M RGB camera,nadir,nadir,0.9999789990409258,5280,3956,127_depth.tif,True,True,OPENCV,data\uav3dcrop\2025\Day001_Wheat\images\127.JPG,data\uav3dcrop_depth\2025\Day001_Wheat\127_depth.tif,https://huggingface.co/datasets/Link-Dev/UAV3DCrop/blob/main/2025/Day001_Wheat/images/127.JPG,https://huggingface.co/datasets/Link-Dev/UAV3DCrop_depth/blob/main/2025/Day001_Wheat_depth/127_depth.tif,main,metric_raw,64,20000,0.050359375,0.05456750192642212,0.08115501718424105,0.004927271890640259,0.32257558015865273,0.2565441624197094,0.5722715491093586,0.08408803207390173
2025/Day001_Wheat,2025,Day001,wheat,127.JPG,127,DJI Mavic 3M RGB camera,nadir,nadir,0.9999789990409258,5280,3956,127_depth.tif,True,True,OPENCV,data\uav3dcrop\2025\Day001_Wheat\images\127.JPG,data\uav3dcrop_depth\2025\Day001_Wheat\127_depth.tif,https://huggingface.co/datasets/Link-Dev/UAV3DCrop/blob/main/2025/Day001_Wheat/images/127.JPG,https://huggingface.co/datasets/Link-Dev/UAV3DCrop_depth/blob/main/2025/Day001_Wheat_depth/127_depth.tif,main,metric_bias_corrected,64,20000,0.050359375,0.05456750226020813,0.08115501760214595,0.004927269983291626,0.32257554041095504,0.2565442187396174,0.5722715491093586,0.08408803207390173
2025/Day001_Wheat,2025,Day001,wheat,127.JPG,127,DJI Mavic 3M RGB camera,nadir,nadir,0.9999789990409258,5280,3956,127_depth.tif,True,True,OPENCV,data\uav3dcrop\2025\Day001_Wheat\images\127.JPG,data\uav3dcrop_depth\2025\Day001_Wheat\127_depth.tif,https://huggingface.co/datasets/Link-Dev/UAV3DCrop/blob/main/2025/Day001_Wheat/images/127.JPG,https://huggingface.co/datasets/Link-Dev/UAV3DCrop_depth/blob/main/2025/Day001_Wheat_depth/127_depth.tif,main,metric_scale_shift,64,20000,0.050359375,0.049759935188293455,0.08158073219362666,0.0021180779457092287,0.32257560670601604,0.25654439092948056,0.5722715491093586,0.08408803207390173
2025/Day001_Wheat,2025,Day001,wheat,127.JPG,127,DJI Mavic 3M RGB camera,nadir,nadir,0.9999789990409258,5280,3956,127_depth.tif,True,True,OPENCV,data\uav3dcrop\2025\Day001_Wheat\images\127.JPG,data\uav3dcrop_depth\2025\Day001_Wheat\127_depth.tif,https://huggingface.co/datasets/Link-Dev/UAV3DCrop/blob/main/2025/Day001_Wheat/images/127.JPG,https://huggingface.co/datasets/Link-Dev/UAV3DCrop_depth/blob/main/2025/Day001_Wheat_depth/127_depth.tif,main,relative_scale_shift,64,20000,0.050359375,0.05026190481185913,0.08377319166498645,0.0013364877700805665,0.5121436619196368,0.2653958397419101,0.5807643522858876,0.08408803207390173
2025/Day001_Wheat,2025,Day001,wheat,127.JPG,127,DJI Mavic 3M RGB camera,nadir,nadir,0.9999789990409258,5280,3956,127_depth.tif,True,True,OPENCV,data\uav3dcrop\2025\Day001_Wheat\images\127.JPG,data\uav3dcrop_depth\2025\Day001_Wheat\127_depth.tif,https://huggingface.co/datasets/Link-Dev/UAV3DCrop/blob/main/2025/Day001_Wheat/images/127.JPG,https://huggingface.co/datasets/Link-Dev/UAV3DCrop_depth/blob/main/2025/Day001_Wheat_depth/127_depth.tif,main,metric_raw,128,20000,0.07463359375,0.07895876407623291,0.10954097818248838,0.009628972244262695,0.3759251723645228,0.3429632162958053,0.6042047531992687,0.11575521096942956
2025/Day001_Wheat,2025,Day001,wheat,127.JPG,127,DJI Mavic 3M RGB camera,nadir,nadir,0.9999789990409258,5280,3956,127_depth.tif,True,True,OPENCV,data\uav3dcrop\2025\Day001_Wheat\images\127.JPG,data\uav3dcrop_depth\2025\Day001_Wheat\127_depth.tif,https://huggingface.co/datasets/Link-Dev/UAV3DCrop/blob/main/2025/Day001_Wheat/images/127.JPG,https://huggingface.co/datasets/Link-Dev/UAV3DCrop_depth/blob/main/2025/Day001_Wheat_depth/127_depth.tif,main,metric_bias_corrected,128,20000,0.07463359375,0.07895876431465149,0.10954097549162962,0.009628976488113403,0.3759252280317143,0.342963327481911,0.6042047531992687,0.11575521096942956
2025/Day001_Wheat,2025,Day001,wheat,127.JPG,127,DJI Mavic 3M RGB camera,nadir,nadir,0.9999789990409258,5280,3956,127_depth.tif,True,True,OPENCV,data\uav3dcrop\2025\Day001_Wheat\images\127.JPG,data\uav3dcrop_depth\2025\Day001_Wheat\127_depth.tif,https://huggingface.co/datasets/Link-Dev/UAV3DCrop/blob/main/2025/Day001_Wheat/images/127.JPG,https://huggingface.co/datasets/Link-Dev/UAV3DCrop_depth/blob/main/2025/Day001_Wheat_depth/127_depth.tif,main,metric_scale_shift,128,20000,0.07463359375,0.07326361651420593,0.11134446124193799,0.0050733182430267336,0.37592509437808685,0.34296345667437544,0.6042047531992687,0.11575521096942956
2025/Day001_Wheat,2025,Day001,wheat,127.JPG,127,DJI Mavic 3M RGB camera,nadir,nadir,0.9999789990409258,5280,3956,127_depth.tif,True,True,OPENCV,data\uav3dcrop\2025\Day001_Wheat\images\127.JPG,data\uav3dcrop_depth\2025\Day001_Wheat\127_depth.tif,https://huggingface.co/datasets/Link-Dev/UAV3DCrop/blob/main/2025/Day001_Wheat/images/127.JPG,https://huggingface.co/datasets/Link-Dev/UAV3DCrop_depth/blob/main/2025/Day001_Wheat_depth/127_depth.tif,main,relative_scale_shift,128,20000,0.07463359375,0.07437490677833557,0.1151890996271678,0.0037943374156951906,0.5421355817540076,0.38072295837102804,0.6153349822561566,0.11575521096942956
2025/Day001_Wheat,2025,Day001,wheat,169.JPG,169,DJI Mavic 3M RGB camera,nadir,nadir,0.9999973586936671,5280,3956,169_depth.tif,True,True,OPENCV,data\uav3dcrop\2025\Day001_Wheat\images\169.JPG,data\uav3dcrop_depth\2025\Day001_Wheat\169_depth.tif,https://huggingface.co/datasets/Link-Dev/UAV3DCrop/blob/main/2025/Day001_Wheat/images/169.JPG,https://huggingface.co/datasets/Link-Dev/UAV3DCrop_depth/blob/main/2025/Day001_Wheat_depth/169_depth.tif,main,metric_raw,8,20000,0.00545234375,0.008891230082511902,0.01610867581285408,0.000979876446723938,0.07822352073608485,0.03560453162980624,0.5165079365079365,0.013333809144749064
2025/Day001_Wheat,2025,Day001,wheat,169.JPG,169,DJI Mavic 3M RGB camera,nadir,nadir,0.9999973586936671,5280,3956,169_depth.tif,True,True,OPENCV,data\uav3dcrop\2025\Day001_Wheat\images\169.JPG,data\uav3dcrop_depth\2025\Day001_Wheat\169_depth.tif,https://huggingface.co/datasets/Link-Dev/UAV3DCrop/blob/main/2025/Day001_Wheat/images/169.JPG,https://huggingface.co/datasets/Link-Dev/UAV3DCrop_depth/blob/main/2025/Day001_Wheat_depth/169_depth.tif,main,metric_bias_corrected,8,20000,0.00545234375,0.008891227245330811,0.0161086699495539,0.0009798766136169435,0.07822421163054358,0.03560526837938064,0.5165079365079365,0.013333809144749064
2025/Day001_Wheat,2025,Day001,wheat,169.JPG,169,DJI Mavic 3M RGB camera,nadir,nadir,0.9999973586936671,5280,3956,169_depth.tif,True,True,OPENCV,data\uav3dcrop\2025\Day001_Wheat\images\169.JPG,data\uav3dcrop_depth\2025\Day001_Wheat\169_depth.tif,https://huggingface.co/datasets/Link-Dev/UAV3DCrop/blob/main/2025/Day001_Wheat/images/169.JPG,https://huggingface.co/datasets/Link-Dev/UAV3DCrop_depth/blob/main/2025/Day001_Wheat_depth/169_depth.tif,main,metric_scale_shift,8,20000,0.00545234375,0.005537427377700806,0.01335916421863275,-9.962973594665528e-05,-0.0782272651439512,-0.035628388678019644,0.48275132275132276,0.013333809144749064
2025/Day001_Wheat,2025,Day001,wheat,169.JPG,169,DJI Mavic 3M RGB camera,nadir,nadir,0.9999973586936671,5280,3956,169_depth.tif,True,True,OPENCV,data\uav3dcrop\2025\Day001_Wheat\images\169.JPG,data\uav3dcrop_depth\2025\Day001_Wheat\169_depth.tif,https://huggingface.co/datasets/Link-Dev/UAV3DCrop/blob/main/2025/Day001_Wheat/images/169.JPG,https://huggingface.co/datasets/Link-Dev/UAV3DCrop_depth/blob/main/2025/Day001_Wheat_depth/169_depth.tif,main,relative_scale_shift,8,20000,0.00545234375,0.005459772300720215,0.013341359475313798,-7.515993118286133e-05,-0.31674188173076245,-0.06575324585439982,0.46804232804232804,0.013333809144749064
2025/Day001_Wheat,2025,Day001,wheat,169.JPG,169,DJI Mavic 3M RGB camera,nadir,nadir,0.9999973586936671,5280,3956,169_depth.tif,True,True,OPENCV,data\uav3dcrop\2025\Day001_Wheat\images\169.JPG,data\uav3dcrop_depth\2025\Day001_Wheat\169_depth.tif,https://huggingface.co/datasets/Link-Dev/UAV3DCrop/blob/main/2025/Day001_Wheat/images/169.JPG,https://huggingface.co/datasets/Link-Dev/UAV3DCrop_depth/blob/main/2025/Day001_Wheat_depth/169_depth.tif,main,metric_raw,16,20000,0.009837109375,0.014744580745697022,0.02425053501641286,0.0019249984264373778,0.1395775017424623,0.0599124280491336,0.5198464491362764,0.02023826533773622
2025/Day001_Wheat,2025,Day001,wheat,169.JPG,169,DJI Mavic 3M RGB camera,nadir,nadir,0.9999973586936671,5280,3956,169_depth.tif,True,True,OPENCV,data\uav3dcrop\2025\Day001_Wheat\images\169.JPG,data\uav3dcrop_depth\2025\Day001_Wheat\169_depth.tif,https://huggingface.co/datasets/Link-Dev/UAV3DCrop/blob/main/2025/Day001_Wheat/images/169.JPG,https://huggingface.co/datasets/Link-Dev/UAV3DCrop_depth/blob/main/2025/Day001_Wheat_depth/169_depth.tif,main,metric_bias_corrected,16,20000,0.009837109375,0.014744576358795166,0.024250528525576832,0.0019250015258789061,0.13957773955796804,0.059912453699093336,0.5198464491362764,0.02023826533773622
2025/Day001_Wheat,2025,Day001,wheat,169.JPG,169,DJI Mavic 3M RGB camera,nadir,nadir,0.9999973586936671,5280,3956,169_depth.tif,True,True,OPENCV,data\uav3dcrop\2025\Day001_Wheat\images\169.JPG,data\uav3dcrop_depth\2025\Day001_Wheat\169_depth.tif,https://huggingface.co/datasets/Link-Dev/UAV3DCrop/blob/main/2025/Day001_Wheat/images/169.JPG,https://huggingface.co/datasets/Link-Dev/UAV3DCrop_depth/blob/main/2025/Day001_Wheat_depth/169_depth.tif,main,metric_scale_shift,16,20000,0.009837109375,0.009942443990707397,0.020307597955723393,-0.00015854239463806153,-0.13958032311551316,-0.05991737837305049,0.47946257197696734,0.02023826533773622
2025/Day001_Wheat,2025,Day001,wheat,169.JPG,169,DJI Mavic 3M RGB camera,nadir,nadir,0.9999973586936671,5280,3956,169_depth.tif,True,True,OPENCV,data\uav3dcrop\2025\Day001_Wheat\images\169.JPG,data\uav3dcrop_depth\2025\Day001_Wheat\169_depth.tif,https://huggingface.co/datasets/Link-Dev/UAV3DCrop/blob/main/2025/Day001_Wheat/images/169.JPG,https://huggingface.co/datasets/Link-Dev/UAV3DCrop_depth/blob/main/2025/Day001_Wheat_depth/169_depth.tif,main,relative_scale_shift,16,20000,0.009837109375,0.009847722434997559,0.020256487860778338,-0.00011084241867065429,-0.4150150081714563,-0.06162939685672715,0.4837619961612284,0.02023826533773622
2025/Day001_Wheat,2025,Day001,wheat,169.JPG,169,DJI Mavic 3M RGB camera,nadir,nadir,0.9999973586936671,5280,3956,169_depth.tif,True,True,OPENCV,data\uav3dcrop\2025\Day001_Wheat\images\169.JPG,data\uav3dcrop_depth\2025\Day001_Wheat\169_depth.tif,https://huggingface.co/datasets/Link-Dev/UAV3DCrop/blob/main/2025/Day001_Wheat/images/169.JPG,https://huggingface.co/datasets/Link-Dev/UAV3DCrop_depth/blob/main/2025/Day001_Wheat_depth/169_depth.tif,main,metric_raw,32,20000,0.0157109375,0.023265480470657348,0.03427198549062045,0.003965201187133789,0.2178782619098752,0.0919658778098571,0.5310634389555862,0.02911979138603522
2025/Day001_Wheat,2025,Day001,wheat,169.JPG,169,DJI Mavic 3M RGB camera,nadir,nadir,0.9999973586936671,5280,3956,169_depth.tif,True,True,OPENCV,data\uav3dcrop\2025\Day001_Wheat\images\169.JPG,data\uav3dcrop_depth\2025\Day001_Wheat\169_depth.tif,https://huggingface.co/datasets/Link-Dev/UAV3DCrop/blob/main/2025/Day001_Wheat/images/169.JPG,https://huggingface.co/datasets/Link-Dev/UAV3DCrop_depth/blob/main/2025/Day001_Wheat_depth/169_depth.tif,main,metric_bias_corrected,32,20000,0.0157109375,0.023265476608276367,0.034271984587563364,0.003965201091766357,0.217878227910631,0.09196562266250857,0.5310634389555862,0.02911979138603522
2025/Day001_Wheat,2025,Day001,wheat,169.JPG,169,DJI Mavic 3M RGB camera,nadir,nadir,0.9999973586936671,5280,3956,169_depth.tif,True,True,OPENCV,data\uav3dcrop\2025\Day001_Wheat\images\169.JPG,data\uav3dcrop_depth\2025\Day001_Wheat\169_depth.tif,https://huggingface.co/datasets/Link-Dev/UAV3DCrop/blob/main/2025/Day001_Wheat/images/169.JPG,https://huggingface.co/datasets/Link-Dev/UAV3DCrop_depth/blob/main/2025/Day001_Wheat_depth/169_depth.tif,main,metric_scale_shift,32,20000,0.0157109375,0.015852309703826905,0.029280358984339467,-3.6008548736572265e-05,-0.21788239241401766,-0.09196204162750088,0.4687397493931641,0.02911979138603522
2025/Day001_Wheat,2025,Day001,wheat,169.JPG,169,DJI Mavic 3M RGB camera,nadir,nadir,0.9999973586936671,5280,3956,169_depth.tif,True,True,OPENCV,data\uav3dcrop\2025\Day001_Wheat\images\169.JPG,data\uav3dcrop_depth\2025\Day001_Wheat\169_depth.tif,https://huggingface.co/datasets/Link-Dev/UAV3DCrop/blob/main/2025/Day001_Wheat/images/169.JPG,https://huggingface.co/datasets/Link-Dev/UAV3DCrop_depth/blob/main/2025/Day001_Wheat_depth/169_depth.tif,main,relative_scale_shift,32,20000,0.0157109375,0.015728872013092043,0.02915729632599134,5.4568004608154295e-05,-0.48635530600331994,-0.10729585508131222,0.4672964639506659,0.02911979138603522
2025/Day001_Wheat,2025,Day001,wheat,169.JPG,169,DJI Mavic 3M RGB camera,nadir,nadir,0.9999973586936671,5280,3956,169_depth.tif,True,True,OPENCV,data\uav3dcrop\2025\Day001_Wheat\images\169.JPG,data\uav3dcrop_depth\2025\Day001_Wheat\169_depth.tif,https://huggingface.co/datasets/Link-Dev/UAV3DCrop/blob/main/2025/Day001_Wheat/images/169.JPG,https://huggingface.co/datasets/Link-Dev/UAV3DCrop_depth/blob/main/2025/Day001_Wheat_depth/169_depth.tif,main,metric_raw,64,20000,0.024367578125,0.03589659197330475,0.050329854226271876,0.007358554863929749,0.3169091353634601,0.14492973165848494,0.5489686044401427,0.04360130653698554
2025/Day001_Wheat,2025,Day001,wheat,169.JPG,169,DJI Mavic 3M RGB camera,nadir,nadir,0.9999973586936671,5280,3956,169_depth.tif,True,True,OPENCV,data\uav3dcrop\2025\Day001_Wheat\images\169.JPG,data\uav3dcrop_depth\2025\Day001_Wheat\169_depth.tif,https://huggingface.co/datasets/Link-Dev/UAV3DCrop/blob/main/2025/Day001_Wheat/images/169.JPG,https://huggingface.co/datasets/Link-Dev/UAV3DCrop_depth/blob/main/2025/Day001_Wheat_depth/169_depth.tif,main,metric_bias_corrected,64,20000,0.024367578125,0.035896593618392945,0.05032985724817618,0.007358556127548218,0.31690907530965046,0.14492962553983182,0.54890811203194,0.04360130653698554
2025/Day001_Wheat,2025,Day001,wheat,169.JPG,169,DJI Mavic 3M RGB camera,nadir,nadir,0.9999973586936671,5280,3956,169_depth.tif,True,True,OPENCV,data\uav3dcrop\2025\Day001_Wheat\images\169.JPG,data\uav3dcrop_depth\2025\Day001_Wheat\169_depth.tif,https://huggingface.co/datasets/Link-Dev/UAV3DCrop/blob/main/2025/Day001_Wheat/images/169.JPG,https://huggingface.co/datasets/Link-Dev/UAV3DCrop_depth/blob/main/2025/Day001_Wheat_depth/169_depth.tif,main,metric_scale_shift,64,20000,0.024367578125,0.024612738752365113,0.043987612479026335,-0.0006635702610015869,-0.31690523510796603,-0.1449239652482719,0.45060794870243787,0.04360130653698554
2025/Day001_Wheat,2025,Day001,wheat,169.JPG,169,DJI Mavic 3M RGB camera,nadir,nadir,0.9999973586936671,5280,3956,169_depth.tif,True,True,OPENCV,data\uav3dcrop\2025\Day001_Wheat\images\169.JPG,data\uav3dcrop_depth\2025\Day001_Wheat\169_depth.tif,https://huggingface.co/datasets/Link-Dev/UAV3DCrop/blob/main/2025/Day001_Wheat/images/169.JPG,https://huggingface.co/datasets/Link-Dev/UAV3DCrop_depth/blob/main/2025/Day001_Wheat_depth/169_depth.tif,main,relative_scale_shift,64,20000,0.024367578125,0.02440490255355835,0.04368487150900354,-0.00048146505355834964,-0.559425019918863,-0.17856323365520604,0.4449821547395802,0.04360130653698554
2025/Day001_Wheat,2025,Day001,wheat,169.JPG,169,DJI Mavic 3M RGB camera,nadir,nadir,0.9999973586936671,5280,3956,169_depth.tif,True,True,OPENCV,data\uav3dcrop\2025\Day001_Wheat\images\169.JPG,data\uav3dcrop_depth\2025\Day001_Wheat\169_depth.tif,https://huggingface.co/datasets/Link-Dev/UAV3DCrop/blob/main/2025/Day001_Wheat/images/169.JPG,https://huggingface.co/datasets/Link-Dev/UAV3DCrop_depth/blob/main/2025/Day001_Wheat_depth/169_depth.tif,main,metric_raw,128,20000,0.0331921875,0.05502467451095581,0.07466489911917551,0.014130841302871703,0.34935613783831704,0.172217773374728,0.543240442192538,0.05711919011394035
2025/Day001_Wheat,2025,Day001,wheat,169.JPG,169,DJI Mavic 3M RGB camera,nadir,nadir,0.9999973586936671,5280,3956,169_depth.tif,True,True,OPENCV,data\uav3dcrop\2025\Day001_Wheat\images\169.JPG,data\uav3dcrop_depth\2025\Day001_Wheat\169_depth.tif,https://huggingface.co/datasets/Link-Dev/UAV3DCrop/blob/main/2025/Day001_Wheat/images/169.JPG,https://huggingface.co/datasets/Link-Dev/UAV3DCrop_depth/blob/main/2025/Day001_Wheat_depth/169_depth.tif,main,metric_bias_corrected,128,20000,0.0331921875,0.05502467594146729,0.0746649055929116,0.014130845165252686,0.3493560617795214,0.17221781543849213,0.543240442192538,0.05711919011394035
2025/Day001_Wheat,2025,Day001,wheat,169.JPG,169,DJI Mavic 3M RGB camera,nadir,nadir,0.9999973586936671,5280,3956,169_depth.tif,True,True,OPENCV,data\uav3dcrop\2025\Day001_Wheat\images\169.JPG,data\uav3dcrop_depth\2025\Day001_Wheat\169_depth.tif,https://huggingface.co/datasets/Link-Dev/UAV3DCrop/blob/main/2025/Day001_Wheat/images/169.JPG,https://huggingface.co/datasets/Link-Dev/UAV3DCrop_depth/blob/main/2025/Day001_Wheat_depth/169_depth.tif,main,metric_scale_shift,128,20000,0.0331921875,0.03359152340888977,0.05785344314033246,-0.0015918454647064208,-0.349354515810779,-0.1722149896022583,0.45670198065407647,0.05711919011394035
2025/Day001_Wheat,2025,Day001,wheat,169.JPG,169,DJI Mavic 3M RGB camera,nadir,nadir,0.9999973586936671,5280,3956,169_depth.tif,True,True,OPENCV,data\uav3dcrop\2025\Day001_Wheat\images\169.JPG,data\uav3dcrop_depth\2025\Day001_Wheat\169_depth.tif,https://huggingface.co/datasets/Link-Dev/UAV3DCrop/blob/main/2025/Day001_Wheat/images/169.JPG,https://huggingface.co/datasets/Link-Dev/UAV3DCrop_depth/blob/main/2025/Day001_Wheat_depth/169_depth.tif,main,relative_scale_shift,128,20000,0.0331921875,0.033260989570617676,0.057273064809863924,-0.001239592933654785,-0.5602433126702991,-0.2219067033500914,0.44472593274988487,0.05711919011394035
2025/Day001_Wheat,2025,Day001,wheat,447.JPG,447,DJI Mavic 3M RGB camera,nadir,nadir,0.9999759613078372,5280,3956,447_depth.tif,True,True,OPENCV,data\uav3dcrop\2025\Day001_Wheat\images\447.JPG,data\uav3dcrop_depth\2025\Day001_Wheat\447_depth.tif,https://huggingface.co/datasets/Link-Dev/UAV3DCrop/blob/main/2025/Day001_Wheat/images/447.JPG,https://huggingface.co/datasets/Link-Dev/UAV3DCrop_depth/blob/main/2025/Day001_Wheat_depth/447_depth.tif,main,metric_raw,8,20000,0.008655859375,0.012674948811531066,0.04306778569328152,0.0001367074728012085,0.018504373824231524,0.08127672037108195,0.5412696999376725,0.029542458642441743
2025/Day001_Wheat,2025,Day001,wheat,447.JPG,447,DJI Mavic 3M RGB camera,nadir,nadir,0.9999759613078372,5280,3956,447_depth.tif,True,True,OPENCV,data\uav3dcrop\2025\Day001_Wheat\images\447.JPG,data\uav3dcrop_depth\2025\Day001_Wheat\447_depth.tif,https://huggingface.co/datasets/Link-Dev/UAV3DCrop/blob/main/2025/Day001_Wheat/images/447.JPG,https://huggingface.co/datasets/Link-Dev/UAV3DCrop_depth/blob/main/2025/Day001_Wheat_depth/447_depth.tif,main,metric_bias_corrected,8,20000,0.008655859375,0.0126749436378479,0.04306777663102093,0.00013670473098754884,0.018504549371609398,0.0812778788129642,0.5412696999376725,0.029542458642441743
2025/Day001_Wheat,2025,Day001,wheat,447.JPG,447,DJI Mavic 3M RGB camera,nadir,nadir,0.9999759613078372,5280,3956,447_depth.tif,True,True,OPENCV,data\uav3dcrop\2025\Day001_Wheat\images\447.JPG,data\uav3dcrop_depth\2025\Day001_Wheat\447_depth.tif,https://huggingface.co/datasets/Link-Dev/UAV3DCrop/blob/main/2025/Day001_Wheat/images/447.JPG,https://huggingface.co/datasets/Link-Dev/UAV3DCrop_depth/blob/main/2025/Day001_Wheat_depth/447_depth.tif,main,metric_scale_shift,8,20000,0.008655859375,0.008861974287033081,0.02959238108379725,1.9118547439575194e-05,0.01850308769566245,0.08128137345491065,0.5409135428724068,0.029542458642441743
2025/Day001_Wheat,2025,Day001,wheat,447.JPG,447,DJI Mavic 3M RGB camera,nadir,nadir,0.9999759613078372,5280,3956,447_depth.tif,True,True,OPENCV,data\uav3dcrop\2025\Day001_Wheat\images\447.JPG,data\uav3dcrop_depth\2025\Day001_Wheat\447_depth.tif,https://huggingface.co/datasets/Link-Dev/UAV3DCrop/blob/main/2025/Day001_Wheat/images/447.JPG,https://huggingface.co/datasets/Link-Dev/UAV3DCrop_depth/blob/main/2025/Day001_Wheat_depth/447_depth.tif,main,relative_scale_shift,8,20000,0.008655859375,0.008679377126693725,0.02942216629602059,-4.3441152572631835e-05,0.1830262413944039,0.008867186988024897,0.47929837058142644,0.029542458642441743
2025/Day001_Wheat,2025,Day001,wheat,447.JPG,447,DJI Mavic 3M RGB camera,nadir,nadir,0.9999759613078372,5280,3956,447_depth.tif,True,True,OPENCV,data\uav3dcrop\2025\Day001_Wheat\images\447.JPG,data\uav3dcrop_depth\2025\Day001_Wheat\447_depth.tif,https://huggingface.co/datasets/Link-Dev/UAV3DCrop/blob/main/2025/Day001_Wheat/images/447.JPG,https://huggingface.co/datasets/Link-Dev/UAV3DCrop_depth/blob/main/2025/Day001_Wheat_depth/447_depth.tif,main,metric_raw,16,20000,0.01651171875,0.022380574798583984,0.0485963910866052,-7.007908821105957e-05,0.11451238515881126,0.09877092554103784,0.5429240733085297,0.046781828001397546
2025/Day001_Wheat,2025,Day001,wheat,447.JPG,447,DJI Mavic 3M RGB camera,nadir,nadir,0.9999759613078372,5280,3956,447_depth.tif,True,True,OPENCV,data\uav3dcrop\2025\Day001_Wheat\images\447.JPG,data\uav3dcrop_depth\2025\Day001_Wheat\447_depth.tif,https://huggingface.co/datasets/Link-Dev/UAV3DCrop/blob/main/2025/Day001_Wheat/images/447.JPG,https://huggingface.co/datasets/Link-Dev/UAV3DCrop_depth/blob/main/2025/Day001_Wheat_depth/447_depth.tif,main,metric_bias_corrected,16,20000,0.01651171875,0.022380576038360595,0.04859638912857054,-7.007818222045898e-05,0.1145124970729053,0.09877075431291427,0.542855174314455,0.046781828001397546
2025/Day001_Wheat,2025,Day001,wheat,447.JPG,447,DJI Mavic 3M RGB camera,nadir,nadir,0.9999759613078372,5280,3956,447_depth.tif,True,True,OPENCV,data\uav3dcrop\2025\Day001_Wheat\images\447.JPG,data\uav3dcrop_depth\2025\Day001_Wheat\447_depth.tif,https://huggingface.co/datasets/Link-Dev/UAV3DCrop/blob/main/2025/Day001_Wheat/images/447.JPG,https://huggingface.co/datasets/Link-Dev/UAV3DCrop_depth/blob/main/2025/Day001_Wheat_depth/447_depth.tif,main,metric_scale_shift,16,20000,0.01651171875,0.016677563667297363,0.0466409333161146,-0.0004495060920715332,0.1145126152025542,0.09877078164963134,0.5427173763263057,0.046781828001397546
2025/Day001_Wheat,2025,Day001,wheat,447.JPG,447,DJI Mavic 3M RGB camera,nadir,nadir,0.9999759613078372,5280,3956,447_depth.tif,True,True,OPENCV,data\uav3dcrop\2025\Day001_Wheat\images\447.JPG,data\uav3dcrop_depth\2025\Day001_Wheat\447_depth.tif,https://huggingface.co/datasets/Link-Dev/UAV3DCrop/blob/main/2025/Day001_Wheat/images/447.JPG,https://huggingface.co/datasets/Link-Dev/UAV3DCrop_depth/blob/main/2025/Day001_Wheat_depth/447_depth.tif,main,relative_scale_shift,16,20000,0.01651171875,0.016472913646698,0.04634298384247525,-0.0005925689697265625,0.3227053581403343,0.02249257843295821,0.4884938679895274,0.046781828001397546
2025/Day001_Wheat,2025,Day001,wheat,447.JPG,447,DJI Mavic 3M RGB camera,nadir,nadir,0.9999759613078372,5280,3956,447_depth.tif,True,True,OPENCV,data\uav3dcrop\2025\Day001_Wheat\images\447.JPG,data\uav3dcrop_depth\2025\Day001_Wheat\447_depth.tif,https://huggingface.co/datasets/Link-Dev/UAV3DCrop/blob/main/2025/Day001_Wheat/images/447.JPG,https://huggingface.co/datasets/Link-Dev/UAV3DCrop_depth/blob/main/2025/Day001_Wheat_depth/447_depth.tif,main,metric_raw,32,20000,0.027150390625,0.03679512431621552,0.06736612665841632,0.0010174935579299927,0.13275028685723456,0.11127878981230342,0.5461410941241481,0.06431788552974464
2025/Day001_Wheat,2025,Day001,wheat,447.JPG,447,DJI Mavic 3M RGB camera,nadir,nadir,0.9999759613078372,5280,3956,447_depth.tif,True,True,OPENCV,data\uav3dcrop\2025\Day001_Wheat\images\447.JPG,data\uav3dcrop_depth\2025\Day001_Wheat\447_depth.tif,https://huggingface.co/datasets/Link-Dev/UAV3DCrop/blob/main/2025/Day001_Wheat/images/447.JPG,https://huggingface.co/datasets/Link-Dev/UAV3DCrop_depth/blob/main/2025/Day001_Wheat_depth/447_depth.tif,main,metric_bias_corrected,32,20000,0.027150390625,0.0367951226234436,0.06736612300413844,0.001017496109008789,0.13275039901147728,0.11127905655525723,0.5461410941241481,0.06431788552974464
2025/Day001_Wheat,2025,Day001,wheat,447.JPG,447,DJI Mavic 3M RGB camera,nadir,nadir,0.9999759613078372,5280,3956,447_depth.tif,True,True,OPENCV,data\uav3dcrop\2025\Day001_Wheat\images\447.JPG,data\uav3dcrop_depth\2025\Day001_Wheat\447_depth.tif,https://huggingface.co/datasets/Link-Dev/UAV3DCrop/blob/main/2025/Day001_Wheat/images/447.JPG,https://huggingface.co/datasets/Link-Dev/UAV3DCrop_depth/blob/main/2025/Day001_Wheat_depth/447_depth.tif,main,metric_scale_shift,32,20000,0.027150390625,0.027246050786972047,0.06406086631376096,-0.0003697393894195557,0.13275075962930308,0.11127883084983191,0.5461410941241481,0.06431788552974464
2025/Day001_Wheat,2025,Day001,wheat,447.JPG,447,DJI Mavic 3M RGB camera,nadir,nadir,0.9999759613078372,5280,3956,447_depth.tif,True,True,OPENCV,data\uav3dcrop\2025\Day001_Wheat\images\447.JPG,data\uav3dcrop_depth\2025\Day001_Wheat\447_depth.tif,https://huggingface.co/datasets/Link-Dev/UAV3DCrop/blob/main/2025/Day001_Wheat/images/447.JPG,https://huggingface.co/datasets/Link-Dev/UAV3DCrop_depth/blob/main/2025/Day001_Wheat_depth/447_depth.tif,main,relative_scale_shift,32,20000,0.027150390625,0.027008856391906737,0.06341610058364568,-0.0006788178443908691,0.34526306569140386,0.03882825748880386,0.496408178301713,0.06431788552974464
2025/Day001_Wheat,2025,Day001,wheat,447.JPG,447,DJI Mavic 3M RGB camera,nadir,nadir,0.9999759613078372,5280,3956,447_depth.tif,True,True,OPENCV,data\uav3dcrop\2025\Day001_Wheat\images\447.JPG,data\uav3dcrop_depth\2025\Day001_Wheat\447_depth.tif,https://huggingface.co/datasets/Link-Dev/UAV3DCrop/blob/main/2025/Day001_Wheat/images/447.JPG,https://huggingface.co/datasets/Link-Dev/UAV3DCrop_depth/blob/main/2025/Day001_Wheat_depth/447_depth.tif,main,metric_raw,64,20000,0.04234453125,0.057985815930366516,0.09445155348438172,0.0023243460893630982,0.2200883773430572,0.16867965453930017,0.5738322021331204,0.09087793870710506
2025/Day001_Wheat,2025,Day001,wheat,447.JPG,447,DJI Mavic 3M RGB camera,nadir,nadir,0.9999759613078372,5280,3956,447_depth.tif,True,True,OPENCV,data\uav3dcrop\2025\Day001_Wheat\images\447.JPG,data\uav3dcrop_depth\2025\Day001_Wheat\447_depth.tif,https://huggingface.co/datasets/Link-Dev/UAV3DCrop/blob/main/2025/Day001_Wheat/images/447.JPG,https://huggingface.co/datasets/Link-Dev/UAV3DCrop_depth/blob/main/2025/Day001_Wheat_depth/447_depth.tif,main,metric_bias_corrected,64,20000,0.04234453125,0.057985817050933836,0.09445154870021549,0.0023243410110473633,0.2200885119013664,0.16867956206895302,0.5738322021331204,0.09087793870710506
2025/Day001_Wheat,2025,Day001,wheat,447.JPG,447,DJI Mavic 3M RGB camera,nadir,nadir,0.9999759613078372,5280,3956,447_depth.tif,True,True,OPENCV,data\uav3dcrop\2025\Day001_Wheat\images\447.JPG,data\uav3dcrop_depth\2025\Day001_Wheat\447_depth.tif,https://huggingface.co/datasets/Link-Dev/UAV3DCrop/blob/main/2025/Day001_Wheat/images/447.JPG,https://huggingface.co/datasets/Link-Dev/UAV3DCrop_depth/blob/main/2025/Day001_Wheat_depth/447_depth.tif,main,metric_scale_shift,64,20000,0.04234453125,0.04216034560203552,0.09010598247674136,-0.00029913945198059084,0.22008925693023676,0.16867970232148133,0.5737751668282667,0.09087793870710506
2025/Day001_Wheat,2025,Day001,wheat,447.JPG,447,DJI Mavic 3M RGB camera,nadir,nadir,0.9999759613078372,5280,3956,447_depth.tif,True,True,OPENCV,data\uav3dcrop\2025\Day001_Wheat\images\447.JPG,data\uav3dcrop_depth\2025\Day001_Wheat\447_depth.tif,https://huggingface.co/datasets/Link-Dev/UAV3DCrop/blob/main/2025/Day001_Wheat/images/447.JPG,https://huggingface.co/datasets/Link-Dev/UAV3DCrop_depth/blob/main/2025/Day001_Wheat_depth/447_depth.tif,main,relative_scale_shift,64,20000,0.04234453125,0.04183978295326233,0.08877412157389904,-0.0009458186626434326,0.4644306207120118,0.1117170843275493,0.5262077225802771,0.09087793870710506
2025/Day001_Wheat,2025,Day001,wheat,447.JPG,447,DJI Mavic 3M RGB camera,nadir,nadir,0.9999759613078372,5280,3956,447_depth.tif,True,True,OPENCV,data\uav3dcrop\2025\Day001_Wheat\images\447.JPG,data\uav3dcrop_depth\2025\Day001_Wheat\447_depth.tif,https://huggingface.co/datasets/Link-Dev/UAV3DCrop/blob/main/2025/Day001_Wheat/images/447.JPG,https://huggingface.co/datasets/Link-Dev/UAV3DCrop_depth/blob/main/2025/Day001_Wheat_depth/447_depth.tif,main,metric_raw,128,20000,0.056948046875,0.08310042872428894,0.12071296917626032,0.0063660244464874265,0.30750973213576815,0.2360833507474151,0.6012916758666372,0.11438612740907982
2025/Day001_Wheat,2025,Day001,wheat,447.JPG,447,DJI Mavic 3M RGB camera,nadir,nadir,0.9999759613078372,5280,3956,447_depth.tif,True,True,OPENCV,data\uav3dcrop\2025\Day001_Wheat\images\447.JPG,data\uav3dcrop_depth\2025\Day001_Wheat\447_depth.tif,https://huggingface.co/datasets/Link-Dev/UAV3DCrop/blob/main/2025/Day001_Wheat/images/447.JPG,https://huggingface.co/datasets/Link-Dev/UAV3DCrop_depth/blob/main/2025/Day001_Wheat_depth/447_depth.tif,main,metric_bias_corrected,128,20000,0.056948046875,0.08310042610168457,0.12071296695684464,0.006366030597686767,0.3075097416419716,0.2360833420043451,0.6012916758666372,0.11438612740907982
2025/Day001_Wheat,2025,Day001,wheat,447.JPG,447,DJI Mavic 3M RGB camera,nadir,nadir,0.9999759613078372,5280,3956,447_depth.tif,True,True,OPENCV,data\uav3dcrop\2025\Day001_Wheat\images\447.JPG,data\uav3dcrop_depth\2025\Day001_Wheat\447_depth.tif,https://huggingface.co/datasets/Link-Dev/UAV3DCrop/blob/main/2025/Day001_Wheat/images/447.JPG,https://huggingface.co/datasets/Link-Dev/UAV3DCrop_depth/blob/main/2025/Day001_Wheat_depth/447_depth.tif,main,metric_scale_shift,128,20000,0.056948046875,0.05611347808837891,0.11258140942995536,0.0004209117889404297,0.30750952481582716,0.2360832808218108,0.6012916758666372,0.11438612740907982
2025/Day001_Wheat,2025,Day001,wheat,447.JPG,447,DJI Mavic 3M RGB camera,nadir,nadir,0.9999759613078372,5280,3956,447_depth.tif,True,True,OPENCV,data\uav3dcrop\2025\Day001_Wheat\images\447.JPG,data\uav3dcrop_depth\2025\Day001_Wheat\447_depth.tif,https://huggingface.co/datasets/Link-Dev/UAV3DCrop/blob/main/2025/Day001_Wheat/images/447.JPG,https://huggingface.co/datasets/Link-Dev/UAV3DCrop_depth/blob/main/2025/Day001_Wheat_depth/447_depth.tif,main,relative_scale_shift,128,20000,0.056948046875,0.055734369802474974,0.1102178363062263,-0.0008534640789031983,0.5310466639605567,0.170005280514061,0.5434974608081254,0.11438612740907982
2025/Day001_Wheat,2025,Day001,wheat,489.JPG,489,DJI Mavic 3M RGB camera,nadir,nadir,0.9999822511335054,5280,3956,489_depth.tif,True,True,OPENCV,data\uav3dcrop\2025\Day001_Wheat\images\489.JPG,data\uav3dcrop_depth\2025\Day001_Wheat\489_depth.tif,https://huggingface.co/datasets/Link-Dev/UAV3DCrop/blob/main/2025/Day001_Wheat/images/489.JPG,https://huggingface.co/datasets/Link-Dev/UAV3DCrop_depth/blob/main/2025/Day001_Wheat_depth/489_depth.tif,main,metric_raw,8,20000,0.0115921875,0.014245434355735779,0.024867882468670853,0.00016116154193878174,0.07795916281799556,0.09896219252473808,0.5426529700759267,0.023395816461608546
2025/Day001_Wheat,2025,Day001,wheat,489.JPG,489,DJI Mavic 3M RGB camera,nadir,nadir,0.9999822511335054,5280,3956,489_depth.tif,True,True,OPENCV,data\uav3dcrop\2025\Day001_Wheat\images\489.JPG,data\uav3dcrop_depth\2025\Day001_Wheat\489_depth.tif,https://huggingface.co/datasets/Link-Dev/UAV3DCrop/blob/main/2025/Day001_Wheat/images/489.JPG,https://huggingface.co/datasets/Link-Dev/UAV3DCrop_depth/blob/main/2025/Day001_Wheat_depth/489_depth.tif,main,metric_bias_corrected,8,20000,0.0115921875,0.014245430183410644,0.024867877755719543,0.0001611617088317871,0.07795957393986222,0.09896260432644452,0.5425785320827751,0.023395816461608546
2025/Day001_Wheat,2025,Day001,wheat,489.JPG,489,DJI Mavic 3M RGB camera,nadir,nadir,0.9999822511335054,5280,3956,489_depth.tif,True,True,OPENCV,data\uav3dcrop\2025\Day001_Wheat\images\489.JPG,data\uav3dcrop_depth\2025\Day001_Wheat\489_depth.tif,https://huggingface.co/datasets/Link-Dev/UAV3DCrop/blob/main/2025/Day001_Wheat/images/489.JPG,https://huggingface.co/datasets/Link-Dev/UAV3DCrop_depth/blob/main/2025/Day001_Wheat_depth/489_depth.tif,main,metric_scale_shift,8,20000,0.0115921875,0.011634490633010865,0.023380944794155763,0.0004661189556121826,0.07796987327912205,0.09899940589034666,0.5417597141581063,0.023395816461608546
2025/Day001_Wheat,2025,Day001,wheat,489.JPG,489,DJI Mavic 3M RGB camera,nadir,nadir,0.9999822511335054,5280,3956,489_depth.tif,True,True,OPENCV,data\uav3dcrop\2025\Day001_Wheat\images\489.JPG,data\uav3dcrop_depth\2025\Day001_Wheat\489_depth.tif,https://huggingface.co/datasets/Link-Dev/UAV3DCrop/blob/main/2025/Day001_Wheat/images/489.JPG,https://huggingface.co/datasets/Link-Dev/UAV3DCrop_depth/blob/main/2025/Day001_Wheat_depth/489_depth.tif,main,relative_scale_shift,8,20000,0.0115921875,0.011594470310211182,0.023388536365261583,0.00047099790573120116,0.24154329892660312,0.08231920564597073,0.4996278100342415,0.023395816461608546
2025/Day001_Wheat,2025,Day001,wheat,489.JPG,489,DJI Mavic 3M RGB camera,nadir,nadir,0.9999822511335054,5280,3956,489_depth.tif,True,True,OPENCV,data\uav3dcrop\2025\Day001_Wheat\images\489.JPG,data\uav3dcrop_depth\2025\Day001_Wheat\489_depth.tif,https://huggingface.co/datasets/Link-Dev/UAV3DCrop/blob/main/2025/Day001_Wheat/images/489.JPG,https://huggingface.co/datasets/Link-Dev/UAV3DCrop_depth/blob/main/2025/Day001_Wheat_depth/489_depth.tif,main,metric_raw,16,20000,0.021559375,0.025116540122032165,0.039816021305148164,-0.00039501712322235105,0.12518886175072882,0.11859320813095754,0.5412137399838499,0.038172417490005134
2025/Day001_Wheat,2025,Day001,wheat,489.JPG,489,DJI Mavic 3M RGB camera,nadir,nadir,0.9999822511335054,5280,3956,489_depth.tif,True,True,OPENCV,data\uav3dcrop\2025\Day001_Wheat\images\489.JPG,data\uav3dcrop_depth\2025\Day001_Wheat\489_depth.tif,https://huggingface.co/datasets/Link-Dev/UAV3DCrop/blob/main/2025/Day001_Wheat/images/489.JPG,https://huggingface.co/datasets/Link-Dev/UAV3DCrop_depth/blob/main/2025/Day001_Wheat_depth/489_depth.tif,main,metric_bias_corrected,16,20000,0.021559375,0.025116538524627686,0.03981601802844634,-0.00039501333236694337,0.12518894393679553,0.11859354392856516,0.5412137399838499,0.038172417490005134
2025/Day001_Wheat,2025,Day001,wheat,489.JPG,489,DJI Mavic 3M RGB camera,nadir,nadir,0.9999822511335054,5280,3956,489_depth.tif,True,True,OPENCV,data\uav3dcrop\2025\Day001_Wheat\images\489.JPG,data\uav3dcrop_depth\2025\Day001_Wheat\489_depth.tif,https://huggingface.co/datasets/Link-Dev/UAV3DCrop/blob/main/2025/Day001_Wheat/images/489.JPG,https://huggingface.co/datasets/Link-Dev/UAV3DCrop_depth/blob/main/2025/Day001_Wheat_depth/489_depth.tif,main,metric_scale_shift,16,20000,0.021559375,0.021585618352890013,0.03811975140017476,7.501683235168457e-05,0.12518886913035296,0.11858987104735909,0.5408410460277036,0.038172417490005134
2025/Day001_Wheat,2025,Day001,wheat,489.JPG,489,DJI Mavic 3M RGB camera,nadir,nadir,0.9999822511335054,5280,3956,489_depth.tif,True,True,OPENCV,data\uav3dcrop\2025\Day001_Wheat\images\489.JPG,data\uav3dcrop_depth\2025\Day001_Wheat\489_depth.tif,https://huggingface.co/datasets/Link-Dev/UAV3DCrop/blob/main/2025/Day001_Wheat/images/489.JPG,https://huggingface.co/datasets/Link-Dev/UAV3DCrop_depth/blob/main/2025/Day001_Wheat_depth/489_depth.tif,main,relative_scale_shift,16,20000,0.021559375,0.02155590486526489,0.038143537024000154,8.129291534423828e-05,0.300024583171725,0.10277628463227616,0.504503385303435,0.038172417490005134
2025/Day001_Wheat,2025,Day001,wheat,489.JPG,489,DJI Mavic 3M RGB camera,nadir,nadir,0.9999822511335054,5280,3956,489_depth.tif,True,True,OPENCV,data\uav3dcrop\2025\Day001_Wheat\images\489.JPG,data\uav3dcrop_depth\2025\Day001_Wheat\489_depth.tif,https://huggingface.co/datasets/Link-Dev/UAV3DCrop/blob/main/2025/Day001_Wheat/images/489.JPG,https://huggingface.co/datasets/Link-Dev/UAV3DCrop_depth/blob/main/2025/Day001_Wheat_depth/489_depth.tif,main,metric_raw,32,20000,0.037198046875,0.0410120142698288,0.0593726844424368,0.0003648591756820679,0.19627363133214049,0.17436949620514414,0.559048951048951,0.05849730209911185
2025/Day001_Wheat,2025,Day001,wheat,489.JPG,489,DJI Mavic 3M RGB camera,nadir,nadir,0.9999822511335054,5280,3956,489_depth.tif,True,True,OPENCV,data\uav3dcrop\2025\Day001_Wheat\images\489.JPG,data\uav3dcrop_depth\2025\Day001_Wheat\489_depth.tif,https://huggingface.co/datasets/Link-Dev/UAV3DCrop/blob/main/2025/Day001_Wheat/images/489.JPG,https://huggingface.co/datasets/Link-Dev/UAV3DCrop_depth/blob/main/2025/Day001_Wheat_depth/489_depth.tif,main,metric_bias_corrected,32,20000,0.037198046875,0.041012016010284424,0.059372686966709734,0.0003648554801940918,0.19627354618309678,0.17436868497175914,0.559048951048951,0.05849730209911185
2025/Day001_Wheat,2025,Day001,wheat,489.JPG,489,DJI Mavic 3M RGB camera,nadir,nadir,0.9999822511335054,5280,3956,489_depth.tif,True,True,OPENCV,data\uav3dcrop\2025\Day001_Wheat\images\489.JPG,data\uav3dcrop_depth\2025\Day001_Wheat\489_depth.tif,https://huggingface.co/datasets/Link-Dev/UAV3DCrop/blob/main/2025/Day001_Wheat/images/489.JPG,https://huggingface.co/datasets/Link-Dev/UAV3DCrop_depth/blob/main/2025/Day001_Wheat_depth/489_depth.tif,main,metric_scale_shift,32,20000,0.037198046875,0.03715506806373596,0.058369723767917034,0.0007305239200592041,0.19627001302811098,0.17436444340946178,0.559048951048951,0.05849730209911185
2025/Day001_Wheat,2025,Day001,wheat,489.JPG,489,DJI Mavic 3M RGB camera,nadir,nadir,0.9999822511335054,5280,3956,489_depth.tif,True,True,OPENCV,data\uav3dcrop\2025\Day001_Wheat\images\489.JPG,data\uav3dcrop_depth\2025\Day001_Wheat\489_depth.tif,https://huggingface.co/datasets/Link-Dev/UAV3DCrop/blob/main/2025/Day001_Wheat/images/489.JPG,https://huggingface.co/datasets/Link-Dev/UAV3DCrop_depth/blob/main/2025/Day001_Wheat_depth/489_depth.tif,main,relative_scale_shift,32,20000,0.037198046875,0.03717454137802124,0.05842671621474411,0.0007287647247314453,0.3996367208534059,0.1477086268660312,0.5238041958041958,0.05849730209911185
2025/Day001_Wheat,2025,Day001,wheat,489.JPG,489,DJI Mavic 3M RGB camera,nadir,nadir,0.9999822511335054,5280,3956,489_depth.tif,True,True,OPENCV,data\uav3dcrop\2025\Day001_Wheat\images\489.JPG,data\uav3dcrop_depth\2025\Day001_Wheat\489_depth.tif,https://huggingface.co/datasets/Link-Dev/UAV3DCrop/blob/main/2025/Day001_Wheat/images/489.JPG,https://huggingface.co/datasets/Link-Dev/UAV3DCrop_depth/blob/main/2025/Day001_Wheat_depth/489_depth.tif,main,metric_raw,64,20000,0.056703515625,0.060688581609725956,0.08235290309952405,-0.0005385833740234375,0.29069674227364817,0.23086378859240525,0.5721574735485258,0.08376336424005579
2025/Day001_Wheat,2025,Day001,wheat,489.JPG,489,DJI Mavic 3M RGB camera,nadir,nadir,0.9999822511335054,5280,3956,489_depth.tif,True,True,OPENCV,data\uav3dcrop\2025\Day001_Wheat\images\489.JPG,data\uav3dcrop_depth\2025\Day001_Wheat\489_depth.tif,https://huggingface.co/datasets/Link-Dev/UAV3DCrop/blob/main/2025/Day001_Wheat/images/489.JPG,https://huggingface.co/datasets/Link-Dev/UAV3DCrop_depth/blob/main/2025/Day001_Wheat_depth/489_depth.tif,main,metric_bias_corrected,64,20000,0.056703515625,0.060688587856292726,0.08235290421386494,-0.0005385835647583008,0.29069671477057224,0.2308633786743223,0.5721574735485258,0.08376336424005579
2025/Day001_Wheat,2025,Day001,wheat,489.JPG,489,DJI Mavic 3M RGB camera,nadir,nadir,0.9999822511335054,5280,3956,489_depth.tif,True,True,OPENCV,data\uav3dcrop\2025\Day001_Wheat\images\489.JPG,data\uav3dcrop_depth\2025\Day001_Wheat\489_depth.tif,https://huggingface.co/datasets/Link-Dev/UAV3DCrop/blob/main/2025/Day001_Wheat/images/489.JPG,https://huggingface.co/datasets/Link-Dev/UAV3DCrop_depth/blob/main/2025/Day001_Wheat_depth/489_depth.tif,main,metric_scale_shift,64,20000,0.056703515625,0.05655772762298584,0.08344804209596686,0.0007383588790893555,0.29069495214135926,0.23086407021280805,0.5720500563940061,0.08376336424005579
2025/Day001_Wheat,2025,Day001,wheat,489.JPG,489,DJI Mavic 3M RGB camera,nadir,nadir,0.9999822511335054,5280,3956,489_depth.tif,True,True,OPENCV,data\uav3dcrop\2025\Day001_Wheat\images\489.JPG,data\uav3dcrop_depth\2025\Day001_Wheat\489_depth.tif,https://huggingface.co/datasets/Link-Dev/UAV3DCrop/blob/main/2025/Day001_Wheat/images/489.JPG,https://huggingface.co/datasets/Link-Dev/UAV3DCrop_depth/blob/main/2025/Day001_Wheat_depth/489_depth.tif,main,relative_scale_shift,64,20000,0.056703515625,0.05663531322479248,0.08358542919444711,0.0007494258880615235,0.5254679066671374,0.23928099760787105,0.5598045007787744,0.08376336424005579
2025/Day001_Wheat,2025,Day001,wheat,489.JPG,489,DJI Mavic 3M RGB camera,nadir,nadir,0.9999822511335054,5280,3956,489_depth.tif,True,True,OPENCV,data\uav3dcrop\2025\Day001_Wheat\images\489.JPG,data\uav3dcrop_depth\2025\Day001_Wheat\489_depth.tif,https://huggingface.co/datasets/Link-Dev/UAV3DCrop/blob/main/2025/Day001_Wheat/images/489.JPG,https://huggingface.co/datasets/Link-Dev/UAV3DCrop_depth/blob/main/2025/Day001_Wheat_depth/489_depth.tif,main,metric_raw,128,20000,0.076941796875,0.0774605131149292,0.1010044965277044,0.0013258131504058838,0.4259859304700447,0.35993558867018327,0.6084318443351815,0.10939368176879045
2025/Day001_Wheat,2025,Day001,wheat,489.JPG,489,DJI Mavic 3M RGB camera,nadir,nadir,0.9999822511335054,5280,3956,489_depth.tif,True,True,OPENCV,data\uav3dcrop\2025\Day001_Wheat\images\489.JPG,data\uav3dcrop_depth\2025\Day001_Wheat\489_depth.tif,https://huggingface.co/datasets/Link-Dev/UAV3DCrop/blob/main/2025/Day001_Wheat/images/489.JPG,https://huggingface.co/datasets/Link-Dev/UAV3DCrop_depth/blob/main/2025/Day001_Wheat_depth/489_depth.tif,main,metric_bias_corrected,128,20000,0.076941796875,0.07746051287651062,0.10100449300813769,0.001325825548171997,0.4259859610038387,0.3599357094573464,0.6084318443351815,0.10939368176879045
2025/Day001_Wheat,2025,Day001,wheat,489.JPG,489,DJI Mavic 3M RGB camera,nadir,nadir,0.9999822511335054,5280,3956,489_depth.tif,True,True,OPENCV,data\uav3dcrop\2025\Day001_Wheat\images\489.JPG,data\uav3dcrop_depth\2025\Day001_Wheat\489_depth.tif,https://huggingface.co/datasets/Link-Dev/UAV3DCrop/blob/main/2025/Day001_Wheat/images/489.JPG,https://huggingface.co/datasets/Link-Dev/UAV3DCrop_depth/blob/main/2025/Day001_Wheat_depth/489_depth.tif,main,metric_scale_shift,128,20000,0.076941796875,0.0765368757724762,0.10870826029932246,0.0028969488620758056,0.4259877284929808,0.35993524370881114,0.6084318443351815,0.10939368176879045
2025/Day001_Wheat,2025,Day001,wheat,489.JPG,489,DJI Mavic 3M RGB camera,nadir,nadir,0.9999822511335054,5280,3956,489_depth.tif,True,True,OPENCV,data\uav3dcrop\2025\Day001_Wheat\images\489.JPG,data\uav3dcrop_depth\2025\Day001_Wheat\489_depth.tif,https://huggingface.co/datasets/Link-Dev/UAV3DCrop/blob/main/2025/Day001_Wheat/images/489.JPG,https://huggingface.co/datasets/Link-Dev/UAV3DCrop_depth/blob/main/2025/Day001_Wheat_depth/489_depth.tif,main,relative_scale_shift,128,20000,0.076941796875,0.07674453916549683,0.10903120363965234,0.0028866523742675783,0.6561618904782782,0.40596615125140645,0.6069672559891202,0.10939368176879045
2025/Day001_Wheat,2025,Day001,wheat,531.JPG,531,DJI Mavic 3M RGB camera,nadir,nadir,0.9999865708201892,5280,3956,531_depth.tif,True,True,OPENCV,data\uav3dcrop\2025\Day001_Wheat\images\531.JPG,data\uav3dcrop_depth\2025\Day001_Wheat\531_depth.tif,https://huggingface.co/datasets/Link-Dev/UAV3DCrop/blob/main/2025/Day001_Wheat/images/531.JPG,https://huggingface.co/datasets/Link-Dev/UAV3DCrop_depth/blob/main/2025/Day001_Wheat_depth/531_depth.tif,main,metric_raw,8,20000,0.011548828125,0.01493702654838562,0.026848449134025388,-0.0024015153884887697,0.0642874148938649,0.08344625646444356,0.5340072846205307,0.02387781184549901
2025/Day001_Wheat,2025,Day001,wheat,531.JPG,531,DJI Mavic 3M RGB camera,nadir,nadir,0.9999865708201892,5280,3956,531_depth.tif,True,True,OPENCV,data\uav3dcrop\2025\Day001_Wheat\images\531.JPG,data\uav3dcrop_depth\2025\Day001_Wheat\531_depth.tif,https://huggingface.co/datasets/Link-Dev/UAV3DCrop/blob/main/2025/Day001_Wheat/images/531.JPG,https://huggingface.co/datasets/Link-Dev/UAV3DCrop_depth/blob/main/2025/Day001_Wheat_depth/531_depth.tif,main,metric_bias_corrected,8,20000,0.011548828125,0.014937027168273926,0.02684845125843082,-0.0024015170097351074,0.06428724654893982,0.08344589041402571,0.5340072846205307,0.02387781184549901
2025/Day001_Wheat,2025,Day001,wheat,531.JPG,531,DJI Mavic 3M RGB camera,nadir,nadir,0.9999865708201892,5280,3956,531_depth.tif,True,True,OPENCV,data\uav3dcrop\2025\Day001_Wheat\images\531.JPG,data\uav3dcrop_depth\2025\Day001_Wheat\531_depth.tif,https://huggingface.co/datasets/Link-Dev/UAV3DCrop/blob/main/2025/Day001_Wheat/images/531.JPG,https://huggingface.co/datasets/Link-Dev/UAV3DCrop_depth/blob/main/2025/Day001_Wheat_depth/531_depth.tif,main,metric_scale_shift,8,20000,0.011548828125,0.011597504472732544,0.023860012935937168,-2.542080879211426e-05,0.06430311091496468,0.08346320226204462,0.5330409574072698,0.02387781184549901
2025/Day001_Wheat,2025,Day001,wheat,531.JPG,531,DJI Mavic 3M RGB camera,nadir,nadir,0.9999865708201892,5280,3956,531_depth.tif,True,True,OPENCV,data\uav3dcrop\2025\Day001_Wheat\images\531.JPG,data\uav3dcrop_depth\2025\Day001_Wheat\531_depth.tif,https://huggingface.co/datasets/Link-Dev/UAV3DCrop/blob/main/2025/Day001_Wheat/images/531.JPG,https://huggingface.co/datasets/Link-Dev/UAV3DCrop_depth/blob/main/2025/Day001_Wheat_depth/531_depth.tif,main,relative_scale_shift,8,20000,0.011548828125,0.011554217290878296,0.0238690037900592,1.2424516677856446e-05,0.22206054458802357,0.044672624684703025,0.4911172229242548,0.02387781184549901
2025/Day001_Wheat,2025,Day001,wheat,531.JPG,531,DJI Mavic 3M RGB camera,nadir,nadir,0.9999865708201892,5280,3956,531_depth.tif,True,True,OPENCV,data\uav3dcrop\2025\Day001_Wheat\images\531.JPG,data\uav3dcrop_depth\2025\Day001_Wheat\531_depth.tif,https://huggingface.co/datasets/Link-Dev/UAV3DCrop/blob/main/2025/Day001_Wheat/images/531.JPG,https://huggingface.co/datasets/Link-Dev/UAV3DCrop_depth/blob/main/2025/Day001_Wheat_depth/531_depth.tif,main,metric_raw,16,20000,0.0225015625,0.027184025621414185,0.04416462133595794,-0.0046890823841094975,0.10540634472307459,0.11752816931195276,0.544452608376194,0.04016037727300331
2025/Day001_Wheat,2025,Day001,wheat,531.JPG,531,DJI Mavic 3M RGB camera,nadir,nadir,0.9999865708201892,5280,3956,531_depth.tif,True,True,OPENCV,data\uav3dcrop\2025\Day001_Wheat\images\531.JPG,data\uav3dcrop_depth\2025\Day001_Wheat\531_depth.tif,https://huggingface.co/datasets/Link-Dev/UAV3DCrop/blob/main/2025/Day001_Wheat/images/531.JPG,https://huggingface.co/datasets/Link-Dev/UAV3DCrop_depth/blob/main/2025/Day001_Wheat_depth/531_depth.tif,main,metric_bias_corrected,16,20000,0.0225015625,0.027184026765823363,0.04416462465120435,-0.004689083909988403,0.1054061763841135,0.11752860175683082,0.544452608376194,0.04016037727300331
2025/Day001_Wheat,2025,Day001,wheat,531.JPG,531,DJI Mavic 3M RGB camera,nadir,nadir,0.9999865708201892,5280,3956,531_depth.tif,True,True,OPENCV,data\uav3dcrop\2025\Day001_Wheat\images\531.JPG,data\uav3dcrop_depth\2025\Day001_Wheat\531_depth.tif,https://huggingface.co/datasets/Link-Dev/UAV3DCrop/blob/main/2025/Day001_Wheat/images/531.JPG,https://huggingface.co/datasets/Link-Dev/UAV3DCrop_depth/blob/main/2025/Day001_Wheat_depth/531_depth.tif,main,metric_scale_shift,16,20000,0.0225015625,0.022528179359436035,0.040110180396329645,-4.2174053192138675e-05,0.1054046221455336,0.1175114174101241,0.5438403134949792,0.04016037727300331
2025/Day001_Wheat,2025,Day001,wheat,531.JPG,531,DJI Mavic 3M RGB camera,nadir,nadir,0.9999865708201892,5280,3956,531_depth.tif,True,True,OPENCV,data\uav3dcrop\2025\Day001_Wheat\images\531.JPG,data\uav3dcrop_depth\2025\Day001_Wheat\531_depth.tif,https://huggingface.co/datasets/Link-Dev/UAV3DCrop/blob/main/2025/Day001_Wheat/images/531.JPG,https://huggingface.co/datasets/Link-Dev/UAV3DCrop_depth/blob/main/2025/Day001_Wheat_depth/531_depth.tif,main,relative_scale_shift,16,20000,0.0225015625,0.022501453256607056,0.04013512570212248,3.0154752731323242e-05,0.3225292331208498,0.0918152744901482,0.5033063923585599,0.04016037727300331
2025/Day001_Wheat,2025,Day001,wheat,531.JPG,531,DJI Mavic 3M RGB camera,nadir,nadir,0.9999865708201892,5280,3956,531_depth.tif,True,True,OPENCV,data\uav3dcrop\2025\Day001_Wheat\images\531.JPG,data\uav3dcrop_depth\2025\Day001_Wheat\531_depth.tif,https://huggingface.co/datasets/Link-Dev/UAV3DCrop/blob/main/2025/Day001_Wheat/images/531.JPG,https://huggingface.co/datasets/Link-Dev/UAV3DCrop_depth/blob/main/2025/Day001_Wheat_depth/531_depth.tif,main,metric_raw,32,20000,0.03892109375,0.045781999731063845,0.0681296293671221,-0.009088198137283326,0.14310780391052486,0.15722874526474956,0.5519034043266812,0.06103163330332782
2025/Day001_Wheat,2025,Day001,wheat,531.JPG,531,DJI Mavic 3M RGB camera,nadir,nadir,0.9999865708201892,5280,3956,531_depth.tif,True,True,OPENCV,data\uav3dcrop\2025\Day001_Wheat\images\531.JPG,data\uav3dcrop_depth\2025\Day001_Wheat\531_depth.tif,https://huggingface.co/datasets/Link-Dev/UAV3DCrop/blob/main/2025/Day001_Wheat/images/531.JPG,https://huggingface.co/datasets/Link-Dev/UAV3DCrop_depth/blob/main/2025/Day001_Wheat_depth/531_depth.tif,main,metric_bias_corrected,32,20000,0.03892109375,0.045782003831863406,0.06812963180585165,-0.009088206052780151,0.1431077918875163,0.15722838105606213,0.5519034043266812,0.06103163330332782
2025/Day001_Wheat,2025,Day001,wheat,531.JPG,531,DJI Mavic 3M RGB camera,nadir,nadir,0.9999865708201892,5280,3956,531_depth.tif,True,True,OPENCV,data\uav3dcrop\2025\Day001_Wheat\images\531.JPG,data\uav3dcrop_depth\2025\Day001_Wheat\531_depth.tif,https://huggingface.co/datasets/Link-Dev/UAV3DCrop/blob/main/2025/Day001_Wheat/images/531.JPG,https://huggingface.co/datasets/Link-Dev/UAV3DCrop_depth/blob/main/2025/Day001_Wheat_depth/531_depth.tif,main,metric_scale_shift,32,20000,0.03892109375,0.03889574642181397,0.06091672645026453,0.00072097806930542,0.14310820701201485,0.15723031457790665,0.5516798032310358,0.06103163330332782
2025/Day001_Wheat,2025,Day001,wheat,531.JPG,531,DJI Mavic 3M RGB camera,nadir,nadir,0.9999865708201892,5280,3956,531_depth.tif,True,True,OPENCV,data\uav3dcrop\2025\Day001_Wheat\images\531.JPG,data\uav3dcrop_depth\2025\Day001_Wheat\531_depth.tif,https://huggingface.co/datasets/Link-Dev/UAV3DCrop/blob/main/2025/Day001_Wheat/images/531.JPG,https://huggingface.co/datasets/Link-Dev/UAV3DCrop_depth/blob/main/2025/Day001_Wheat_depth/531_depth.tif,main,relative_scale_shift,32,20000,0.03892109375,0.03890841307640076,0.06097906519133316,0.0008773516178131103,0.3776767988023212,0.12461871633121789,0.522779361618872,0.06103163330332782
2025/Day001_Wheat,2025,Day001,wheat,531.JPG,531,DJI Mavic 3M RGB camera,nadir,nadir,0.9999865708201892,5280,3956,531_depth.tif,True,True,OPENCV,data\uav3dcrop\2025\Day001_Wheat\images\531.JPG,data\uav3dcrop_depth\2025\Day001_Wheat\531_depth.tif,https://huggingface.co/datasets/Link-Dev/UAV3DCrop/blob/main/2025/Day001_Wheat/images/531.JPG,https://huggingface.co/datasets/Link-Dev/UAV3DCrop_depth/blob/main/2025/Day001_Wheat_depth/531_depth.tif,main,metric_raw,64,20000,0.05832734375,0.06718448362350464,0.0984959555407688,-0.018483335494995118,0.19576007359267963,0.21127543701763038,0.568293991416309,0.08626582366948121
2025/Day001_Wheat,2025,Day001,wheat,531.JPG,531,DJI Mavic 3M RGB camera,nadir,nadir,0.9999865708201892,5280,3956,531_depth.tif,True,True,OPENCV,data\uav3dcrop\2025\Day001_Wheat\images\531.JPG,data\uav3dcrop_depth\2025\Day001_Wheat\531_depth.tif,https://huggingface.co/datasets/Link-Dev/UAV3DCrop/blob/main/2025/Day001_Wheat/images/531.JPG,https://huggingface.co/datasets/Link-Dev/UAV3DCrop_depth/blob/main/2025/Day001_Wheat_depth/531_depth.tif,main,metric_bias_corrected,64,20000,0.05832734375,0.06718448767662048,0.09849595644341898,-0.018483335638046265,0.19576001487941605,0.21127581541986154,0.568293991416309,0.08626582366948121
2025/Day001_Wheat,2025,Day001,wheat,531.JPG,531,DJI Mavic 3M RGB camera,nadir,nadir,0.9999865708201892,5280,3956,531_depth.tif,True,True,OPENCV,data\uav3dcrop\2025\Day001_Wheat\images\531.JPG,data\uav3dcrop_depth\2025\Day001_Wheat\531_depth.tif,https://huggingface.co/datasets/Link-Dev/UAV3DCrop/blob/main/2025/Day001_Wheat/images/531.JPG,https://huggingface.co/datasets/Link-Dev/UAV3DCrop_depth/blob/main/2025/Day001_Wheat_depth/531_depth.tif,main,metric_scale_shift,64,20000,0.05832734375,0.058214498901367186,0.08600620559779057,0.0013182049751281739,0.1957620978719915,0.2112786938915172,0.5678111587982833,0.08626582366948121
2025/Day001_Wheat,2025,Day001,wheat,531.JPG,531,DJI Mavic 3M RGB camera,nadir,nadir,0.9999865708201892,5280,3956,531_depth.tif,True,True,OPENCV,data\uav3dcrop\2025\Day001_Wheat\images\531.JPG,data\uav3dcrop_depth\2025\Day001_Wheat\531_depth.tif,https://huggingface.co/datasets/Link-Dev/UAV3DCrop/blob/main/2025/Day001_Wheat/images/531.JPG,https://huggingface.co/datasets/Link-Dev/UAV3DCrop_depth/blob/main/2025/Day001_Wheat_depth/531_depth.tif,main,relative_scale_shift,64,20000,0.05832734375,0.05828146228790283,0.08614702443484146,0.001634591579437256,0.47535284557845264,0.1891375956958672,0.5505364806866953,0.08626582366948121
2025/Day001_Wheat,2025,Day001,wheat,531.JPG,531,DJI Mavic 3M RGB camera,nadir,nadir,0.9999865708201892,5280,3956,531_depth.tif,True,True,OPENCV,data\uav3dcrop\2025\Day001_Wheat\images\531.JPG,data\uav3dcrop_depth\2025\Day001_Wheat\531_depth.tif,https://huggingface.co/datasets/Link-Dev/UAV3DCrop/blob/main/2025/Day001_Wheat/images/531.JPG,https://huggingface.co/datasets/Link-Dev/UAV3DCrop_depth/blob/main/2025/Day001_Wheat_depth/531_depth.tif,main,metric_raw,128,20000,0.078294921875,0.08857382180690765,0.14097704502271144,-0.03690702140331268,0.2621321790444392,0.3556399004954995,0.6099648238567753,0.11297011131114326
2025/Day001_Wheat,2025,Day001,wheat,531.JPG,531,DJI Mavic 3M RGB camera,nadir,nadir,0.9999865708201892,5280,3956,531_depth.tif,True,True,OPENCV,data\uav3dcrop\2025\Day001_Wheat\images\531.JPG,data\uav3dcrop_depth\2025\Day001_Wheat\531_depth.tif,https://huggingface.co/datasets/Link-Dev/UAV3DCrop/blob/main/2025/Day001_Wheat/images/531.JPG,https://huggingface.co/datasets/Link-Dev/UAV3DCrop_depth/blob/main/2025/Day001_Wheat_depth/531_depth.tif,main,metric_bias_corrected,128,20000,0.078294921875,0.08857381887435913,0.14097703981908696,-0.03690702028274536,0.26213223888578335,0.3556395652713344,0.6099648238567753,0.11297011131114326
2025/Day001_Wheat,2025,Day001,wheat,531.JPG,531,DJI Mavic 3M RGB camera,nadir,nadir,0.9999865708201892,5280,3956,531_depth.tif,True,True,OPENCV,data\uav3dcrop\2025\Day001_Wheat\images\531.JPG,data\uav3dcrop_depth\2025\Day001_Wheat\531_depth.tif,https://huggingface.co/datasets/Link-Dev/UAV3DCrop/blob/main/2025/Day001_Wheat/images/531.JPG,https://huggingface.co/datasets/Link-Dev/UAV3DCrop_depth/blob/main/2025/Day001_Wheat_depth/531_depth.tif,main,metric_scale_shift,128,20000,0.078294921875,0.07792121925354004,0.11234525730569267,0.0009893895149230957,0.26213078079954455,0.3556415315021584,0.6097548170315535,0.11297011131114326
2025/Day001_Wheat,2025,Day001,wheat,531.JPG,531,DJI Mavic 3M RGB camera,nadir,nadir,0.9999865708201892,5280,3956,531_depth.tif,True,True,OPENCV,data\uav3dcrop\2025\Day001_Wheat\images\531.JPG,data\uav3dcrop_depth\2025\Day001_Wheat\531_depth.tif,https://huggingface.co/datasets/Link-Dev/UAV3DCrop/blob/main/2025/Day001_Wheat/images/531.JPG,https://huggingface.co/datasets/Link-Dev/UAV3DCrop_depth/blob/main/2025/Day001_Wheat_depth/531_depth.tif,main,relative_scale_shift,128,20000,0.078294921875,0.07813754816055297,0.11266327703094747,0.0015896512985229493,0.6018157062262117,0.35236172701599044,0.5976269228749934,0.11297011131114326
2025/Day001_Wheat,2025,Day001,wheat,573.JPG,573,DJI Mavic 3M RGB camera,nadir,nadir,0.9999792549862315,5280,3956,573_depth.tif,True,True,OPENCV,data\uav3dcrop\2025\Day001_Wheat\images\573.JPG,data\uav3dcrop_depth\2025\Day001_Wheat\573_depth.tif,https://huggingface.co/datasets/Link-Dev/UAV3DCrop/blob/main/2025/Day001_Wheat/images/573.JPG,https://huggingface.co/datasets/Link-Dev/UAV3DCrop_depth/blob/main/2025/Day001_Wheat_depth/573_depth.tif,main,metric_raw,8,20000,0.00774609375,0.010989317727088927,0.01889443301987117,6.859900951385498e-05,0.050763778709673496,0.048557646489234496,0.5252045826513911,0.016088935793907213
2025/Day001_Wheat,2025,Day001,wheat,573.JPG,573,DJI Mavic 3M RGB camera,nadir,nadir,0.9999792549862315,5280,3956,573_depth.tif,True,True,OPENCV,data\uav3dcrop\2025\Day001_Wheat\images\573.JPG,data\uav3dcrop_depth\2025\Day001_Wheat\573_depth.tif,https://huggingface.co/datasets/Link-Dev/UAV3DCrop/blob/main/2025/Day001_Wheat/images/573.JPG,https://huggingface.co/datasets/Link-Dev/UAV3DCrop_depth/blob/main/2025/Day001_Wheat_depth/573_depth.tif,main,metric_bias_corrected,8,20000,0.00774609375,0.010989323329925537,0.018894429431804458,6.860122680664062e-05,0.050764046785581066,0.048557354688007745,0.5251227495908347,0.016088935793907213
2025/Day001_Wheat,2025,Day001,wheat,573.JPG,573,DJI Mavic 3M RGB camera,nadir,nadir,0.9999792549862315,5280,3956,573_depth.tif,True,True,OPENCV,data\uav3dcrop\2025\Day001_Wheat\images\573.JPG,data\uav3dcrop_depth\2025\Day001_Wheat\573_depth.tif,https://huggingface.co/datasets/Link-Dev/UAV3DCrop/blob/main/2025/Day001_Wheat/images/573.JPG,https://huggingface.co/datasets/Link-Dev/UAV3DCrop_depth/blob/main/2025/Day001_Wheat_depth/573_depth.tif,main,metric_scale_shift,8,20000,0.00774609375,0.007952016496658325,0.016069119944674807,5.02769947052002e-05,0.050766452687133284,0.04855475679192158,0.5248772504091653,0.016088935793907213
2025/Day001_Wheat,2025,Day001,wheat,573.JPG,573,DJI Mavic 3M RGB camera,nadir,nadir,0.9999792549862315,5280,3956,573_depth.tif,True,True,OPENCV,data\uav3dcrop\2025\Day001_Wheat\images\573.JPG,data\uav3dcrop_depth\2025\Day001_Wheat\573_depth.tif,https://huggingface.co/datasets/Link-Dev/UAV3DCrop/blob/main/2025/Day001_Wheat/images/573.JPG,https://huggingface.co/datasets/Link-Dev/UAV3DCrop_depth/blob/main/2025/Day001_Wheat_depth/573_depth.tif,main,relative_scale_shift,8,20000,0.00774609375,0.007756500911712647,0.01598579426186903,7.741069793701172e-05,0.2213165818729961,0.13918746644824376,0.5541734860883797,0.016088935793907213
2025/Day001_Wheat,2025,Day001,wheat,573.JPG,573,DJI Mavic 3M RGB camera,nadir,nadir,0.9999792549862315,5280,3956,573_depth.tif,True,True,OPENCV,data\uav3dcrop\2025\Day001_Wheat\images\573.JPG,data\uav3dcrop_depth\2025\Day001_Wheat\573_depth.tif,https://huggingface.co/datasets/Link-Dev/UAV3DCrop/blob/main/2025/Day001_Wheat/images/573.JPG,https://huggingface.co/datasets/Link-Dev/UAV3DCrop_depth/blob/main/2025/Day001_Wheat_depth/573_depth.tif,main,metric_raw,16,20000,0.01391484375,0.01900972740650177,0.03013366542443962,-0.00011681888103485108,0.07102490238889132,0.0541086864153558,0.5246204620462046,0.026036250633412993
2025/Day001_Wheat,2025,Day001,wheat,573.JPG,573,DJI Mavic 3M RGB camera,nadir,nadir,0.9999792549862315,5280,3956,573_depth.tif,True,True,OPENCV,data\uav3dcrop\2025\Day001_Wheat\images\573.JPG,data\uav3dcrop_depth\2025\Day001_Wheat\573_depth.tif,https://huggingface.co/datasets/Link-Dev/UAV3DCrop/blob/main/2025/Day001_Wheat/images/573.JPG,https://huggingface.co/datasets/Link-Dev/UAV3DCrop_depth/blob/main/2025/Day001_Wheat_depth/573_depth.tif,main,metric_bias_corrected,16,20000,0.01391484375,0.01900973229408264,0.030133670301698518,-0.00011681771278381348,0.07102459105171208,0.05410898843787085,0.5246204620462046,0.026036250633412993
2025/Day001_Wheat,2025,Day001,wheat,573.JPG,573,DJI Mavic 3M RGB camera,nadir,nadir,0.9999792549862315,5280,3956,573_depth.tif,True,True,OPENCV,data\uav3dcrop\2025\Day001_Wheat\images\573.JPG,data\uav3dcrop_depth\2025\Day001_Wheat\573_depth.tif,https://huggingface.co/datasets/Link-Dev/UAV3DCrop/blob/main/2025/Day001_Wheat/images/573.JPG,https://huggingface.co/datasets/Link-Dev/UAV3DCrop_depth/blob/main/2025/Day001_Wheat_depth/573_depth.tif,main,metric_scale_shift,16,20000,0.01391484375,0.014118971252441406,0.025972727476819446,-0.0001860147476196289,0.07102438954112414,0.05411036976200506,0.5244884488448844,0.026036250633412993
2025/Day001_Wheat,2025,Day001,wheat,573.JPG,573,DJI Mavic 3M RGB camera,nadir,nadir,0.9999792549862315,5280,3956,573_depth.tif,True,True,OPENCV,data\uav3dcrop\2025\Day001_Wheat\images\573.JPG,data\uav3dcrop_depth\2025\Day001_Wheat\573_depth.tif,https://huggingface.co/datasets/Link-Dev/UAV3DCrop/blob/main/2025/Day001_Wheat/images/573.JPG,https://huggingface.co/datasets/Link-Dev/UAV3DCrop_depth/blob/main/2025/Day001_Wheat_depth/573_depth.tif,main,relative_scale_shift,16,20000,0.01391484375,0.013879995250701905,0.025756691332103312,-0.00011745710372924805,0.30629745436096834,0.16669847234975707,0.5551815181518152,0.026036250633412993
2025/Day001_Wheat,2025,Day001,wheat,573.JPG,573,DJI Mavic 3M RGB camera,nadir,nadir,0.9999792549862315,5280,3956,573_depth.tif,True,True,OPENCV,data\uav3dcrop\2025\Day001_Wheat\images\573.JPG,data\uav3dcrop_depth\2025\Day001_Wheat\573_depth.tif,https://huggingface.co/datasets/Link-Dev/UAV3DCrop/blob/main/2025/Day001_Wheat/images/573.JPG,https://huggingface.co/datasets/Link-Dev/UAV3DCrop_depth/blob/main/2025/Day001_Wheat_depth/573_depth.tif,main,metric_raw,32,20000,0.02306015625,0.03145298278331757,0.04731796538334307,0.0006682391405105591,0.08796583867090339,0.06353547554907835,0.5233667143538389,0.04010113788617008
2025/Day001_Wheat,2025,Day001,wheat,573.JPG,573,DJI Mavic 3M RGB camera,nadir,nadir,0.9999792549862315,5280,3956,573_depth.tif,True,True,OPENCV,data\uav3dcrop\2025\Day001_Wheat\images\573.JPG,data\uav3dcrop_depth\2025\Day001_Wheat\573_depth.tif,https://huggingface.co/datasets/Link-Dev/UAV3DCrop/blob/main/2025/Day001_Wheat/images/573.JPG,https://huggingface.co/datasets/Link-Dev/UAV3DCrop_depth/blob/main/2025/Day001_Wheat_depth/573_depth.tif,main,metric_bias_corrected,32,20000,0.02306015625,0.0314529800415039,0.04731796358560787,0.0006682384490966797,0.08796592616060665,0.06353608722890691,0.5233667143538389,0.04010113788617008
2025/Day001_Wheat,2025,Day001,wheat,573.JPG,573,DJI Mavic 3M RGB camera,nadir,nadir,0.9999792549862315,5280,3956,573_depth.tif,True,True,OPENCV,data\uav3dcrop\2025\Day001_Wheat\images\573.JPG,data\uav3dcrop_depth\2025\Day001_Wheat\573_depth.tif,https://huggingface.co/datasets/Link-Dev/UAV3DCrop/blob/main/2025/Day001_Wheat/images/573.JPG,https://huggingface.co/datasets/Link-Dev/UAV3DCrop_depth/blob/main/2025/Day001_Wheat_depth/573_depth.tif,main,metric_scale_shift,32,20000,0.02306015625,0.023249741554260253,0.039955996458837066,0.0001774397850036621,0.08796725222959063,0.06353616283484562,0.5231878874582737,0.04010113788617008
2025/Day001_Wheat,2025,Day001,wheat,573.JPG,573,DJI Mavic 3M RGB camera,nadir,nadir,0.9999792549862315,5280,3956,573_depth.tif,True,True,OPENCV,data\uav3dcrop\2025\Day001_Wheat\images\573.JPG,data\uav3dcrop_depth\2025\Day001_Wheat\573_depth.tif,https://huggingface.co/datasets/Link-Dev/UAV3DCrop/blob/main/2025/Day001_Wheat/images/573.JPG,https://huggingface.co/datasets/Link-Dev/UAV3DCrop_depth/blob/main/2025/Day001_Wheat_depth/573_depth.tif,main,relative_scale_shift,32,20000,0.02306015625,0.022907741355895996,0.039376857152932654,0.0002661765098571777,0.4033985368356985,0.2043860007648719,0.5592513113972342,0.04010113788617008
2025/Day001_Wheat,2025,Day001,wheat,573.JPG,573,DJI Mavic 3M RGB camera,nadir,nadir,0.9999792549862315,5280,3956,573_depth.tif,True,True,OPENCV,data\uav3dcrop\2025\Day001_Wheat\images\573.JPG,data\uav3dcrop_depth\2025\Day001_Wheat\573_depth.tif,https://huggingface.co/datasets/Link-Dev/UAV3DCrop/blob/main/2025/Day001_Wheat/images/573.JPG,https://huggingface.co/datasets/Link-Dev/UAV3DCrop_depth/blob/main/2025/Day001_Wheat_depth/573_depth.tif,main,metric_raw,64,20000,0.033188671875,0.047180015110969545,0.06412297246299827,0.0004406425714492798,0.17336884824110388,0.09591373013971874,0.5309979127884019,0.054843870903034025
2025/Day001_Wheat,2025,Day001,wheat,573.JPG,573,DJI Mavic 3M RGB camera,nadir,nadir,0.9999792549862315,5280,3956,573_depth.tif,True,True,OPENCV,data\uav3dcrop\2025\Day001_Wheat\images\573.JPG,data\uav3dcrop_depth\2025\Day001_Wheat\573_depth.tif,https://huggingface.co/datasets/Link-Dev/UAV3DCrop/blob/main/2025/Day001_Wheat/images/573.JPG,https://huggingface.co/datasets/Link-Dev/UAV3DCrop_depth/blob/main/2025/Day001_Wheat_depth/573_depth.tif,main,metric_bias_corrected,64,20000,0.033188671875,0.047180011558532714,0.0641229715176223,0.0004406403541564941,0.1733688699856736,0.09591373389716663,0.5309979127884019,0.054843870903034025
2025/Day001_Wheat,2025,Day001,wheat,573.JPG,573,DJI Mavic 3M RGB camera,nadir,nadir,0.9999792549862315,5280,3956,573_depth.tif,True,True,OPENCV,data\uav3dcrop\2025\Day001_Wheat\images\573.JPG,data\uav3dcrop_depth\2025\Day001_Wheat\573_depth.tif,https://huggingface.co/datasets/Link-Dev/UAV3DCrop/blob/main/2025/Day001_Wheat/images/573.JPG,https://huggingface.co/datasets/Link-Dev/UAV3DCrop_depth/blob/main/2025/Day001_Wheat_depth/573_depth.tif,main,metric_scale_shift,64,20000,0.033188671875,0.033259284734725954,0.054291653085562296,-0.0002377011775970459,0.17336928930578568,0.09591331682242941,0.5309415016641281,0.054843870903034025
2025/Day001_Wheat,2025,Day001,wheat,573.JPG,573,DJI Mavic 3M RGB camera,nadir,nadir,0.9999792549862315,5280,3956,573_depth.tif,True,True,OPENCV,data\uav3dcrop\2025\Day001_Wheat\images\573.JPG,data\uav3dcrop_depth\2025\Day001_Wheat\573_depth.tif,https://huggingface.co/datasets/Link-Dev/UAV3DCrop/blob/main/2025/Day001_Wheat/images/573.JPG,https://huggingface.co/datasets/Link-Dev/UAV3DCrop_depth/blob/main/2025/Day001_Wheat_depth/573_depth.tif,main,relative_scale_shift,64,20000,0.033188671875,0.032776916933059695,0.05326354481331437,-1.88046932220459e-05,0.5308829536050236,0.24637639553653976,0.5668753878264794,0.054843870903034025
2025/Day001_Wheat,2025,Day001,wheat,573.JPG,573,DJI Mavic 3M RGB camera,nadir,nadir,0.9999792549862315,5280,3956,573_depth.tif,True,True,OPENCV,data\uav3dcrop\2025\Day001_Wheat\images\573.JPG,data\uav3dcrop_depth\2025\Day001_Wheat\573_depth.tif,https://huggingface.co/datasets/Link-Dev/UAV3DCrop/blob/main/2025/Day001_Wheat/images/573.JPG,https://huggingface.co/datasets/Link-Dev/UAV3DCrop_depth/blob/main/2025/Day001_Wheat_depth/573_depth.tif,main,metric_raw,128,20000,0.043658203125,0.0689529438495636,0.08991296835061985,0.001885297966003418,0.2220720917447151,0.11634811268247636,0.5430470793374019,0.07054706533642478
2025/Day001_Wheat,2025,Day001,wheat,573.JPG,573,DJI Mavic 3M RGB camera,nadir,nadir,0.9999792549862315,5280,3956,573_depth.tif,True,True,OPENCV,data\uav3dcrop\2025\Day001_Wheat\images\573.JPG,data\uav3dcrop_depth\2025\Day001_Wheat\573_depth.tif,https://huggingface.co/datasets/Link-Dev/UAV3DCrop/blob/main/2025/Day001_Wheat/images/573.JPG,https://huggingface.co/datasets/Link-Dev/UAV3DCrop_depth/blob/main/2025/Day001_Wheat_depth/573_depth.tif,main,metric_bias_corrected,128,20000,0.043658203125,0.06895294289588928,0.0899129668513716,0.0018852960109710694,0.2220721400773344,0.11634802301248827,0.5430470793374019,0.07054706533642478
2025/Day001_Wheat,2025,Day001,wheat,573.JPG,573,DJI Mavic 3M RGB camera,nadir,nadir,0.9999792549862315,5280,3956,573_depth.tif,True,True,OPENCV,data\uav3dcrop\2025\Day001_Wheat\images\573.JPG,data\uav3dcrop_depth\2025\Day001_Wheat\573_depth.tif,https://huggingface.co/datasets/Link-Dev/UAV3DCrop/blob/main/2025/Day001_Wheat/images/573.JPG,https://huggingface.co/datasets/Link-Dev/UAV3DCrop_depth/blob/main/2025/Day001_Wheat_depth/573_depth.tif,main,metric_scale_shift,128,20000,0.043658203125,0.0436831561088562,0.06936563349853828,-9.442911148071289e-05,0.2220725908266573,0.11634772072782719,0.5430470793374019,0.07054706533642478
2025/Day001_Wheat,2025,Day001,wheat,573.JPG,573,DJI Mavic 3M RGB camera,nadir,nadir,0.9999792549862315,5280,3956,573_depth.tif,True,True,OPENCV,data\uav3dcrop\2025\Day001_Wheat\images\573.JPG,data\uav3dcrop_depth\2025\Day001_Wheat\573_depth.tif,https://huggingface.co/datasets/Link-Dev/UAV3DCrop/blob/main/2025/Day001_Wheat/images/573.JPG,https://huggingface.co/datasets/Link-Dev/UAV3DCrop_depth/blob/main/2025/Day001_Wheat_depth/573_depth.tif,main,relative_scale_shift,128,20000,0.043658203125,0.04264540452957153,0.06719923703760385,0.0003475208282470703,0.635218708132685,0.29036570609260226,0.5678945074106364,0.07054706533642478
2025/Day001_Wheat,2025,Day001,wheat,616.JPG,616,DJI Mavic 3M RGB camera,nadir,nadir,0.9999911307561199,5280,3956,616_depth.tif,True,True,OPENCV,data\uav3dcrop\2025\Day001_Wheat\images\616.JPG,data\uav3dcrop_depth\2025\Day001_Wheat\616_depth.tif,https://huggingface.co/datasets/Link-Dev/UAV3DCrop/blob/main/2025/Day001_Wheat/images/616.JPG,https://huggingface.co/datasets/Link-Dev/UAV3DCrop_depth/blob/main/2025/Day001_Wheat_depth/616_depth.tif,main,metric_raw,8,20000,0.006309765625,0.01131998107433319,0.018327268336612947,0.0007033903360366821,0.1231143912244248,0.09298720330236865,0.5433993859893944,0.014020551098972411
2025/Day001_Wheat,2025,Day001,wheat,616.JPG,616,DJI Mavic 3M RGB camera,nadir,nadir,0.9999911307561199,5280,3956,616_depth.tif,True,True,OPENCV,data\uav3dcrop\2025\Day001_Wheat\images\616.JPG,data\uav3dcrop_depth\2025\Day001_Wheat\616_depth.tif,https://huggingface.co/datasets/Link-Dev/UAV3DCrop/blob/main/2025/Day001_Wheat/images/616.JPG,https://huggingface.co/datasets/Link-Dev/UAV3DCrop_depth/blob/main/2025/Day001_Wheat_depth/616_depth.tif,main,metric_bias_corrected,8,20000,0.006309765625,0.011319981288909911,0.01832726976236,0.000703387451171875,0.12311444753607176,0.0929868292866414,0.5433993859893944,0.014020551098972411
2025/Day001_Wheat,2025,Day001,wheat,616.JPG,616,DJI Mavic 3M RGB camera,nadir,nadir,0.9999911307561199,5280,3956,616_depth.tif,True,True,OPENCV,data\uav3dcrop\2025\Day001_Wheat\images\616.JPG,data\uav3dcrop_depth\2025\Day001_Wheat\616_depth.tif,https://huggingface.co/datasets/Link-Dev/UAV3DCrop/blob/main/2025/Day001_Wheat/images/616.JPG,https://huggingface.co/datasets/Link-Dev/UAV3DCrop_depth/blob/main/2025/Day001_Wheat_depth/616_depth.tif,main,metric_scale_shift,8,20000,0.006309765625,0.006627489709854126,0.014162219250823881,8.501791954040528e-05,-0.12311654766989007,-0.09299222827176401,0.4563215182807703,0.014020551098972411
2025/Day001_Wheat,2025,Day001,wheat,616.JPG,616,DJI Mavic 3M RGB camera,nadir,nadir,0.9999911307561199,5280,3956,616_depth.tif,True,True,OPENCV,data\uav3dcrop\2025\Day001_Wheat\images\616.JPG,data\uav3dcrop_depth\2025\Day001_Wheat\616_depth.tif,https://huggingface.co/datasets/Link-Dev/UAV3DCrop/blob/main/2025/Day001_Wheat/images/616.JPG,https://huggingface.co/datasets/Link-Dev/UAV3DCrop_depth/blob/main/2025/Day001_Wheat_depth/616_depth.tif,main,relative_scale_shift,8,20000,0.006309765625,0.006341911172866821,0.013620133361865306,-0.00011174807548522949,0.39487088016293165,0.17134525211875182,0.539771141501535,0.014020551098972411
2025/Day001_Wheat,2025,Day001,wheat,616.JPG,616,DJI Mavic 3M RGB camera,nadir,nadir,0.9999911307561199,5280,3956,616_depth.tif,True,True,OPENCV,data\uav3dcrop\2025\Day001_Wheat\images\616.JPG,data\uav3dcrop_depth\2025\Day001_Wheat\616_depth.tif,https://huggingface.co/datasets/Link-Dev/UAV3DCrop/blob/main/2025/Day001_Wheat/images/616.JPG,https://huggingface.co/datasets/Link-Dev/UAV3DCrop_depth/blob/main/2025/Day001_Wheat_depth/616_depth.tif,main,metric_raw,16,20000,0.011326171875,0.019182092714309693,0.028949932104740367,0.001102916431427002,0.1654724539275409,0.12586178411573629,0.5483520463600144,0.02202500174237698
2025/Day001_Wheat,2025,Day001,wheat,616.JPG,616,DJI Mavic 3M RGB camera,nadir,nadir,0.9999911307561199,5280,3956,616_depth.tif,True,True,OPENCV,data\uav3dcrop\2025\Day001_Wheat\images\616.JPG,data\uav3dcrop_depth\2025\Day001_Wheat\616_depth.tif,https://huggingface.co/datasets/Link-Dev/UAV3DCrop/blob/main/2025/Day001_Wheat/images/616.JPG,https://huggingface.co/datasets/Link-Dev/UAV3DCrop_depth/blob/main/2025/Day001_Wheat_depth/616_depth.tif,main,metric_bias_corrected,16,20000,0.011326171875,0.019182091569900514,0.02894993014467527,0.001102924680709839,0.16547247417118013,0.12586159500342245,0.5483520463600144,0.02202500174237698
2025/Day001_Wheat,2025,Day001,wheat,616.JPG,616,DJI Mavic 3M RGB camera,nadir,nadir,0.9999911307561199,5280,3956,616_depth.tif,True,True,OPENCV,data\uav3dcrop\2025\Day001_Wheat\images\616.JPG,data\uav3dcrop_depth\2025\Day001_Wheat\616_depth.tif,https://huggingface.co/datasets/Link-Dev/UAV3DCrop/blob/main/2025/Day001_Wheat/images/616.JPG,https://huggingface.co/datasets/Link-Dev/UAV3DCrop_depth/blob/main/2025/Day001_Wheat_depth/616_depth.tif,main,metric_scale_shift,16,20000,0.011326171875,0.011754502582550048,0.022327946693320527,0.00010494279861450195,-0.16547239595917473,-0.12586138239128705,0.4515755161173488,0.02202500174237698
2025/Day001_Wheat,2025,Day001,wheat,616.JPG,616,DJI Mavic 3M RGB camera,nadir,nadir,0.9999911307561199,5280,3956,616_depth.tif,True,True,OPENCV,data\uav3dcrop\2025\Day001_Wheat\images\616.JPG,data\uav3dcrop_depth\2025\Day001_Wheat\616_depth.tif,https://huggingface.co/datasets/Link-Dev/UAV3DCrop/blob/main/2025/Day001_Wheat/images/616.JPG,https://huggingface.co/datasets/Link-Dev/UAV3DCrop_depth/blob/main/2025/Day001_Wheat_depth/616_depth.tif,main,relative_scale_shift,16,20000,0.011326171875,0.011262336158752441,0.021251234744199352,-0.00027297382354736326,0.4285401258018693,0.1882712045120361,0.5568272365085114,0.02202500174237698
2025/Day001_Wheat,2025,Day001,wheat,616.JPG,616,DJI Mavic 3M RGB camera,nadir,nadir,0.9999911307561199,5280,3956,616_depth.tif,True,True,OPENCV,data\uav3dcrop\2025\Day001_Wheat\images\616.JPG,data\uav3dcrop_depth\2025\Day001_Wheat\616_depth.tif,https://huggingface.co/datasets/Link-Dev/UAV3DCrop/blob/main/2025/Day001_Wheat/images/616.JPG,https://huggingface.co/datasets/Link-Dev/UAV3DCrop_depth/blob/main/2025/Day001_Wheat_depth/616_depth.tif,main,metric_raw,32,20000,0.0185296875,0.0313142138004303,0.06575944921923119,0.002657834577560425,0.1293484876282688,0.16231560341276166,0.5582925911996991,0.03273190563478355
2025/Day001_Wheat,2025,Day001,wheat,616.JPG,616,DJI Mavic 3M RGB camera,nadir,nadir,0.9999911307561199,5280,3956,616_depth.tif,True,True,OPENCV,data\uav3dcrop\2025\Day001_Wheat\images\616.JPG,data\uav3dcrop_depth\2025\Day001_Wheat\616_depth.tif,https://huggingface.co/datasets/Link-Dev/UAV3DCrop/blob/main/2025/Day001_Wheat/images/616.JPG,https://huggingface.co/datasets/Link-Dev/UAV3DCrop_depth/blob/main/2025/Day001_Wheat_depth/616_depth.tif,main,metric_bias_corrected,32,20000,0.0185296875,0.03131421127319336,0.06575944355773337,0.002657838153839111,0.12934842818707454,0.1623155406257476,0.5582925911996991,0.03273190563478355
2025/Day001_Wheat,2025,Day001,wheat,616.JPG,616,DJI Mavic 3M RGB camera,nadir,nadir,0.9999911307561199,5280,3956,616_depth.tif,True,True,OPENCV,data\uav3dcrop\2025\Day001_Wheat\images\616.JPG,data\uav3dcrop_depth\2025\Day001_Wheat\616_depth.tif,https://huggingface.co/datasets/Link-Dev/UAV3DCrop/blob/main/2025/Day001_Wheat/images/616.JPG,https://huggingface.co/datasets/Link-Dev/UAV3DCrop_depth/blob/main/2025/Day001_Wheat_depth/616_depth.tif,main,metric_scale_shift,32,20000,0.0185296875,0.01918305730819702,0.03351211435639863,7.876043319702148e-05,-0.1293494548091016,-0.16231562877405512,0.4413940077723455,0.03273190563478355
2025/Day001_Wheat,2025,Day001,wheat,616.JPG,616,DJI Mavic 3M RGB camera,nadir,nadir,0.9999911307561199,5280,3956,616_depth.tif,True,True,OPENCV,data\uav3dcrop\2025\Day001_Wheat\images\616.JPG,data\uav3dcrop_depth\2025\Day001_Wheat\616_depth.tif,https://huggingface.co/datasets/Link-Dev/UAV3DCrop/blob/main/2025/Day001_Wheat/images/616.JPG,https://huggingface.co/datasets/Link-Dev/UAV3DCrop_depth/blob/main/2025/Day001_Wheat_depth/616_depth.tif,main,relative_scale_shift,32,20000,0.0185296875,0.018229066991806032,0.031060937056406862,-0.0006968064785003662,0.544982545901496,0.2690760102944658,0.5618026827127993,0.03273190563478355
2025/Day001_Wheat,2025,Day001,wheat,616.JPG,616,DJI Mavic 3M RGB camera,nadir,nadir,0.9999911307561199,5280,3956,616_depth.tif,True,True,OPENCV,data\uav3dcrop\2025\Day001_Wheat\images\616.JPG,data\uav3dcrop_depth\2025\Day001_Wheat\616_depth.tif,https://huggingface.co/datasets/Link-Dev/UAV3DCrop/blob/main/2025/Day001_Wheat/images/616.JPG,https://huggingface.co/datasets/Link-Dev/UAV3DCrop_depth/blob/main/2025/Day001_Wheat_depth/616_depth.tif,main,metric_raw,64,20000,0.027758203125,0.04634079737663269,0.06365209120279092,0.006577931118011474,0.3005442382835382,0.21212736499754029,0.5723722331672267,0.04692954632172195
2025/Day001_Wheat,2025,Day001,wheat,616.JPG,616,DJI Mavic 3M RGB camera,nadir,nadir,0.9999911307561199,5280,3956,616_depth.tif,True,True,OPENCV,data\uav3dcrop\2025\Day001_Wheat\images\616.JPG,data\uav3dcrop_depth\2025\Day001_Wheat\616_depth.tif,https://huggingface.co/datasets/Link-Dev/UAV3DCrop/blob/main/2025/Day001_Wheat/images/616.JPG,https://huggingface.co/datasets/Link-Dev/UAV3DCrop_depth/blob/main/2025/Day001_Wheat_depth/616_depth.tif,main,metric_bias_corrected,64,20000,0.027758203125,0.0463407958984375,0.06365208841914104,0.00657793140411377,0.30054429115052994,0.21212765862558494,0.5723722331672267,0.04692954632172195
2025/Day001_Wheat,2025,Day001,wheat,616.JPG,616,DJI Mavic 3M RGB camera,nadir,nadir,0.9999911307561199,5280,3956,616_depth.tif,True,True,OPENCV,data\uav3dcrop\2025\Day001_Wheat\images\616.JPG,data\uav3dcrop_depth\2025\Day001_Wheat\616_depth.tif,https://huggingface.co/datasets/Link-Dev/UAV3DCrop/blob/main/2025/Day001_Wheat/images/616.JPG,https://huggingface.co/datasets/Link-Dev/UAV3DCrop_depth/blob/main/2025/Day001_Wheat_depth/616_depth.tif,main,metric_scale_shift,64,20000,0.027758203125,0.028741295766830443,0.04826133461844827,-9.496378898620606e-05,-0.3005437110678277,-0.21212863930326561,0.4275118785490787,0.04692954632172195
2025/Day001_Wheat,2025,Day001,wheat,616.JPG,616,DJI Mavic 3M RGB camera,nadir,nadir,0.9999911307561199,5280,3956,616_depth.tif,True,True,OPENCV,data\uav3dcrop\2025\Day001_Wheat\images\616.JPG,data\uav3dcrop_depth\2025\Day001_Wheat\616_depth.tif,https://huggingface.co/datasets/Link-Dev/UAV3DCrop/blob/main/2025/Day001_Wheat/images/616.JPG,https://huggingface.co/datasets/Link-Dev/UAV3DCrop_depth/blob/main/2025/Day001_Wheat_depth/616_depth.tif,main,relative_scale_shift,64,20000,0.027758203125,0.02692615489959717,0.04377312724655483,-0.0014490394592285157,0.6135220584720605,0.3161174662685054,0.5727198980183104,0.04692954632172195
2025/Day001_Wheat,2025,Day001,wheat,616.JPG,616,DJI Mavic 3M RGB camera,nadir,nadir,0.9999911307561199,5280,3956,616_depth.tif,True,True,OPENCV,data\uav3dcrop\2025\Day001_Wheat\images\616.JPG,data\uav3dcrop_depth\2025\Day001_Wheat\616_depth.tif,https://huggingface.co/datasets/Link-Dev/UAV3DCrop/blob/main/2025/Day001_Wheat/images/616.JPG,https://huggingface.co/datasets/Link-Dev/UAV3DCrop_depth/blob/main/2025/Day001_Wheat_depth/616_depth.tif,main,metric_raw,128,20000,0.03744765625,0.06591286869049072,0.08654408063281019,0.011545716953277588,0.4195072739045247,0.23262219825534275,0.5663182605779442,0.06325142103687152
2025/Day001_Wheat,2025,Day001,wheat,616.JPG,616,DJI Mavic 3M RGB camera,nadir,nadir,0.9999911307561199,5280,3956,616_depth.tif,True,True,OPENCV,data\uav3dcrop\2025\Day001_Wheat\images\616.JPG,data\uav3dcrop_depth\2025\Day001_Wheat\616_depth.tif,https://huggingface.co/datasets/Link-Dev/UAV3DCrop/blob/main/2025/Day001_Wheat/images/616.JPG,https://huggingface.co/datasets/Link-Dev/UAV3DCrop_depth/blob/main/2025/Day001_Wheat_depth/616_depth.tif,main,metric_bias_corrected,128,20000,0.03744765625,0.06591287083625794,0.08654408407576335,0.011545718145370483,0.4195072652191525,0.23262210319918142,0.5663182605779442,0.06325142103687152
2025/Day001_Wheat,2025,Day001,wheat,616.JPG,616,DJI Mavic 3M RGB camera,nadir,nadir,0.9999911307561199,5280,3956,616_depth.tif,True,True,OPENCV,data\uav3dcrop\2025\Day001_Wheat\images\616.JPG,data\uav3dcrop_depth\2025\Day001_Wheat\616_depth.tif,https://huggingface.co/datasets/Link-Dev/UAV3DCrop/blob/main/2025/Day001_Wheat/images/616.JPG,https://huggingface.co/datasets/Link-Dev/UAV3DCrop_depth/blob/main/2025/Day001_Wheat_depth/616_depth.tif,main,metric_scale_shift,128,20000,0.03744765625,0.03897352514266968,0.06601504497327518,-4.458723068237305e-05,-0.4195070480757906,-0.23262176812772256,0.43351405734726955,0.06325142103687152
2025/Day001_Wheat,2025,Day001,wheat,616.JPG,616,DJI Mavic 3M RGB camera,nadir,nadir,0.9999911307561199,5280,3956,616_depth.tif,True,True,OPENCV,data\uav3dcrop\2025\Day001_Wheat\images\616.JPG,data\uav3dcrop_depth\2025\Day001_Wheat\616_depth.tif,https://huggingface.co/datasets/Link-Dev/UAV3DCrop/blob/main/2025/Day001_Wheat/images/616.JPG,https://huggingface.co/datasets/Link-Dev/UAV3DCrop_depth/blob/main/2025/Day001_Wheat_depth/616_depth.tif,main,relative_scale_shift,128,20000,0.03744765625,0.03547639093399048,0.05673666030042907,-0.002995622539520264,0.7194410047677683,0.35633457053014933,0.5764350790900453,0.06325142103687152
2025/Day001_Wheat,2025,Day001,wheat,182.JPG,182,DJI Mavic 3M RGB camera,oblique,oblique,0.7033511780111273,5280,3956,182_depth.tif,True,True,OPENCV,data\uav3dcrop\2025\Day001_Wheat\images\182.JPG,data\uav3dcrop_depth\2025\Day001_Wheat\182_depth.tif,https://huggingface.co/datasets/Link-Dev/UAV3DCrop/blob/main/2025/Day001_Wheat/images/182.JPG,https://huggingface.co/datasets/Link-Dev/UAV3DCrop_depth/blob/main/2025/Day001_Wheat_depth/182_depth.tif,main,metric_raw,8,20000,0.020669921875,0.02621847870349884,0.06311488251037593,0.0019692736864089966,0.005044423185222959,0.041011838246828816,0.5255699322242761,0.055936722387609605
2025/Day001_Wheat,2025,Day001,wheat,182.JPG,182,DJI Mavic 3M RGB camera,oblique,oblique,0.7033511780111273,5280,3956,182_depth.tif,True,True,OPENCV,data\uav3dcrop\2025\Day001_Wheat\images\182.JPG,data\uav3dcrop_depth\2025\Day001_Wheat\182_depth.tif,https://huggingface.co/datasets/Link-Dev/UAV3DCrop/blob/main/2025/Day001_Wheat/images/182.JPG,https://huggingface.co/datasets/Link-Dev/UAV3DCrop_depth/blob/main/2025/Day001_Wheat_depth/182_depth.tif,main,metric_bias_corrected,8,20000,0.020669921875,0.026218475627899168,0.06311488601280076,0.001969275760650635,0.005044432215082341,0.04101188059660833,0.5255699322242761,0.055936722387609605
2025/Day001_Wheat,2025,Day001,wheat,182.JPG,182,DJI Mavic 3M RGB camera,oblique,oblique,0.7033511780111273,5280,3956,182_depth.tif,True,True,OPENCV,data\uav3dcrop\2025\Day001_Wheat\images\182.JPG,data\uav3dcrop_depth\2025\Day001_Wheat\182_depth.tif,https://huggingface.co/datasets/Link-Dev/UAV3DCrop/blob/main/2025/Day001_Wheat/images/182.JPG,https://huggingface.co/datasets/Link-Dev/UAV3DCrop_depth/blob/main/2025/Day001_Wheat_depth/182_depth.tif,main,metric_scale_shift,8,20000,0.020669921875,0.0664083508014679,0.16056395425664946,0.008257300329208375,0.005044441844093319,0.041011961565123996,0.5255699322242761,0.055936722387609605
2025/Day001_Wheat,2025,Day001,wheat,182.JPG,182,DJI Mavic 3M RGB camera,oblique,oblique,0.7033511780111273,5280,3956,182_depth.tif,True,True,OPENCV,data\uav3dcrop\2025\Day001_Wheat\images\182.JPG,data\uav3dcrop_depth\2025\Day001_Wheat\182_depth.tif,https://huggingface.co/datasets/Link-Dev/UAV3DCrop/blob/main/2025/Day001_Wheat/images/182.JPG,https://huggingface.co/datasets/Link-Dev/UAV3DCrop_depth/blob/main/2025/Day001_Wheat_depth/182_depth.tif,main,relative_scale_shift,8,20000,0.020669921875,0.021737365436553954,0.0541323192448478,-0.00018923406600952148,0.26505088394782184,0.1863955277250039,0.5886805738931432,0.055936722387609605
2025/Day001_Wheat,2025,Day001,wheat,182.JPG,182,DJI Mavic 3M RGB camera,oblique,oblique,0.7033511780111273,5280,3956,182_depth.tif,True,True,OPENCV,data\uav3dcrop\2025\Day001_Wheat\images\182.JPG,data\uav3dcrop_depth\2025\Day001_Wheat\182_depth.tif,https://huggingface.co/datasets/Link-Dev/UAV3DCrop/blob/main/2025/Day001_Wheat/images/182.JPG,https://huggingface.co/datasets/Link-Dev/UAV3DCrop_depth/blob/main/2025/Day001_Wheat_depth/182_depth.tif,main,metric_raw,16,20000,0.035899609375,0.044322642612457275,0.09717572651446381,0.003286153793334961,0.029737768748859764,0.07147096702209241,0.5324243892310887,0.0829466594508567
2025/Day001_Wheat,2025,Day001,wheat,182.JPG,182,DJI Mavic 3M RGB camera,oblique,oblique,0.7033511780111273,5280,3956,182_depth.tif,True,True,OPENCV,data\uav3dcrop\2025\Day001_Wheat\images\182.JPG,data\uav3dcrop_depth\2025\Day001_Wheat\182_depth.tif,https://huggingface.co/datasets/Link-Dev/UAV3DCrop/blob/main/2025/Day001_Wheat/images/182.JPG,https://huggingface.co/datasets/Link-Dev/UAV3DCrop_depth/blob/main/2025/Day001_Wheat_depth/182_depth.tif,main,metric_bias_corrected,16,20000,0.035899609375,0.04432264404296875,0.09717572376264141,0.0032861606597900392,0.029737876961295883,0.07147143361091837,0.5324243892310887,0.0829466594508567
2025/Day001_Wheat,2025,Day001,wheat,182.JPG,182,DJI Mavic 3M RGB camera,oblique,oblique,0.7033511780111273,5280,3956,182_depth.tif,True,True,OPENCV,data\uav3dcrop\2025\Day001_Wheat\images\182.JPG,data\uav3dcrop_depth\2025\Day001_Wheat\182_depth.tif,https://huggingface.co/datasets/Link-Dev/UAV3DCrop/blob/main/2025/Day001_Wheat/images/182.JPG,https://huggingface.co/datasets/Link-Dev/UAV3DCrop_depth/blob/main/2025/Day001_Wheat_depth/182_depth.tif,main,metric_scale_shift,16,20000,0.035899609375,0.11784630770683288,0.2817262213567799,0.01680493760108948,0.029737780771093646,0.0714711605924182,0.5324243892310887,0.0829466594508567
2025/Day001_Wheat,2025,Day001,wheat,182.JPG,182,DJI Mavic 3M RGB camera,oblique,oblique,0.7033511780111273,5280,3956,182_depth.tif,True,True,OPENCV,data\uav3dcrop\2025\Day001_Wheat\images\182.JPG,data\uav3dcrop_depth\2025\Day001_Wheat\182_depth.tif,https://huggingface.co/datasets/Link-Dev/UAV3DCrop/blob/main/2025/Day001_Wheat/images/182.JPG,https://huggingface.co/datasets/Link-Dev/UAV3DCrop_depth/blob/main/2025/Day001_Wheat_depth/182_depth.tif,main,relative_scale_shift,16,20000,0.035899609375,0.03632036476135254,0.07825492017638115,-0.0011467220306396483,0.3572697387475767,0.22442040952241316,0.5833621703924147,0.0829466594508567
2025/Day001_Wheat,2025,Day001,wheat,182.JPG,182,DJI Mavic 3M RGB camera,oblique,oblique,0.7033511780111273,5280,3956,182_depth.tif,True,True,OPENCV,data\uav3dcrop\2025\Day001_Wheat\images\182.JPG,data\uav3dcrop_depth\2025\Day001_Wheat\182_depth.tif,https://huggingface.co/datasets/Link-Dev/UAV3DCrop/blob/main/2025/Day001_Wheat/images/182.JPG,https://huggingface.co/datasets/Link-Dev/UAV3DCrop_depth/blob/main/2025/Day001_Wheat_depth/182_depth.tif,main,metric_raw,32,20000,0.0563296875,0.07060044884681702,0.15240751492795696,0.005459774351119995,0.052746203943860294,0.0977612072675919,0.5383914469687766,0.1177510667912132
2025/Day001_Wheat,2025,Day001,wheat,182.JPG,182,DJI Mavic 3M RGB camera,oblique,oblique,0.7033511780111273,5280,3956,182_depth.tif,True,True,OPENCV,data\uav3dcrop\2025\Day001_Wheat\images\182.JPG,data\uav3dcrop_depth\2025\Day001_Wheat\182_depth.tif,https://huggingface.co/datasets/Link-Dev/UAV3DCrop/blob/main/2025/Day001_Wheat/images/182.JPG,https://huggingface.co/datasets/Link-Dev/UAV3DCrop_depth/blob/main/2025/Day001_Wheat_depth/182_depth.tif,main,metric_bias_corrected,32,20000,0.0563296875,0.07060045890808106,0.15240751910805853,0.0054597776412963865,0.05274613066704969,0.0977607627639018,0.5383914469687766,0.1177510667912132
2025/Day001_Wheat,2025,Day001,wheat,182.JPG,182,DJI Mavic 3M RGB camera,oblique,oblique,0.7033511780111273,5280,3956,182_depth.tif,True,True,OPENCV,data\uav3dcrop\2025\Day001_Wheat\images\182.JPG,data\uav3dcrop_depth\2025\Day001_Wheat\182_depth.tif,https://huggingface.co/datasets/Link-Dev/UAV3DCrop/blob/main/2025/Day001_Wheat/images/182.JPG,https://huggingface.co/datasets/Link-Dev/UAV3DCrop_depth/blob/main/2025/Day001_Wheat_depth/182_depth.tif,main,metric_scale_shift,32,20000,0.0563296875,0.20276096425056458,0.5344303699749335,0.030251481199264525,0.0527462213977523,0.09776123335749053,0.5383914469687766,0.1177510667912132
2025/Day001_Wheat,2025,Day001,wheat,182.JPG,182,DJI Mavic 3M RGB camera,oblique,oblique,0.7033511780111273,5280,3956,182_depth.tif,True,True,OPENCV,data\uav3dcrop\2025\Day001_Wheat\images\182.JPG,data\uav3dcrop_depth\2025\Day001_Wheat\182_depth.tif,https://huggingface.co/datasets/Link-Dev/UAV3DCrop/blob/main/2025/Day001_Wheat/images/182.JPG,https://huggingface.co/datasets/Link-Dev/UAV3DCrop_depth/blob/main/2025/Day001_Wheat_depth/182_depth.tif,main,relative_scale_shift,32,20000,0.0563296875,0.05569602289199829,0.10708685552307504,-0.0032602931022644045,0.43708825024325443,0.2964280538949831,0.6089782529461791,0.1177510667912132
2025/Day001_Wheat,2025,Day001,wheat,182.JPG,182,DJI Mavic 3M RGB camera,oblique,oblique,0.7033511780111273,5280,3956,182_depth.tif,True,True,OPENCV,data\uav3dcrop\2025\Day001_Wheat\images\182.JPG,data\uav3dcrop_depth\2025\Day001_Wheat\182_depth.tif,https://huggingface.co/datasets/Link-Dev/UAV3DCrop/blob/main/2025/Day001_Wheat/images/182.JPG,https://huggingface.co/datasets/Link-Dev/UAV3DCrop_depth/blob/main/2025/Day001_Wheat_depth/182_depth.tif,main,metric_raw,64,20000,0.080896484375,0.10502127938270568,0.21329640152367277,0.011272041368484496,0.03987986212363023,0.12179643822853634,0.5490362811791383,0.15790548471126073
2025/Day001_Wheat,2025,Day001,wheat,182.JPG,182,DJI Mavic 3M RGB camera,oblique,oblique,0.7033511780111273,5280,3956,182_depth.tif,True,True,OPENCV,data\uav3dcrop\2025\Day001_Wheat\images\182.JPG,data\uav3dcrop_depth\2025\Day001_Wheat\182_depth.tif,https://huggingface.co/datasets/Link-Dev/UAV3DCrop/blob/main/2025/Day001_Wheat/images/182.JPG,https://huggingface.co/datasets/Link-Dev/UAV3DCrop_depth/blob/main/2025/Day001_Wheat_depth/182_depth.tif,main,metric_bias_corrected,64,20000,0.080896484375,0.10502128000259399,0.21329638421152827,0.011272044467926026,0.03987997496775423,0.12179678531392875,0.5490362811791383,0.15790548471126073
2025/Day001_Wheat,2025,Day001,wheat,182.JPG,182,DJI Mavic 3M RGB camera,oblique,oblique,0.7033511780111273,5280,3956,182_depth.tif,True,True,OPENCV,data\uav3dcrop\2025\Day001_Wheat\images\182.JPG,data\uav3dcrop_depth\2025\Day001_Wheat\182_depth.tif,https://huggingface.co/datasets/Link-Dev/UAV3DCrop/blob/main/2025/Day001_Wheat/images/182.JPG,https://huggingface.co/datasets/Link-Dev/UAV3DCrop_depth/blob/main/2025/Day001_Wheat_depth/182_depth.tif,main,metric_scale_shift,64,20000,0.080896484375,0.3324829355716705,0.7754850336094145,0.05298628106117249,0.03987988136787394,0.1217963546942096,0.5490362811791383,0.15790548471126073
2025/Day001_Wheat,2025,Day001,wheat,182.JPG,182,DJI Mavic 3M RGB camera,oblique,oblique,0.7033511780111273,5280,3956,182_depth.tif,True,True,OPENCV,data\uav3dcrop\2025\Day001_Wheat\images\182.JPG,data\uav3dcrop_depth\2025\Day001_Wheat\182_depth.tif,https://huggingface.co/datasets/Link-Dev/UAV3DCrop/blob/main/2025/Day001_Wheat/images/182.JPG,https://huggingface.co/datasets/Link-Dev/UAV3DCrop_depth/blob/main/2025/Day001_Wheat_depth/182_depth.tif,main,relative_scale_shift,64,20000,0.080896484375,0.07790222911834717,0.13816465124398514,-0.0046293621063232425,0.4989849014028356,0.3861736385401376,0.63140589569161,0.15790548471126073
2025/Day001_Wheat,2025,Day001,wheat,182.JPG,182,DJI Mavic 3M RGB camera,oblique,oblique,0.7033511780111273,5280,3956,182_depth.tif,True,True,OPENCV,data\uav3dcrop\2025\Day001_Wheat\images\182.JPG,data\uav3dcrop_depth\2025\Day001_Wheat\182_depth.tif,https://huggingface.co/datasets/Link-Dev/UAV3DCrop/blob/main/2025/Day001_Wheat/images/182.JPG,https://huggingface.co/datasets/Link-Dev/UAV3DCrop_depth/blob/main/2025/Day001_Wheat_depth/182_depth.tif,main,metric_raw,128,20000,0.116175,0.15596745674610138,0.28796724490177483,0.02567701699733734,0.03318278578336804,0.1630986229136027,0.5567004688692618,0.21108256087197838
2025/Day001_Wheat,2025,Day001,wheat,182.JPG,182,DJI Mavic 3M RGB camera,oblique,oblique,0.7033511780111273,5280,3956,182_depth.tif,True,True,OPENCV,data\uav3dcrop\2025\Day001_Wheat\images\182.JPG,data\uav3dcrop_depth\2025\Day001_Wheat\182_depth.tif,https://huggingface.co/datasets/Link-Dev/UAV3DCrop/blob/main/2025/Day001_Wheat/images/182.JPG,https://huggingface.co/datasets/Link-Dev/UAV3DCrop_depth/blob/main/2025/Day001_Wheat_depth/182_depth.tif,main,metric_bias_corrected,128,20000,0.116175,0.15596746320724486,0.28796724395252454,0.025677023220062257,0.033182820207617265,0.1630986333457291,0.5567004688692618,0.21108256087197838
2025/Day001_Wheat,2025,Day001,wheat,182.JPG,182,DJI Mavic 3M RGB camera,oblique,oblique,0.7033511780111273,5280,3956,182_depth.tif,True,True,OPENCV,data\uav3dcrop\2025\Day001_Wheat\images\182.JPG,data\uav3dcrop_depth\2025\Day001_Wheat\182_depth.tif,https://huggingface.co/datasets/Link-Dev/UAV3DCrop/blob/main/2025/Day001_Wheat/images/182.JPG,https://huggingface.co/datasets/Link-Dev/UAV3DCrop_depth/blob/main/2025/Day001_Wheat_depth/182_depth.tif,main,metric_scale_shift,128,20000,0.116175,0.5333539634704589,1.0491322530778393,0.10591247291564941,0.03318278087784178,0.1630987606019637,0.5567004688692618,0.21108256087197838
2025/Day001_Wheat,2025,Day001,wheat,182.JPG,182,DJI Mavic 3M RGB camera,oblique,oblique,0.7033511780111273,5280,3956,182_depth.tif,True,True,OPENCV,data\uav3dcrop\2025\Day001_Wheat\images\182.JPG,data\uav3dcrop_depth\2025\Day001_Wheat\182_depth.tif,https://huggingface.co/datasets/Link-Dev/UAV3DCrop/blob/main/2025/Day001_Wheat/images/182.JPG,https://huggingface.co/datasets/Link-Dev/UAV3DCrop_depth/blob/main/2025/Day001_Wheat_depth/182_depth.tif,main,relative_scale_shift,128,20000,0.116175,0.10985011043548584,0.1808401464027774,-0.004850634765625,0.5241784166060687,0.43682847473042313,0.6533093446734272,0.21108256087197838
2025/Day001_Wheat,2025,Day001,wheat,240.JPG,240,DJI Mavic 3M RGB camera,oblique,oblique,0.7075718208125407,5280,3956,240_depth.tif,True,True,OPENCV,data\uav3dcrop\2025\Day001_Wheat\images\240.JPG,data\uav3dcrop_depth\2025\Day001_Wheat\240_depth.tif,https://huggingface.co/datasets/Link-Dev/UAV3DCrop/blob/main/2025/Day001_Wheat/images/240.JPG,https://huggingface.co/datasets/Link-Dev/UAV3DCrop_depth/blob/main/2025/Day001_Wheat_depth/240_depth.tif,main,metric_raw,8,20000,0.0107125,0.01600011923313141,0.027088483314185355,0.0025423958063125612,0.0031225577940839537,0.01935302051339126,0.5211337642963699,0.02183102408662723
2025/Day001_Wheat,2025,Day001,wheat,240.JPG,240,DJI Mavic 3M RGB camera,oblique,oblique,0.7075718208125407,5280,3956,240_depth.tif,True,True,OPENCV,data\uav3dcrop\2025\Day001_Wheat\images\240.JPG,data\uav3dcrop_depth\2025\Day001_Wheat\240_depth.tif,https://huggingface.co/datasets/Link-Dev/UAV3DCrop/blob/main/2025/Day001_Wheat/images/240.JPG,https://huggingface.co/datasets/Link-Dev/UAV3DCrop_depth/blob/main/2025/Day001_Wheat_depth/240_depth.tif,main,metric_bias_corrected,8,20000,0.0107125,0.016000112915039062,0.027088486101103804,0.0025423995971679686,0.0031224043069641187,0.019353949108661263,0.5210343112879164,0.02183102408662723
2025/Day001_Wheat,2025,Day001,wheat,240.JPG,240,DJI Mavic 3M RGB camera,oblique,oblique,0.7075718208125407,5280,3956,240_depth.tif,True,True,OPENCV,data\uav3dcrop\2025\Day001_Wheat\images\240.JPG,data\uav3dcrop_depth\2025\Day001_Wheat\240_depth.tif,https://huggingface.co/datasets/Link-Dev/UAV3DCrop/blob/main/2025/Day001_Wheat/images/240.JPG,https://huggingface.co/datasets/Link-Dev/UAV3DCrop_depth/blob/main/2025/Day001_Wheat_depth/240_depth.tif,main,metric_scale_shift,8,20000,0.0107125,0.027507909965515137,0.04585294241187288,0.0027332608222961426,0.0031226101378304507,0.019353642847406052,0.5211337642963699,0.02183102408662723
2025/Day001_Wheat,2025,Day001,wheat,240.JPG,240,DJI Mavic 3M RGB camera,oblique,oblique,0.7075718208125407,5280,3956,240_depth.tif,True,True,OPENCV,data\uav3dcrop\2025\Day001_Wheat\images\240.JPG,data\uav3dcrop_depth\2025\Day001_Wheat\240_depth.tif,https://huggingface.co/datasets/Link-Dev/UAV3DCrop/blob/main/2025/Day001_Wheat/images/240.JPG,https://huggingface.co/datasets/Link-Dev/UAV3DCrop_depth/blob/main/2025/Day001_Wheat_depth/240_depth.tif,main,relative_scale_shift,8,20000,0.0107125,0.011331714630126954,0.020683343341963135,0.0018976558685302734,0.33653734489803555,0.22955903049067708,0.6298359025360517,0.02183102408662723
2025/Day001_Wheat,2025,Day001,wheat,240.JPG,240,DJI Mavic 3M RGB camera,oblique,oblique,0.7075718208125407,5280,3956,240_depth.tif,True,True,OPENCV,data\uav3dcrop\2025\Day001_Wheat\images\240.JPG,data\uav3dcrop_depth\2025\Day001_Wheat\240_depth.tif,https://huggingface.co/datasets/Link-Dev/UAV3DCrop/blob/main/2025/Day001_Wheat/images/240.JPG,https://huggingface.co/datasets/Link-Dev/UAV3DCrop_depth/blob/main/2025/Day001_Wheat_depth/240_depth.tif,main,metric_raw,16,20000,0.019581640625,0.027519501686096192,0.04606422616240391,0.0048818036556243895,0.011672087527192725,0.04069515664512511,0.5205798407691152,0.03500661378769183
2025/Day001_Wheat,2025,Day001,wheat,240.JPG,240,DJI Mavic 3M RGB camera,oblique,oblique,0.7075718208125407,5280,3956,240_depth.tif,True,True,OPENCV,data\uav3dcrop\2025\Day001_Wheat\images\240.JPG,data\uav3dcrop_depth\2025\Day001_Wheat\240_depth.tif,https://huggingface.co/datasets/Link-Dev/UAV3DCrop/blob/main/2025/Day001_Wheat/images/240.JPG,https://huggingface.co/datasets/Link-Dev/UAV3DCrop_depth/blob/main/2025/Day001_Wheat_depth/240_depth.tif,main,metric_bias_corrected,16,20000,0.019581640625,0.027519506549835204,0.04606423319338346,0.004881795406341553,0.011672047573043336,0.04069571729734392,0.5205798407691152,0.03500661378769183
2025/Day001_Wheat,2025,Day001,wheat,240.JPG,240,DJI Mavic 3M RGB camera,oblique,oblique,0.7075718208125407,5280,3956,240_depth.tif,True,True,OPENCV,data\uav3dcrop\2025\Day001_Wheat\images\240.JPG,data\uav3dcrop_depth\2025\Day001_Wheat\240_depth.tif,https://huggingface.co/datasets/Link-Dev/UAV3DCrop/blob/main/2025/Day001_Wheat/images/240.JPG,https://huggingface.co/datasets/Link-Dev/UAV3DCrop_depth/blob/main/2025/Day001_Wheat_depth/240_depth.tif,main,metric_scale_shift,16,20000,0.019581640625,0.048385587024688724,0.08338363140645942,0.005374611186981201,0.011672390417118024,0.04069569813046906,0.5205047318611987,0.03500661378769183
2025/Day001_Wheat,2025,Day001,wheat,240.JPG,240,DJI Mavic 3M RGB camera,oblique,oblique,0.7075718208125407,5280,3956,240_depth.tif,True,True,OPENCV,data\uav3dcrop\2025\Day001_Wheat\images\240.JPG,data\uav3dcrop_depth\2025\Day001_Wheat\240_depth.tif,https://huggingface.co/datasets/Link-Dev/UAV3DCrop/blob/main/2025/Day001_Wheat/images/240.JPG,https://huggingface.co/datasets/Link-Dev/UAV3DCrop_depth/blob/main/2025/Day001_Wheat_depth/240_depth.tif,main,relative_scale_shift,16,20000,0.019581640625,0.01948579683303833,0.03160688058110292,0.0037474928855895998,0.4454690492275531,0.2745611970011158,0.6197235992188673,0.03500661378769183
2025/Day001_Wheat,2025,Day001,wheat,240.JPG,240,DJI Mavic 3M RGB camera,oblique,oblique,0.7075718208125407,5280,3956,240_depth.tif,True,True,OPENCV,data\uav3dcrop\2025\Day001_Wheat\images\240.JPG,data\uav3dcrop_depth\2025\Day001_Wheat\240_depth.tif,https://huggingface.co/datasets/Link-Dev/UAV3DCrop/blob/main/2025/Day001_Wheat/images/240.JPG,https://huggingface.co/datasets/Link-Dev/UAV3DCrop_depth/blob/main/2025/Day001_Wheat_depth/240_depth.tif,main,metric_raw,32,20000,0.03229453125,0.045567212891578675,0.07562936734201096,0.009781042170524596,-0.016462197834573658,0.033241098425438924,0.5179565968888036,0.05291944321988965
2025/Day001_Wheat,2025,Day001,wheat,240.JPG,240,DJI Mavic 3M RGB camera,oblique,oblique,0.7075718208125407,5280,3956,240_depth.tif,True,True,OPENCV,data\uav3dcrop\2025\Day001_Wheat\images\240.JPG,data\uav3dcrop_depth\2025\Day001_Wheat\240_depth.tif,https://huggingface.co/datasets/Link-Dev/UAV3DCrop/blob/main/2025/Day001_Wheat/images/240.JPG,https://huggingface.co/datasets/Link-Dev/UAV3DCrop_depth/blob/main/2025/Day001_Wheat_depth/240_depth.tif,main,metric_bias_corrected,32,20000,0.03229453125,0.045567214965820314,0.07562937888228592,0.009781043815612792,-0.016462373963791566,0.033240356393332525,0.5179565968888036,0.05291944321988965
2025/Day001_Wheat,2025,Day001,wheat,240.JPG,240,DJI Mavic 3M RGB camera,oblique,oblique,0.7075718208125407,5280,3956,240_depth.tif,True,True,OPENCV,data\uav3dcrop\2025\Day001_Wheat\images\240.JPG,data\uav3dcrop_depth\2025\Day001_Wheat\240_depth.tif,https://huggingface.co/datasets/Link-Dev/UAV3DCrop/blob/main/2025/Day001_Wheat/images/240.JPG,https://huggingface.co/datasets/Link-Dev/UAV3DCrop_depth/blob/main/2025/Day001_Wheat_depth/240_depth.tif,main,metric_scale_shift,32,20000,0.03229453125,0.08237991371154785,0.14377980940170654,0.009728009605407715,-0.0164621836415454,0.033240608326263923,0.5179565968888036,0.05291944321988965
2025/Day001_Wheat,2025,Day001,wheat,240.JPG,240,DJI Mavic 3M RGB camera,oblique,oblique,0.7075718208125407,5280,3956,240_depth.tif,True,True,OPENCV,data\uav3dcrop\2025\Day001_Wheat\images\240.JPG,data\uav3dcrop_depth\2025\Day001_Wheat\240_depth.tif,https://huggingface.co/datasets/Link-Dev/UAV3DCrop/blob/main/2025/Day001_Wheat/images/240.JPG,https://huggingface.co/datasets/Link-Dev/UAV3DCrop_depth/blob/main/2025/Day001_Wheat_depth/240_depth.tif,main,relative_scale_shift,32,20000,0.03229453125,0.030725629425048827,0.04696597375662768,0.007722299575805664,0.4900931337577827,0.3215829022975828,0.6368350297676205,0.05291944321988965
2025/Day001_Wheat,2025,Day001,wheat,240.JPG,240,DJI Mavic 3M RGB camera,oblique,oblique,0.7075718208125407,5280,3956,240_depth.tif,True,True,OPENCV,data\uav3dcrop\2025\Day001_Wheat\images\240.JPG,data\uav3dcrop_depth\2025\Day001_Wheat\240_depth.tif,https://huggingface.co/datasets/Link-Dev/UAV3DCrop/blob/main/2025/Day001_Wheat/images/240.JPG,https://huggingface.co/datasets/Link-Dev/UAV3DCrop_depth/blob/main/2025/Day001_Wheat_depth/240_depth.tif,main,metric_raw,64,20000,0.05230859375,0.07271850755214691,0.12244940832886113,0.019983443427085877,0.01661900081648837,0.07624006893063634,0.5401252464339557,0.081978108248078
2025/Day001_Wheat,2025,Day001,wheat,240.JPG,240,DJI Mavic 3M RGB camera,oblique,oblique,0.7075718208125407,5280,3956,240_depth.tif,True,True,OPENCV,data\uav3dcrop\2025\Day001_Wheat\images\240.JPG,data\uav3dcrop_depth\2025\Day001_Wheat\240_depth.tif,https://huggingface.co/datasets/Link-Dev/UAV3DCrop/blob/main/2025/Day001_Wheat/images/240.JPG,https://huggingface.co/datasets/Link-Dev/UAV3DCrop_depth/blob/main/2025/Day001_Wheat_depth/240_depth.tif,main,metric_bias_corrected,64,20000,0.05230859375,0.0727185022354126,0.12244940102574253,0.01998344078063965,0.01661901652881852,0.0762400430274404,0.5401252464339557,0.081978108248078
2025/Day001_Wheat,2025,Day001,wheat,240.JPG,240,DJI Mavic 3M RGB camera,oblique,oblique,0.7075718208125407,5280,3956,240_depth.tif,True,True,OPENCV,data\uav3dcrop\2025\Day001_Wheat\images\240.JPG,data\uav3dcrop_depth\2025\Day001_Wheat\240_depth.tif,https://huggingface.co/datasets/Link-Dev/UAV3DCrop/blob/main/2025/Day001_Wheat/images/240.JPG,https://huggingface.co/datasets/Link-Dev/UAV3DCrop_depth/blob/main/2025/Day001_Wheat_depth/240_depth.tif,main,metric_scale_shift,64,20000,0.05230859375,0.13603098216056825,0.24216937169061611,0.020228891897201538,0.016618985832553623,0.07623995935825971,0.5401252464339557,0.081978108248078
2025/Day001_Wheat,2025,Day001,wheat,240.JPG,240,DJI Mavic 3M RGB camera,oblique,oblique,0.7075718208125407,5280,3956,240_depth.tif,True,True,OPENCV,data\uav3dcrop\2025\Day001_Wheat\images\240.JPG,data\uav3dcrop_depth\2025\Day001_Wheat\240_depth.tif,https://huggingface.co/datasets/Link-Dev/UAV3DCrop/blob/main/2025/Day001_Wheat/images/240.JPG,https://huggingface.co/datasets/Link-Dev/UAV3DCrop_depth/blob/main/2025/Day001_Wheat_depth/240_depth.tif,main,relative_scale_shift,64,20000,0.05230859375,0.047297870540618896,0.07243484250920097,0.015439914798736572,0.5182380018050771,0.3964522431868498,0.670648266264641,0.081978108248078
2025/Day001_Wheat,2025,Day001,wheat,240.JPG,240,DJI Mavic 3M RGB camera,oblique,oblique,0.7075718208125407,5280,3956,240_depth.tif,True,True,OPENCV,data\uav3dcrop\2025\Day001_Wheat\images\240.JPG,data\uav3dcrop_depth\2025\Day001_Wheat\240_depth.tif,https://huggingface.co/datasets/Link-Dev/UAV3DCrop/blob/main/2025/Day001_Wheat/images/240.JPG,https://huggingface.co/datasets/Link-Dev/UAV3DCrop_depth/blob/main/2025/Day001_Wheat_depth/240_depth.tif,main,metric_raw,128,20000,0.0827453125,0.11817429633140564,0.19509761343523452,0.037893071556091305,0.021909839691353804,0.10370393897914434,0.5543959346483799,0.1251748685433452
2025/Day001_Wheat,2025,Day001,wheat,240.JPG,240,DJI Mavic 3M RGB camera,oblique,oblique,0.7075718208125407,5280,3956,240_depth.tif,True,True,OPENCV,data\uav3dcrop\2025\Day001_Wheat\images\240.JPG,data\uav3dcrop_depth\2025\Day001_Wheat\240_depth.tif,https://huggingface.co/datasets/Link-Dev/UAV3DCrop/blob/main/2025/Day001_Wheat/images/240.JPG,https://huggingface.co/datasets/Link-Dev/UAV3DCrop_depth/blob/main/2025/Day001_Wheat_depth/240_depth.tif,main,metric_bias_corrected,128,20000,0.0827453125,0.11817429256439209,0.19509760760135744,0.03789307327270508,0.021909888837920895,0.10370394142737567,0.5543959346483799,0.1251748685433452
2025/Day001_Wheat,2025,Day001,wheat,240.JPG,240,DJI Mavic 3M RGB camera,oblique,oblique,0.7075718208125407,5280,3956,240_depth.tif,True,True,OPENCV,data\uav3dcrop\2025\Day001_Wheat\images\240.JPG,data\uav3dcrop_depth\2025\Day001_Wheat\240_depth.tif,https://huggingface.co/datasets/Link-Dev/UAV3DCrop/blob/main/2025/Day001_Wheat/images/240.JPG,https://huggingface.co/datasets/Link-Dev/UAV3DCrop_depth/blob/main/2025/Day001_Wheat_depth/240_depth.tif,main,metric_scale_shift,128,20000,0.0827453125,0.2283989938735962,0.3934756829671522,0.037791352367401124,0.021909897943143172,0.10370374054348806,0.5543959346483799,0.1251748685433452
2025/Day001_Wheat,2025,Day001,wheat,240.JPG,240,DJI Mavic 3M RGB camera,oblique,oblique,0.7075718208125407,5280,3956,240_depth.tif,True,True,OPENCV,data\uav3dcrop\2025\Day001_Wheat\images\240.JPG,data\uav3dcrop_depth\2025\Day001_Wheat\240_depth.tif,https://huggingface.co/datasets/Link-Dev/UAV3DCrop/blob/main/2025/Day001_Wheat/images/240.JPG,https://huggingface.co/datasets/Link-Dev/UAV3DCrop_depth/blob/main/2025/Day001_Wheat_depth/240_depth.tif,main,relative_scale_shift,128,20000,0.0827453125,0.07232547826766968,0.1129925798524226,0.029577520275115968,0.5072672631602099,0.4244286256293702,0.691874760942025,0.1251748685433452
2025/Day001_Wheat,2025,Day001,wheat,298.JPG,298,DJI Mavic 3M RGB camera,oblique,oblique,0.7061234622354156,5280,3956,298_depth.tif,True,True,OPENCV,data\uav3dcrop\2025\Day001_Wheat\images\298.JPG,data\uav3dcrop_depth\2025\Day001_Wheat\298_depth.tif,https://huggingface.co/datasets/Link-Dev/UAV3DCrop/blob/main/2025/Day001_Wheat/images/298.JPG,https://huggingface.co/datasets/Link-Dev/UAV3DCrop_depth/blob/main/2025/Day001_Wheat_depth/298_depth.tif,main,metric_raw,8,20000,0.0218359375,0.025030881071090697,0.05863088844034413,0.0016928650379180908,0.04809817056026328,0.06087036638326695,0.5230619984125584,0.055273451076632604
2025/Day001_Wheat,2025,Day001,wheat,298.JPG,298,DJI Mavic 3M RGB camera,oblique,oblique,0.7061234622354156,5280,3956,298_depth.tif,True,True,OPENCV,data\uav3dcrop\2025\Day001_Wheat\images\298.JPG,data\uav3dcrop_depth\2025\Day001_Wheat\298_depth.tif,https://huggingface.co/datasets/Link-Dev/UAV3DCrop/blob/main/2025/Day001_Wheat/images/298.JPG,https://huggingface.co/datasets/Link-Dev/UAV3DCrop_depth/blob/main/2025/Day001_Wheat_depth/298_depth.tif,main,metric_bias_corrected,8,20000,0.0218359375,0.025030872631073,0.05863088945633958,0.0016928568840026855,0.048097974290431084,0.06087045143246764,0.5230619984125584,0.055273451076632604
2025/Day001_Wheat,2025,Day001,wheat,298.JPG,298,DJI Mavic 3M RGB camera,oblique,oblique,0.7061234622354156,5280,3956,298_depth.tif,True,True,OPENCV,data\uav3dcrop\2025\Day001_Wheat\images\298.JPG,data\uav3dcrop_depth\2025\Day001_Wheat\298_depth.tif,https://huggingface.co/datasets/Link-Dev/UAV3DCrop/blob/main/2025/Day001_Wheat/images/298.JPG,https://huggingface.co/datasets/Link-Dev/UAV3DCrop_depth/blob/main/2025/Day001_Wheat_depth/298_depth.tif,main,metric_scale_shift,8,20000,0.0218359375,0.05012037968635559,0.12562441777462877,0.008963266134262085,0.048098183754950334,0.06086910819283813,0.5230619984125584,0.055273451076632604
2025/Day001_Wheat,2025,Day001,wheat,298.JPG,298,DJI Mavic 3M RGB camera,oblique,oblique,0.7061234622354156,5280,3956,298_depth.tif,True,True,OPENCV,data\uav3dcrop\2025\Day001_Wheat\images\298.JPG,data\uav3dcrop_depth\2025\Day001_Wheat\298_depth.tif,https://huggingface.co/datasets/Link-Dev/UAV3DCrop/blob/main/2025/Day001_Wheat/images/298.JPG,https://huggingface.co/datasets/Link-Dev/UAV3DCrop_depth/blob/main/2025/Day001_Wheat_depth/298_depth.tif,main,relative_scale_shift,8,20000,0.0218359375,0.02341478443145752,0.05505153594269992,-2.8400421142578126e-05,0.11109988297703706,0.17055225186681586,0.5825910574124702,0.055273451076632604
2025/Day001_Wheat,2025,Day001,wheat,298.JPG,298,DJI Mavic 3M RGB camera,oblique,oblique,0.7061234622354156,5280,3956,298_depth.tif,True,True,OPENCV,data\uav3dcrop\2025\Day001_Wheat\images\298.JPG,data\uav3dcrop_depth\2025\Day001_Wheat\298_depth.tif,https://huggingface.co/datasets/Link-Dev/UAV3DCrop/blob/main/2025/Day001_Wheat/images/298.JPG,https://huggingface.co/datasets/Link-Dev/UAV3DCrop_depth/blob/main/2025/Day001_Wheat_depth/298_depth.tif,main,metric_raw,16,20000,0.035583984375,0.040136723268032075,0.09056306613413369,0.004444093978404999,0.06435724400209715,0.07928430593584153,0.5205673758865248,0.07748761948171537
2025/Day001_Wheat,2025,Day001,wheat,298.JPG,298,DJI Mavic 3M RGB camera,oblique,oblique,0.7061234622354156,5280,3956,298_depth.tif,True,True,OPENCV,data\uav3dcrop\2025\Day001_Wheat\images\298.JPG,data\uav3dcrop_depth\2025\Day001_Wheat\298_depth.tif,https://huggingface.co/datasets/Link-Dev/UAV3DCrop/blob/main/2025/Day001_Wheat/images/298.JPG,https://huggingface.co/datasets/Link-Dev/UAV3DCrop_depth/blob/main/2025/Day001_Wheat_depth/298_depth.tif,main,metric_bias_corrected,16,20000,0.035583984375,0.040136725902557374,0.09056306618531734,0.004444102382659912,0.06435727393846497,0.07928489373947627,0.5205673758865248,0.07748761948171537
2025/Day001_Wheat,2025,Day001,wheat,298.JPG,298,DJI Mavic 3M RGB camera,oblique,oblique,0.7061234622354156,5280,3956,298_depth.tif,True,True,OPENCV,data\uav3dcrop\2025\Day001_Wheat\images\298.JPG,data\uav3dcrop_depth\2025\Day001_Wheat\298_depth.tif,https://huggingface.co/datasets/Link-Dev/UAV3DCrop/blob/main/2025/Day001_Wheat/images/298.JPG,https://huggingface.co/datasets/Link-Dev/UAV3DCrop_depth/blob/main/2025/Day001_Wheat_depth/298_depth.tif,main,metric_scale_shift,16,20000,0.035583984375,0.08552468423843383,0.2746990435769364,0.020057680225372316,0.06435728348855303,0.07928399827937797,0.5205673758865248,0.07748761948171537
2025/Day001_Wheat,2025,Day001,wheat,298.JPG,298,DJI Mavic 3M RGB camera,oblique,oblique,0.7061234622354156,5280,3956,298_depth.tif,True,True,OPENCV,data\uav3dcrop\2025\Day001_Wheat\images\298.JPG,data\uav3dcrop_depth\2025\Day001_Wheat\298_depth.tif,https://huggingface.co/datasets/Link-Dev/UAV3DCrop/blob/main/2025/Day001_Wheat/images/298.JPG,https://huggingface.co/datasets/Link-Dev/UAV3DCrop_depth/blob/main/2025/Day001_Wheat_depth/298_depth.tif,main,relative_scale_shift,16,20000,0.035583984375,0.037331501388549806,0.07696692474099945,0.0004839487075805664,0.14537647678047352,0.21659976087566649,0.5900709219858156,0.07748761948171537
2025/Day001_Wheat,2025,Day001,wheat,298.JPG,298,DJI Mavic 3M RGB camera,oblique,oblique,0.7061234622354156,5280,3956,298_depth.tif,True,True,OPENCV,data\uav3dcrop\2025\Day001_Wheat\images\298.JPG,data\uav3dcrop_depth\2025\Day001_Wheat\298_depth.tif,https://huggingface.co/datasets/Link-Dev/UAV3DCrop/blob/main/2025/Day001_Wheat/images/298.JPG,https://huggingface.co/datasets/Link-Dev/UAV3DCrop_depth/blob/main/2025/Day001_Wheat_depth/298_depth.tif,main,metric_raw,32,20000,0.05061875,0.05659392129182816,0.1282487319507451,0.007975510251522063,0.13899410177611812,0.14652549975295096,0.5393022812480143,0.10052865661482427
2025/Day001_Wheat,2025,Day001,wheat,298.JPG,298,DJI Mavic 3M RGB camera,oblique,oblique,0.7061234622354156,5280,3956,298_depth.tif,True,True,OPENCV,data\uav3dcrop\2025\Day001_Wheat\images\298.JPG,data\uav3dcrop_depth\2025\Day001_Wheat\298_depth.tif,https://huggingface.co/datasets/Link-Dev/UAV3DCrop/blob/main/2025/Day001_Wheat/images/298.JPG,https://huggingface.co/datasets/Link-Dev/UAV3DCrop_depth/blob/main/2025/Day001_Wheat_depth/298_depth.tif,main,metric_bias_corrected,32,20000,0.05061875,0.05659393062591553,0.12824872713598492,0.007975503540039062,0.1389941413168073,0.14652530263457528,0.5393022812480143,0.10052865661482427
2025/Day001_Wheat,2025,Day001,wheat,298.JPG,298,DJI Mavic 3M RGB camera,oblique,oblique,0.7061234622354156,5280,3956,298_depth.tif,True,True,OPENCV,data\uav3dcrop\2025\Day001_Wheat\images\298.JPG,data\uav3dcrop_depth\2025\Day001_Wheat\298_depth.tif,https://huggingface.co/datasets/Link-Dev/UAV3DCrop/blob/main/2025/Day001_Wheat/images/298.JPG,https://huggingface.co/datasets/Link-Dev/UAV3DCrop_depth/blob/main/2025/Day001_Wheat_depth/298_depth.tif,main,metric_scale_shift,32,20000,0.05061875,0.13522427616119384,0.4852084092226024,0.04066061658859253,0.13899414329191587,0.1465257626905315,0.5393022812480143,0.10052865661482427
2025/Day001_Wheat,2025,Day001,wheat,298.JPG,298,DJI Mavic 3M RGB camera,oblique,oblique,0.7061234622354156,5280,3956,298_depth.tif,True,True,OPENCV,data\uav3dcrop\2025\Day001_Wheat\images\298.JPG,data\uav3dcrop_depth\2025\Day001_Wheat\298_depth.tif,https://huggingface.co/datasets/Link-Dev/UAV3DCrop/blob/main/2025/Day001_Wheat/images/298.JPG,https://huggingface.co/datasets/Link-Dev/UAV3DCrop_depth/blob/main/2025/Day001_Wheat_depth/298_depth.tif,main,relative_scale_shift,32,20000,0.05061875,0.05183844976425171,0.0975950516672961,-8.004388809204102e-05,0.24951796924550657,0.31668731138992523,0.6127597381966067,0.10052865661482427
2025/Day001_Wheat,2025,Day001,wheat,298.JPG,298,DJI Mavic 3M RGB camera,oblique,oblique,0.7061234622354156,5280,3956,298_depth.tif,True,True,OPENCV,data\uav3dcrop\2025\Day001_Wheat\images\298.JPG,data\uav3dcrop_depth\2025\Day001_Wheat\298_depth.tif,https://huggingface.co/datasets/Link-Dev/UAV3DCrop/blob/main/2025/Day001_Wheat/images/298.JPG,https://huggingface.co/datasets/Link-Dev/UAV3DCrop_depth/blob/main/2025/Day001_Wheat_depth/298_depth.tif,main,metric_raw,64,20000,0.064125,0.07140104893445968,0.15664485643449547,0.016113602435588837,0.2195039458433777,0.21088214483207315,0.5500059815767436,0.11722527907702972
2025/Day001_Wheat,2025,Day001,wheat,298.JPG,298,DJI Mavic 3M RGB camera,oblique,oblique,0.7061234622354156,5280,3956,298_depth.tif,True,True,OPENCV,data\uav3dcrop\2025\Day001_Wheat\images\298.JPG,data\uav3dcrop_depth\2025\Day001_Wheat\298_depth.tif,https://huggingface.co/datasets/Link-Dev/UAV3DCrop/blob/main/2025/Day001_Wheat/images/298.JPG,https://huggingface.co/datasets/Link-Dev/UAV3DCrop_depth/blob/main/2025/Day001_Wheat_depth/298_depth.tif,main,metric_bias_corrected,64,20000,0.064125,0.07140105056762695,0.15664485870666836,0.016113600730895995,0.21950393300880275,0.21088197049926166,0.5500059815767436,0.11722527907702972
2025/Day001_Wheat,2025,Day001,wheat,298.JPG,298,DJI Mavic 3M RGB camera,oblique,oblique,0.7061234622354156,5280,3956,298_depth.tif,True,True,OPENCV,data\uav3dcrop\2025\Day001_Wheat\images\298.JPG,data\uav3dcrop_depth\2025\Day001_Wheat\298_depth.tif,https://huggingface.co/datasets/Link-Dev/UAV3DCrop/blob/main/2025/Day001_Wheat/images/298.JPG,https://huggingface.co/datasets/Link-Dev/UAV3DCrop_depth/blob/main/2025/Day001_Wheat_depth/298_depth.tif,main,metric_scale_shift,64,20000,0.064125,0.1987853310108185,0.6666489365314656,0.0713088842868805,0.2195039407925893,0.2108821367036269,0.5500059815767436,0.11722527907702972
2025/Day001_Wheat,2025,Day001,wheat,298.JPG,298,DJI Mavic 3M RGB camera,oblique,oblique,0.7061234622354156,5280,3956,298_depth.tif,True,True,OPENCV,data\uav3dcrop\2025\Day001_Wheat\images\298.JPG,data\uav3dcrop_depth\2025\Day001_Wheat\298_depth.tif,https://huggingface.co/datasets/Link-Dev/UAV3DCrop/blob/main/2025/Day001_Wheat/images/298.JPG,https://huggingface.co/datasets/Link-Dev/UAV3DCrop_depth/blob/main/2025/Day001_Wheat_depth/298_depth.tif,main,relative_scale_shift,64,20000,0.064125,0.06312645606994628,0.10893728880318133,0.0015386089324951173,0.3696733503712658,0.38522393408714706,0.6329106352434501,0.11722527907702972
2025/Day001_Wheat,2025,Day001,wheat,298.JPG,298,DJI Mavic 3M RGB camera,oblique,oblique,0.7061234622354156,5280,3956,298_depth.tif,True,True,OPENCV,data\uav3dcrop\2025\Day001_Wheat\images\298.JPG,data\uav3dcrop_depth\2025\Day001_Wheat\298_depth.tif,https://huggingface.co/datasets/Link-Dev/UAV3DCrop/blob/main/2025/Day001_Wheat/images/298.JPG,https://huggingface.co/datasets/Link-Dev/UAV3DCrop_depth/blob/main/2025/Day001_Wheat_depth/298_depth.tif,main,metric_raw,128,20000,0.079547265625,0.08979679716825485,0.17731397612373073,0.030308057057857513,0.3422689044989355,0.21263958494040333,0.5385406548197246,0.1445180426603835
2025/Day001_Wheat,2025,Day001,wheat,298.JPG,298,DJI Mavic 3M RGB camera,oblique,oblique,0.7061234622354156,5280,3956,298_depth.tif,True,True,OPENCV,data\uav3dcrop\2025\Day001_Wheat\images\298.JPG,data\uav3dcrop_depth\2025\Day001_Wheat\298_depth.tif,https://huggingface.co/datasets/Link-Dev/UAV3DCrop/blob/main/2025/Day001_Wheat/images/298.JPG,https://huggingface.co/datasets/Link-Dev/UAV3DCrop_depth/blob/main/2025/Day001_Wheat_depth/298_depth.tif,main,metric_bias_corrected,128,20000,0.079547265625,0.08979679145812988,0.17731398093643364,0.030308043479919434,0.3422688571409067,0.2126393944486013,0.5385406548197246,0.1445180426603835
2025/Day001_Wheat,2025,Day001,wheat,298.JPG,298,DJI Mavic 3M RGB camera,oblique,oblique,0.7061234622354156,5280,3956,298_depth.tif,True,True,OPENCV,data\uav3dcrop\2025\Day001_Wheat\images\298.JPG,data\uav3dcrop_depth\2025\Day001_Wheat\298_depth.tif,https://huggingface.co/datasets/Link-Dev/UAV3DCrop/blob/main/2025/Day001_Wheat/images/298.JPG,https://huggingface.co/datasets/Link-Dev/UAV3DCrop_depth/blob/main/2025/Day001_Wheat_depth/298_depth.tif,main,metric_scale_shift,128,20000,0.079547265625,0.2756140585899353,0.7966837376260475,0.1384276641845703,0.34226890601435006,0.21263976427199346,0.5385406548197246,0.1445180426603835
2025/Day001_Wheat,2025,Day001,wheat,298.JPG,298,DJI Mavic 3M RGB camera,oblique,oblique,0.7061234622354156,5280,3956,298_depth.tif,True,True,OPENCV,data\uav3dcrop\2025\Day001_Wheat\images\298.JPG,data\uav3dcrop_depth\2025\Day001_Wheat\298_depth.tif,https://huggingface.co/datasets/Link-Dev/UAV3DCrop/blob/main/2025/Day001_Wheat/images/298.JPG,https://huggingface.co/datasets/Link-Dev/UAV3DCrop_depth/blob/main/2025/Day001_Wheat_depth/298_depth.tif,main,relative_scale_shift,128,20000,0.079547265625,0.07672508726119995,0.1256939271701198,0.0019716130256652834,0.4943384025258473,0.4510811328689525,0.6467630421118793,0.1445180426603835
2025/Day001_Wheat,2025,Day001,wheat,357.JPG,357,DJI Mavic 3M RGB camera,oblique,oblique,0.704063446389367,5280,3956,357_depth.tif,True,True,OPENCV,data\uav3dcrop\2025\Day001_Wheat\images\357.JPG,data\uav3dcrop_depth\2025\Day001_Wheat\357_depth.tif,https://huggingface.co/datasets/Link-Dev/UAV3DCrop/blob/main/2025/Day001_Wheat/images/357.JPG,https://huggingface.co/datasets/Link-Dev/UAV3DCrop_depth/blob/main/2025/Day001_Wheat_depth/357_depth.tif,main,metric_raw,8,20000,0.016671484375,0.022736297035217286,0.05890643628410033,0.0030125784397125243,0.03484896408941349,0.009468400474573235,0.5220905172413793,0.05565783404709717
2025/Day001_Wheat,2025,Day001,wheat,357.JPG,357,DJI Mavic 3M RGB camera,oblique,oblique,0.704063446389367,5280,3956,357_depth.tif,True,True,OPENCV,data\uav3dcrop\2025\Day001_Wheat\images\357.JPG,data\uav3dcrop_depth\2025\Day001_Wheat\357_depth.tif,https://huggingface.co/datasets/Link-Dev/UAV3DCrop/blob/main/2025/Day001_Wheat/images/357.JPG,https://huggingface.co/datasets/Link-Dev/UAV3DCrop_depth/blob/main/2025/Day001_Wheat_depth/357_depth.tif,main,metric_bias_corrected,8,20000,0.016671484375,0.02273630714416504,0.058906444980923775,0.003012578582763672,0.034848480816905544,0.009468324386474157,0.5220905172413793,0.05565783404709717
2025/Day001_Wheat,2025,Day001,wheat,357.JPG,357,DJI Mavic 3M RGB camera,oblique,oblique,0.704063446389367,5280,3956,357_depth.tif,True,True,OPENCV,data\uav3dcrop\2025\Day001_Wheat\images\357.JPG,data\uav3dcrop_depth\2025\Day001_Wheat\357_depth.tif,https://huggingface.co/datasets/Link-Dev/UAV3DCrop/blob/main/2025/Day001_Wheat/images/357.JPG,https://huggingface.co/datasets/Link-Dev/UAV3DCrop_depth/blob/main/2025/Day001_Wheat_depth/357_depth.tif,main,metric_scale_shift,8,20000,0.016671484375,0.03353572568893433,0.07266266663358874,0.0071733323097229,0.034848756489857156,0.009468110102150009,0.5219827586206897,0.05565783404709717
2025/Day001_Wheat,2025,Day001,wheat,357.JPG,357,DJI Mavic 3M RGB camera,oblique,oblique,0.704063446389367,5280,3956,357_depth.tif,True,True,OPENCV,data\uav3dcrop\2025\Day001_Wheat\images\357.JPG,data\uav3dcrop_depth\2025\Day001_Wheat\357_depth.tif,https://huggingface.co/datasets/Link-Dev/UAV3DCrop/blob/main/2025/Day001_Wheat/images/357.JPG,https://huggingface.co/datasets/Link-Dev/UAV3DCrop_depth/blob/main/2025/Day001_Wheat_depth/357_depth.tif,main,relative_scale_shift,8,20000,0.016671484375,0.017736308670043947,0.05457286767051081,-0.00018590660095214843,0.20589574021722454,0.12673573568967175,0.5550646551724138,0.05565783404709717
2025/Day001_Wheat,2025,Day001,wheat,357.JPG,357,DJI Mavic 3M RGB camera,oblique,oblique,0.704063446389367,5280,3956,357_depth.tif,True,True,OPENCV,data\uav3dcrop\2025\Day001_Wheat\images\357.JPG,data\uav3dcrop_depth\2025\Day001_Wheat\357_depth.tif,https://huggingface.co/datasets/Link-Dev/UAV3DCrop/blob/main/2025/Day001_Wheat/images/357.JPG,https://huggingface.co/datasets/Link-Dev/UAV3DCrop_depth/blob/main/2025/Day001_Wheat_depth/357_depth.tif,main,metric_raw,16,20000,0.03038984375,0.04022252254486084,0.10157829905390094,0.006283836412429809,0.06719407837648644,0.0059701010333934185,0.5158792858271449,0.08578925665260678
2025/Day001_Wheat,2025,Day001,wheat,357.JPG,357,DJI Mavic 3M RGB camera,oblique,oblique,0.704063446389367,5280,3956,357_depth.tif,True,True,OPENCV,data\uav3dcrop\2025\Day001_Wheat\images\357.JPG,data\uav3dcrop_depth\2025\Day001_Wheat\357_depth.tif,https://huggingface.co/datasets/Link-Dev/UAV3DCrop/blob/main/2025/Day001_Wheat/images/357.JPG,https://huggingface.co/datasets/Link-Dev/UAV3DCrop_depth/blob/main/2025/Day001_Wheat_depth/357_depth.tif,main,metric_bias_corrected,16,20000,0.03038984375,0.04022253360748291,0.10157830656605045,0.006283838844299316,0.06719397041065844,0.00596969665527989,0.5158002844051193,0.08578925665260678
2025/Day001_Wheat,2025,Day001,wheat,357.JPG,357,DJI Mavic 3M RGB camera,oblique,oblique,0.704063446389367,5280,3956,357_depth.tif,True,True,OPENCV,data\uav3dcrop\2025\Day001_Wheat\images\357.JPG,data\uav3dcrop_depth\2025\Day001_Wheat\357_depth.tif,https://huggingface.co/datasets/Link-Dev/UAV3DCrop/blob/main/2025/Day001_Wheat/images/357.JPG,https://huggingface.co/datasets/Link-Dev/UAV3DCrop_depth/blob/main/2025/Day001_Wheat_depth/357_depth.tif,main,metric_scale_shift,16,20000,0.03038984375,0.06005243859291077,0.15745383076357933,0.014201723432540893,0.06719400443017262,0.005969328404948649,0.5158792858271449,0.08578925665260678
2025/Day001_Wheat,2025,Day001,wheat,357.JPG,357,DJI Mavic 3M RGB camera,oblique,oblique,0.704063446389367,5280,3956,357_depth.tif,True,True,OPENCV,data\uav3dcrop\2025\Day001_Wheat\images\357.JPG,data\uav3dcrop_depth\2025\Day001_Wheat\357_depth.tif,https://huggingface.co/datasets/Link-Dev/UAV3DCrop/blob/main/2025/Day001_Wheat/images/357.JPG,https://huggingface.co/datasets/Link-Dev/UAV3DCrop_depth/blob/main/2025/Day001_Wheat_depth/357_depth.tif,main,relative_scale_shift,16,20000,0.03038984375,0.03128031406402588,0.0824092435326096,7.360363006591797e-05,0.3009440967414823,0.17154008543374008,0.5543529783536104,0.08578925665260678
2025/Day001_Wheat,2025,Day001,wheat,357.JPG,357,DJI Mavic 3M RGB camera,oblique,oblique,0.704063446389367,5280,3956,357_depth.tif,True,True,OPENCV,data\uav3dcrop\2025\Day001_Wheat\images\357.JPG,data\uav3dcrop_depth\2025\Day001_Wheat\357_depth.tif,https://huggingface.co/datasets/Link-Dev/UAV3DCrop/blob/main/2025/Day001_Wheat/images/357.JPG,https://huggingface.co/datasets/Link-Dev/UAV3DCrop_depth/blob/main/2025/Day001_Wheat_depth/357_depth.tif,main,metric_raw,32,20000,0.045818359375,0.061933877444267274,0.12829158592429357,0.011556866812705993,0.10559437372603454,0.00972900998993767,0.5132421900799155,0.11458585019127099
2025/Day001_Wheat,2025,Day001,wheat,357.JPG,357,DJI Mavic 3M RGB camera,oblique,oblique,0.704063446389367,5280,3956,357_depth.tif,True,True,OPENCV,data\uav3dcrop\2025\Day001_Wheat\images\357.JPG,data\uav3dcrop_depth\2025\Day001_Wheat\357_depth.tif,https://huggingface.co/datasets/Link-Dev/UAV3DCrop/blob/main/2025/Day001_Wheat/images/357.JPG,https://huggingface.co/datasets/Link-Dev/UAV3DCrop_depth/blob/main/2025/Day001_Wheat_depth/357_depth.tif,main,metric_bias_corrected,32,20000,0.045818359375,0.06193388032913208,0.12829157145381156,0.011556857776641847,0.10559460228001988,0.009728585600099935,0.5132421900799155,0.11458585019127099
2025/Day001_Wheat,2025,Day001,wheat,357.JPG,357,DJI Mavic 3M RGB camera,oblique,oblique,0.704063446389367,5280,3956,357_depth.tif,True,True,OPENCV,data\uav3dcrop\2025\Day001_Wheat\images\357.JPG,data\uav3dcrop_depth\2025\Day001_Wheat\357_depth.tif,https://huggingface.co/datasets/Link-Dev/UAV3DCrop/blob/main/2025/Day001_Wheat/images/357.JPG,https://huggingface.co/datasets/Link-Dev/UAV3DCrop_depth/blob/main/2025/Day001_Wheat_depth/357_depth.tif,main,metric_scale_shift,32,20000,0.045818359375,0.09638229827880859,0.1884710607484943,0.02826479549407959,0.10559447602168914,0.009728885487301555,0.5132421900799155,0.11458585019127099
2025/Day001_Wheat,2025,Day001,wheat,357.JPG,357,DJI Mavic 3M RGB camera,oblique,oblique,0.704063446389367,5280,3956,357_depth.tif,True,True,OPENCV,data\uav3dcrop\2025\Day001_Wheat\images\357.JPG,data\uav3dcrop_depth\2025\Day001_Wheat\357_depth.tif,https://huggingface.co/datasets/Link-Dev/UAV3DCrop/blob/main/2025/Day001_Wheat/images/357.JPG,https://huggingface.co/datasets/Link-Dev/UAV3DCrop_depth/blob/main/2025/Day001_Wheat_depth/357_depth.tif,main,relative_scale_shift,32,20000,0.045818359375,0.04626413068771362,0.10654532948591551,-0.0010185227394104003,0.3945751983790969,0.22425811972930637,0.5565022125354996,0.11458585019127099
2025/Day001_Wheat,2025,Day001,wheat,357.JPG,357,DJI Mavic 3M RGB camera,oblique,oblique,0.704063446389367,5280,3956,357_depth.tif,True,True,OPENCV,data\uav3dcrop\2025\Day001_Wheat\images\357.JPG,data\uav3dcrop_depth\2025\Day001_Wheat\357_depth.tif,https://huggingface.co/datasets/Link-Dev/UAV3DCrop/blob/main/2025/Day001_Wheat/images/357.JPG,https://huggingface.co/datasets/Link-Dev/UAV3DCrop_depth/blob/main/2025/Day001_Wheat_depth/357_depth.tif,main,metric_raw,64,20000,0.06732890625,0.09348790934085846,0.17995535378455876,0.023453800797462464,0.11236151325084115,0.03816899303035001,0.5313025714972363,0.1506888309686107
2025/Day001_Wheat,2025,Day001,wheat,357.JPG,357,DJI Mavic 3M RGB camera,oblique,oblique,0.704063446389367,5280,3956,357_depth.tif,True,True,OPENCV,data\uav3dcrop\2025\Day001_Wheat\images\357.JPG,data\uav3dcrop_depth\2025\Day001_Wheat\357_depth.tif,https://huggingface.co/datasets/Link-Dev/UAV3DCrop/blob/main/2025/Day001_Wheat/images/357.JPG,https://huggingface.co/datasets/Link-Dev/UAV3DCrop_depth/blob/main/2025/Day001_Wheat_depth/357_depth.tif,main,metric_bias_corrected,64,20000,0.06732890625,0.09348791151046754,0.17995535866626675,0.02345380048751831,0.11236149519697168,0.03816871584727216,0.5313025714972363,0.1506888309686107
2025/Day001_Wheat,2025,Day001,wheat,357.JPG,357,DJI Mavic 3M RGB camera,oblique,oblique,0.704063446389367,5280,3956,357_depth.tif,True,True,OPENCV,data\uav3dcrop\2025\Day001_Wheat\images\357.JPG,data\uav3dcrop_depth\2025\Day001_Wheat\357_depth.tif,https://huggingface.co/datasets/Link-Dev/UAV3DCrop/blob/main/2025/Day001_Wheat/images/357.JPG,https://huggingface.co/datasets/Link-Dev/UAV3DCrop_depth/blob/main/2025/Day001_Wheat_depth/357_depth.tif,main,metric_scale_shift,64,20000,0.06732890625,0.14977118344306944,0.29066537383721314,0.05432658276557922,0.11236147108926407,0.03816891926490963,0.5313025714972363,0.1506888309686107
2025/Day001_Wheat,2025,Day001,wheat,357.JPG,357,DJI Mavic 3M RGB camera,oblique,oblique,0.704063446389367,5280,3956,357_depth.tif,True,True,OPENCV,data\uav3dcrop\2025\Day001_Wheat\images\357.JPG,data\uav3dcrop_depth\2025\Day001_Wheat\357_depth.tif,https://huggingface.co/datasets/Link-Dev/UAV3DCrop/blob/main/2025/Day001_Wheat/images/357.JPG,https://huggingface.co/datasets/Link-Dev/UAV3DCrop_depth/blob/main/2025/Day001_Wheat_depth/357_depth.tif,main,relative_scale_shift,64,20000,0.06732890625,0.066313920211792,0.1349984180924021,-0.0007504190444946289,0.46486687730985427,0.2871744109396038,0.5641071857726508,0.1506888309686107
2025/Day001_Wheat,2025,Day001,wheat,357.JPG,357,DJI Mavic 3M RGB camera,oblique,oblique,0.704063446389367,5280,3956,357_depth.tif,True,True,OPENCV,data\uav3dcrop\2025\Day001_Wheat\images\357.JPG,data\uav3dcrop_depth\2025\Day001_Wheat\357_depth.tif,https://huggingface.co/datasets/Link-Dev/UAV3DCrop/blob/main/2025/Day001_Wheat/images/357.JPG,https://huggingface.co/datasets/Link-Dev/UAV3DCrop_depth/blob/main/2025/Day001_Wheat_depth/357_depth.tif,main,metric_raw,128,20000,0.099671484375,0.14627451999187469,0.2704429998794332,0.04481507766246796,0.14819037672732124,0.0325327188777841,0.5279196363432291,0.20062717624365764
2025/Day001_Wheat,2025,Day001,wheat,357.JPG,357,DJI Mavic 3M RGB camera,oblique,oblique,0.704063446389367,5280,3956,357_depth.tif,True,True,OPENCV,data\uav3dcrop\2025\Day001_Wheat\images\357.JPG,data\uav3dcrop_depth\2025\Day001_Wheat\357_depth.tif,https://huggingface.co/datasets/Link-Dev/UAV3DCrop/blob/main/2025/Day001_Wheat/images/357.JPG,https://huggingface.co/datasets/Link-Dev/UAV3DCrop_depth/blob/main/2025/Day001_Wheat_depth/357_depth.tif,main,metric_bias_corrected,128,20000,0.099671484375,0.1462745164871216,0.27044300197893006,0.04481508026123047,0.14819039602417416,0.032532584933075696,0.5279196363432291,0.20062717624365764
2025/Day001_Wheat,2025,Day001,wheat,357.JPG,357,DJI Mavic 3M RGB camera,oblique,oblique,0.704063446389367,5280,3956,357_depth.tif,True,True,OPENCV,data\uav3dcrop\2025\Day001_Wheat\images\357.JPG,data\uav3dcrop_depth\2025\Day001_Wheat\357_depth.tif,https://huggingface.co/datasets/Link-Dev/UAV3DCrop/blob/main/2025/Day001_Wheat/images/357.JPG,https://huggingface.co/datasets/Link-Dev/UAV3DCrop_depth/blob/main/2025/Day001_Wheat_depth/357_depth.tif,main,metric_scale_shift,128,20000,0.099671484375,0.2460745131492615,0.49875835181684275,0.10718885374069213,0.1481903674987624,0.0325326928751849,0.5279196363432291,0.20062717624365764
2025/Day001_Wheat,2025,Day001,wheat,357.JPG,357,DJI Mavic 3M RGB camera,oblique,oblique,0.704063446389367,5280,3956,357_depth.tif,True,True,OPENCV,data\uav3dcrop\2025\Day001_Wheat\images\357.JPG,data\uav3dcrop_depth\2025\Day001_Wheat\357_depth.tif,https://huggingface.co/datasets/Link-Dev/UAV3DCrop/blob/main/2025/Day001_Wheat/images/357.JPG,https://huggingface.co/datasets/Link-Dev/UAV3DCrop_depth/blob/main/2025/Day001_Wheat_depth/357_depth.tif,main,relative_scale_shift,128,20000,0.099671484375,0.09781508646011353,0.17441066651518572,-0.003930772304534912,0.5087655591088122,0.3263919815052282,0.5630506762444581,0.20062717624365764
2025/Day001_Wheat,2025,Day001,wheat,415.JPG,415,DJI Mavic 3M RGB camera,oblique,oblique,0.7052316183673132,5280,3956,415_depth.tif,True,True,OPENCV,data\uav3dcrop\2025\Day001_Wheat\images\415.JPG,data\uav3dcrop_depth\2025\Day001_Wheat\415_depth.tif,https://huggingface.co/datasets/Link-Dev/UAV3DCrop/blob/main/2025/Day001_Wheat/images/415.JPG,https://huggingface.co/datasets/Link-Dev/UAV3DCrop_depth/blob/main/2025/Day001_Wheat_depth/415_depth.tif,main,metric_raw,8,20000,0.020790234375,0.023420991110801696,0.05507594512012025,0.0016113975763320924,0.05690581684070456,0.06338475887915325,0.5288625549869826,0.0545394728071852
2025/Day001_Wheat,2025,Day001,wheat,415.JPG,415,DJI Mavic 3M RGB camera,oblique,oblique,0.7052316183673132,5280,3956,415_depth.tif,True,True,OPENCV,data\uav3dcrop\2025\Day001_Wheat\images\415.JPG,data\uav3dcrop_depth\2025\Day001_Wheat\415_depth.tif,https://huggingface.co/datasets/Link-Dev/UAV3DCrop/blob/main/2025/Day001_Wheat/images/415.JPG,https://huggingface.co/datasets/Link-Dev/UAV3DCrop_depth/blob/main/2025/Day001_Wheat_depth/415_depth.tif,main,metric_bias_corrected,8,20000,0.020790234375,0.023420990657806395,0.05507594762146605,0.001611409282684326,0.05690559946861385,0.06338533676507473,0.5287727803213933,0.0545394728071852
2025/Day001_Wheat,2025,Day001,wheat,415.JPG,415,DJI Mavic 3M RGB camera,oblique,oblique,0.7052316183673132,5280,3956,415_depth.tif,True,True,OPENCV,data\uav3dcrop\2025\Day001_Wheat\images\415.JPG,data\uav3dcrop_depth\2025\Day001_Wheat\415_depth.tif,https://huggingface.co/datasets/Link-Dev/UAV3DCrop/blob/main/2025/Day001_Wheat/images/415.JPG,https://huggingface.co/datasets/Link-Dev/UAV3DCrop_depth/blob/main/2025/Day001_Wheat_depth/415_depth.tif,main,metric_scale_shift,8,20000,0.020790234375,0.054290467071533205,0.09248192730969716,0.0041783700942993164,0.05690571155626526,0.06338473855921521,0.5288625549869826,0.0545394728071852
2025/Day001_Wheat,2025,Day001,wheat,415.JPG,415,DJI Mavic 3M RGB camera,oblique,oblique,0.7052316183673132,5280,3956,415_depth.tif,True,True,OPENCV,data\uav3dcrop\2025\Day001_Wheat\images\415.JPG,data\uav3dcrop_depth\2025\Day001_Wheat\415_depth.tif,https://huggingface.co/datasets/Link-Dev/UAV3DCrop/blob/main/2025/Day001_Wheat/images/415.JPG,https://huggingface.co/datasets/Link-Dev/UAV3DCrop_depth/blob/main/2025/Day001_Wheat_depth/415_depth.tif,main,relative_scale_shift,8,20000,0.020790234375,0.022088052845001222,0.054315572849073034,0.0010862957954406738,0.11904568728358587,0.14290429604148436,0.5645030972259628,0.0545394728071852
2025/Day001_Wheat,2025,Day001,wheat,415.JPG,415,DJI Mavic 3M RGB camera,oblique,oblique,0.7052316183673132,5280,3956,415_depth.tif,True,True,OPENCV,data\uav3dcrop\2025\Day001_Wheat\images\415.JPG,data\uav3dcrop_depth\2025\Day001_Wheat\415_depth.tif,https://huggingface.co/datasets/Link-Dev/UAV3DCrop/blob/main/2025/Day001_Wheat/images/415.JPG,https://huggingface.co/datasets/Link-Dev/UAV3DCrop_depth/blob/main/2025/Day001_Wheat_depth/415_depth.tif,main,metric_raw,16,20000,0.034993359375,0.03834960219860077,0.07817847537312561,0.003268005061149597,0.0914778751183389,0.07806368550574518,0.5263309145771966,0.07765117249398854
2025/Day001_Wheat,2025,Day001,wheat,415.JPG,415,DJI Mavic 3M RGB camera,oblique,oblique,0.7052316183673132,5280,3956,415_depth.tif,True,True,OPENCV,data\uav3dcrop\2025\Day001_Wheat\images\415.JPG,data\uav3dcrop_depth\2025\Day001_Wheat\415_depth.tif,https://huggingface.co/datasets/Link-Dev/UAV3DCrop/blob/main/2025/Day001_Wheat/images/415.JPG,https://huggingface.co/datasets/Link-Dev/UAV3DCrop_depth/blob/main/2025/Day001_Wheat_depth/415_depth.tif,main,metric_bias_corrected,16,20000,0.034993359375,0.03834959716796875,0.07817847110933651,0.0032680015563964844,0.09147799888056712,0.07806436767985864,0.5263309145771966,0.07765117249398854
2025/Day001_Wheat,2025,Day001,wheat,415.JPG,415,DJI Mavic 3M RGB camera,oblique,oblique,0.7052316183673132,5280,3956,415_depth.tif,True,True,OPENCV,data\uav3dcrop\2025\Day001_Wheat\images\415.JPG,data\uav3dcrop_depth\2025\Day001_Wheat\415_depth.tif,https://huggingface.co/datasets/Link-Dev/UAV3DCrop/blob/main/2025/Day001_Wheat/images/415.JPG,https://huggingface.co/datasets/Link-Dev/UAV3DCrop_depth/blob/main/2025/Day001_Wheat_depth/415_depth.tif,main,metric_scale_shift,16,20000,0.034993359375,0.09226194562911988,0.1418932081841978,0.00875112009048462,0.09147787504055468,0.0780638260760087,0.5263309145771966,0.07765117249398854
2025/Day001_Wheat,2025,Day001,wheat,415.JPG,415,DJI Mavic 3M RGB camera,oblique,oblique,0.7052316183673132,5280,3956,415_depth.tif,True,True,OPENCV,data\uav3dcrop\2025\Day001_Wheat\images\415.JPG,data\uav3dcrop_depth\2025\Day001_Wheat\415_depth.tif,https://huggingface.co/datasets/Link-Dev/UAV3DCrop/blob/main/2025/Day001_Wheat/images/415.JPG,https://huggingface.co/datasets/Link-Dev/UAV3DCrop_depth/blob/main/2025/Day001_Wheat_depth/415_depth.tif,main,relative_scale_shift,16,20000,0.034993359375,0.03647115869522095,0.07720458991934077,0.0022938616752624513,0.15323550452327825,0.1778019654591924,0.5697966807960342,0.07765117249398854
2025/Day001_Wheat,2025,Day001,wheat,415.JPG,415,DJI Mavic 3M RGB camera,oblique,oblique,0.7052316183673132,5280,3956,415_depth.tif,True,True,OPENCV,data\uav3dcrop\2025\Day001_Wheat\images\415.JPG,data\uav3dcrop_depth\2025\Day001_Wheat\415_depth.tif,https://huggingface.co/datasets/Link-Dev/UAV3DCrop/blob/main/2025/Day001_Wheat/images/415.JPG,https://huggingface.co/datasets/Link-Dev/UAV3DCrop_depth/blob/main/2025/Day001_Wheat_depth/415_depth.tif,main,metric_raw,32,20000,0.0496375,0.05376418869495392,0.09938436925997715,0.007914424157142639,0.1743377525833185,0.12899555369543647,0.5427394438722966,0.09985882060250874
2025/Day001_Wheat,2025,Day001,wheat,415.JPG,415,DJI Mavic 3M RGB camera,oblique,oblique,0.7052316183673132,5280,3956,415_depth.tif,True,True,OPENCV,data\uav3dcrop\2025\Day001_Wheat\images\415.JPG,data\uav3dcrop_depth\2025\Day001_Wheat\415_depth.tif,https://huggingface.co/datasets/Link-Dev/UAV3DCrop/blob/main/2025/Day001_Wheat/images/415.JPG,https://huggingface.co/datasets/Link-Dev/UAV3DCrop_depth/blob/main/2025/Day001_Wheat_depth/415_depth.tif,main,metric_bias_corrected,32,20000,0.0496375,0.053764191436767576,0.0993843754110146,0.007914430809020996,0.17433758578343922,0.12899568730923175,0.5426750772399588,0.09985882060250874
2025/Day001_Wheat,2025,Day001,wheat,415.JPG,415,DJI Mavic 3M RGB camera,oblique,oblique,0.7052316183673132,5280,3956,415_depth.tif,True,True,OPENCV,data\uav3dcrop\2025\Day001_Wheat\images\415.JPG,data\uav3dcrop_depth\2025\Day001_Wheat\415_depth.tif,https://huggingface.co/datasets/Link-Dev/UAV3DCrop/blob/main/2025/Day001_Wheat/images/415.JPG,https://huggingface.co/datasets/Link-Dev/UAV3DCrop_depth/blob/main/2025/Day001_Wheat_depth/415_depth.tif,main,metric_scale_shift,32,20000,0.0496375,0.14851123495101928,0.2120739903164318,0.018928699588775636,0.17433774269746988,0.1289951501787691,0.5427394438722966,0.09985882060250874
2025/Day001_Wheat,2025,Day001,wheat,415.JPG,415,DJI Mavic 3M RGB camera,oblique,oblique,0.7052316183673132,5280,3956,415_depth.tif,True,True,OPENCV,data\uav3dcrop\2025\Day001_Wheat\images\415.JPG,data\uav3dcrop_depth\2025\Day001_Wheat\415_depth.tif,https://huggingface.co/datasets/Link-Dev/UAV3DCrop/blob/main/2025/Day001_Wheat/images/415.JPG,https://huggingface.co/datasets/Link-Dev/UAV3DCrop_depth/blob/main/2025/Day001_Wheat_depth/415_depth.tif,main,relative_scale_shift,32,20000,0.0496375,0.050886267757415775,0.09803666049769409,0.005330702495574951,0.2377303135610994,0.24391887963094017,0.5858007209062822,0.09985882060250874
2025/Day001_Wheat,2025,Day001,wheat,415.JPG,415,DJI Mavic 3M RGB camera,oblique,oblique,0.7052316183673132,5280,3956,415_depth.tif,True,True,OPENCV,data\uav3dcrop\2025\Day001_Wheat\images\415.JPG,data\uav3dcrop_depth\2025\Day001_Wheat\415_depth.tif,https://huggingface.co/datasets/Link-Dev/UAV3DCrop/blob/main/2025/Day001_Wheat/images/415.JPG,https://huggingface.co/datasets/Link-Dev/UAV3DCrop_depth/blob/main/2025/Day001_Wheat_depth/415_depth.tif,main,metric_raw,64,20000,0.067228125,0.07229611105918884,0.12226523554872325,0.014794080305099487,0.2695111384265342,0.19587255246872323,0.5602025618111409,0.12493680568362835
2025/Day001_Wheat,2025,Day001,wheat,415.JPG,415,DJI Mavic 3M RGB camera,oblique,oblique,0.7052316183673132,5280,3956,415_depth.tif,True,True,OPENCV,data\uav3dcrop\2025\Day001_Wheat\images\415.JPG,data\uav3dcrop_depth\2025\Day001_Wheat\415_depth.tif,https://huggingface.co/datasets/Link-Dev/UAV3DCrop/blob/main/2025/Day001_Wheat/images/415.JPG,https://huggingface.co/datasets/Link-Dev/UAV3DCrop_depth/blob/main/2025/Day001_Wheat_depth/415_depth.tif,main,metric_bias_corrected,64,20000,0.067228125,0.07229610853195191,0.1222652391872832,0.014794093036651612,0.2695110840480983,0.19587241533110605,0.5602025618111409,0.12493680568362835
2025/Day001_Wheat,2025,Day001,wheat,415.JPG,415,DJI Mavic 3M RGB camera,oblique,oblique,0.7052316183673132,5280,3956,415_depth.tif,True,True,OPENCV,data\uav3dcrop\2025\Day001_Wheat\images\415.JPG,data\uav3dcrop_depth\2025\Day001_Wheat\415_depth.tif,https://huggingface.co/datasets/Link-Dev/UAV3DCrop/blob/main/2025/Day001_Wheat/images/415.JPG,https://huggingface.co/datasets/Link-Dev/UAV3DCrop_depth/blob/main/2025/Day001_Wheat_depth/415_depth.tif,main,metric_scale_shift,64,20000,0.067228125,0.23766804056167604,0.3348901164404208,0.03786267824172974,0.26951119949818253,0.19587258518722073,0.5602025618111409,0.12493680568362835
2025/Day001_Wheat,2025,Day001,wheat,415.JPG,415,DJI Mavic 3M RGB camera,oblique,oblique,0.7052316183673132,5280,3956,415_depth.tif,True,True,OPENCV,data\uav3dcrop\2025\Day001_Wheat\images\415.JPG,data\uav3dcrop_depth\2025\Day001_Wheat\415_depth.tif,https://huggingface.co/datasets/Link-Dev/UAV3DCrop/blob/main/2025/Day001_Wheat/images/415.JPG,https://huggingface.co/datasets/Link-Dev/UAV3DCrop_depth/blob/main/2025/Day001_Wheat_depth/415_depth.tif,main,relative_scale_shift,64,20000,0.067228125,0.06745349416732788,0.11990301074888052,0.009825993061065673,0.3317876327823027,0.3254861469301579,0.6104855525767053,0.12493680568362835
2025/Day001_Wheat,2025,Day001,wheat,415.JPG,415,DJI Mavic 3M RGB camera,oblique,oblique,0.7052316183673132,5280,3956,415_depth.tif,True,True,OPENCV,data\uav3dcrop\2025\Day001_Wheat\images\415.JPG,data\uav3dcrop_depth\2025\Day001_Wheat\415_depth.tif,https://huggingface.co/datasets/Link-Dev/UAV3DCrop/blob/main/2025/Day001_Wheat/images/415.JPG,https://huggingface.co/datasets/Link-Dev/UAV3DCrop_depth/blob/main/2025/Day001_Wheat_depth/415_depth.tif,main,metric_raw,128,20000,0.0841203125,0.09478472702503205,0.1486181246855698,0.02754894163608551,0.32812232255186047,0.20310828105080964,0.5508965207127199,0.15100526787872015
2025/Day001_Wheat,2025,Day001,wheat,415.JPG,415,DJI Mavic 3M RGB camera,oblique,oblique,0.7052316183673132,5280,3956,415_depth.tif,True,True,OPENCV,data\uav3dcrop\2025\Day001_Wheat\images\415.JPG,data\uav3dcrop_depth\2025\Day001_Wheat\415_depth.tif,https://huggingface.co/datasets/Link-Dev/UAV3DCrop/blob/main/2025/Day001_Wheat/images/415.JPG,https://huggingface.co/datasets/Link-Dev/UAV3DCrop_depth/blob/main/2025/Day001_Wheat_depth/415_depth.tif,main,metric_bias_corrected,128,20000,0.0841203125,0.09478473100662231,0.14861811959997254,0.027548931789398195,0.3281223503052639,0.20310808603680078,0.5508965207127199,0.15100526787872015
2025/Day001_Wheat,2025,Day001,wheat,415.JPG,415,DJI Mavic 3M RGB camera,oblique,oblique,0.7052316183673132,5280,3956,415_depth.tif,True,True,OPENCV,data\uav3dcrop\2025\Day001_Wheat\images\415.JPG,data\uav3dcrop_depth\2025\Day001_Wheat\415_depth.tif,https://huggingface.co/datasets/Link-Dev/UAV3DCrop/blob/main/2025/Day001_Wheat/images/415.JPG,https://huggingface.co/datasets/Link-Dev/UAV3DCrop_depth/blob/main/2025/Day001_Wheat_depth/415_depth.tif,main,metric_scale_shift,128,20000,0.0841203125,0.38086409244537356,0.5346114473208069,0.06700934867858886,0.3281223436770671,0.20310838930134947,0.5508965207127199,0.15100526787872015
2025/Day001_Wheat,2025,Day001,wheat,415.JPG,415,DJI Mavic 3M RGB camera,oblique,oblique,0.7052316183673132,5280,3956,415_depth.tif,True,True,OPENCV,data\uav3dcrop\2025\Day001_Wheat\images\415.JPG,data\uav3dcrop_depth\2025\Day001_Wheat\415_depth.tif,https://huggingface.co/datasets/Link-Dev/UAV3DCrop/blob/main/2025/Day001_Wheat/images/415.JPG,https://huggingface.co/datasets/Link-Dev/UAV3DCrop_depth/blob/main/2025/Day001_Wheat_depth/415_depth.tif,main,relative_scale_shift,128,20000,0.0841203125,0.08286370620727539,0.14192948892436053,0.01759116039276123,0.41953664046012284,0.3866420868429027,0.6302624922713732,0.15100526787872015
2025/Day001_Wheat,2025,Day001,wheat,674.JPG,674,DJI Mavic 3M RGB camera,oblique,oblique,0.7082393071015787,5280,3956,674_depth.tif,True,True,OPENCV,data\uav3dcrop\2025\Day001_Wheat\images\674.JPG,data\uav3dcrop_depth\2025\Day001_Wheat\674_depth.tif,https://huggingface.co/datasets/Link-Dev/UAV3DCrop/blob/main/2025/Day001_Wheat/images/674.JPG,https://huggingface.co/datasets/Link-Dev/UAV3DCrop_depth/blob/main/2025/Day001_Wheat_depth/674_depth.tif,main,metric_raw,8,20000,0.02350078125,0.026733364748954772,0.0505149072429855,0.0007134223222732544,0.019727699042320135,0.04698572916458531,0.5206539191358925,0.04749958001844554
2025/Day001_Wheat,2025,Day001,wheat,674.JPG,674,DJI Mavic 3M RGB camera,oblique,oblique,0.7082393071015787,5280,3956,674_depth.tif,True,True,OPENCV,data\uav3dcrop\2025\Day001_Wheat\images\674.JPG,data\uav3dcrop_depth\2025\Day001_Wheat\674_depth.tif,https://huggingface.co/datasets/Link-Dev/UAV3DCrop/blob/main/2025/Day001_Wheat/images/674.JPG,https://huggingface.co/datasets/Link-Dev/UAV3DCrop_depth/blob/main/2025/Day001_Wheat_depth/674_depth.tif,main,metric_bias_corrected,8,20000,0.02350078125,0.026733363246917725,0.05051491325092784,0.0007134295463562012,0.01972748545196836,0.04698705751218491,0.5206539191358925,0.04749958001844554
2025/Day001_Wheat,2025,Day001,wheat,674.JPG,674,DJI Mavic 3M RGB camera,oblique,oblique,0.7082393071015787,5280,3956,674_depth.tif,True,True,OPENCV,data\uav3dcrop\2025\Day001_Wheat\images\674.JPG,data\uav3dcrop_depth\2025\Day001_Wheat\674_depth.tif,https://huggingface.co/datasets/Link-Dev/UAV3DCrop/blob/main/2025/Day001_Wheat/images/674.JPG,https://huggingface.co/datasets/Link-Dev/UAV3DCrop_depth/blob/main/2025/Day001_Wheat_depth/674_depth.tif,main,metric_scale_shift,8,20000,0.02350078125,0.05051802349090576,0.10441968321016555,0.0003092214584350586,0.019727740502779045,0.046985828847199124,0.5206539191358925,0.04749958001844554
2025/Day001_Wheat,2025,Day001,wheat,674.JPG,674,DJI Mavic 3M RGB camera,oblique,oblique,0.7082393071015787,5280,3956,674_depth.tif,True,True,OPENCV,data\uav3dcrop\2025\Day001_Wheat\images\674.JPG,data\uav3dcrop_depth\2025\Day001_Wheat\674_depth.tif,https://huggingface.co/datasets/Link-Dev/UAV3DCrop/blob/main/2025/Day001_Wheat/images/674.JPG,https://huggingface.co/datasets/Link-Dev/UAV3DCrop_depth/blob/main/2025/Day001_Wheat_depth/674_depth.tif,main,relative_scale_shift,8,20000,0.02350078125,0.02434530429840088,0.046725630267308624,0.002163181114196777,0.18787036407668026,0.14462911066893136,0.5467085097066122,0.04749958001844554
2025/Day001_Wheat,2025,Day001,wheat,674.JPG,674,DJI Mavic 3M RGB camera,oblique,oblique,0.7082393071015787,5280,3956,674_depth.tif,True,True,OPENCV,data\uav3dcrop\2025\Day001_Wheat\images\674.JPG,data\uav3dcrop_depth\2025\Day001_Wheat\674_depth.tif,https://huggingface.co/datasets/Link-Dev/UAV3DCrop/blob/main/2025/Day001_Wheat/images/674.JPG,https://huggingface.co/datasets/Link-Dev/UAV3DCrop_depth/blob/main/2025/Day001_Wheat_depth/674_depth.tif,main,metric_raw,16,20000,0.041909375,0.04652613198757172,0.07771808821381834,0.0015695071458816528,0.06464733592259923,0.07878805220240562,0.5320269442743417,0.07189042354894618
2025/Day001_Wheat,2025,Day001,wheat,674.JPG,674,DJI Mavic 3M RGB camera,oblique,oblique,0.7082393071015787,5280,3956,674_depth.tif,True,True,OPENCV,data\uav3dcrop\2025\Day001_Wheat\images\674.JPG,data\uav3dcrop_depth\2025\Day001_Wheat\674_depth.tif,https://huggingface.co/datasets/Link-Dev/UAV3DCrop/blob/main/2025/Day001_Wheat/images/674.JPG,https://huggingface.co/datasets/Link-Dev/UAV3DCrop_depth/blob/main/2025/Day001_Wheat_depth/674_depth.tif,main,metric_bias_corrected,16,20000,0.041909375,0.046526134204864504,0.07771808464816427,0.001569509220123291,0.06464745013059355,0.07878931496223447,0.5320269442743417,0.07189042354894618
2025/Day001_Wheat,2025,Day001,wheat,674.JPG,674,DJI Mavic 3M RGB camera,oblique,oblique,0.7082393071015787,5280,3956,674_depth.tif,True,True,OPENCV,data\uav3dcrop\2025\Day001_Wheat\images\674.JPG,data\uav3dcrop_depth\2025\Day001_Wheat\674_depth.tif,https://huggingface.co/datasets/Link-Dev/UAV3DCrop/blob/main/2025/Day001_Wheat/images/674.JPG,https://huggingface.co/datasets/Link-Dev/UAV3DCrop_depth/blob/main/2025/Day001_Wheat_depth/674_depth.tif,main,metric_scale_shift,16,20000,0.041909375,0.0891581582069397,0.18820207354560126,0.0002408087730407715,0.06464733750436757,0.0787878902516558,0.5320269442743417,0.07189042354894618
2025/Day001_Wheat,2025,Day001,wheat,674.JPG,674,DJI Mavic 3M RGB camera,oblique,oblique,0.7082393071015787,5280,3956,674_depth.tif,True,True,OPENCV,data\uav3dcrop\2025\Day001_Wheat\images\674.JPG,data\uav3dcrop_depth\2025\Day001_Wheat\674_depth.tif,https://huggingface.co/datasets/Link-Dev/UAV3DCrop/blob/main/2025/Day001_Wheat/images/674.JPG,https://huggingface.co/datasets/Link-Dev/UAV3DCrop_depth/blob/main/2025/Day001_Wheat_depth/674_depth.tif,main,relative_scale_shift,16,20000,0.041909375,0.04243259696960449,0.06994650580514235,0.004345482635498047,0.2409564329079202,0.19464539543235626,0.5556644213104716,0.07189042354894618
2025/Day001_Wheat,2025,Day001,wheat,674.JPG,674,DJI Mavic 3M RGB camera,oblique,oblique,0.7082393071015787,5280,3956,674_depth.tif,True,True,OPENCV,data\uav3dcrop\2025\Day001_Wheat\images\674.JPG,data\uav3dcrop_depth\2025\Day001_Wheat\674_depth.tif,https://huggingface.co/datasets/Link-Dev/UAV3DCrop/blob/main/2025/Day001_Wheat/images/674.JPG,https://huggingface.co/datasets/Link-Dev/UAV3DCrop_depth/blob/main/2025/Day001_Wheat_depth/674_depth.tif,main,metric_raw,32,20000,0.06680703125,0.07471823177337647,0.1190716014468029,0.002106179976463318,0.06445352790842723,0.12529707229984963,0.5428619453160018,0.10252268105753763
2025/Day001_Wheat,2025,Day001,wheat,674.JPG,674,DJI Mavic 3M RGB camera,oblique,oblique,0.7082393071015787,5280,3956,674_depth.tif,True,True,OPENCV,data\uav3dcrop\2025\Day001_Wheat\images\674.JPG,data\uav3dcrop_depth\2025\Day001_Wheat\674_depth.tif,https://huggingface.co/datasets/Link-Dev/UAV3DCrop/blob/main/2025/Day001_Wheat/images/674.JPG,https://huggingface.co/datasets/Link-Dev/UAV3DCrop_depth/blob/main/2025/Day001_Wheat_depth/674_depth.tif,main,metric_bias_corrected,32,20000,0.06680703125,0.07471822547912597,0.11907159120523736,0.002106184959411621,0.06445359400077759,0.12529707652960173,0.5428619453160018,0.10252268105753763
2025/Day001_Wheat,2025,Day001,wheat,674.JPG,674,DJI Mavic 3M RGB camera,oblique,oblique,0.7082393071015787,5280,3956,674_depth.tif,True,True,OPENCV,data\uav3dcrop\2025\Day001_Wheat\images\674.JPG,data\uav3dcrop_depth\2025\Day001_Wheat\674_depth.tif,https://huggingface.co/datasets/Link-Dev/UAV3DCrop/blob/main/2025/Day001_Wheat/images/674.JPG,https://huggingface.co/datasets/Link-Dev/UAV3DCrop_depth/blob/main/2025/Day001_Wheat_depth/674_depth.tif,main,metric_scale_shift,32,20000,0.06680703125,0.151469508934021,0.3578164351782688,-0.002265106391906738,0.06445351473194885,0.12529696174285473,0.5428619453160018,0.10252268105753763
2025/Day001_Wheat,2025,Day001,wheat,674.JPG,674,DJI Mavic 3M RGB camera,oblique,oblique,0.7082393071015787,5280,3956,674_depth.tif,True,True,OPENCV,data\uav3dcrop\2025\Day001_Wheat\images\674.JPG,data\uav3dcrop_depth\2025\Day001_Wheat\674_depth.tif,https://huggingface.co/datasets/Link-Dev/UAV3DCrop/blob/main/2025/Day001_Wheat/images/674.JPG,https://huggingface.co/datasets/Link-Dev/UAV3DCrop_depth/blob/main/2025/Day001_Wheat_depth/674_depth.tif,main,relative_scale_shift,32,20000,0.06680703125,0.06677294540405274,0.09816110652344569,0.008713755226135255,0.30394193052779234,0.23637587313053446,0.5624159569699686,0.10252268105753763
2025/Day001_Wheat,2025,Day001,wheat,674.JPG,674,DJI Mavic 3M RGB camera,oblique,oblique,0.7082393071015787,5280,3956,674_depth.tif,True,True,OPENCV,data\uav3dcrop\2025\Day001_Wheat\images\674.JPG,data\uav3dcrop_depth\2025\Day001_Wheat\674_depth.tif,https://huggingface.co/datasets/Link-Dev/UAV3DCrop/blob/main/2025/Day001_Wheat/images/674.JPG,https://huggingface.co/datasets/Link-Dev/UAV3DCrop_depth/blob/main/2025/Day001_Wheat_depth/674_depth.tif,main,metric_raw,64,20000,0.09690546875,0.10979253650903702,0.1758858122447429,0.005726957333087921,0.10621889934996467,0.1994931702422096,0.5655636265805757,0.1418812364728385
2025/Day001_Wheat,2025,Day001,wheat,674.JPG,674,DJI Mavic 3M RGB camera,oblique,oblique,0.7082393071015787,5280,3956,674_depth.tif,True,True,OPENCV,data\uav3dcrop\2025\Day001_Wheat\images\674.JPG,data\uav3dcrop_depth\2025\Day001_Wheat\674_depth.tif,https://huggingface.co/datasets/Link-Dev/UAV3DCrop/blob/main/2025/Day001_Wheat/images/674.JPG,https://huggingface.co/datasets/Link-Dev/UAV3DCrop_depth/blob/main/2025/Day001_Wheat_depth/674_depth.tif,main,metric_bias_corrected,64,20000,0.09690546875,0.10979252986907959,0.17588581587005037,0.005726963043212891,0.10621885405914022,0.19949348061879935,0.5655636265805757,0.1418812364728385
2025/Day001_Wheat,2025,Day001,wheat,674.JPG,674,DJI Mavic 3M RGB camera,oblique,oblique,0.7082393071015787,5280,3956,674_depth.tif,True,True,OPENCV,data\uav3dcrop\2025\Day001_Wheat\images\674.JPG,data\uav3dcrop_depth\2025\Day001_Wheat\674_depth.tif,https://huggingface.co/datasets/Link-Dev/UAV3DCrop/blob/main/2025/Day001_Wheat/images/674.JPG,https://huggingface.co/datasets/Link-Dev/UAV3DCrop_depth/blob/main/2025/Day001_Wheat_depth/674_depth.tif,main,metric_scale_shift,64,20000,0.09690546875,0.24531580390930174,0.6222942147623401,-0.0037217216491699217,0.10621888334348294,0.19949303472250593,0.5655636265805757,0.1418812364728385
2025/Day001_Wheat,2025,Day001,wheat,674.JPG,674,DJI Mavic 3M RGB camera,oblique,oblique,0.7082393071015787,5280,3956,674_depth.tif,True,True,OPENCV,data\uav3dcrop\2025\Day001_Wheat\images\674.JPG,data\uav3dcrop_depth\2025\Day001_Wheat\674_depth.tif,https://huggingface.co/datasets/Link-Dev/UAV3DCrop/blob/main/2025/Day001_Wheat/images/674.JPG,https://huggingface.co/datasets/Link-Dev/UAV3DCrop_depth/blob/main/2025/Day001_Wheat_depth/674_depth.tif,main,relative_scale_shift,64,20000,0.09690546875,0.09367991361618042,0.13021394884747028,0.018032011699676515,0.42422716690587736,0.3375402296846422,0.5884315308044121,0.1418812364728385
2025/Day001_Wheat,2025,Day001,wheat,674.JPG,674,DJI Mavic 3M RGB camera,oblique,oblique,0.7082393071015787,5280,3956,674_depth.tif,True,True,OPENCV,data\uav3dcrop\2025\Day001_Wheat\images\674.JPG,data\uav3dcrop_depth\2025\Day001_Wheat\674_depth.tif,https://huggingface.co/datasets/Link-Dev/UAV3DCrop/blob/main/2025/Day001_Wheat/images/674.JPG,https://huggingface.co/datasets/Link-Dev/UAV3DCrop_depth/blob/main/2025/Day001_Wheat_depth/674_depth.tif,main,metric_raw,128,20000,0.13038359375,0.1516951382756233,0.254901039071854,0.007422946059703827,0.142719130988063,0.2920417370854232,0.5946843853820598,0.18867552336017085
2025/Day001_Wheat,2025,Day001,wheat,674.JPG,674,DJI Mavic 3M RGB camera,oblique,oblique,0.7082393071015787,5280,3956,674_depth.tif,True,True,OPENCV,data\uav3dcrop\2025\Day001_Wheat\images\674.JPG,data\uav3dcrop_depth\2025\Day001_Wheat\674_depth.tif,https://huggingface.co/datasets/Link-Dev/UAV3DCrop/blob/main/2025/Day001_Wheat/images/674.JPG,https://huggingface.co/datasets/Link-Dev/UAV3DCrop_depth/blob/main/2025/Day001_Wheat_depth/674_depth.tif,main,metric_bias_corrected,128,20000,0.13038359375,0.15169514827728273,0.2549010425496963,0.007422947692871094,0.14271911359199152,0.2920418362680546,0.5946843853820598,0.18867552336017085
2025/Day001_Wheat,2025,Day001,wheat,674.JPG,674,DJI Mavic 3M RGB camera,oblique,oblique,0.7082393071015787,5280,3956,674_depth.tif,True,True,OPENCV,data\uav3dcrop\2025\Day001_Wheat\images\674.JPG,data\uav3dcrop_depth\2025\Day001_Wheat\674_depth.tif,https://huggingface.co/datasets/Link-Dev/UAV3DCrop/blob/main/2025/Day001_Wheat/images/674.JPG,https://huggingface.co/datasets/Link-Dev/UAV3DCrop_depth/blob/main/2025/Day001_Wheat_depth/674_depth.tif,main,metric_scale_shift,128,20000,0.13038359375,0.3949632963180542,1.0273728961245219,-0.016415483474731447,0.14271914283480444,0.29204184384644694,0.5946843853820598,0.18867552336017085
2025/Day001_Wheat,2025,Day001,wheat,674.JPG,674,DJI Mavic 3M RGB camera,oblique,oblique,0.7082393071015787,5280,3956,674_depth.tif,True,True,OPENCV,data\uav3dcrop\2025\Day001_Wheat\images\674.JPG,data\uav3dcrop_depth\2025\Day001_Wheat\674_depth.tif,https://huggingface.co/datasets/Link-Dev/UAV3DCrop/blob/main/2025/Day001_Wheat/images/674.JPG,https://huggingface.co/datasets/Link-Dev/UAV3DCrop_depth/blob/main/2025/Day001_Wheat_depth/674_depth.tif,main,relative_scale_shift,128,20000,0.13038359375,0.12253436489105225,0.1691676094143598,0.03301023216247559,0.47686919674332606,0.44413035757039665,0.626219480040078,0.18867552336017085
2025/Day001_Wheat,2025,Day001,wheat,732.JPG,732,DJI Mavic 3M RGB camera,oblique,oblique,0.7073450723867275,5280,3956,732_depth.tif,True,True,OPENCV,data\uav3dcrop\2025\Day001_Wheat\images\732.JPG,data\uav3dcrop_depth\2025\Day001_Wheat\732_depth.tif,https://huggingface.co/datasets/Link-Dev/UAV3DCrop/blob/main/2025/Day001_Wheat/images/732.JPG,https://huggingface.co/datasets/Link-Dev/UAV3DCrop_depth/blob/main/2025/Day001_Wheat_depth/732_depth.tif,main,metric_raw,8,20000,0.0264125,0.033387848675251006,0.08183050262230705,0.00037872520685195923,0.028766696106079428,0.09647250781720815,0.556162807421257,0.05507295667240524
2025/Day001_Wheat,2025,Day001,wheat,732.JPG,732,DJI Mavic 3M RGB camera,oblique,oblique,0.7073450723867275,5280,3956,732_depth.tif,True,True,OPENCV,data\uav3dcrop\2025\Day001_Wheat\images\732.JPG,data\uav3dcrop_depth\2025\Day001_Wheat\732_depth.tif,https://huggingface.co/datasets/Link-Dev/UAV3DCrop/blob/main/2025/Day001_Wheat/images/732.JPG,https://huggingface.co/datasets/Link-Dev/UAV3DCrop_depth/blob/main/2025/Day001_Wheat_depth/732_depth.tif,main,metric_bias_corrected,8,20000,0.0264125,0.033387864303588866,0.08183050731935641,0.0003787250518798828,0.02876670464321144,0.09647161255174211,0.556162807421257,0.05507295667240524
2025/Day001_Wheat,2025,Day001,wheat,732.JPG,732,DJI Mavic 3M RGB camera,oblique,oblique,0.7073450723867275,5280,3956,732_depth.tif,True,True,OPENCV,data\uav3dcrop\2025\Day001_Wheat\images\732.JPG,data\uav3dcrop_depth\2025\Day001_Wheat\732_depth.tif,https://huggingface.co/datasets/Link-Dev/UAV3DCrop/blob/main/2025/Day001_Wheat/images/732.JPG,https://huggingface.co/datasets/Link-Dev/UAV3DCrop_depth/blob/main/2025/Day001_Wheat_depth/732_depth.tif,main,metric_scale_shift,8,20000,0.0264125,0.04605169610977173,0.1530585279305829,-0.0008205145835876465,0.028766643814595583,0.09647165149925485,0.556162807421257,0.05507295667240524
2025/Day001_Wheat,2025,Day001,wheat,732.JPG,732,DJI Mavic 3M RGB camera,oblique,oblique,0.7073450723867275,5280,3956,732_depth.tif,True,True,OPENCV,data\uav3dcrop\2025\Day001_Wheat\images\732.JPG,data\uav3dcrop_depth\2025\Day001_Wheat\732_depth.tif,https://huggingface.co/datasets/Link-Dev/UAV3DCrop/blob/main/2025/Day001_Wheat/images/732.JPG,https://huggingface.co/datasets/Link-Dev/UAV3DCrop_depth/blob/main/2025/Day001_Wheat_depth/732_depth.tif,main,relative_scale_shift,8,20000,0.0264125,0.026980443572998048,0.05372225112671326,0.001318572425842285,0.22141218061887377,0.28296037123007123,0.6302315547245794,0.05507295667240524
2025/Day001_Wheat,2025,Day001,wheat,732.JPG,732,DJI Mavic 3M RGB camera,oblique,oblique,0.7073450723867275,5280,3956,732_depth.tif,True,True,OPENCV,data\uav3dcrop\2025\Day001_Wheat\images\732.JPG,data\uav3dcrop_depth\2025\Day001_Wheat\732_depth.tif,https://huggingface.co/datasets/Link-Dev/UAV3DCrop/blob/main/2025/Day001_Wheat/images/732.JPG,https://huggingface.co/datasets/Link-Dev/UAV3DCrop_depth/blob/main/2025/Day001_Wheat_depth/732_depth.tif,main,metric_raw,16,20000,0.046821875,0.0579159769654274,0.14151462635274017,-7.010606527328491e-05,0.032737571587827585,0.14171520338295054,0.5655872167203354,0.08137786241785427
2025/Day001_Wheat,2025,Day001,wheat,732.JPG,732,DJI Mavic 3M RGB camera,oblique,oblique,0.7073450723867275,5280,3956,732_depth.tif,True,True,OPENCV,data\uav3dcrop\2025\Day001_Wheat\images\732.JPG,data\uav3dcrop_depth\2025\Day001_Wheat\732_depth.tif,https://huggingface.co/datasets/Link-Dev/UAV3DCrop/blob/main/2025/Day001_Wheat/images/732.JPG,https://huggingface.co/datasets/Link-Dev/UAV3DCrop_depth/blob/main/2025/Day001_Wheat_depth/732_depth.tif,main,metric_bias_corrected,16,20000,0.046821875,0.05791597547531128,0.14151463686059423,-7.009744644165039e-05,0.03273760245933792,0.14171540108349787,0.5655872167203354,0.08137786241785427
2025/Day001_Wheat,2025,Day001,wheat,732.JPG,732,DJI Mavic 3M RGB camera,oblique,oblique,0.7073450723867275,5280,3956,732_depth.tif,True,True,OPENCV,data\uav3dcrop\2025\Day001_Wheat\images\732.JPG,data\uav3dcrop_depth\2025\Day001_Wheat\732_depth.tif,https://huggingface.co/datasets/Link-Dev/UAV3DCrop/blob/main/2025/Day001_Wheat/images/732.JPG,https://huggingface.co/datasets/Link-Dev/UAV3DCrop_depth/blob/main/2025/Day001_Wheat_depth/732_depth.tif,main,metric_scale_shift,16,20000,0.046821875,0.08084127893447876,0.28457225457871593,-0.0030782320976257323,0.03273758945818785,0.1417152508954601,0.5655872167203354,0.08137786241785427
2025/Day001_Wheat,2025,Day001,wheat,732.JPG,732,DJI Mavic 3M RGB camera,oblique,oblique,0.7073450723867275,5280,3956,732_depth.tif,True,True,OPENCV,data\uav3dcrop\2025\Day001_Wheat\images\732.JPG,data\uav3dcrop_depth\2025\Day001_Wheat\732_depth.tif,https://huggingface.co/datasets/Link-Dev/UAV3DCrop/blob/main/2025/Day001_Wheat/images/732.JPG,https://huggingface.co/datasets/Link-Dev/UAV3DCrop_depth/blob/main/2025/Day001_Wheat_depth/732_depth.tif,main,relative_scale_shift,16,20000,0.046821875,0.045867208862304686,0.07722795822846598,0.002368467903137207,0.31831869687761705,0.34643218794079,0.6361261315997326,0.08137786241785427
2025/Day001_Wheat,2025,Day001,wheat,732.JPG,732,DJI Mavic 3M RGB camera,oblique,oblique,0.7073450723867275,5280,3956,732_depth.tif,True,True,OPENCV,data\uav3dcrop\2025\Day001_Wheat\images\732.JPG,data\uav3dcrop_depth\2025\Day001_Wheat\732_depth.tif,https://huggingface.co/datasets/Link-Dev/UAV3DCrop/blob/main/2025/Day001_Wheat/images/732.JPG,https://huggingface.co/datasets/Link-Dev/UAV3DCrop_depth/blob/main/2025/Day001_Wheat_depth/732_depth.tif,main,metric_raw,32,20000,0.0770984375,0.09349163725376129,0.203187934431973,0.0035145759582519533,0.057536599279576925,0.19508802941812609,0.5743388726329156,0.11793303423538651
2025/Day001_Wheat,2025,Day001,wheat,732.JPG,732,DJI Mavic 3M RGB camera,oblique,oblique,0.7073450723867275,5280,3956,732_depth.tif,True,True,OPENCV,data\uav3dcrop\2025\Day001_Wheat\images\732.JPG,data\uav3dcrop_depth\2025\Day001_Wheat\732_depth.tif,https://huggingface.co/datasets/Link-Dev/UAV3DCrop/blob/main/2025/Day001_Wheat/images/732.JPG,https://huggingface.co/datasets/Link-Dev/UAV3DCrop_depth/blob/main/2025/Day001_Wheat_depth/732_depth.tif,main,metric_bias_corrected,32,20000,0.0770984375,0.09349163961410523,0.20318793373245533,0.003514568042755127,0.05753660086934671,0.195087959976008,0.5743388726329156,0.11793303423538651
2025/Day001_Wheat,2025,Day001,wheat,732.JPG,732,DJI Mavic 3M RGB camera,oblique,oblique,0.7073450723867275,5280,3956,732_depth.tif,True,True,OPENCV,data\uav3dcrop\2025\Day001_Wheat\images\732.JPG,data\uav3dcrop_depth\2025\Day001_Wheat\732_depth.tif,https://huggingface.co/datasets/Link-Dev/UAV3DCrop/blob/main/2025/Day001_Wheat/images/732.JPG,https://huggingface.co/datasets/Link-Dev/UAV3DCrop_depth/blob/main/2025/Day001_Wheat_depth/732_depth.tif,main,metric_scale_shift,32,20000,0.0770984375,0.13004063482284545,0.4110153790765184,0.0024641777992248535,0.05753659653261378,0.19508776496524377,0.5743388726329156,0.11793303423538651
2025/Day001_Wheat,2025,Day001,wheat,732.JPG,732,DJI Mavic 3M RGB camera,oblique,oblique,0.7073450723867275,5280,3956,732_depth.tif,True,True,OPENCV,data\uav3dcrop\2025\Day001_Wheat\images\732.JPG,data\uav3dcrop_depth\2025\Day001_Wheat\732_depth.tif,https://huggingface.co/datasets/Link-Dev/UAV3DCrop/blob/main/2025/Day001_Wheat/images/732.JPG,https://huggingface.co/datasets/Link-Dev/UAV3DCrop_depth/blob/main/2025/Day001_Wheat_depth/732_depth.tif,main,relative_scale_shift,32,20000,0.0770984375,0.0721578992843628,0.10812502932733548,0.005109169387817383,0.40253400307554593,0.42436974591684523,0.6573731574007619,0.11793303423538651
2025/Day001_Wheat,2025,Day001,wheat,732.JPG,732,DJI Mavic 3M RGB camera,oblique,oblique,0.7073450723867275,5280,3956,732_depth.tif,True,True,OPENCV,data\uav3dcrop\2025\Day001_Wheat\images\732.JPG,data\uav3dcrop_depth\2025\Day001_Wheat\732_depth.tif,https://huggingface.co/datasets/Link-Dev/UAV3DCrop/blob/main/2025/Day001_Wheat/images/732.JPG,https://huggingface.co/datasets/Link-Dev/UAV3DCrop_depth/blob/main/2025/Day001_Wheat_depth/732_depth.tif,main,metric_raw,64,20000,0.10864921875,0.144397105050087,0.4183127912003977,-0.00264360671043396,0.08841453449478165,0.2994753002103847,0.5989577737187064,0.16035334364685255
2025/Day001_Wheat,2025,Day001,wheat,732.JPG,732,DJI Mavic 3M RGB camera,oblique,oblique,0.7073450723867275,5280,3956,732_depth.tif,True,True,OPENCV,data\uav3dcrop\2025\Day001_Wheat\images\732.JPG,data\uav3dcrop_depth\2025\Day001_Wheat\732_depth.tif,https://huggingface.co/datasets/Link-Dev/UAV3DCrop/blob/main/2025/Day001_Wheat/images/732.JPG,https://huggingface.co/datasets/Link-Dev/UAV3DCrop_depth/blob/main/2025/Day001_Wheat_depth/732_depth.tif,main,metric_bias_corrected,64,20000,0.10864921875,0.1443970934867859,0.41831278440298103,-0.002643603229522705,0.08841454805515502,0.29947505400696683,0.5989577737187064,0.16035334364685255
2025/Day001_Wheat,2025,Day001,wheat,732.JPG,732,DJI Mavic 3M RGB camera,oblique,oblique,0.7073450723867275,5280,3956,732_depth.tif,True,True,OPENCV,data\uav3dcrop\2025\Day001_Wheat\images\732.JPG,data\uav3dcrop_depth\2025\Day001_Wheat\732_depth.tif,https://huggingface.co/datasets/Link-Dev/UAV3DCrop/blob/main/2025/Day001_Wheat/images/732.JPG,https://huggingface.co/datasets/Link-Dev/UAV3DCrop_depth/blob/main/2025/Day001_Wheat_depth/732_depth.tif,main,metric_scale_shift,64,20000,0.10864921875,0.2207487017631531,0.9312721836154104,-0.01633743314743042,0.08841453034344049,0.2994751202582758,0.5989577737187064,0.16035334364685255
2025/Day001_Wheat,2025,Day001,wheat,732.JPG,732,DJI Mavic 3M RGB camera,oblique,oblique,0.7073450723867275,5280,3956,732_depth.tif,True,True,OPENCV,data\uav3dcrop\2025\Day001_Wheat\images\732.JPG,data\uav3dcrop_depth\2025\Day001_Wheat\732_depth.tif,https://huggingface.co/datasets/Link-Dev/UAV3DCrop/blob/main/2025/Day001_Wheat/images/732.JPG,https://huggingface.co/datasets/Link-Dev/UAV3DCrop_depth/blob/main/2025/Day001_Wheat_depth/732_depth.tif,main,relative_scale_shift,64,20000,0.10864921875,0.0964316858291626,0.1402021052109077,0.009321209526062012,0.48904594372786614,0.5189104892169629,0.6841087353604813,0.16035334364685255
2025/Day001_Wheat,2025,Day001,wheat,732.JPG,732,DJI Mavic 3M RGB camera,oblique,oblique,0.7073450723867275,5280,3956,732_depth.tif,True,True,OPENCV,data\uav3dcrop\2025\Day001_Wheat\images\732.JPG,data\uav3dcrop_depth\2025\Day001_Wheat\732_depth.tif,https://huggingface.co/datasets/Link-Dev/UAV3DCrop/blob/main/2025/Day001_Wheat/images/732.JPG,https://huggingface.co/datasets/Link-Dev/UAV3DCrop_depth/blob/main/2025/Day001_Wheat_depth/732_depth.tif,main,metric_raw,128,20000,0.1532375,0.20771933975219725,0.584931132164949,0.004966037821769714,0.1398658846797358,0.38726672143945956,0.619594275829533,0.21826614354575233
2025/Day001_Wheat,2025,Day001,wheat,732.JPG,732,DJI Mavic 3M RGB camera,oblique,oblique,0.7073450723867275,5280,3956,732_depth.tif,True,True,OPENCV,data\uav3dcrop\2025\Day001_Wheat\images\732.JPG,data\uav3dcrop_depth\2025\Day001_Wheat\732_depth.tif,https://huggingface.co/datasets/Link-Dev/UAV3DCrop/blob/main/2025/Day001_Wheat/images/732.JPG,https://huggingface.co/datasets/Link-Dev/UAV3DCrop_depth/blob/main/2025/Day001_Wheat_depth/732_depth.tif,main,metric_bias_corrected,128,20000,0.1532375,0.2077193325996399,0.584931121362434,0.004966041469573974,0.1398658937185993,0.38726693932695977,0.619594275829533,0.21826614354575233
2025/Day001_Wheat,2025,Day001,wheat,732.JPG,732,DJI Mavic 3M RGB camera,oblique,oblique,0.7073450723867275,5280,3956,732_depth.tif,True,True,OPENCV,data\uav3dcrop\2025\Day001_Wheat\images\732.JPG,data\uav3dcrop_depth\2025\Day001_Wheat\732_depth.tif,https://huggingface.co/datasets/Link-Dev/UAV3DCrop/blob/main/2025/Day001_Wheat/images/732.JPG,https://huggingface.co/datasets/Link-Dev/UAV3DCrop_depth/blob/main/2025/Day001_Wheat_depth/732_depth.tif,main,metric_scale_shift,128,20000,0.1532375,0.3350254434585571,1.3215074466640078,-0.01150409049987793,0.13986588268266364,0.38726674261134697,0.619594275829533,0.21826614354575233
2025/Day001_Wheat,2025,Day001,wheat,732.JPG,732,DJI Mavic 3M RGB camera,oblique,oblique,0.7073450723867275,5280,3956,732_depth.tif,True,True,OPENCV,data\uav3dcrop\2025\Day001_Wheat\images\732.JPG,data\uav3dcrop_depth\2025\Day001_Wheat\732_depth.tif,https://huggingface.co/datasets/Link-Dev/UAV3DCrop/blob/main/2025/Day001_Wheat/images/732.JPG,https://huggingface.co/datasets/Link-Dev/UAV3DCrop_depth/blob/main/2025/Day001_Wheat_depth/732_depth.tif,main,relative_scale_shift,128,20000,0.1532375,0.12794108324050904,0.186154773088469,0.020133023357391356,0.5306347118389466,0.6076103150439067,0.7191906484248047,0.21826614354575233
2025/Day001_Wheat,2025,Day001,wheat,791.JPG,791,DJI Mavic 3M RGB camera,oblique,oblique,0.7057398871009861,5280,3956,791_depth.tif,True,True,OPENCV,data\uav3dcrop\2025\Day001_Wheat\images\791.JPG,data\uav3dcrop_depth\2025\Day001_Wheat\791_depth.tif,https://huggingface.co/datasets/Link-Dev/UAV3DCrop/blob/main/2025/Day001_Wheat/images/791.JPG,https://huggingface.co/datasets/Link-Dev/UAV3DCrop_depth/blob/main/2025/Day001_Wheat_depth/791_depth.tif,main,metric_raw,8,20000,0.022900390625,0.03307856237888336,0.07180997517402704,-0.001543881607055664,0.029541614989222562,0.07829819231977929,0.5468047833041358,0.05521843221420786
2025/Day001_Wheat,2025,Day001,wheat,791.JPG,791,DJI Mavic 3M RGB camera,oblique,oblique,0.7057398871009861,5280,3956,791_depth.tif,True,True,OPENCV,data\uav3dcrop\2025\Day001_Wheat\images\791.JPG,data\uav3dcrop_depth\2025\Day001_Wheat\791_depth.tif,https://huggingface.co/datasets/Link-Dev/UAV3DCrop/blob/main/2025/Day001_Wheat/images/791.JPG,https://huggingface.co/datasets/Link-Dev/UAV3DCrop_depth/blob/main/2025/Day001_Wheat_depth/791_depth.tif,main,metric_bias_corrected,8,20000,0.022900390625,0.03307855110168457,0.07180996195188007,-0.001543891143798828,0.02954177771043914,0.0782991470051906,0.5466524487775154,0.05521843221420786
2025/Day001_Wheat,2025,Day001,wheat,791.JPG,791,DJI Mavic 3M RGB camera,oblique,oblique,0.7057398871009861,5280,3956,791_depth.tif,True,True,OPENCV,data\uav3dcrop\2025\Day001_Wheat\images\791.JPG,data\uav3dcrop_depth\2025\Day001_Wheat\791_depth.tif,https://huggingface.co/datasets/Link-Dev/UAV3DCrop/blob/main/2025/Day001_Wheat/images/791.JPG,https://huggingface.co/datasets/Link-Dev/UAV3DCrop_depth/blob/main/2025/Day001_Wheat_depth/791_depth.tif,main,metric_scale_shift,8,20000,0.022900390625,0.04302780485153198,0.09806508599243363,-0.002741656589508057,0.029541670626598678,0.07829686890731248,0.5467286160408257,0.05521843221420786
2025/Day001_Wheat,2025,Day001,wheat,791.JPG,791,DJI Mavic 3M RGB camera,oblique,oblique,0.7057398871009861,5280,3956,791_depth.tif,True,True,OPENCV,data\uav3dcrop\2025\Day001_Wheat\images\791.JPG,data\uav3dcrop_depth\2025\Day001_Wheat\791_depth.tif,https://huggingface.co/datasets/Link-Dev/UAV3DCrop/blob/main/2025/Day001_Wheat/images/791.JPG,https://huggingface.co/datasets/Link-Dev/UAV3DCrop_depth/blob/main/2025/Day001_Wheat_depth/791_depth.tif,main,relative_scale_shift,8,20000,0.022900390625,0.025308628273010253,0.055066980162913906,0.00039221916198730467,0.26063338531902425,0.2983822730965684,0.6410236880188894,0.05521843221420786
2025/Day001_Wheat,2025,Day001,wheat,791.JPG,791,DJI Mavic 3M RGB camera,oblique,oblique,0.7057398871009861,5280,3956,791_depth.tif,True,True,OPENCV,data\uav3dcrop\2025\Day001_Wheat\images\791.JPG,data\uav3dcrop_depth\2025\Day001_Wheat\791_depth.tif,https://huggingface.co/datasets/Link-Dev/UAV3DCrop/blob/main/2025/Day001_Wheat/images/791.JPG,https://huggingface.co/datasets/Link-Dev/UAV3DCrop_depth/blob/main/2025/Day001_Wheat_depth/791_depth.tif,main,metric_raw,16,20000,0.040680859375,0.059150428402423856,0.12692947591749118,-0.003076740348339081,0.04477207035824503,0.13356868307648062,0.5632645379838154,0.08041637638662914
2025/Day001_Wheat,2025,Day001,wheat,791.JPG,791,DJI Mavic 3M RGB camera,oblique,oblique,0.7057398871009861,5280,3956,791_depth.tif,True,True,OPENCV,data\uav3dcrop\2025\Day001_Wheat\images\791.JPG,data\uav3dcrop_depth\2025\Day001_Wheat\791_depth.tif,https://huggingface.co/datasets/Link-Dev/UAV3DCrop/blob/main/2025/Day001_Wheat/images/791.JPG,https://huggingface.co/datasets/Link-Dev/UAV3DCrop_depth/blob/main/2025/Day001_Wheat_depth/791_depth.tif,main,metric_bias_corrected,16,20000,0.040680859375,0.0591504282951355,0.1269294748983938,-0.0030767462730407714,0.044772173174376595,0.1335678525035668,0.5632645379838154,0.08041637638662914
2025/Day001_Wheat,2025,Day001,wheat,791.JPG,791,DJI Mavic 3M RGB camera,oblique,oblique,0.7057398871009861,5280,3956,791_depth.tif,True,True,OPENCV,data\uav3dcrop\2025\Day001_Wheat\images\791.JPG,data\uav3dcrop_depth\2025\Day001_Wheat\791_depth.tif,https://huggingface.co/datasets/Link-Dev/UAV3DCrop/blob/main/2025/Day001_Wheat/images/791.JPG,https://huggingface.co/datasets/Link-Dev/UAV3DCrop_depth/blob/main/2025/Day001_Wheat_depth/791_depth.tif,main,metric_scale_shift,16,20000,0.040680859375,0.07835016584396362,0.1911775299197332,-0.005336990642547608,0.04477199596236277,0.13356861235787212,0.5632645379838154,0.08041637638662914
2025/Day001_Wheat,2025,Day001,wheat,791.JPG,791,DJI Mavic 3M RGB camera,oblique,oblique,0.7057398871009861,5280,3956,791_depth.tif,True,True,OPENCV,data\uav3dcrop\2025\Day001_Wheat\images\791.JPG,data\uav3dcrop_depth\2025\Day001_Wheat\791_depth.tif,https://huggingface.co/datasets/Link-Dev/UAV3DCrop/blob/main/2025/Day001_Wheat/images/791.JPG,https://huggingface.co/datasets/Link-Dev/UAV3DCrop_depth/blob/main/2025/Day001_Wheat_depth/791_depth.tif,main,relative_scale_shift,16,20000,0.040680859375,0.04327904300689697,0.08254121912866623,0.00011208114624023437,0.312692197596934,0.35603526300207217,0.6498337619973653,0.08041637638662914
2025/Day001_Wheat,2025,Day001,wheat,791.JPG,791,DJI Mavic 3M RGB camera,oblique,oblique,0.7057398871009861,5280,3956,791_depth.tif,True,True,OPENCV,data\uav3dcrop\2025\Day001_Wheat\images\791.JPG,data\uav3dcrop_depth\2025\Day001_Wheat\791_depth.tif,https://huggingface.co/datasets/Link-Dev/UAV3DCrop/blob/main/2025/Day001_Wheat/images/791.JPG,https://huggingface.co/datasets/Link-Dev/UAV3DCrop_depth/blob/main/2025/Day001_Wheat_depth/791_depth.tif,main,metric_raw,32,20000,0.06681171875,0.09939003249406815,0.22475684143378527,-0.001642804205417633,0.06263192420565988,0.19145570888935556,0.5809749759927696,0.11077950890898647
2025/Day001_Wheat,2025,Day001,wheat,791.JPG,791,DJI Mavic 3M RGB camera,oblique,oblique,0.7057398871009861,5280,3956,791_depth.tif,True,True,OPENCV,data\uav3dcrop\2025\Day001_Wheat\images\791.JPG,data\uav3dcrop_depth\2025\Day001_Wheat\791_depth.tif,https://huggingface.co/datasets/Link-Dev/UAV3DCrop/blob/main/2025/Day001_Wheat/images/791.JPG,https://huggingface.co/datasets/Link-Dev/UAV3DCrop_depth/blob/main/2025/Day001_Wheat_depth/791_depth.tif,main,metric_bias_corrected,32,20000,0.06681171875,0.09939002990722656,0.2247568382257438,-0.0016428131103515624,0.0626319478122388,0.19145650913245119,0.5809749759927696,0.11077950890898647
2025/Day001_Wheat,2025,Day001,wheat,791.JPG,791,DJI Mavic 3M RGB camera,oblique,oblique,0.7057398871009861,5280,3956,791_depth.tif,True,True,OPENCV,data\uav3dcrop\2025\Day001_Wheat\images\791.JPG,data\uav3dcrop_depth\2025\Day001_Wheat\791_depth.tif,https://huggingface.co/datasets/Link-Dev/UAV3DCrop/blob/main/2025/Day001_Wheat/images/791.JPG,https://huggingface.co/datasets/Link-Dev/UAV3DCrop_depth/blob/main/2025/Day001_Wheat_depth/791_depth.tif,main,metric_scale_shift,32,20000,0.06681171875,0.13398132467269896,0.36254859559972674,-0.003550669002532959,0.06263192279664165,0.19145590880320174,0.5809749759927696,0.11077950890898647
2025/Day001_Wheat,2025,Day001,wheat,791.JPG,791,DJI Mavic 3M RGB camera,oblique,oblique,0.7057398871009861,5280,3956,791_depth.tif,True,True,OPENCV,data\uav3dcrop\2025\Day001_Wheat\images\791.JPG,data\uav3dcrop_depth\2025\Day001_Wheat\791_depth.tif,https://huggingface.co/datasets/Link-Dev/UAV3DCrop/blob/main/2025/Day001_Wheat/images/791.JPG,https://huggingface.co/datasets/Link-Dev/UAV3DCrop_depth/blob/main/2025/Day001_Wheat_depth/791_depth.tif,main,relative_scale_shift,32,20000,0.06681171875,0.06604916572570801,0.10758388606709574,0.001266650390625,0.46271425828727675,0.42929499143768146,0.6687567079026153,0.11077950890898647
2025/Day001_Wheat,2025,Day001,wheat,791.JPG,791,DJI Mavic 3M RGB camera,oblique,oblique,0.7057398871009861,5280,3956,791_depth.tif,True,True,OPENCV,data\uav3dcrop\2025\Day001_Wheat\images\791.JPG,data\uav3dcrop_depth\2025\Day001_Wheat\791_depth.tif,https://huggingface.co/datasets/Link-Dev/UAV3DCrop/blob/main/2025/Day001_Wheat/images/791.JPG,https://huggingface.co/datasets/Link-Dev/UAV3DCrop_depth/blob/main/2025/Day001_Wheat_depth/791_depth.tif,main,metric_raw,64,20000,0.0966421875,0.1493482738852501,0.3502366534831555,-0.011653946149349212,0.09708193468505699,0.27537370789153864,0.6083387692976734,0.15675513663458726
2025/Day001_Wheat,2025,Day001,wheat,791.JPG,791,DJI Mavic 3M RGB camera,oblique,oblique,0.7057398871009861,5280,3956,791_depth.tif,True,True,OPENCV,data\uav3dcrop\2025\Day001_Wheat\images\791.JPG,data\uav3dcrop_depth\2025\Day001_Wheat\791_depth.tif,https://huggingface.co/datasets/Link-Dev/UAV3DCrop/blob/main/2025/Day001_Wheat/images/791.JPG,https://huggingface.co/datasets/Link-Dev/UAV3DCrop_depth/blob/main/2025/Day001_Wheat_depth/791_depth.tif,main,metric_bias_corrected,64,20000,0.0966421875,0.14934827451705932,0.35023665158573236,-0.011653957080841064,0.09708192959249723,0.27537403921773124,0.6083387692976734,0.15675513663458726
2025/Day001_Wheat,2025,Day001,wheat,791.JPG,791,DJI Mavic 3M RGB camera,oblique,oblique,0.7057398871009861,5280,3956,791_depth.tif,True,True,OPENCV,data\uav3dcrop\2025\Day001_Wheat\images\791.JPG,data\uav3dcrop_depth\2025\Day001_Wheat\791_depth.tif,https://huggingface.co/datasets/Link-Dev/UAV3DCrop/blob/main/2025/Day001_Wheat/images/791.JPG,https://huggingface.co/datasets/Link-Dev/UAV3DCrop_depth/blob/main/2025/Day001_Wheat_depth/791_depth.tif,main,metric_scale_shift,64,20000,0.0966421875,0.2082610936164856,0.5777544720241016,-0.020126279354095458,0.09708192579111574,0.2753734688702179,0.6083387692976734,0.15675513663458726
2025/Day001_Wheat,2025,Day001,wheat,791.JPG,791,DJI Mavic 3M RGB camera,oblique,oblique,0.7057398871009861,5280,3956,791_depth.tif,True,True,OPENCV,data\uav3dcrop\2025\Day001_Wheat\images\791.JPG,data\uav3dcrop_depth\2025\Day001_Wheat\791_depth.tif,https://huggingface.co/datasets/Link-Dev/UAV3DCrop/blob/main/2025/Day001_Wheat/images/791.JPG,https://huggingface.co/datasets/Link-Dev/UAV3DCrop_depth/blob/main/2025/Day001_Wheat_depth/791_depth.tif,main,relative_scale_shift,64,20000,0.0966421875,0.09217022609710693,0.14811696635179397,0.003343824005126953,0.5685334199181081,0.5351052001186885,0.7003152859317243,0.15675513663458726
2025/Day001_Wheat,2025,Day001,wheat,791.JPG,791,DJI Mavic 3M RGB camera,oblique,oblique,0.7057398871009861,5280,3956,791_depth.tif,True,True,OPENCV,data\uav3dcrop\2025\Day001_Wheat\images\791.JPG,data\uav3dcrop_depth\2025\Day001_Wheat\791_depth.tif,https://huggingface.co/datasets/Link-Dev/UAV3DCrop/blob/main/2025/Day001_Wheat/images/791.JPG,https://huggingface.co/datasets/Link-Dev/UAV3DCrop_depth/blob/main/2025/Day001_Wheat_depth/791_depth.tif,main,metric_raw,128,20000,0.134848828125,0.22074106382131575,0.5292614680134184,-0.0317500282406807,0.14487787261665597,0.36593735214946127,0.6395973861720068,0.2093886238246981
2025/Day001_Wheat,2025,Day001,wheat,791.JPG,791,DJI Mavic 3M RGB camera,oblique,oblique,0.7057398871009861,5280,3956,791_depth.tif,True,True,OPENCV,data\uav3dcrop\2025\Day001_Wheat\images\791.JPG,data\uav3dcrop_depth\2025\Day001_Wheat\791_depth.tif,https://huggingface.co/datasets/Link-Dev/UAV3DCrop/blob/main/2025/Day001_Wheat/images/791.JPG,https://huggingface.co/datasets/Link-Dev/UAV3DCrop_depth/blob/main/2025/Day001_Wheat_depth/791_depth.tif,main,metric_bias_corrected,128,20000,0.134848828125,0.22074106607437133,0.5292614634004861,-0.03175001974105835,0.14487788209310046,0.36593742742095886,0.6395973861720068,0.2093886238246981
2025/Day001_Wheat,2025,Day001,wheat,791.JPG,791,DJI Mavic 3M RGB camera,oblique,oblique,0.7057398871009861,5280,3956,791_depth.tif,True,True,OPENCV,data\uav3dcrop\2025\Day001_Wheat\images\791.JPG,data\uav3dcrop_depth\2025\Day001_Wheat\791_depth.tif,https://huggingface.co/datasets/Link-Dev/UAV3DCrop/blob/main/2025/Day001_Wheat/images/791.JPG,https://huggingface.co/datasets/Link-Dev/UAV3DCrop_depth/blob/main/2025/Day001_Wheat_depth/791_depth.tif,main,metric_scale_shift,128,20000,0.134848828125,0.32325825996398927,0.8932775845970468,-0.054947184944152835,0.1448778757086795,0.3659374362274231,0.6395973861720068,0.2093886238246981
2025/Day001_Wheat,2025,Day001,wheat,791.JPG,791,DJI Mavic 3M RGB camera,oblique,oblique,0.7057398871009861,5280,3956,791_depth.tif,True,True,OPENCV,data\uav3dcrop\2025\Day001_Wheat\images\791.JPG,data\uav3dcrop_depth\2025\Day001_Wheat\791_depth.tif,https://huggingface.co/datasets/Link-Dev/UAV3DCrop/blob/main/2025/Day001_Wheat/images/791.JPG,https://huggingface.co/datasets/Link-Dev/UAV3DCrop_depth/blob/main/2025/Day001_Wheat_depth/791_depth.tif,main,relative_scale_shift,128,20000,0.134848828125,0.13310465621948242,0.21047498538816384,-0.0006058872222900391,0.6037567284511356,0.6195555570598529,0.7416736930860034,0.2093886238246981
2025/Day001_Wheat,2025,Day001,wheat,849.JPG,849,DJI Mavic 3M RGB camera,oblique,oblique,0.7076058666729741,5280,3956,849_depth.tif,True,True,OPENCV,data\uav3dcrop\2025\Day001_Wheat\images\849.JPG,data\uav3dcrop_depth\2025\Day001_Wheat\849_depth.tif,https://huggingface.co/datasets/Link-Dev/UAV3DCrop/blob/main/2025/Day001_Wheat/images/849.JPG,https://huggingface.co/datasets/Link-Dev/UAV3DCrop_depth/blob/main/2025/Day001_Wheat_depth/849_depth.tif,main,metric_raw,8,20000,0.023544140625,0.02646588999032974,0.05771503887200013,-0.0012100380778312682,0.06147500612770922,0.10713325715270898,0.5564217971387236,0.05665660409167609
2025/Day001_Wheat,2025,Day001,wheat,849.JPG,849,DJI Mavic 3M RGB camera,oblique,oblique,0.7076058666729741,5280,3956,849_depth.tif,True,True,OPENCV,data\uav3dcrop\2025\Day001_Wheat\images\849.JPG,data\uav3dcrop_depth\2025\Day001_Wheat\849_depth.tif,https://huggingface.co/datasets/Link-Dev/UAV3DCrop/blob/main/2025/Day001_Wheat/images/849.JPG,https://huggingface.co/datasets/Link-Dev/UAV3DCrop_depth/blob/main/2025/Day001_Wheat_depth/849_depth.tif,main,metric_bias_corrected,8,20000,0.023544140625,0.026465893363952636,0.05771504732142285,-0.001210045623779297,0.061474475229009534,0.10713390907043208,0.5562610512779296,0.05665660409167609
2025/Day001_Wheat,2025,Day001,wheat,849.JPG,849,DJI Mavic 3M RGB camera,oblique,oblique,0.7076058666729741,5280,3956,849_depth.tif,True,True,OPENCV,data\uav3dcrop\2025\Day001_Wheat\images\849.JPG,data\uav3dcrop_depth\2025\Day001_Wheat\849_depth.tif,https://huggingface.co/datasets/Link-Dev/UAV3DCrop/blob/main/2025/Day001_Wheat/images/849.JPG,https://huggingface.co/datasets/Link-Dev/UAV3DCrop_depth/blob/main/2025/Day001_Wheat_depth/849_depth.tif,main,metric_scale_shift,8,20000,0.023544140625,0.08265710411071778,0.1417150940633378,-0.017906589889526366,0.061475089880140915,0.10713289849127428,0.5564217971387236,0.05665660409167609
2025/Day001_Wheat,2025,Day001,wheat,849.JPG,849,DJI Mavic 3M RGB camera,oblique,oblique,0.7076058666729741,5280,3956,849_depth.tif,True,True,OPENCV,data\uav3dcrop\2025\Day001_Wheat\images\849.JPG,data\uav3dcrop_depth\2025\Day001_Wheat\849_depth.tif,https://huggingface.co/datasets/Link-Dev/UAV3DCrop/blob/main/2025/Day001_Wheat/images/849.JPG,https://huggingface.co/datasets/Link-Dev/UAV3DCrop_depth/blob/main/2025/Day001_Wheat_depth/849_depth.tif,main,relative_scale_shift,8,20000,0.023544140625,0.024803730392456053,0.056037806305821655,0.0003510122299194336,0.17129595058517402,0.2543422023223957,0.6266677383057386,0.05665660409167609
2025/Day001_Wheat,2025,Day001,wheat,849.JPG,849,DJI Mavic 3M RGB camera,oblique,oblique,0.7076058666729741,5280,3956,849_depth.tif,True,True,OPENCV,data\uav3dcrop\2025\Day001_Wheat\images\849.JPG,data\uav3dcrop_depth\2025\Day001_Wheat\849_depth.tif,https://huggingface.co/datasets/Link-Dev/UAV3DCrop/blob/main/2025/Day001_Wheat/images/849.JPG,https://huggingface.co/datasets/Link-Dev/UAV3DCrop_depth/blob/main/2025/Day001_Wheat_depth/849_depth.tif,main,metric_raw,16,20000,0.0401453125,0.04389498745203018,0.08517575208902116,-0.0031061683535575867,0.10353164581493611,0.11160829908634322,0.5470804839558128,0.08441196468934273
2025/Day001_Wheat,2025,Day001,wheat,849.JPG,849,DJI Mavic 3M RGB camera,oblique,oblique,0.7076058666729741,5280,3956,849_depth.tif,True,True,OPENCV,data\uav3dcrop\2025\Day001_Wheat\images\849.JPG,data\uav3dcrop_depth\2025\Day001_Wheat\849_depth.tif,https://huggingface.co/datasets/Link-Dev/UAV3DCrop/blob/main/2025/Day001_Wheat/images/849.JPG,https://huggingface.co/datasets/Link-Dev/UAV3DCrop_depth/blob/main/2025/Day001_Wheat_depth/849_depth.tif,main,metric_bias_corrected,16,20000,0.0401453125,0.043894991970062254,0.08517575300651707,-0.0031061644554138184,0.10353166600130263,0.11160872563534295,0.5470804839558128,0.08441196468934273
2025/Day001_Wheat,2025,Day001,wheat,849.JPG,849,DJI Mavic 3M RGB camera,oblique,oblique,0.7076058666729741,5280,3956,849_depth.tif,True,True,OPENCV,data\uav3dcrop\2025\Day001_Wheat\images\849.JPG,data\uav3dcrop_depth\2025\Day001_Wheat\849_depth.tif,https://huggingface.co/datasets/Link-Dev/UAV3DCrop/blob/main/2025/Day001_Wheat/images/849.JPG,https://huggingface.co/datasets/Link-Dev/UAV3DCrop_depth/blob/main/2025/Day001_Wheat_depth/849_depth.tif,main,metric_scale_shift,16,20000,0.0401453125,0.14218434715270997,0.21301670172888632,-0.03688616981506348,0.10353168332173092,0.11160827023186963,0.5470804839558128,0.08441196468934273
2025/Day001_Wheat,2025,Day001,wheat,849.JPG,849,DJI Mavic 3M RGB camera,oblique,oblique,0.7076058666729741,5280,3956,849_depth.tif,True,True,OPENCV,data\uav3dcrop\2025\Day001_Wheat\images\849.JPG,data\uav3dcrop_depth\2025\Day001_Wheat\849_depth.tif,https://huggingface.co/datasets/Link-Dev/UAV3DCrop/blob/main/2025/Day001_Wheat/images/849.JPG,https://huggingface.co/datasets/Link-Dev/UAV3DCrop_depth/blob/main/2025/Day001_Wheat_depth/849_depth.tif,main,relative_scale_shift,16,20000,0.0401453125,0.040520924854278564,0.08120584131302402,0.00020383729934692383,0.2763776568721941,0.3032356241786721,0.632233035244608,0.08441196468934273
2025/Day001_Wheat,2025,Day001,wheat,849.JPG,849,DJI Mavic 3M RGB camera,oblique,oblique,0.7076058666729741,5280,3956,849_depth.tif,True,True,OPENCV,data\uav3dcrop\2025\Day001_Wheat\images\849.JPG,data\uav3dcrop_depth\2025\Day001_Wheat\849_depth.tif,https://huggingface.co/datasets/Link-Dev/UAV3DCrop/blob/main/2025/Day001_Wheat/images/849.JPG,https://huggingface.co/datasets/Link-Dev/UAV3DCrop_depth/blob/main/2025/Day001_Wheat_depth/849_depth.tif,main,metric_raw,32,20000,0.0618890625,0.06538068344593048,0.11426068150245108,-0.005236910080909729,0.1864431265097285,0.17548635932925144,0.5645773979107312,0.1145924142187622
2025/Day001_Wheat,2025,Day001,wheat,849.JPG,849,DJI Mavic 3M RGB camera,oblique,oblique,0.7076058666729741,5280,3956,849_depth.tif,True,True,OPENCV,data\uav3dcrop\2025\Day001_Wheat\images\849.JPG,data\uav3dcrop_depth\2025\Day001_Wheat\849_depth.tif,https://huggingface.co/datasets/Link-Dev/UAV3DCrop/blob/main/2025/Day001_Wheat/images/849.JPG,https://huggingface.co/datasets/Link-Dev/UAV3DCrop_depth/blob/main/2025/Day001_Wheat_depth/849_depth.tif,main,metric_bias_corrected,32,20000,0.0618890625,0.0653806981086731,0.11426069422787018,-0.005236914539337158,0.18644283728159128,0.175485562209839,0.5645773979107312,0.1145924142187622
2025/Day001_Wheat,2025,Day001,wheat,849.JPG,849,DJI Mavic 3M RGB camera,oblique,oblique,0.7076058666729741,5280,3956,849_depth.tif,True,True,OPENCV,data\uav3dcrop\2025\Day001_Wheat\images\849.JPG,data\uav3dcrop_depth\2025\Day001_Wheat\849_depth.tif,https://huggingface.co/datasets/Link-Dev/UAV3DCrop/blob/main/2025/Day001_Wheat/images/849.JPG,https://huggingface.co/datasets/Link-Dev/UAV3DCrop_depth/blob/main/2025/Day001_Wheat_depth/849_depth.tif,main,metric_scale_shift,32,20000,0.0618890625,0.2367436237335205,0.3589072852085924,-0.07032033958435059,0.18644310286155028,0.1754862148915097,0.5645773979107312,0.1145924142187622
2025/Day001_Wheat,2025,Day001,wheat,849.JPG,849,DJI Mavic 3M RGB camera,oblique,oblique,0.7076058666729741,5280,3956,849_depth.tif,True,True,OPENCV,data\uav3dcrop\2025\Day001_Wheat\images\849.JPG,data\uav3dcrop_depth\2025\Day001_Wheat\849_depth.tif,https://huggingface.co/datasets/Link-Dev/UAV3DCrop/blob/main/2025/Day001_Wheat/images/849.JPG,https://huggingface.co/datasets/Link-Dev/UAV3DCrop_depth/blob/main/2025/Day001_Wheat_depth/849_depth.tif,main,relative_scale_shift,32,20000,0.0618890625,0.05980989656448364,0.10649466096666582,0.0008851679801940918,0.37955101027421706,0.39493741417024203,0.6584757834757835,0.1145924142187622
2025/Day001_Wheat,2025,Day001,wheat,849.JPG,849,DJI Mavic 3M RGB camera,oblique,oblique,0.7076058666729741,5280,3956,849_depth.tif,True,True,OPENCV,data\uav3dcrop\2025\Day001_Wheat\images\849.JPG,data\uav3dcrop_depth\2025\Day001_Wheat\849_depth.tif,https://huggingface.co/datasets/Link-Dev/UAV3DCrop/blob/main/2025/Day001_Wheat/images/849.JPG,https://huggingface.co/datasets/Link-Dev/UAV3DCrop_depth/blob/main/2025/Day001_Wheat_depth/849_depth.tif,main,metric_raw,64,20000,0.086964453125,0.09037008637189865,0.15275150248930033,-0.012467030918598175,0.2699059043166142,0.23483467070969002,0.5876428652257554,0.15654272729385232
2025/Day001_Wheat,2025,Day001,wheat,849.JPG,849,DJI Mavic 3M RGB camera,oblique,oblique,0.7076058666729741,5280,3956,849_depth.tif,True,True,OPENCV,data\uav3dcrop\2025\Day001_Wheat\images\849.JPG,data\uav3dcrop_depth\2025\Day001_Wheat\849_depth.tif,https://huggingface.co/datasets/Link-Dev/UAV3DCrop/blob/main/2025/Day001_Wheat/images/849.JPG,https://huggingface.co/datasets/Link-Dev/UAV3DCrop_depth/blob/main/2025/Day001_Wheat_depth/849_depth.tif,main,metric_bias_corrected,64,20000,0.086964453125,0.09037008581161499,0.15275149010589306,-0.01246703233718872,0.26990607493198476,0.2348347231549962,0.5876428652257554,0.15654272729385232
2025/Day001_Wheat,2025,Day001,wheat,849.JPG,849,DJI Mavic 3M RGB camera,oblique,oblique,0.7076058666729741,5280,3956,849_depth.tif,True,True,OPENCV,data\uav3dcrop\2025\Day001_Wheat\images\849.JPG,data\uav3dcrop_depth\2025\Day001_Wheat\849_depth.tif,https://huggingface.co/datasets/Link-Dev/UAV3DCrop/blob/main/2025/Day001_Wheat/images/849.JPG,https://huggingface.co/datasets/Link-Dev/UAV3DCrop_depth/blob/main/2025/Day001_Wheat_depth/849_depth.tif,main,metric_scale_shift,64,20000,0.086964453125,0.3928174102783203,0.558908355415547,-0.13870856246948243,0.2699059129346225,0.23483479893146045,0.5876428652257554,0.15654272729385232
2025/Day001_Wheat,2025,Day001,wheat,849.JPG,849,DJI Mavic 3M RGB camera,oblique,oblique,0.7076058666729741,5280,3956,849_depth.tif,True,True,OPENCV,data\uav3dcrop\2025\Day001_Wheat\images\849.JPG,data\uav3dcrop_depth\2025\Day001_Wheat\849_depth.tif,https://huggingface.co/datasets/Link-Dev/UAV3DCrop/blob/main/2025/Day001_Wheat/images/849.JPG,https://huggingface.co/datasets/Link-Dev/UAV3DCrop_depth/blob/main/2025/Day001_Wheat_depth/849_depth.tif,main,relative_scale_shift,64,20000,0.086964453125,0.0815480212211609,0.14006693901521164,-0.0011799315452575684,0.4643051877964942,0.4944892057288645,0.6892044811587643,0.15654272729385232
2025/Day001_Wheat,2025,Day001,wheat,849.JPG,849,DJI Mavic 3M RGB camera,oblique,oblique,0.7076058666729741,5280,3956,849_depth.tif,True,True,OPENCV,data\uav3dcrop\2025\Day001_Wheat\images\849.JPG,data\uav3dcrop_depth\2025\Day001_Wheat\849_depth.tif,https://huggingface.co/datasets/Link-Dev/UAV3DCrop/blob/main/2025/Day001_Wheat/images/849.JPG,https://huggingface.co/datasets/Link-Dev/UAV3DCrop_depth/blob/main/2025/Day001_Wheat_depth/849_depth.tif,main,metric_raw,128,20000,0.12036328125,0.12323890453577041,0.19484854154748985,-0.02284709769487381,0.36447970553398484,0.26342396972828397,0.5962993197278912,0.205814584542615
2025/Day001_Wheat,2025,Day001,wheat,849.JPG,849,DJI Mavic 3M RGB camera,oblique,oblique,0.7076058666729741,5280,3956,849_depth.tif,True,True,OPENCV,data\uav3dcrop\2025\Day001_Wheat\images\849.JPG,data\uav3dcrop_depth\2025\Day001_Wheat\849_depth.tif,https://huggingface.co/datasets/Link-Dev/UAV3DCrop/blob/main/2025/Day001_Wheat/images/849.JPG,https://huggingface.co/datasets/Link-Dev/UAV3DCrop_depth/blob/main/2025/Day001_Wheat_depth/849_depth.tif,main,metric_bias_corrected,128,20000,0.12036328125,0.12323890714645386,0.19484854521819012,-0.022847091960906982,0.36447967529903963,0.2634241119374619,0.5962993197278912,0.205814584542615
2025/Day001_Wheat,2025,Day001,wheat,849.JPG,849,DJI Mavic 3M RGB camera,oblique,oblique,0.7076058666729741,5280,3956,849_depth.tif,True,True,OPENCV,data\uav3dcrop\2025\Day001_Wheat\images\849.JPG,data\uav3dcrop_depth\2025\Day001_Wheat\849_depth.tif,https://huggingface.co/datasets/Link-Dev/UAV3DCrop/blob/main/2025/Day001_Wheat/images/849.JPG,https://huggingface.co/datasets/Link-Dev/UAV3DCrop_depth/blob/main/2025/Day001_Wheat_depth/849_depth.tif,main,metric_scale_shift,128,20000,0.12036328125,0.6491253017425537,0.8936174317144742,-0.2891637283325195,0.364479705497073,0.2634240239966268,0.5962993197278912,0.205814584542615
2025/Day001_Wheat,2025,Day001,wheat,849.JPG,849,DJI Mavic 3M RGB camera,oblique,oblique,0.7076058666729741,5280,3956,849_depth.tif,True,True,OPENCV,data\uav3dcrop\2025\Day001_Wheat\images\849.JPG,data\uav3dcrop_depth\2025\Day001_Wheat\849_depth.tif,https://huggingface.co/datasets/Link-Dev/UAV3DCrop/blob/main/2025/Day001_Wheat/images/849.JPG,https://huggingface.co/datasets/Link-Dev/UAV3DCrop_depth/blob/main/2025/Day001_Wheat_depth/849_depth.tif,main,relative_scale_shift,128,20000,0.12036328125,0.10886549587249755,0.17586000676551694,0.0002013652801513672,0.5531891516350887,0.5977365989477318,0.7209795918367347,0.205814584542615
2025/Day001_Wheat,2025,Day001,wheat,908.JPG,908,DJI Mavic 3M RGB camera,oblique,oblique,0.7081770834942197,5280,3956,908_depth.tif,True,True,OPENCV,data\uav3dcrop\2025\Day001_Wheat\images\908.JPG,data\uav3dcrop_depth\2025\Day001_Wheat\908_depth.tif,https://huggingface.co/datasets/Link-Dev/UAV3DCrop/blob/main/2025/Day001_Wheat/images/908.JPG,https://huggingface.co/datasets/Link-Dev/UAV3DCrop_depth/blob/main/2025/Day001_Wheat_depth/908_depth.tif,main,metric_raw,8,20000,0.014444921875,0.020738753032684326,0.047446921461859054,0.0013994855880737306,0.017709465808914214,-0.007556885472854706,0.5066457352171638,0.042382077828813994
2025/Day001_Wheat,2025,Day001,wheat,908.JPG,908,DJI Mavic 3M RGB camera,oblique,oblique,0.7081770834942197,5280,3956,908_depth.tif,True,True,OPENCV,data\uav3dcrop\2025\Day001_Wheat\images\908.JPG,data\uav3dcrop_depth\2025\Day001_Wheat\908_depth.tif,https://huggingface.co/datasets/Link-Dev/UAV3DCrop/blob/main/2025/Day001_Wheat/images/908.JPG,https://huggingface.co/datasets/Link-Dev/UAV3DCrop_depth/blob/main/2025/Day001_Wheat_depth/908_depth.tif,main,metric_bias_corrected,8,20000,0.014444921875,0.0207387619972229,0.04744691760541968,0.0013994769096374513,0.017709714065543315,-0.007556803801635527,0.5066457352171638,0.042382077828813994
2025/Day001_Wheat,2025,Day001,wheat,908.JPG,908,DJI Mavic 3M RGB camera,oblique,oblique,0.7081770834942197,5280,3956,908_depth.tif,True,True,OPENCV,data\uav3dcrop\2025\Day001_Wheat\images\908.JPG,data\uav3dcrop_depth\2025\Day001_Wheat\908_depth.tif,https://huggingface.co/datasets/Link-Dev/UAV3DCrop/blob/main/2025/Day001_Wheat/images/908.JPG,https://huggingface.co/datasets/Link-Dev/UAV3DCrop_depth/blob/main/2025/Day001_Wheat_depth/908_depth.tif,main,metric_scale_shift,8,20000,0.014444921875,0.03794149250984192,0.07735419040602146,0.004901121950149536,0.01770952790851208,-0.007556679630375491,0.5066457352171638,0.042382077828813994
2025/Day001_Wheat,2025,Day001,wheat,908.JPG,908,DJI Mavic 3M RGB camera,oblique,oblique,0.7081770834942197,5280,3956,908_depth.tif,True,True,OPENCV,data\uav3dcrop\2025\Day001_Wheat\images\908.JPG,data\uav3dcrop_depth\2025\Day001_Wheat\908_depth.tif,https://huggingface.co/datasets/Link-Dev/UAV3DCrop/blob/main/2025/Day001_Wheat/images/908.JPG,https://huggingface.co/datasets/Link-Dev/UAV3DCrop_depth/blob/main/2025/Day001_Wheat_depth/908_depth.tif,main,relative_scale_shift,8,20000,0.014444921875,0.01555050563812256,0.04130013699949169,-0.0010865827560424806,0.22905960218168417,0.20741846279971665,0.6071166928309786,0.042382077828813994
2025/Day001_Wheat,2025,Day001,wheat,908.JPG,908,DJI Mavic 3M RGB camera,oblique,oblique,0.7081770834942197,5280,3956,908_depth.tif,True,True,OPENCV,data\uav3dcrop\2025\Day001_Wheat\images\908.JPG,data\uav3dcrop_depth\2025\Day001_Wheat\908_depth.tif,https://huggingface.co/datasets/Link-Dev/UAV3DCrop/blob/main/2025/Day001_Wheat/images/908.JPG,https://huggingface.co/datasets/Link-Dev/UAV3DCrop_depth/blob/main/2025/Day001_Wheat_depth/908_depth.tif,main,metric_raw,16,20000,0.02535078125,0.03571554214954376,0.0754623921403601,0.002531348729133606,0.05380822223318014,-0.015890197518441646,0.4998431618569636,0.06579104432726292
2025/Day001_Wheat,2025,Day001,wheat,908.JPG,908,DJI Mavic 3M RGB camera,oblique,oblique,0.7081770834942197,5280,3956,908_depth.tif,True,True,OPENCV,data\uav3dcrop\2025\Day001_Wheat\images\908.JPG,data\uav3dcrop_depth\2025\Day001_Wheat\908_depth.tif,https://huggingface.co/datasets/Link-Dev/UAV3DCrop/blob/main/2025/Day001_Wheat/images/908.JPG,https://huggingface.co/datasets/Link-Dev/UAV3DCrop_depth/blob/main/2025/Day001_Wheat_depth/908_depth.tif,main,metric_bias_corrected,16,20000,0.02535078125,0.03571554908752442,0.0754623932126332,0.0025313589096069337,0.053808212413365954,-0.0158906135870658,0.4998431618569636,0.06579104432726292
2025/Day001_Wheat,2025,Day001,wheat,908.JPG,908,DJI Mavic 3M RGB camera,oblique,oblique,0.7081770834942197,5280,3956,908_depth.tif,True,True,OPENCV,data\uav3dcrop\2025\Day001_Wheat\images\908.JPG,data\uav3dcrop_depth\2025\Day001_Wheat\908_depth.tif,https://huggingface.co/datasets/Link-Dev/UAV3DCrop/blob/main/2025/Day001_Wheat/images/908.JPG,https://huggingface.co/datasets/Link-Dev/UAV3DCrop_depth/blob/main/2025/Day001_Wheat_depth/908_depth.tif,main,metric_scale_shift,16,20000,0.02535078125,0.06686768321990967,0.13417849376122462,0.009357587337493896,0.053808232955993844,-0.015890122602722635,0.4998431618569636,0.06579104432726292
2025/Day001_Wheat,2025,Day001,wheat,908.JPG,908,DJI Mavic 3M RGB camera,oblique,oblique,0.7081770834942197,5280,3956,908_depth.tif,True,True,OPENCV,data\uav3dcrop\2025\Day001_Wheat\images\908.JPG,data\uav3dcrop_depth\2025\Day001_Wheat\908_depth.tif,https://huggingface.co/datasets/Link-Dev/UAV3DCrop/blob/main/2025/Day001_Wheat/images/908.JPG,https://huggingface.co/datasets/Link-Dev/UAV3DCrop_depth/blob/main/2025/Day001_Wheat_depth/908_depth.tif,main,relative_scale_shift,16,20000,0.02535078125,0.02587989330291748,0.06061809481893307,-0.002606855010986328,0.3986847304589431,0.2675471178373334,0.6126097867001254,0.06579104432726292
2025/Day001_Wheat,2025,Day001,wheat,908.JPG,908,DJI Mavic 3M RGB camera,oblique,oblique,0.7081770834942197,5280,3956,908_depth.tif,True,True,OPENCV,data\uav3dcrop\2025\Day001_Wheat\images\908.JPG,data\uav3dcrop_depth\2025\Day001_Wheat\908_depth.tif,https://huggingface.co/datasets/Link-Dev/UAV3DCrop/blob/main/2025/Day001_Wheat/images/908.JPG,https://huggingface.co/datasets/Link-Dev/UAV3DCrop_depth/blob/main/2025/Day001_Wheat_depth/908_depth.tif,main,metric_raw,32,20000,0.040246875,0.05842815399169922,0.11058604773078269,0.004612477445602417,0.0423554932402306,-0.023056376989540772,0.494130061997098,0.0847496871393331
2025/Day001_Wheat,2025,Day001,wheat,908.JPG,908,DJI Mavic 3M RGB camera,oblique,oblique,0.7081770834942197,5280,3956,908_depth.tif,True,True,OPENCV,data\uav3dcrop\2025\Day001_Wheat\images\908.JPG,data\uav3dcrop_depth\2025\Day001_Wheat\908_depth.tif,https://huggingface.co/datasets/Link-Dev/UAV3DCrop/blob/main/2025/Day001_Wheat/images/908.JPG,https://huggingface.co/datasets/Link-Dev/UAV3DCrop_depth/blob/main/2025/Day001_Wheat_depth/908_depth.tif,main,metric_bias_corrected,32,20000,0.040246875,0.05842815637588501,0.1105860451549083,0.004612473201751709,0.04235542840537954,-0.023056273333374254,0.494130061997098,0.0847496871393331
2025/Day001_Wheat,2025,Day001,wheat,908.JPG,908,DJI Mavic 3M RGB camera,oblique,oblique,0.7081770834942197,5280,3956,908_depth.tif,True,True,OPENCV,data\uav3dcrop\2025\Day001_Wheat\images\908.JPG,data\uav3dcrop_depth\2025\Day001_Wheat\908_depth.tif,https://huggingface.co/datasets/Link-Dev/UAV3DCrop/blob/main/2025/Day001_Wheat/images/908.JPG,https://huggingface.co/datasets/Link-Dev/UAV3DCrop_depth/blob/main/2025/Day001_Wheat_depth/908_depth.tif,main,metric_scale_shift,32,20000,0.040246875,0.1137438527584076,0.23389380199398377,0.01898452925682068,0.042355508185139015,-0.02305641339248663,0.494130061997098,0.0847496871393331
2025/Day001_Wheat,2025,Day001,wheat,908.JPG,908,DJI Mavic 3M RGB camera,oblique,oblique,0.7081770834942197,5280,3956,908_depth.tif,True,True,OPENCV,data\uav3dcrop\2025\Day001_Wheat\images\908.JPG,data\uav3dcrop_depth\2025\Day001_Wheat\908_depth.tif,https://huggingface.co/datasets/Link-Dev/UAV3DCrop/blob/main/2025/Day001_Wheat/images/908.JPG,https://huggingface.co/datasets/Link-Dev/UAV3DCrop_depth/blob/main/2025/Day001_Wheat_depth/908_depth.tif,main,relative_scale_shift,32,20000,0.040246875,0.03917871103286743,0.07518987751082075,-0.005860240459442139,0.4665545708780038,0.3190572661482433,0.6202347975201161,0.0847496871393331
2025/Day001_Wheat,2025,Day001,wheat,908.JPG,908,DJI Mavic 3M RGB camera,oblique,oblique,0.7081770834942197,5280,3956,908_depth.tif,True,True,OPENCV,data\uav3dcrop\2025\Day001_Wheat\images\908.JPG,data\uav3dcrop_depth\2025\Day001_Wheat\908_depth.tif,https://huggingface.co/datasets/Link-Dev/UAV3DCrop/blob/main/2025/Day001_Wheat/images/908.JPG,https://huggingface.co/datasets/Link-Dev/UAV3DCrop_depth/blob/main/2025/Day001_Wheat_depth/908_depth.tif,main,metric_raw,64,20000,0.0608515625,0.09447932820320129,0.17754068854274418,0.010354040431976318,0.05359974007610067,-0.045701698298933585,0.48792792792792794,0.12313707749299407
2025/Day001_Wheat,2025,Day001,wheat,908.JPG,908,DJI Mavic 3M RGB camera,oblique,oblique,0.7081770834942197,5280,3956,908_depth.tif,True,True,OPENCV,data\uav3dcrop\2025\Day001_Wheat\images\908.JPG,data\uav3dcrop_depth\2025\Day001_Wheat\908_depth.tif,https://huggingface.co/datasets/Link-Dev/UAV3DCrop/blob/main/2025/Day001_Wheat/images/908.JPG,https://huggingface.co/datasets/Link-Dev/UAV3DCrop_depth/blob/main/2025/Day001_Wheat_depth/908_depth.tif,main,metric_bias_corrected,64,20000,0.0608515625,0.09447934150695801,0.1775406883823414,0.010354041671752929,0.053599694226563625,-0.04570197003732301,0.48792792792792794,0.12313707749299407
2025/Day001_Wheat,2025,Day001,wheat,908.JPG,908,DJI Mavic 3M RGB camera,oblique,oblique,0.7081770834942197,5280,3956,908_depth.tif,True,True,OPENCV,data\uav3dcrop\2025\Day001_Wheat\images\908.JPG,data\uav3dcrop_depth\2025\Day001_Wheat\908_depth.tif,https://huggingface.co/datasets/Link-Dev/UAV3DCrop/blob/main/2025/Day001_Wheat/images/908.JPG,https://huggingface.co/datasets/Link-Dev/UAV3DCrop_depth/blob/main/2025/Day001_Wheat_depth/908_depth.tif,main,metric_scale_shift,64,20000,0.0608515625,0.19572757840156554,0.41169763772150275,0.03979855570793152,0.05359971582463349,-0.04570164089934488,0.48792792792792794,0.12313707749299407
2025/Day001_Wheat,2025,Day001,wheat,908.JPG,908,DJI Mavic 3M RGB camera,oblique,oblique,0.7081770834942197,5280,3956,908_depth.tif,True,True,OPENCV,data\uav3dcrop\2025\Day001_Wheat\images\908.JPG,data\uav3dcrop_depth\2025\Day001_Wheat\908_depth.tif,https://huggingface.co/datasets/Link-Dev/UAV3DCrop/blob/main/2025/Day001_Wheat/images/908.JPG,https://huggingface.co/datasets/Link-Dev/UAV3DCrop_depth/blob/main/2025/Day001_Wheat_depth/908_depth.tif,main,relative_scale_shift,64,20000,0.0608515625,0.0577445611000061,0.10324793531325803,-0.011075309085845947,0.5529485207326398,0.3950723184893706,0.6433633633633634,0.12313707749299407
2025/Day001_Wheat,2025,Day001,wheat,908.JPG,908,DJI Mavic 3M RGB camera,oblique,oblique,0.7081770834942197,5280,3956,908_depth.tif,True,True,OPENCV,data\uav3dcrop\2025\Day001_Wheat\images\908.JPG,data\uav3dcrop_depth\2025\Day001_Wheat\908_depth.tif,https://huggingface.co/datasets/Link-Dev/UAV3DCrop/blob/main/2025/Day001_Wheat/images/908.JPG,https://huggingface.co/datasets/Link-Dev/UAV3DCrop_depth/blob/main/2025/Day001_Wheat_depth/908_depth.tif,main,metric_raw,128,20000,0.0894421875,0.15320518803596497,0.2960336291728514,0.018895417928695677,-0.02199251997627195,-0.05948371966580884,0.48942869995501576,0.16753080405408086
2025/Day001_Wheat,2025,Day001,wheat,908.JPG,908,DJI Mavic 3M RGB camera,oblique,oblique,0.7081770834942197,5280,3956,908_depth.tif,True,True,OPENCV,data\uav3dcrop\2025\Day001_Wheat\images\908.JPG,data\uav3dcrop_depth\2025\Day001_Wheat\908_depth.tif,https://huggingface.co/datasets/Link-Dev/UAV3DCrop/blob/main/2025/Day001_Wheat/images/908.JPG,https://huggingface.co/datasets/Link-Dev/UAV3DCrop_depth/blob/main/2025/Day001_Wheat_depth/908_depth.tif,main,metric_bias_corrected,128,20000,0.0894421875,0.1532051787376404,0.29603362972919156,0.018895423793792724,-0.021992476255349645,-0.05948370738620973,0.48942869995501576,0.16753080405408086
2025/Day001_Wheat,2025,Day001,wheat,908.JPG,908,DJI Mavic 3M RGB camera,oblique,oblique,0.7081770834942197,5280,3956,908_depth.tif,True,True,OPENCV,data\uav3dcrop\2025\Day001_Wheat\images\908.JPG,data\uav3dcrop_depth\2025\Day001_Wheat\908_depth.tif,https://huggingface.co/datasets/Link-Dev/UAV3DCrop/blob/main/2025/Day001_Wheat/images/908.JPG,https://huggingface.co/datasets/Link-Dev/UAV3DCrop_depth/blob/main/2025/Day001_Wheat_depth/908_depth.tif,main,metric_scale_shift,128,20000,0.0894421875,0.34446670718193056,0.7369328386221379,0.07861288609504699,-0.021992535044680746,-0.059483679860250945,0.48942869995501576,0.16753080405408086
2025/Day001_Wheat,2025,Day001,wheat,908.JPG,908,DJI Mavic 3M RGB camera,oblique,oblique,0.7081770834942197,5280,3956,908_depth.tif,True,True,OPENCV,data\uav3dcrop\2025\Day001_Wheat\images\908.JPG,data\uav3dcrop_depth\2025\Day001_Wheat\908_depth.tif,https://huggingface.co/datasets/Link-Dev/UAV3DCrop/blob/main/2025/Day001_Wheat/images/908.JPG,https://huggingface.co/datasets/Link-Dev/UAV3DCrop_depth/blob/main/2025/Day001_Wheat_depth/908_depth.tif,main,relative_scale_shift,128,20000,0.0894421875,0.08603097772598267,0.1443395941023465,-0.02322779779434204,0.5422195400828458,0.4543407687115907,0.6652609086819613,0.16753080405408086
2025/Day007_Corn,2025,Day007,corn,1.JPG,1,DJI Mavic 3M RGB camera,nadir,nadir,0.9999954721327803,5280,3956,1_depth.tif,True,True,OPENCV,C:\Users\81902\Documents\Codex\2026-09-20\depth-anything-v2-python-uav-rgb\data\uav3dcrop\2025\Day007_Corn\images\1.JPG,C:\Users\81902\Documents\Codex\2026-09-20\depth-anything-v2-python-uav-rgb\data\uav3dcrop_depth\2025\Day007_Corn\1_depth.tif,https://huggingface.co/datasets/Link-Dev/UAV3DCrop/resolve/main/2025/Day007_Corn/images/1.JPG?download=true,https://huggingface.co/datasets/Link-Dev/UAV3DCrop_depth/resolve/main/2025/Day007_Corn_depth/1_depth.tif?download=true,main,metric_raw,8,20000,0.00432109375,0.010417155075073242,0.02204073214488912,0.0019520365715026855,0.057913485103232264,0.0009812678715857067,0.4978427612655801,0.018563926564895583
2025/Day007_Corn,2025,Day007,corn,1.JPG,1,DJI Mavic 3M RGB camera,nadir,nadir,0.9999954721327803,5280,3956,1_depth.tif,True,True,OPENCV,C:\Users\81902\Documents\Codex\2026-09-20\depth-anything-v2-python-uav-rgb\data\uav3dcrop\2025\Day007_Corn\images\1.JPG,C:\Users\81902\Documents\Codex\2026-09-20\depth-anything-v2-python-uav-rgb\data\uav3dcrop_depth\2025\Day007_Corn\1_depth.tif,https://huggingface.co/datasets/Link-Dev/UAV3DCrop/resolve/main/2025/Day007_Corn/images/1.JPG?download=true,https://huggingface.co/datasets/Link-Dev/UAV3DCrop_depth/resolve/main/2025/Day007_Corn_depth/1_depth.tif?download=true,main,metric_bias_corrected,8,20000,0.00432109375,0.010417151927947997,0.02204072419366691,0.0019520377159118652,0.05791424694991821,0.0009827334927536208,0.4978427612655801,0.018563926564895583
2025/Day007_Corn,2025,Day007,corn,1.JPG,1,DJI Mavic 3M RGB camera,nadir,nadir,0.9999954721327803,5280,3956,1_depth.tif,True,True,OPENCV,C:\Users\81902\Documents\Codex\2026-09-20\depth-anything-v2-python-uav-rgb\data\uav3dcrop\2025\Day007_Corn\images\1.JPG,C:\Users\81902\Documents\Codex\2026-09-20\depth-anything-v2-python-uav-rgb\data\uav3dcrop_depth\2025\Day007_Corn\1_depth.tif,https://huggingface.co/datasets/Link-Dev/UAV3DCrop/resolve/main/2025/Day007_Corn/images/1.JPG?download=true,https://huggingface.co/datasets/Link-Dev/UAV3DCrop_depth/resolve/main/2025/Day007_Corn_depth/1_depth.tif?download=true,main,metric_scale_shift,8,20000,0.00432109375,0.004472800445556641,0.018548675516181758,0.0002626443862915039,0.05791586074290052,0.0009523901249522635,0.49688398849472676,0.018563926564895583
2025/Day007_Corn,2025,Day007,corn,1.JPG,1,DJI Mavic 3M RGB camera,nadir,nadir,0.9999954721327803,5280,3956,1_depth.tif,True,True,OPENCV,C:\Users\81902\Documents\Codex\2026-09-20\depth-anything-v2-python-uav-rgb\data\uav3dcrop\2025\Day007_Corn\images\1.JPG,C:\Users\81902\Documents\Codex\2026-09-20\depth-anything-v2-python-uav-rgb\data\uav3dcrop_depth\2025\Day007_Corn\1_depth.tif,https://huggingface.co/datasets/Link-Dev/UAV3DCrop/resolve/main/2025/Day007_Corn/images/1.JPG?download=true,https://huggingface.co/datasets/Link-Dev/UAV3DCrop_depth/resolve/main/2025/Day007_Corn_depth/1_depth.tif?download=true,main,relative_scale_shift,8,20000,0.00432109375,0.004445773029327392,0.018147871939699533,0.0003711857795715332,0.3602159935471323,0.16095737151908868,0.6116970278044104,0.018563926564895583
2025/Day007_Corn,2025,Day007,corn,1.JPG,1,DJI Mavic 3M RGB camera,nadir,nadir,0.9999954721327803,5280,3956,1_depth.tif,True,True,OPENCV,C:\Users\81902\Documents\Codex\2026-09-20\depth-anything-v2-python-uav-rgb\data\uav3dcrop\2025\Day007_Corn\images\1.JPG,C:\Users\81902\Documents\Codex\2026-09-20\depth-anything-v2-python-uav-rgb\data\uav3dcrop_depth\2025\Day007_Corn\1_depth.tif,https://huggingface.co/datasets/Link-Dev/UAV3DCrop/resolve/main/2025/Day007_Corn/images/1.JPG?download=true,https://huggingface.co/datasets/Link-Dev/UAV3DCrop_depth/resolve/main/2025/Day007_Corn_depth/1_depth.tif?download=true,main,metric_raw,16,20000,0.008341796875,0.018552102732658386,0.0494474001621458,0.005175711178779602,0.044978964492068646,0.01889495641352831,0.5062633669416438,0.04395333196098348
2025/Day007_Corn,2025,Day007,corn,1.JPG,1,DJI Mavic 3M RGB camera,nadir,nadir,0.9999954721327803,5280,3956,1_depth.tif,True,True,OPENCV,C:\Users\81902\Documents\Codex\2026-09-20\depth-anything-v2-python-uav-rgb\data\uav3dcrop\2025\Day007_Corn\images\1.JPG,C:\Users\81902\Documents\Codex\2026-09-20\depth-anything-v2-python-uav-rgb\data\uav3dcrop_depth\2025\Day007_Corn\1_depth.tif,https://huggingface.co/datasets/Link-Dev/UAV3DCrop/resolve/main/2025/Day007_Corn/images/1.JPG?download=true,https://huggingface.co/datasets/Link-Dev/UAV3DCrop_depth/resolve/main/2025/Day007_Corn_depth/1_depth.tif?download=true,main,metric_bias_corrected,16,20000,0.008341796875,0.018552097606658935,0.04944739602213488,0.005175707340240479,0.0449792514777283,0.018894610040969286,0.5062633669416438,0.04395333196098348
2025/Day007_Corn,2025,Day007,corn,1.JPG,1,DJI Mavic 3M RGB camera,nadir,nadir,0.9999954721327803,5280,3956,1_depth.tif,True,True,OPENCV,C:\Users\81902\Documents\Codex\2026-09-20\depth-anything-v2-python-uav-rgb\data\uav3dcrop\2025\Day007_Corn\images\1.JPG,C:\Users\81902\Documents\Codex\2026-09-20\depth-anything-v2-python-uav-rgb\data\uav3dcrop_depth\2025\Day007_Corn\1_depth.tif,https://huggingface.co/datasets/Link-Dev/UAV3DCrop/resolve/main/2025/Day007_Corn/images/1.JPG?download=true,https://huggingface.co/datasets/Link-Dev/UAV3DCrop_depth/resolve/main/2025/Day007_Corn_depth/1_depth.tif?download=true,main,metric_scale_shift,16,20000,0.008341796875,0.0085620135307312,0.04394011605920571,0.0010111847877502442,0.04499087087169305,0.018891838805212394,0.5044301863733578,0.04395333196098348
2025/Day007_Corn,2025,Day007,corn,1.JPG,1,DJI Mavic 3M RGB camera,nadir,nadir,0.9999954721327803,5280,3956,1_depth.tif,True,True,OPENCV,C:\Users\81902\Documents\Codex\2026-09-20\depth-anything-v2-python-uav-rgb\data\uav3dcrop\2025\Day007_Corn\images\1.JPG,C:\Users\81902\Documents\Codex\2026-09-20\depth-anything-v2-python-uav-rgb\data\uav3dcrop_depth\2025\Day007_Corn\1_depth.tif,https://huggingface.co/datasets/Link-Dev/UAV3DCrop/resolve/main/2025/Day007_Corn/images/1.JPG?download=true,https://huggingface.co/datasets/Link-Dev/UAV3DCrop_depth/resolve/main/2025/Day007_Corn_depth/1_depth.tif?download=true,main,relative_scale_shift,16,20000,0.008341796875,0.008444326305389405,0.043398230684787556,0.0012178908348083495,0.2640275441760533,0.14959052564522746,0.5797433547204399,0.04395333196098348
2025/Day007_Corn,2025,Day007,corn,1.JPG,1,DJI Mavic 3M RGB camera,nadir,nadir,0.9999954721327803,5280,3956,1_depth.tif,True,True,OPENCV,C:\Users\81902\Documents\Codex\2026-09-20\depth-anything-v2-python-uav-rgb\data\uav3dcrop\2025\Day007_Corn\images\1.JPG,C:\Users\81902\Documents\Codex\2026-09-20\depth-anything-v2-python-uav-rgb\data\uav3dcrop_depth\2025\Day007_Corn\1_depth.tif,https://huggingface.co/datasets/Link-Dev/UAV3DCrop/resolve/main/2025/Day007_Corn/images/1.JPG?download=true,https://huggingface.co/datasets/Link-Dev/UAV3DCrop_depth/resolve/main/2025/Day007_Corn_depth/1_depth.tif?download=true,main,metric_raw,32,20000,0.01281953125,0.02930758354663849,0.053003501697875044,0.009628923344612121,0.14461536254857876,0.02928305714135987,0.507546717776713,0.041722584210510325
2025/Day007_Corn,2025,Day007,corn,1.JPG,1,DJI Mavic 3M RGB camera,nadir,nadir,0.9999954721327803,5280,3956,1_depth.tif,True,True,OPENCV,C:\Users\81902\Documents\Codex\2026-09-20\depth-anything-v2-python-uav-rgb\data\uav3dcrop\2025\Day007_Corn\images\1.JPG,C:\Users\81902\Documents\Codex\2026-09-20\depth-anything-v2-python-uav-rgb\data\uav3dcrop_depth\2025\Day007_Corn\1_depth.tif,https://huggingface.co/datasets/Link-Dev/UAV3DCrop/resolve/main/2025/Day007_Corn/images/1.JPG?download=true,https://huggingface.co/datasets/Link-Dev/UAV3DCrop_depth/resolve/main/2025/Day007_Corn_depth/1_depth.tif?download=true,main,metric_bias_corrected,32,20000,0.01281953125,0.029307589530944825,0.05300350103326097,0.009628922653198242,0.14461535084540553,0.029283374572736,0.5074269286056541,0.041722584210510325
2025/Day007_Corn,2025,Day007,corn,1.JPG,1,DJI Mavic 3M RGB camera,nadir,nadir,0.9999954721327803,5280,3956,1_depth.tif,True,True,OPENCV,C:\Users\81902\Documents\Codex\2026-09-20\depth-anything-v2-python-uav-rgb\data\uav3dcrop\2025\Day007_Corn\images\1.JPG,C:\Users\81902\Documents\Codex\2026-09-20\depth-anything-v2-python-uav-rgb\data\uav3dcrop_depth\2025\Day007_Corn\1_depth.tif,https://huggingface.co/datasets/Link-Dev/UAV3DCrop/resolve/main/2025/Day007_Corn/images/1.JPG?download=true,https://huggingface.co/datasets/Link-Dev/UAV3DCrop_depth/resolve/main/2025/Day007_Corn_depth/1_depth.tif?download=true,main,metric_scale_shift,32,20000,0.01281953125,0.013120785140991211,0.04161583467279398,0.0016081680297851562,0.1446219933134351,0.029289754812838423,0.5069477719214183,0.041722584210510325
2025/Day007_Corn,2025,Day007,corn,1.JPG,1,DJI Mavic 3M RGB camera,nadir,nadir,0.9999954721327803,5280,3956,1_depth.tif,True,True,OPENCV,C:\Users\81902\Documents\Codex\2026-09-20\depth-anything-v2-python-uav-rgb\data\uav3dcrop\2025\Day007_Corn\images\1.JPG,C:\Users\81902\Documents\Codex\2026-09-20\depth-anything-v2-python-uav-rgb\data\uav3dcrop_depth\2025\Day007_Corn\1_depth.tif,https://huggingface.co/datasets/Link-Dev/UAV3DCrop/resolve/main/2025/Day007_Corn/images/1.JPG?download=true,https://huggingface.co/datasets/Link-Dev/UAV3DCrop_depth/resolve/main/2025/Day007_Corn_depth/1_depth.tif?download=true,main,relative_scale_shift,32,20000,0.01281953125,0.012814584827423096,0.03921524565734326,0.002044227886199951,0.5895661467180039,0.17508842618837633,0.5700766650694777,0.041722584210510325
2025/Day007_Corn,2025,Day007,corn,1.JPG,1,DJI Mavic 3M RGB camera,nadir,nadir,0.9999954721327803,5280,3956,1_depth.tif,True,True,OPENCV,C:\Users\81902\Documents\Codex\2026-09-20\depth-anything-v2-python-uav-rgb\data\uav3dcrop\2025\Day007_Corn\images\1.JPG,C:\Users\81902\Documents\Codex\2026-09-20\depth-anything-v2-python-uav-rgb\data\uav3dcrop_depth\2025\Day007_Corn\1_depth.tif,https://huggingface.co/datasets/Link-Dev/UAV3DCrop/resolve/main/2025/Day007_Corn/images/1.JPG?download=true,https://huggingface.co/datasets/Link-Dev/UAV3DCrop_depth/resolve/main/2025/Day007_Corn_depth/1_depth.tif?download=true,main,metric_raw,64,20000,0.019823046875,0.04765701627731323,0.08891115367012052,0.01936414647102356,0.12337684703791324,0.028158604513992293,0.5015608740894901,0.07020694720352415
2025/Day007_Corn,2025,Day007,corn,1.JPG,1,DJI Mavic 3M RGB camera,nadir,nadir,0.9999954721327803,5280,3956,1_depth.tif,True,True,OPENCV,C:\Users\81902\Documents\Codex\2026-09-20\depth-anything-v2-python-uav-rgb\data\uav3dcrop\2025\Day007_Corn\images\1.JPG,C:\Users\81902\Documents\Codex\2026-09-20\depth-anything-v2-python-uav-rgb\data\uav3dcrop_depth\2025\Day007_Corn\1_depth.tif,https://huggingface.co/datasets/Link-Dev/UAV3DCrop/resolve/main/2025/Day007_Corn/images/1.JPG?download=true,https://huggingface.co/datasets/Link-Dev/UAV3DCrop_depth/resolve/main/2025/Day007_Corn_depth/1_depth.tif?download=true,main,metric_bias_corrected,64,20000,0.019823046875,0.04765701169967651,0.0889111554203314,0.019364145755767823,0.12337677712386427,0.02815859652882945,0.5015608740894901,0.07020694720352415
2025/Day007_Corn,2025,Day007,corn,1.JPG,1,DJI Mavic 3M RGB camera,nadir,nadir,0.9999954721327803,5280,3956,1_depth.tif,True,True,OPENCV,C:\Users\81902\Documents\Codex\2026-09-20\depth-anything-v2-python-uav-rgb\data\uav3dcrop\2025\Day007_Corn\images\1.JPG,C:\Users\81902\Documents\Codex\2026-09-20\depth-anything-v2-python-uav-rgb\data\uav3dcrop_depth\2025\Day007_Corn\1_depth.tif,https://huggingface.co/datasets/Link-Dev/UAV3DCrop/resolve/main/2025/Day007_Corn/images/1.JPG?download=true,https://huggingface.co/datasets/Link-Dev/UAV3DCrop_depth/resolve/main/2025/Day007_Corn_depth/1_depth.tif?download=true,main,metric_scale_shift,64,20000,0.019823046875,0.020255348587036134,0.07007437120487403,0.0027250207901000976,0.1233751353524759,0.028154947675406262,0.5014568158168574,0.07020694720352415
2025/Day007_Corn,2025,Day007,corn,1.JPG,1,DJI Mavic 3M RGB camera,nadir,nadir,0.9999954721327803,5280,3956,1_depth.tif,True,True,OPENCV,C:\Users\81902\Documents\Codex\2026-09-20\depth-anything-v2-python-uav-rgb\data\uav3dcrop\2025\Day007_Corn\images\1.JPG,C:\Users\81902\Documents\Codex\2026-09-20\depth-anything-v2-python-uav-rgb\data\uav3dcrop_depth\2025\Day007_Corn\1_depth.tif,https://huggingface.co/datasets/Link-Dev/UAV3DCrop/resolve/main/2025/Day007_Corn/images/1.JPG?download=true,https://huggingface.co/datasets/Link-Dev/UAV3DCrop_depth/resolve/main/2025/Day007_Corn_depth/1_depth.tif?download=true,main,relative_scale_shift,64,20000,0.019823046875,0.019602941513061523,0.06595093968045118,0.00360218391418457,0.5827065322570535,0.18942315439159288,0.5646201873048907,0.07020694720352415
2025/Day007_Corn,2025,Day007,corn,1.JPG,1,DJI Mavic 3M RGB camera,nadir,nadir,0.9999954721327803,5280,3956,1_depth.tif,True,True,OPENCV,C:\Users\81902\Documents\Codex\2026-09-20\depth-anything-v2-python-uav-rgb\data\uav3dcrop\2025\Day007_Corn\images\1.JPG,C:\Users\81902\Documents\Codex\2026-09-20\depth-anything-v2-python-uav-rgb\data\uav3dcrop_depth\2025\Day007_Corn\1_depth.tif,https://huggingface.co/datasets/Link-Dev/UAV3DCrop/resolve/main/2025/Day007_Corn/images/1.JPG?download=true,https://huggingface.co/datasets/Link-Dev/UAV3DCrop_depth/resolve/main/2025/Day007_Corn_depth/1_depth.tif?download=true,main,metric_raw,128,20000,0.028883984375,0.07487943725585937,0.12298235067482,0.038886934661865234,0.1171789686103346,-0.002981382243071476,0.48254837854555094,0.0838345640938766
2025/Day007_Corn,2025,Day007,corn,1.JPG,1,DJI Mavic 3M RGB camera,nadir,nadir,0.9999954721327803,5280,3956,1_depth.tif,True,True,OPENCV,C:\Users\81902\Documents\Codex\2026-09-20\depth-anything-v2-python-uav-rgb\data\uav3dcrop\2025\Day007_Corn\images\1.JPG,C:\Users\81902\Documents\Codex\2026-09-20\depth-anything-v2-python-uav-rgb\data\uav3dcrop_depth\2025\Day007_Corn\1_depth.tif,https://huggingface.co/datasets/Link-Dev/UAV3DCrop/resolve/main/2025/Day007_Corn/images/1.JPG?download=true,https://huggingface.co/datasets/Link-Dev/UAV3DCrop_depth/resolve/main/2025/Day007_Corn_depth/1_depth.tif?download=true,main,metric_bias_corrected,128,20000,0.028883984375,0.07487944059371948,0.12298235966189654,0.038886937808990475,0.11717896816094198,-0.002980818652968594,0.48254837854555094,0.0838345640938766
2025/Day007_Corn,2025,Day007,corn,1.JPG,1,DJI Mavic 3M RGB camera,nadir,nadir,0.9999954721327803,5280,3956,1_depth.tif,True,True,OPENCV,C:\Users\81902\Documents\Codex\2026-09-20\depth-anything-v2-python-uav-rgb\data\uav3dcrop\2025\Day007_Corn\images\1.JPG,C:\Users\81902\Documents\Codex\2026-09-20\depth-anything-v2-python-uav-rgb\data\uav3dcrop_depth\2025\Day007_Corn\1_depth.tif,https://huggingface.co/datasets/Link-Dev/UAV3DCrop/resolve/main/2025/Day007_Corn/images/1.JPG?download=true,https://huggingface.co/datasets/Link-Dev/UAV3DCrop_depth/resolve/main/2025/Day007_Corn_depth/1_depth.tif?download=true,main,metric_scale_shift,128,20000,0.028883984375,0.029585108566284178,0.08372005358483119,0.004894857597351074,0.11717884119169268,-0.0029760179205382143,0.48237165326499953,0.0838345640938766
2025/Day007_Corn,2025,Day007,corn,1.JPG,1,DJI Mavic 3M RGB camera,nadir,nadir,0.9999954721327803,5280,3956,1_depth.tif,True,True,OPENCV,C:\Users\81902\Documents\Codex\2026-09-20\depth-anything-v2-python-uav-rgb\data\uav3dcrop\2025\Day007_Corn\images\1.JPG,C:\Users\81902\Documents\Codex\2026-09-20\depth-anything-v2-python-uav-rgb\data\uav3dcrop_depth\2025\Day007_Corn\1_depth.tif,https://huggingface.co/datasets/Link-Dev/UAV3DCrop/resolve/main/2025/Day007_Corn/images/1.JPG?download=true,https://huggingface.co/datasets/Link-Dev/UAV3DCrop_depth/resolve/main/2025/Day007_Corn_depth/1_depth.tif?download=true,main,relative_scale_shift,128,20000,0.028883984375,0.028357076740264893,0.07468226893822233,0.0067484240531921385,0.7441794579995465,0.18218604064483263,0.5357426879915171,0.0838345640938766
2025/Day007_Corn,2025,Day007,corn,33.JPG,33,DJI Mavic 3M RGB camera,nadir,nadir,0.9999647586221735,5280,3956,33_depth.tif,True,True,OPENCV,C:\Users\81902\Documents\Codex\2026-09-20\depth-anything-v2-python-uav-rgb\data\uav3dcrop\2025\Day007_Corn\images\33.JPG,C:\Users\81902\Documents\Codex\2026-09-20\depth-anything-v2-python-uav-rgb\data\uav3dcrop_depth\2025\Day007_Corn\33_depth.tif,https://huggingface.co/datasets/Link-Dev/UAV3DCrop/resolve/main/2025/Day007_Corn/images/33.JPG?download=true,https://huggingface.co/datasets/Link-Dev/UAV3DCrop_depth/resolve/main/2025/Day007_Corn_depth/33_depth.tif?download=true,main,metric_raw,8,20000,0.00244765625,0.0071777121543884275,0.018902031003043523,0.0006046871185302734,0.00931587578721809,-0.00019424300601546512,0.5367190354402631,0.016220892481774038
2025/Day007_Corn,2025,Day007,corn,33.JPG,33,DJI Mavic 3M RGB camera,nadir,nadir,0.9999647586221735,5280,3956,33_depth.tif,True,True,OPENCV,C:\Users\81902\Documents\Codex\2026-09-20\depth-anything-v2-python-uav-rgb\data\uav3dcrop\2025\Day007_Corn\images\33.JPG,C:\Users\81902\Documents\Codex\2026-09-20\depth-anything-v2-python-uav-rgb\data\uav3dcrop_depth\2025\Day007_Corn\33_depth.tif,https://huggingface.co/datasets/Link-Dev/UAV3DCrop/resolve/main/2025/Day007_Corn/images/33.JPG?download=true,https://huggingface.co/datasets/Link-Dev/UAV3DCrop_depth/resolve/main/2025/Day007_Corn_depth/33_depth.tif?download=true,main,metric_bias_corrected,8,20000,0.00244765625,0.007177713394165039,0.018902029671161835,0.0006046873092651367,0.009315682166203005,-0.00019455031757715073,0.536353671903544,0.016220892481774038
2025/Day007_Corn,2025,Day007,corn,33.JPG,33,DJI Mavic 3M RGB camera,nadir,nadir,0.9999647586221735,5280,3956,33_depth.tif,True,True,OPENCV,C:\Users\81902\Documents\Codex\2026-09-20\depth-anything-v2-python-uav-rgb\data\uav3dcrop\2025\Day007_Corn\images\33.JPG,C:\Users\81902\Documents\Codex\2026-09-20\depth-anything-v2-python-uav-rgb\data\uav3dcrop_depth\2025\Day007_Corn\33_depth.tif,https://huggingface.co/datasets/Link-Dev/UAV3DCrop/resolve/main/2025/Day007_Corn/images/33.JPG?download=true,https://huggingface.co/datasets/Link-Dev/UAV3DCrop_depth/resolve/main/2025/Day007_Corn_depth/33_depth.tif?download=true,main,metric_scale_shift,8,20000,0.00244765625,0.004387400531768799,0.01669039594513145,-8.113737106323242e-05,0.009313898627568231,-0.00019282493905383466,0.536353671903544,0.016220892481774038
2025/Day007_Corn,2025,Day007,corn,33.JPG,33,DJI Mavic 3M RGB camera,nadir,nadir,0.9999647586221735,5280,3956,33_depth.tif,True,True,OPENCV,C:\Users\81902\Documents\Codex\2026-09-20\depth-anything-v2-python-uav-rgb\data\uav3dcrop\2025\Day007_Corn\images\33.JPG,C:\Users\81902\Documents\Codex\2026-09-20\depth-anything-v2-python-uav-rgb\data\uav3dcrop_depth\2025\Day007_Corn\33_depth.tif,https://huggingface.co/datasets/Link-Dev/UAV3DCrop/resolve/main/2025/Day007_Corn/images/33.JPG?download=true,https://huggingface.co/datasets/Link-Dev/UAV3DCrop_depth/resolve/main/2025/Day007_Corn_depth/33_depth.tif?download=true,main,relative_scale_shift,8,20000,0.00244765625,0.00305523738861084,0.016186761471708406,4.9477386474609376e-05,0.06666572160332097,0.014659528343101188,0.5823894775301425,0.016220892481774038
2025/Day007_Corn,2025,Day007,corn,33.JPG,33,DJI Mavic 3M RGB camera,nadir,nadir,0.9999647586221735,5280,3956,33_depth.tif,True,True,OPENCV,C:\Users\81902\Documents\Codex\2026-09-20\depth-anything-v2-python-uav-rgb\data\uav3dcrop\2025\Day007_Corn\images\33.JPG,C:\Users\81902\Documents\Codex\2026-09-20\depth-anything-v2-python-uav-rgb\data\uav3dcrop_depth\2025\Day007_Corn\33_depth.tif,https://huggingface.co/datasets/Link-Dev/UAV3DCrop/resolve/main/2025/Day007_Corn/images/33.JPG?download=true,https://huggingface.co/datasets/Link-Dev/UAV3DCrop_depth/resolve/main/2025/Day007_Corn_depth/33_depth.tif?download=true,main,metric_raw,16,20000,0.0046765625,0.0120759126663208,0.03213367024155897,0.0009584650993347168,0.0006616113845334621,0.009278511635378968,0.5459459459459459,0.028225271559186877
2025/Day007_Corn,2025,Day007,corn,33.JPG,33,DJI Mavic 3M RGB camera,nadir,nadir,0.9999647586221735,5280,3956,33_depth.tif,True,True,OPENCV,C:\Users\81902\Documents\Codex\2026-09-20\depth-anything-v2-python-uav-rgb\data\uav3dcrop\2025\Day007_Corn\images\33.JPG,C:\Users\81902\Documents\Codex\2026-09-20\depth-anything-v2-python-uav-rgb\data\uav3dcrop_depth\2025\Day007_Corn\33_depth.tif,https://huggingface.co/datasets/Link-Dev/UAV3DCrop/resolve/main/2025/Day007_Corn/images/33.JPG?download=true,https://huggingface.co/datasets/Link-Dev/UAV3DCrop_depth/resolve/main/2025/Day007_Corn_depth/33_depth.tif?download=true,main,metric_bias_corrected,16,20000,0.0046765625,0.012075910186767578,0.032133674838641386,0.0009584741592407227,0.0006615593313803742,0.00927889716136833,0.5459459459459459,0.028225271559186877
2025/Day007_Corn,2025,Day007,corn,33.JPG,33,DJI Mavic 3M RGB camera,nadir,nadir,0.9999647586221735,5280,3956,33_depth.tif,True,True,OPENCV,C:\Users\81902\Documents\Codex\2026-09-20\depth-anything-v2-python-uav-rgb\data\uav3dcrop\2025\Day007_Corn\images\33.JPG,C:\Users\81902\Documents\Codex\2026-09-20\depth-anything-v2-python-uav-rgb\data\uav3dcrop_depth\2025\Day007_Corn\33_depth.tif,https://huggingface.co/datasets/Link-Dev/UAV3DCrop/resolve/main/2025/Day007_Corn/images/33.JPG?download=true,https://huggingface.co/datasets/Link-Dev/UAV3DCrop_depth/resolve/main/2025/Day007_Corn_depth/33_depth.tif?download=true,main,metric_scale_shift,16,20000,0.0046765625,0.007654803466796875,0.028934878547813434,-0.0004473667144775391,0.0006610734558558904,0.009275928375791127,0.5457297297297298,0.028225271559186877
2025/Day007_Corn,2025,Day007,corn,33.JPG,33,DJI Mavic 3M RGB camera,nadir,nadir,0.9999647586221735,5280,3956,33_depth.tif,True,True,OPENCV,C:\Users\81902\Documents\Codex\2026-09-20\depth-anything-v2-python-uav-rgb\data\uav3dcrop\2025\Day007_Corn\images\33.JPG,C:\Users\81902\Documents\Codex\2026-09-20\depth-anything-v2-python-uav-rgb\data\uav3dcrop_depth\2025\Day007_Corn\33_depth.tif,https://huggingface.co/datasets/Link-Dev/UAV3DCrop/resolve/main/2025/Day007_Corn/images/33.JPG?download=true,https://huggingface.co/datasets/Link-Dev/UAV3DCrop_depth/resolve/main/2025/Day007_Corn_depth/33_depth.tif?download=true,main,relative_scale_shift,16,20000,0.0046765625,0.005691407775878906,0.02819893504134413,-0.0001965402603149414,0.04552885557815586,0.031059731277185865,0.5796756756756757,0.028225271559186877
2025/Day007_Corn,2025,Day007,corn,33.JPG,33,DJI Mavic 3M RGB camera,nadir,nadir,0.9999647586221735,5280,3956,33_depth.tif,True,True,OPENCV,C:\Users\81902\Documents\Codex\2026-09-20\depth-anything-v2-python-uav-rgb\data\uav3dcrop\2025\Day007_Corn\images\33.JPG,C:\Users\81902\Documents\Codex\2026-09-20\depth-anything-v2-python-uav-rgb\data\uav3dcrop_depth\2025\Day007_Corn\33_depth.tif,https://huggingface.co/datasets/Link-Dev/UAV3DCrop/resolve/main/2025/Day007_Corn/images/33.JPG?download=true,https://huggingface.co/datasets/Link-Dev/UAV3DCrop_depth/resolve/main/2025/Day007_Corn_depth/33_depth.tif?download=true,main,metric_raw,32,20000,0.00752421875,0.019637834811210633,0.04580190441209679,0.0016519675970077515,0.0018295179527675395,-0.011708417775787561,0.5441818455517086,0.030562790281325317
2025/Day007_Corn,2025,Day007,corn,33.JPG,33,DJI Mavic 3M RGB camera,nadir,nadir,0.9999647586221735,5280,3956,33_depth.tif,True,True,OPENCV,C:\Users\81902\Documents\Codex\2026-09-20\depth-anything-v2-python-uav-rgb\data\uav3dcrop\2025\Day007_Corn\images\33.JPG,C:\Users\81902\Documents\Codex\2026-09-20\depth-anything-v2-python-uav-rgb\data\uav3dcrop_depth\2025\Day007_Corn\33_depth.tif,https://huggingface.co/datasets/Link-Dev/UAV3DCrop/resolve/main/2025/Day007_Corn/images/33.JPG?download=true,https://huggingface.co/datasets/Link-Dev/UAV3DCrop_depth/resolve/main/2025/Day007_Corn_depth/33_depth.tif?download=true,main,metric_bias_corrected,32,20000,0.00752421875,0.01963783264160156,0.045801899716088744,0.0016519668579101563,0.0018295604207169789,-0.01170824569745327,0.5441818455517086,0.030562790281325317
2025/Day007_Corn,2025,Day007,corn,33.JPG,33,DJI Mavic 3M RGB camera,nadir,nadir,0.9999647586221735,5280,3956,33_depth.tif,True,True,OPENCV,C:\Users\81902\Documents\Codex\2026-09-20\depth-anything-v2-python-uav-rgb\data\uav3dcrop\2025\Day007_Corn\images\33.JPG,C:\Users\81902\Documents\Codex\2026-09-20\depth-anything-v2-python-uav-rgb\data\uav3dcrop_depth\2025\Day007_Corn\33_depth.tif,https://huggingface.co/datasets/Link-Dev/UAV3DCrop/resolve/main/2025/Day007_Corn/images/33.JPG?download=true,https://huggingface.co/datasets/Link-Dev/UAV3DCrop_depth/resolve/main/2025/Day007_Corn_depth/33_depth.tif?download=true,main,metric_scale_shift,32,20000,0.00752421875,0.01201928768157959,0.03368285169028067,-0.0011313375473022461,0.001830239504471987,-0.01170649920059871,0.5441818455517086,0.030562790281325317
2025/Day007_Corn,2025,Day007,corn,33.JPG,33,DJI Mavic 3M RGB camera,nadir,nadir,0.9999647586221735,5280,3956,33_depth.tif,True,True,OPENCV,C:\Users\81902\Documents\Codex\2026-09-20\depth-anything-v2-python-uav-rgb\data\uav3dcrop\2025\Day007_Corn\images\33.JPG,C:\Users\81902\Documents\Codex\2026-09-20\depth-anything-v2-python-uav-rgb\data\uav3dcrop_depth\2025\Day007_Corn\33_depth.tif,https://huggingface.co/datasets/Link-Dev/UAV3DCrop/resolve/main/2025/Day007_Corn/images/33.JPG?download=true,https://huggingface.co/datasets/Link-Dev/UAV3DCrop_depth/resolve/main/2025/Day007_Corn_depth/33_depth.tif?download=true,main,relative_scale_shift,32,20000,0.00752421875,0.009130684852600098,0.03048792999944092,-0.0006260734558105469,0.07788225645368732,0.032128535667588214,0.592503387023935,0.030562790281325317
2025/Day007_Corn,2025,Day007,corn,33.JPG,33,DJI Mavic 3M RGB camera,nadir,nadir,0.9999647586221735,5280,3956,33_depth.tif,True,True,OPENCV,C:\Users\81902\Documents\Codex\2026-09-20\depth-anything-v2-python-uav-rgb\data\uav3dcrop\2025\Day007_Corn\images\33.JPG,C:\Users\81902\Documents\Codex\2026-09-20\depth-anything-v2-python-uav-rgb\data\uav3dcrop_depth\2025\Day007_Corn\33_depth.tif,https://huggingface.co/datasets/Link-Dev/UAV3DCrop/resolve/main/2025/Day007_Corn/images/33.JPG?download=true,https://huggingface.co/datasets/Link-Dev/UAV3DCrop_depth/resolve/main/2025/Day007_Corn_depth/33_depth.tif?download=true,main,metric_raw,64,20000,0.0131953125,0.03300582985877991,0.0798146334611181,0.0026326485157012938,-0.00523653023455428,-0.012962860758961229,0.5567151591819524,0.04513318698996442
2025/Day007_Corn,2025,Day007,corn,33.JPG,33,DJI Mavic 3M RGB camera,nadir,nadir,0.9999647586221735,5280,3956,33_depth.tif,True,True,OPENCV,C:\Users\81902\Documents\Codex\2026-09-20\depth-anything-v2-python-uav-rgb\data\uav3dcrop\2025\Day007_Corn\images\33.JPG,C:\Users\81902\Documents\Codex\2026-09-20\depth-anything-v2-python-uav-rgb\data\uav3dcrop_depth\2025\Day007_Corn\33_depth.tif,https://huggingface.co/datasets/Link-Dev/UAV3DCrop/resolve/main/2025/Day007_Corn/images/33.JPG?download=true,https://huggingface.co/datasets/Link-Dev/UAV3DCrop_depth/resolve/main/2025/Day007_Corn_depth/33_depth.tif?download=true,main,metric_bias_corrected,64,20000,0.0131953125,0.033005840969085695,0.07981463611027141,0.0026326472282409666,-0.005236558678470909,-0.01296297561624672,0.5567151591819524,0.04513318698996442
2025/Day007_Corn,2025,Day007,corn,33.JPG,33,DJI Mavic 3M RGB camera,nadir,nadir,0.9999647586221735,5280,3956,33_depth.tif,True,True,OPENCV,C:\Users\81902\Documents\Codex\2026-09-20\depth-anything-v2-python-uav-rgb\data\uav3dcrop\2025\Day007_Corn\images\33.JPG,C:\Users\81902\Documents\Codex\2026-09-20\depth-anything-v2-python-uav-rgb\data\uav3dcrop_depth\2025\Day007_Corn\33_depth.tif,https://huggingface.co/datasets/Link-Dev/UAV3DCrop/resolve/main/2025/Day007_Corn/images/33.JPG?download=true,https://huggingface.co/datasets/Link-Dev/UAV3DCrop_depth/resolve/main/2025/Day007_Corn_depth/33_depth.tif?download=true,main,metric_scale_shift,64,20000,0.0131953125,0.01963195400238037,0.05290446278101696,-0.0029489158630371095,-0.005236956347578833,-0.012963838729180234,0.5567151591819524,0.04513318698996442
2025/Day007_Corn,2025,Day007,corn,33.JPG,33,DJI Mavic 3M RGB camera,nadir,nadir,0.9999647586221735,5280,3956,33_depth.tif,True,True,OPENCV,C:\Users\81902\Documents\Codex\2026-09-20\depth-anything-v2-python-uav-rgb\data\uav3dcrop\2025\Day007_Corn\images\33.JPG,C:\Users\81902\Documents\Codex\2026-09-20\depth-anything-v2-python-uav-rgb\data\uav3dcrop_depth\2025\Day007_Corn\33_depth.tif,https://huggingface.co/datasets/Link-Dev/UAV3DCrop/resolve/main/2025/Day007_Corn/images/33.JPG?download=true,https://huggingface.co/datasets/Link-Dev/UAV3DCrop_depth/resolve/main/2025/Day007_Corn_depth/33_depth.tif?download=true,main,relative_scale_shift,64,20000,0.0131953125,0.015312294483184814,0.045340044892665174,-0.002007483959197998,0.04413453550553858,0.05037482072175817,0.5939278937381404,0.04513318698996442
2025/Day007_Corn,2025,Day007,corn,33.JPG,33,DJI Mavic 3M RGB camera,nadir,nadir,0.9999647586221735,5280,3956,33_depth.tif,True,True,OPENCV,C:\Users\81902\Documents\Codex\2026-09-20\depth-anything-v2-python-uav-rgb\data\uav3dcrop\2025\Day007_Corn\images\33.JPG,C:\Users\81902\Documents\Codex\2026-09-20\depth-anything-v2-python-uav-rgb\data\uav3dcrop_depth\2025\Day007_Corn\33_depth.tif,https://huggingface.co/datasets/Link-Dev/UAV3DCrop/resolve/main/2025/Day007_Corn/images/33.JPG?download=true,https://huggingface.co/datasets/Link-Dev/UAV3DCrop_depth/resolve/main/2025/Day007_Corn_depth/33_depth.tif?download=true,main,metric_raw,128,20000,0.02178125,0.05553153991699219,0.08335057948456671,0.007059281015396118,-0.022630902839754382,0.009394966923783474,0.5940420094241674,0.05350544209689678
2025/Day007_Corn,2025,Day007,corn,33.JPG,33,DJI Mavic 3M RGB camera,nadir,nadir,0.9999647586221735,5280,3956,33_depth.tif,True,True,OPENCV,C:\Users\81902\Documents\Codex\2026-09-20\depth-anything-v2-python-uav-rgb\data\uav3dcrop\2025\Day007_Corn\images\33.JPG,C:\Users\81902\Documents\Codex\2026-09-20\depth-anything-v2-python-uav-rgb\data\uav3dcrop_depth\2025\Day007_Corn\33_depth.tif,https://huggingface.co/datasets/Link-Dev/UAV3DCrop/resolve/main/2025/Day007_Corn/images/33.JPG?download=true,https://huggingface.co/datasets/Link-Dev/UAV3DCrop_depth/resolve/main/2025/Day007_Corn_depth/33_depth.tif?download=true,main,metric_bias_corrected,128,20000,0.02178125,0.05553153553009033,0.08335057045036405,0.007059281539916992,-0.022630821422385122,0.009395119123096993,0.5940420094241674,0.05350544209689678
2025/Day007_Corn,2025,Day007,corn,33.JPG,33,DJI Mavic 3M RGB camera,nadir,nadir,0.9999647586221735,5280,3956,33_depth.tif,True,True,OPENCV,C:\Users\81902\Documents\Codex\2026-09-20\depth-anything-v2-python-uav-rgb\data\uav3dcrop\2025\Day007_Corn\images\33.JPG,C:\Users\81902\Documents\Codex\2026-09-20\depth-anything-v2-python-uav-rgb\data\uav3dcrop_depth\2025\Day007_Corn\33_depth.tif,https://huggingface.co/datasets/Link-Dev/UAV3DCrop/resolve/main/2025/Day007_Corn/images/33.JPG?download=true,https://huggingface.co/datasets/Link-Dev/UAV3DCrop_depth/resolve/main/2025/Day007_Corn_depth/33_depth.tif?download=true,main,metric_scale_shift,128,20000,0.02178125,0.031430352115631104,0.060142656903382344,-0.0047217419624328615,-0.02263053035534057,0.009394774367540257,0.5940420094241674,0.05350544209689678
2025/Day007_Corn,2025,Day007,corn,33.JPG,33,DJI Mavic 3M RGB camera,nadir,nadir,0.9999647586221735,5280,3956,33_depth.tif,True,True,OPENCV,C:\Users\81902\Documents\Codex\2026-09-20\depth-anything-v2-python-uav-rgb\data\uav3dcrop\2025\Day007_Corn\images\33.JPG,C:\Users\81902\Documents\Codex\2026-09-20\depth-anything-v2-python-uav-rgb\data\uav3dcrop_depth\2025\Day007_Corn\33_depth.tif,https://huggingface.co/datasets/Link-Dev/UAV3DCrop/resolve/main/2025/Day007_Corn/images/33.JPG?download=true,https://huggingface.co/datasets/Link-Dev/UAV3DCrop_depth/resolve/main/2025/Day007_Corn_depth/33_depth.tif?download=true,main,relative_scale_shift,128,20000,0.02178125,0.024881378555297852,0.0543894878256842,-0.0034033332824707032,0.04234413174303799,0.08539611384173931,0.6058621515853366,0.05350544209689678
2025/Day007_Corn,2025,Day007,corn,64.JPG,64,DJI Mavic 3M RGB camera,nadir,nadir,0.9999746975571722,5280,3956,64_depth.tif,True,True,OPENCV,C:\Users\81902\Documents\Codex\2026-09-20\depth-anything-v2-python-uav-rgb\data\uav3dcrop\2025\Day007_Corn\images\64.JPG,C:\Users\81902\Documents\Codex\2026-09-20\depth-anything-v2-python-uav-rgb\data\uav3dcrop_depth\2025\Day007_Corn\64_depth.tif,https://huggingface.co/datasets/Link-Dev/UAV3DCrop/resolve/main/2025/Day007_Corn/images/64.JPG?download=true,https://huggingface.co/datasets/Link-Dev/UAV3DCrop_depth/resolve/main/2025/Day007_Corn_depth/64_depth.tif?download=true,main,metric_raw,8,20000,0.00379140625,0.009369078731536865,0.04633732029385363,-0.0019052632331848145,-0.007597724696872273,-0.020920477454291236,0.4708185053380783,0.0447960191797283
2025/Day007_Corn,2025,Day007,corn,64.JPG,64,DJI Mavic 3M RGB camera,nadir,nadir,0.9999746975571722,5280,3956,64_depth.tif,True,True,OPENCV,C:\Users\81902\Documents\Codex\2026-09-20\depth-anything-v2-python-uav-rgb\data\uav3dcrop\2025\Day007_Corn\images\64.JPG,C:\Users\81902\Documents\Codex\2026-09-20\depth-anything-v2-python-uav-rgb\data\uav3dcrop_depth\2025\Day007_Corn\64_depth.tif,https://huggingface.co/datasets/Link-Dev/UAV3DCrop/resolve/main/2025/Day007_Corn/images/64.JPG?download=true,https://huggingface.co/datasets/Link-Dev/UAV3DCrop_depth/resolve/main/2025/Day007_Corn_depth/64_depth.tif?download=true,main,metric_bias_corrected,8,20000,0.00379140625,0.009369089126586913,0.046337326459555656,-0.0019052684783935547,-0.007598050753101082,-0.0209215016780745,0.4708185053380783,0.0447960191797283
2025/Day007_Corn,2025,Day007,corn,64.JPG,64,DJI Mavic 3M RGB camera,nadir,nadir,0.9999746975571722,5280,3956,64_depth.tif,True,True,OPENCV,C:\Users\81902\Documents\Codex\2026-09-20\depth-anything-v2-python-uav-rgb\data\uav3dcrop\2025\Day007_Corn\images\64.JPG,C:\Users\81902\Documents\Codex\2026-09-20\depth-anything-v2-python-uav-rgb\data\uav3dcrop_depth\2025\Day007_Corn\64_depth.tif,https://huggingface.co/datasets/Link-Dev/UAV3DCrop/resolve/main/2025/Day007_Corn/images/64.JPG?download=true,https://huggingface.co/datasets/Link-Dev/UAV3DCrop_depth/resolve/main/2025/Day007_Corn_depth/64_depth.tif?download=true,main,metric_scale_shift,8,20000,0.00379140625,0.0043166990280151364,0.04480717578317735,-0.000661870002746582,0.007595987575808733,0.02091998130806084,0.5284697508896797,0.0447960191797283
2025/Day007_Corn,2025,Day007,corn,64.JPG,64,DJI Mavic 3M RGB camera,nadir,nadir,0.9999746975571722,5280,3956,64_depth.tif,True,True,OPENCV,C:\Users\81902\Documents\Codex\2026-09-20\depth-anything-v2-python-uav-rgb\data\uav3dcrop\2025\Day007_Corn\images\64.JPG,C:\Users\81902\Documents\Codex\2026-09-20\depth-anything-v2-python-uav-rgb\data\uav3dcrop_depth\2025\Day007_Corn\64_depth.tif,https://huggingface.co/datasets/Link-Dev/UAV3DCrop/resolve/main/2025/Day007_Corn/images/64.JPG?download=true,https://huggingface.co/datasets/Link-Dev/UAV3DCrop_depth/resolve/main/2025/Day007_Corn_depth/64_depth.tif?download=true,main,relative_scale_shift,8,20000,0.00379140625,0.0038601460456848145,0.04474464048363647,-0.0007294674873352051,0.12427385244062042,0.11202637511484427,0.6544483985765125,0.0447960191797283
2025/Day007_Corn,2025,Day007,corn,64.JPG,64,DJI Mavic 3M RGB camera,nadir,nadir,0.9999746975571722,5280,3956,64_depth.tif,True,True,OPENCV,C:\Users\81902\Documents\Codex\2026-09-20\depth-anything-v2-python-uav-rgb\data\uav3dcrop\2025\Day007_Corn\images\64.JPG,C:\Users\81902\Documents\Codex\2026-09-20\depth-anything-v2-python-uav-rgb\data\uav3dcrop_depth\2025\Day007_Corn\64_depth.tif,https://huggingface.co/datasets/Link-Dev/UAV3DCrop/resolve/main/2025/Day007_Corn/images/64.JPG?download=true,https://huggingface.co/datasets/Link-Dev/UAV3DCrop_depth/resolve/main/2025/Day007_Corn_depth/64_depth.tif?download=true,main,metric_raw,16,20000,0.00787421875,0.01737197434902191,0.07683270362684982,-0.0039198153734207155,-0.0009498668007040946,-0.05120316553710237,0.4477548414556289,0.07013775678012138
2025/Day007_Corn,2025,Day007,corn,64.JPG,64,DJI Mavic 3M RGB camera,nadir,nadir,0.9999746975571722,5280,3956,64_depth.tif,True,True,OPENCV,C:\Users\81902\Documents\Codex\2026-09-20\depth-anything-v2-python-uav-rgb\data\uav3dcrop\2025\Day007_Corn\images\64.JPG,C:\Users\81902\Documents\Codex\2026-09-20\depth-anything-v2-python-uav-rgb\data\uav3dcrop_depth\2025\Day007_Corn\64_depth.tif,https://huggingface.co/datasets/Link-Dev/UAV3DCrop/resolve/main/2025/Day007_Corn/images/64.JPG?download=true,https://huggingface.co/datasets/Link-Dev/UAV3DCrop_depth/resolve/main/2025/Day007_Corn_depth/64_depth.tif?download=true,main,metric_bias_corrected,16,20000,0.00787421875,0.017371977138519287,0.07683269610081621,-0.003919809818267822,-0.0009496499657491013,-0.051202422687968895,0.4477548414556289,0.07013775678012138
2025/Day007_Corn,2025,Day007,corn,64.JPG,64,DJI Mavic 3M RGB camera,nadir,nadir,0.9999746975571722,5280,3956,64_depth.tif,True,True,OPENCV,C:\Users\81902\Documents\Codex\2026-09-20\depth-anything-v2-python-uav-rgb\data\uav3dcrop\2025\Day007_Corn\images\64.JPG,C:\Users\81902\Documents\Codex\2026-09-20\depth-anything-v2-python-uav-rgb\data\uav3dcrop_depth\2025\Day007_Corn\64_depth.tif,https://huggingface.co/datasets/Link-Dev/UAV3DCrop/resolve/main/2025/Day007_Corn/images/64.JPG?download=true,https://huggingface.co/datasets/Link-Dev/UAV3DCrop_depth/resolve/main/2025/Day007_Corn_depth/64_depth.tif?download=true,main,metric_scale_shift,16,20000,0.00787421875,0.008660794830322265,0.07021836073065006,-0.0012755022048950195,0.0009496589451966744,0.05120222914896103,0.551393913598638,0.07013775678012138
2025/Day007_Corn,2025,Day007,corn,64.JPG,64,DJI Mavic 3M RGB camera,nadir,nadir,0.9999746975571722,5280,3956,64_depth.tif,True,True,OPENCV,C:\Users\81902\Documents\Codex\2026-09-20\depth-anything-v2-python-uav-rgb\data\uav3dcrop\2025\Day007_Corn\images\64.JPG,C:\Users\81902\Documents\Codex\2026-09-20\depth-anything-v2-python-uav-rgb\data\uav3dcrop_depth\2025\Day007_Corn\64_depth.tif,https://huggingface.co/datasets/Link-Dev/UAV3DCrop/resolve/main/2025/Day007_Corn/images/64.JPG?download=true,https://huggingface.co/datasets/Link-Dev/UAV3DCrop_depth/resolve/main/2025/Day007_Corn_depth/64_depth.tif?download=true,main,relative_scale_shift,16,20000,0.00787421875,0.00796938076019287,0.06999737688479889,-0.0014191205978393556,0.20991363567736304,0.1442619192687813,0.6516280059587146,0.07013775678012138
2025/Day007_Corn,2025,Day007,corn,64.JPG,64,DJI Mavic 3M RGB camera,nadir,nadir,0.9999746975571722,5280,3956,64_depth.tif,True,True,OPENCV,C:\Users\81902\Documents\Codex\2026-09-20\depth-anything-v2-python-uav-rgb\data\uav3dcrop\2025\Day007_Corn\images\64.JPG,C:\Users\81902\Documents\Codex\2026-09-20\depth-anything-v2-python-uav-rgb\data\uav3dcrop_depth\2025\Day007_Corn\64_depth.tif,https://huggingface.co/datasets/Link-Dev/UAV3DCrop/resolve/main/2025/Day007_Corn/images/64.JPG?download=true,https://huggingface.co/datasets/Link-Dev/UAV3DCrop_depth/resolve/main/2025/Day007_Corn_depth/64_depth.tif?download=true,main,metric_raw,32,20000,0.0118265625,0.027412479186058044,0.08342153811109532,-0.007388586592674255,0.02718767393033067,-0.036839334081781076,0.470853321703736,0.0783577778220825
2025/Day007_Corn,2025,Day007,corn,64.JPG,64,DJI Mavic 3M RGB camera,nadir,nadir,0.9999746975571722,5280,3956,64_depth.tif,True,True,OPENCV,C:\Users\81902\Documents\Codex\2026-09-20\depth-anything-v2-python-uav-rgb\data\uav3dcrop\2025\Day007_Corn\images\64.JPG,C:\Users\81902\Documents\Codex\2026-09-20\depth-anything-v2-python-uav-rgb\data\uav3dcrop_depth\2025\Day007_Corn\64_depth.tif,https://huggingface.co/datasets/Link-Dev/UAV3DCrop/resolve/main/2025/Day007_Corn/images/64.JPG?download=true,https://huggingface.co/datasets/Link-Dev/UAV3DCrop_depth/resolve/main/2025/Day007_Corn_depth/64_depth.tif?download=true,main,metric_bias_corrected,32,20000,0.0118265625,0.027412483692169188,0.08342154372151597,-0.007388576221466064,0.027187564285835485,-0.03684005986960194,0.470853321703736,0.0783577778220825
2025/Day007_Corn,2025,Day007,corn,64.JPG,64,DJI Mavic 3M RGB camera,nadir,nadir,0.9999746975571722,5280,3956,64_depth.tif,True,True,OPENCV,C:\Users\81902\Documents\Codex\2026-09-20\depth-anything-v2-python-uav-rgb\data\uav3dcrop\2025\Day007_Corn\images\64.JPG,C:\Users\81902\Documents\Codex\2026-09-20\depth-anything-v2-python-uav-rgb\data\uav3dcrop_depth\2025\Day007_Corn\64_depth.tif,https://huggingface.co/datasets/Link-Dev/UAV3DCrop/resolve/main/2025/Day007_Corn/images/64.JPG?download=true,https://huggingface.co/datasets/Link-Dev/UAV3DCrop_depth/resolve/main/2025/Day007_Corn_depth/64_depth.tif?download=true,main,metric_scale_shift,32,20000,0.0118265625,0.01291651792526245,0.07853313241836707,-0.002266468334197998,-0.027183732048791643,0.03683931176052765,0.5291466782962639,0.0783577778220825
2025/Day007_Corn,2025,Day007,corn,64.JPG,64,DJI Mavic 3M RGB camera,nadir,nadir,0.9999746975571722,5280,3956,64_depth.tif,True,True,OPENCV,C:\Users\81902\Documents\Codex\2026-09-20\depth-anything-v2-python-uav-rgb\data\uav3dcrop\2025\Day007_Corn\images\64.JPG,C:\Users\81902\Documents\Codex\2026-09-20\depth-anything-v2-python-uav-rgb\data\uav3dcrop_depth\2025\Day007_Corn\64_depth.tif,https://huggingface.co/datasets/Link-Dev/UAV3DCrop/resolve/main/2025/Day007_Corn/images/64.JPG?download=true,https://huggingface.co/datasets/Link-Dev/UAV3DCrop_depth/resolve/main/2025/Day007_Corn_depth/64_depth.tif?download=true,main,relative_scale_shift,32,20000,0.0118265625,0.011949918937683105,0.07811373285955923,-0.0025441377639770506,0.25251651922368057,0.18076060298321334,0.6573629888065126,0.0783577778220825
2025/Day007_Corn,2025,Day007,corn,64.JPG,64,DJI Mavic 3M RGB camera,nadir,nadir,0.9999746975571722,5280,3956,64_depth.tif,True,True,OPENCV,C:\Users\81902\Documents\Codex\2026-09-20\depth-anything-v2-python-uav-rgb\data\uav3dcrop\2025\Day007_Corn\images\64.JPG,C:\Users\81902\Documents\Codex\2026-09-20\depth-anything-v2-python-uav-rgb\data\uav3dcrop_depth\2025\Day007_Corn\64_depth.tif,https://huggingface.co/datasets/Link-Dev/UAV3DCrop/resolve/main/2025/Day007_Corn/images/64.JPG?download=true,https://huggingface.co/datasets/Link-Dev/UAV3DCrop_depth/resolve/main/2025/Day007_Corn_depth/64_depth.tif?download=true,main,metric_raw,64,20000,0.021353125,0.047892439556121824,0.11667088882073169,-0.01540075216293335,0.013388153602098172,-0.06011945239479729,0.4641842234198922,0.10504397214492785
2025/Day007_Corn,2025,Day007,corn,64.JPG,64,DJI Mavic 3M RGB camera,nadir,nadir,0.9999746975571722,5280,3956,64_depth.tif,True,True,OPENCV,C:\Users\81902\Documents\Codex\2026-09-20\depth-anything-v2-python-uav-rgb\data\uav3dcrop\2025\Day007_Corn\images\64.JPG,C:\Users\81902\Documents\Codex\2026-09-20\depth-anything-v2-python-uav-rgb\data\uav3dcrop_depth\2025\Day007_Corn\64_depth.tif,https://huggingface.co/datasets/Link-Dev/UAV3DCrop/resolve/main/2025/Day007_Corn/images/64.JPG?download=true,https://huggingface.co/datasets/Link-Dev/UAV3DCrop_depth/resolve/main/2025/Day007_Corn_depth/64_depth.tif?download=true,main,metric_bias_corrected,64,20000,0.021353125,0.047892444229125974,0.11667088172445128,-0.015400763893127441,0.013388344009324081,-0.06012037498077096,0.4641842234198922,0.10504397214492785
2025/Day007_Corn,2025,Day007,corn,64.JPG,64,DJI Mavic 3M RGB camera,nadir,nadir,0.9999746975571722,5280,3956,64_depth.tif,True,True,OPENCV,C:\Users\81902\Documents\Codex\2026-09-20\depth-anything-v2-python-uav-rgb\data\uav3dcrop\2025\Day007_Corn\images\64.JPG,C:\Users\81902\Documents\Codex\2026-09-20\depth-anything-v2-python-uav-rgb\data\uav3dcrop_depth\2025\Day007_Corn\64_depth.tif,https://huggingface.co/datasets/Link-Dev/UAV3DCrop/resolve/main/2025/Day007_Corn/images/64.JPG?download=true,https://huggingface.co/datasets/Link-Dev/UAV3DCrop_depth/resolve/main/2025/Day007_Corn_depth/64_depth.tif?download=true,main,metric_scale_shift,64,20000,0.021353125,0.022518030738830568,0.1053814157739385,-0.005537034797668457,-0.013388348052208496,0.060121810261349745,0.535717785399314,0.10504397214492785
2025/Day007_Corn,2025,Day007,corn,64.JPG,64,DJI Mavic 3M RGB camera,nadir,nadir,0.9999746975571722,5280,3956,64_depth.tif,True,True,OPENCV,C:\Users\81902\Documents\Codex\2026-09-20\depth-anything-v2-python-uav-rgb\data\uav3dcrop\2025\Day007_Corn\images\64.JPG,C:\Users\81902\Documents\Codex\2026-09-20\depth-anything-v2-python-uav-rgb\data\uav3dcrop_depth\2025\Day007_Corn\64_depth.tif,https://huggingface.co/datasets/Link-Dev/UAV3DCrop/resolve/main/2025/Day007_Corn/images/64.JPG?download=true,https://huggingface.co/datasets/Link-Dev/UAV3DCrop_depth/resolve/main/2025/Day007_Corn_depth/64_depth.tif?download=true,main,relative_scale_shift,64,20000,0.021353125,0.021419383430480957,0.10463494545774636,-0.006075460052490235,0.34412295026982975,0.2239478469120225,0.6724154826065654,0.10504397214492785
2025/Day007_Corn,2025,Day007,corn,64.JPG,64,DJI Mavic 3M RGB camera,nadir,nadir,0.9999746975571722,5280,3956,64_depth.tif,True,True,OPENCV,C:\Users\81902\Documents\Codex\2026-09-20\depth-anything-v2-python-uav-rgb\data\uav3dcrop\2025\Day007_Corn\images\64.JPG,C:\Users\81902\Documents\Codex\2026-09-20\depth-anything-v2-python-uav-rgb\data\uav3dcrop_depth\2025\Day007_Corn\64_depth.tif,https://huggingface.co/datasets/Link-Dev/UAV3DCrop/resolve/main/2025/Day007_Corn/images/64.JPG?download=true,https://huggingface.co/datasets/Link-Dev/UAV3DCrop_depth/resolve/main/2025/Day007_Corn_depth/64_depth.tif?download=true,main,metric_raw,128,20000,0.03322421875,0.0805236668586731,0.15234218641942418,-0.030777403688430786,-0.03802810188767169,-0.03132368302820201,0.4965590259396506,0.11738662093187499
2025/Day007_Corn,2025,Day007,corn,64.JPG,64,DJI Mavic 3M RGB camera,nadir,nadir,0.9999746975571722,5280,3956,64_depth.tif,True,True,OPENCV,C:\Users\81902\Documents\Codex\2026-09-20\depth-anything-v2-python-uav-rgb\data\uav3dcrop\2025\Day007_Corn\images\64.JPG,C:\Users\81902\Documents\Codex\2026-09-20\depth-anything-v2-python-uav-rgb\data\uav3dcrop_depth\2025\Day007_Corn\64_depth.tif,https://huggingface.co/datasets/Link-Dev/UAV3DCrop/resolve/main/2025/Day007_Corn/images/64.JPG?download=true,https://huggingface.co/datasets/Link-Dev/UAV3DCrop_depth/resolve/main/2025/Day007_Corn_depth/64_depth.tif?download=true,main,metric_bias_corrected,128,20000,0.03322421875,0.08052367115020752,0.15234218826705603,-0.030777404022216796,-0.038028143023603515,-0.03132401556988284,0.49648340013612646,0.11738662093187499
2025/Day007_Corn,2025,Day007,corn,64.JPG,64,DJI Mavic 3M RGB camera,nadir,nadir,0.9999746975571722,5280,3956,64_depth.tif,True,True,OPENCV,C:\Users\81902\Documents\Codex\2026-09-20\depth-anything-v2-python-uav-rgb\data\uav3dcrop\2025\Day007_Corn\images\64.JPG,C:\Users\81902\Documents\Codex\2026-09-20\depth-anything-v2-python-uav-rgb\data\uav3dcrop_depth\2025\Day007_Corn\64_depth.tif,https://huggingface.co/datasets/Link-Dev/UAV3DCrop/resolve/main/2025/Day007_Corn/images/64.JPG?download=true,https://huggingface.co/datasets/Link-Dev/UAV3DCrop_depth/resolve/main/2025/Day007_Corn_depth/64_depth.tif?download=true,main,metric_scale_shift,128,20000,0.03322421875,0.03462625427246094,0.11779803536727505,-0.00981137580871582,0.03802742800926945,0.0313242230887493,0.5032897224533011,0.11738662093187499
2025/Day007_Corn,2025,Day007,corn,64.JPG,64,DJI Mavic 3M RGB camera,nadir,nadir,0.9999746975571722,5280,3956,64_depth.tif,True,True,OPENCV,C:\Users\81902\Documents\Codex\2026-09-20\depth-anything-v2-python-uav-rgb\data\uav3dcrop\2025\Day007_Corn\images\64.JPG,C:\Users\81902\Documents\Codex\2026-09-20\depth-anything-v2-python-uav-rgb\data\uav3dcrop_depth\2025\Day007_Corn\64_depth.tif,https://huggingface.co/datasets/Link-Dev/UAV3DCrop/resolve/main/2025/Day007_Corn/images/64.JPG?download=true,https://huggingface.co/datasets/Link-Dev/UAV3DCrop_depth/resolve/main/2025/Day007_Corn_depth/64_depth.tif?download=true,main,relative_scale_shift,128,20000,0.03322421875,0.033039661121368406,0.11655758651612254,-0.010997764492034913,0.5014268939050444,0.2887165795012746,0.6847916509112909,0.11738662093187499
2025/Day007_Corn,2025,Day007,corn,578.JPG,578,DJI Mavic 3M RGB camera,nadir,nadir,0.9999915345736107,5280,3956,578_depth.tif,True,True,OPENCV,C:\Users\81902\Documents\Codex\2026-09-20\depth-anything-v2-python-uav-rgb\data\uav3dcrop\2025\Day007_Corn\images\578.JPG,C:\Users\81902\Documents\Codex\2026-09-20\depth-anything-v2-python-uav-rgb\data\uav3dcrop_depth\2025\Day007_Corn\578_depth.tif,https://huggingface.co/datasets/Link-Dev/UAV3DCrop/resolve/main/2025/Day007_Corn/images/578.JPG?download=true,https://huggingface.co/datasets/Link-Dev/UAV3DCrop_depth/resolve/main/2025/Day007_Corn_depth/578_depth.tif?download=true,main,metric_raw,8,20000,0.00452734375,0.009884132409095765,0.04080598248574675,0.0006069130182266235,0.07575155123175782,0.009580944677324742,0.5038240917782026,0.03981199953540183
2025/Day007_Corn,2025,Day007,corn,578.JPG,578,DJI Mavic 3M RGB camera,nadir,nadir,0.9999915345736107,5280,3956,578_depth.tif,True,True,OPENCV,C:\Users\81902\Documents\Codex\2026-09-20\depth-anything-v2-python-uav-rgb\data\uav3dcrop\2025\Day007_Corn\images\578.JPG,C:\Users\81902\Documents\Codex\2026-09-20\depth-anything-v2-python-uav-rgb\data\uav3dcrop_depth\2025\Day007_Corn\578_depth.tif,https://huggingface.co/datasets/Link-Dev/UAV3DCrop/resolve/main/2025/Day007_Corn/images/578.JPG?download=true,https://huggingface.co/datasets/Link-Dev/UAV3DCrop_depth/resolve/main/2025/Day007_Corn_depth/578_depth.tif?download=true,main,metric_bias_corrected,8,20000,0.00452734375,0.009884130477905274,0.04080598370262533,0.0006069091796875,0.07575136961127014,0.009583990001863923,0.5038240917782026,0.03981199953540183
2025/Day007_Corn,2025,Day007,corn,578.JPG,578,DJI Mavic 3M RGB camera,nadir,nadir,0.9999915345736107,5280,3956,578_depth.tif,True,True,OPENCV,C:\Users\81902\Documents\Codex\2026-09-20\depth-anything-v2-python-uav-rgb\data\uav3dcrop\2025\Day007_Corn\images\578.JPG,C:\Users\81902\Documents\Codex\2026-09-20\depth-anything-v2-python-uav-rgb\data\uav3dcrop_depth\2025\Day007_Corn\578_depth.tif,https://huggingface.co/datasets/Link-Dev/UAV3DCrop/resolve/main/2025/Day007_Corn/images/578.JPG?download=true,https://huggingface.co/datasets/Link-Dev/UAV3DCrop_depth/resolve/main/2025/Day007_Corn_depth/578_depth.tif?download=true,main,metric_scale_shift,8,20000,0.00452734375,0.0058067875862121586,0.03970608703852962,0.0008157137870788574,0.07575212710966761,0.009579658699596962,0.5023900573613767,0.03981199953540183
2025/Day007_Corn,2025,Day007,corn,578.JPG,578,DJI Mavic 3M RGB camera,nadir,nadir,0.9999915345736107,5280,3956,578_depth.tif,True,True,OPENCV,C:\Users\81902\Documents\Codex\2026-09-20\depth-anything-v2-python-uav-rgb\data\uav3dcrop\2025\Day007_Corn\images\578.JPG,C:\Users\81902\Documents\Codex\2026-09-20\depth-anything-v2-python-uav-rgb\data\uav3dcrop_depth\2025\Day007_Corn\578_depth.tif,https://huggingface.co/datasets/Link-Dev/UAV3DCrop/resolve/main/2025/Day007_Corn/images/578.JPG?download=true,https://huggingface.co/datasets/Link-Dev/UAV3DCrop_depth/resolve/main/2025/Day007_Corn_depth/578_depth.tif?download=true,main,relative_scale_shift,8,20000,0.00452734375,0.005598221492767334,0.04054921790740259,0.0005799866676330567,0.06956369910575701,0.13353358874314186,0.6763862332695985,0.03981199953540183
2025/Day007_Corn,2025,Day007,corn,578.JPG,578,DJI Mavic 3M RGB camera,nadir,nadir,0.9999915345736107,5280,3956,578_depth.tif,True,True,OPENCV,C:\Users\81902\Documents\Codex\2026-09-20\depth-anything-v2-python-uav-rgb\data\uav3dcrop\2025\Day007_Corn\images\578.JPG,C:\Users\81902\Documents\Codex\2026-09-20\depth-anything-v2-python-uav-rgb\data\uav3dcrop_depth\2025\Day007_Corn\578_depth.tif,https://huggingface.co/datasets/Link-Dev/UAV3DCrop/resolve/main/2025/Day007_Corn/images/578.JPG?download=true,https://huggingface.co/datasets/Link-Dev/UAV3DCrop_depth/resolve/main/2025/Day007_Corn_depth/578_depth.tif?download=true,main,metric_raw,16,20000,0.0081875,0.01670718982219696,0.05564536546403925,-0.0003730338335037231,0.15158397135756563,0.018958344324532223,0.5172112018669778,0.05452345431383177
2025/Day007_Corn,2025,Day007,corn,578.JPG,578,DJI Mavic 3M RGB camera,nadir,nadir,0.9999915345736107,5280,3956,578_depth.tif,True,True,OPENCV,C:\Users\81902\Documents\Codex\2026-09-20\depth-anything-v2-python-uav-rgb\data\uav3dcrop\2025\Day007_Corn\images\578.JPG,C:\Users\81902\Documents\Codex\2026-09-20\depth-anything-v2-python-uav-rgb\data\uav3dcrop_depth\2025\Day007_Corn\578_depth.tif,https://huggingface.co/datasets/Link-Dev/UAV3DCrop/resolve/main/2025/Day007_Corn/images/578.JPG?download=true,https://huggingface.co/datasets/Link-Dev/UAV3DCrop_depth/resolve/main/2025/Day007_Corn_depth/578_depth.tif?download=true,main,metric_bias_corrected,16,20000,0.0081875,0.01670718307495117,0.055645374105191485,-0.00037303714752197266,0.15158354223980877,0.018959406148223154,0.5172112018669778,0.05452345431383177
2025/Day007_Corn,2025,Day007,corn,578.JPG,578,DJI Mavic 3M RGB camera,nadir,nadir,0.9999915345736107,5280,3956,578_depth.tif,True,True,OPENCV,C:\Users\81902\Documents\Codex\2026-09-20\depth-anything-v2-python-uav-rgb\data\uav3dcrop\2025\Day007_Corn\images\578.JPG,C:\Users\81902\Documents\Codex\2026-09-20\depth-anything-v2-python-uav-rgb\data\uav3dcrop_depth\2025\Day007_Corn\578_depth.tif,https://huggingface.co/datasets/Link-Dev/UAV3DCrop/resolve/main/2025/Day007_Corn/images/578.JPG?download=true,https://huggingface.co/datasets/Link-Dev/UAV3DCrop_depth/resolve/main/2025/Day007_Corn_depth/578_depth.tif?download=true,main,metric_scale_shift,16,20000,0.0081875,0.01011174840927124,0.053963444716036285,0.00010389890670776367,0.15158238700154805,0.018956615431198493,0.5172112018669778,0.05452345431383177
2025/Day007_Corn,2025,Day007,corn,578.JPG,578,DJI Mavic 3M RGB camera,nadir,nadir,0.9999915345736107,5280,3956,578_depth.tif,True,True,OPENCV,C:\Users\81902\Documents\Codex\2026-09-20\depth-anything-v2-python-uav-rgb\data\uav3dcrop\2025\Day007_Corn\images\578.JPG,C:\Users\81902\Documents\Codex\2026-09-20\depth-anything-v2-python-uav-rgb\data\uav3dcrop_depth\2025\Day007_Corn\578_depth.tif,https://huggingface.co/datasets/Link-Dev/UAV3DCrop/resolve/main/2025/Day007_Corn/images/578.JPG?download=true,https://huggingface.co/datasets/Link-Dev/UAV3DCrop_depth/resolve/main/2025/Day007_Corn_depth/578_depth.tif?download=true,main,relative_scale_shift,16,20000,0.0081875,0.009732758903503417,0.054226548459978416,-0.00020790691375732423,0.1890841156140823,0.16765309452639784,0.6750291715285881,0.05452345431383177
2025/Day007_Corn,2025,Day007,corn,578.JPG,578,DJI Mavic 3M RGB camera,nadir,nadir,0.9999915345736107,5280,3956,578_depth.tif,True,True,OPENCV,C:\Users\81902\Documents\Codex\2026-09-20\depth-anything-v2-python-uav-rgb\data\uav3dcrop\2025\Day007_Corn\images\578.JPG,C:\Users\81902\Documents\Codex\2026-09-20\depth-anything-v2-python-uav-rgb\data\uav3dcrop_depth\2025\Day007_Corn\578_depth.tif,https://huggingface.co/datasets/Link-Dev/UAV3DCrop/resolve/main/2025/Day007_Corn/images/578.JPG?download=true,https://huggingface.co/datasets/Link-Dev/UAV3DCrop_depth/resolve/main/2025/Day007_Corn_depth/578_depth.tif?download=true,main,metric_raw,32,20000,0.01360078125,0.026968513965606688,0.07132225108580678,-0.000138311243057251,0.1976541071986872,0.0303604042136095,0.5112564941312295,0.06827363762182452
2025/Day007_Corn,2025,Day007,corn,578.JPG,578,DJI Mavic 3M RGB camera,nadir,nadir,0.9999915345736107,5280,3956,578_depth.tif,True,True,OPENCV,C:\Users\81902\Documents\Codex\2026-09-20\depth-anything-v2-python-uav-rgb\data\uav3dcrop\2025\Day007_Corn\images\578.JPG,C:\Users\81902\Documents\Codex\2026-09-20\depth-anything-v2-python-uav-rgb\data\uav3dcrop_depth\2025\Day007_Corn\578_depth.tif,https://huggingface.co/datasets/Link-Dev/UAV3DCrop/resolve/main/2025/Day007_Corn/images/578.JPG?download=true,https://huggingface.co/datasets/Link-Dev/UAV3DCrop_depth/resolve/main/2025/Day007_Corn_depth/578_depth.tif?download=true,main,metric_bias_corrected,32,20000,0.01360078125,0.026968521785736083,0.07132226034655782,-0.00013830881118774414,0.19765392181041233,0.03036014233272698,0.5112564941312295,0.06827363762182452
2025/Day007_Corn,2025,Day007,corn,578.JPG,578,DJI Mavic 3M RGB camera,nadir,nadir,0.9999915345736107,5280,3956,578_depth.tif,True,True,OPENCV,C:\Users\81902\Documents\Codex\2026-09-20\depth-anything-v2-python-uav-rgb\data\uav3dcrop\2025\Day007_Corn\images\578.JPG,C:\Users\81902\Documents\Codex\2026-09-20\depth-anything-v2-python-uav-rgb\data\uav3dcrop_depth\2025\Day007_Corn\578_depth.tif,https://huggingface.co/datasets/Link-Dev/UAV3DCrop/resolve/main/2025/Day007_Corn/images/578.JPG?download=true,https://huggingface.co/datasets/Link-Dev/UAV3DCrop_depth/resolve/main/2025/Day007_Corn_depth/578_depth.tif?download=true,main,metric_scale_shift,32,20000,0.01360078125,0.016422754859924317,0.06705314546839133,0.0010659423828125,0.19765392237029505,0.030360263299533508,0.5110640754281316,0.06827363762182452
2025/Day007_Corn,2025,Day007,corn,578.JPG,578,DJI Mavic 3M RGB camera,nadir,nadir,0.9999915345736107,5280,3956,578_depth.tif,True,True,OPENCV,C:\Users\81902\Documents\Codex\2026-09-20\depth-anything-v2-python-uav-rgb\data\uav3dcrop\2025\Day007_Corn\images\578.JPG,C:\Users\81902\Documents\Codex\2026-09-20\depth-anything-v2-python-uav-rgb\data\uav3dcrop_depth\2025\Day007_Corn\578_depth.tif,https://huggingface.co/datasets/Link-Dev/UAV3DCrop/resolve/main/2025/Day007_Corn/images/578.JPG?download=true,https://huggingface.co/datasets/Link-Dev/UAV3DCrop_depth/resolve/main/2025/Day007_Corn_depth/578_depth.tif?download=true,main,relative_scale_shift,32,20000,0.01360078125,0.01492216510772705,0.06325100264852276,5.841579437255859e-05,0.3769537093872754,0.22117886106983128,0.6869347700596498,0.06827363762182452
2025/Day007_Corn,2025,Day007,corn,578.JPG,578,DJI Mavic 3M RGB camera,nadir,nadir,0.9999915345736107,5280,3956,578_depth.tif,True,True,OPENCV,C:\Users\81902\Documents\Codex\2026-09-20\depth-anything-v2-python-uav-rgb\data\uav3dcrop\2025\Day007_Corn\images\578.JPG,C:\Users\81902\Documents\Codex\2026-09-20\depth-anything-v2-python-uav-rgb\data\uav3dcrop_depth\2025\Day007_Corn\578_depth.tif,https://huggingface.co/datasets/Link-Dev/UAV3DCrop/resolve/main/2025/Day007_Corn/images/578.JPG?download=true,https://huggingface.co/datasets/Link-Dev/UAV3DCrop_depth/resolve/main/2025/Day007_Corn_depth/578_depth.tif?download=true,main,metric_raw,64,20000,0.02206484375,0.040940746092796326,0.08903958151916336,-0.0008819974184036255,0.3195054901297988,0.05823423391088057,0.5243838489774515,0.0865555730778496
2025/Day007_Corn,2025,Day007,corn,578.JPG,578,DJI Mavic 3M RGB camera,nadir,nadir,0.9999915345736107,5280,3956,578_depth.tif,True,True,OPENCV,C:\Users\81902\Documents\Codex\2026-09-20\depth-anything-v2-python-uav-rgb\data\uav3dcrop\2025\Day007_Corn\images\578.JPG,C:\Users\81902\Documents\Codex\2026-09-20\depth-anything-v2-python-uav-rgb\data\uav3dcrop_depth\2025\Day007_Corn\578_depth.tif,https://huggingface.co/datasets/Link-Dev/UAV3DCrop/resolve/main/2025/Day007_Corn/images/578.JPG?download=true,https://huggingface.co/datasets/Link-Dev/UAV3DCrop_depth/resolve/main/2025/Day007_Corn_depth/578_depth.tif?download=true,main,metric_bias_corrected,64,20000,0.02206484375,0.040940736865997314,0.089039589022045,-0.0008820013999938965,0.3195053407998524,0.05823393725072057,0.5243838489774515,0.0865555730778496
2025/Day007_Corn,2025,Day007,corn,578.JPG,578,DJI Mavic 3M RGB camera,nadir,nadir,0.9999915345736107,5280,3956,578_depth.tif,True,True,OPENCV,C:\Users\81902\Documents\Codex\2026-09-20\depth-anything-v2-python-uav-rgb\data\uav3dcrop\2025\Day007_Corn\images\578.JPG,C:\Users\81902\Documents\Codex\2026-09-20\depth-anything-v2-python-uav-rgb\data\uav3dcrop_depth\2025\Day007_Corn\578_depth.tif,https://huggingface.co/datasets/Link-Dev/UAV3DCrop/resolve/main/2025/Day007_Corn/images/578.JPG?download=true,https://huggingface.co/datasets/Link-Dev/UAV3DCrop_depth/resolve/main/2025/Day007_Corn_depth/578_depth.tif?download=true,main,metric_scale_shift,64,20000,0.02206484375,0.02547256021499634,0.0829150964280754,0.001114865779876709,0.31950475388904626,0.05823353493832847,0.5243838489774515,0.0865555730778496
2025/Day007_Corn,2025,Day007,corn,578.JPG,578,DJI Mavic 3M RGB camera,nadir,nadir,0.9999915345736107,5280,3956,578_depth.tif,True,True,OPENCV,C:\Users\81902\Documents\Codex\2026-09-20\depth-anything-v2-python-uav-rgb\data\uav3dcrop\2025\Day007_Corn\images\578.JPG,C:\Users\81902\Documents\Codex\2026-09-20\depth-anything-v2-python-uav-rgb\data\uav3dcrop_depth\2025\Day007_Corn\578_depth.tif,https://huggingface.co/datasets/Link-Dev/UAV3DCrop/resolve/main/2025/Day007_Corn/images/578.JPG?download=true,https://huggingface.co/datasets/Link-Dev/UAV3DCrop_depth/resolve/main/2025/Day007_Corn_depth/578_depth.tif?download=true,main,relative_scale_shift,64,20000,0.02206484375,0.021876674365997315,0.07388010420985335,3.763551712036133e-05,0.5215380805815898,0.2737970236472633,0.698348190875721,0.0865555730778496
2025/Day007_Corn,2025,Day007,corn,578.JPG,578,DJI Mavic 3M RGB camera,nadir,nadir,0.9999915345736107,5280,3956,578_depth.tif,True,True,OPENCV,C:\Users\81902\Documents\Codex\2026-09-20\depth-anything-v2-python-uav-rgb\data\uav3dcrop\2025\Day007_Corn\images\578.JPG,C:\Users\81902\Documents\Codex\2026-09-20\depth-anything-v2-python-uav-rgb\data\uav3dcrop_depth\2025\Day007_Corn\578_depth.tif,https://huggingface.co/datasets/Link-Dev/UAV3DCrop/resolve/main/2025/Day007_Corn/images/578.JPG?download=true,https://huggingface.co/datasets/Link-Dev/UAV3DCrop_depth/resolve/main/2025/Day007_Corn_depth/578_depth.tif?download=true,main,metric_raw,128,20000,0.0332046875,0.061332282733917234,0.11765293659146547,-0.002404782772064209,0.34274549581704494,0.08186782240828863,0.5221856615814139,0.10787453396481025
2025/Day007_Corn,2025,Day007,corn,578.JPG,578,DJI Mavic 3M RGB camera,nadir,nadir,0.9999915345736107,5280,3956,578_depth.tif,True,True,OPENCV,C:\Users\81902\Documents\Codex\2026-09-20\depth-anything-v2-python-uav-rgb\data\uav3dcrop\2025\Day007_Corn\images\578.JPG,C:\Users\81902\Documents\Codex\2026-09-20\depth-anything-v2-python-uav-rgb\data\uav3dcrop_depth\2025\Day007_Corn\578_depth.tif,https://huggingface.co/datasets/Link-Dev/UAV3DCrop/resolve/main/2025/Day007_Corn/images/578.JPG?download=true,https://huggingface.co/datasets/Link-Dev/UAV3DCrop_depth/resolve/main/2025/Day007_Corn_depth/578_depth.tif?download=true,main,metric_bias_corrected,128,20000,0.0332046875,0.061332286739349366,0.11765293971795641,-0.0024047680854797364,0.34274546704429376,0.08186831615408875,0.5220859507428457,0.10787453396481025
2025/Day007_Corn,2025,Day007,corn,578.JPG,578,DJI Mavic 3M RGB camera,nadir,nadir,0.9999915345736107,5280,3956,578_depth.tif,True,True,OPENCV,C:\Users\81902\Documents\Codex\2026-09-20\depth-anything-v2-python-uav-rgb\data\uav3dcrop\2025\Day007_Corn\images\578.JPG,C:\Users\81902\Documents\Codex\2026-09-20\depth-anything-v2-python-uav-rgb\data\uav3dcrop_depth\2025\Day007_Corn\578_depth.tif,https://huggingface.co/datasets/Link-Dev/UAV3DCrop/resolve/main/2025/Day007_Corn/images/578.JPG?download=true,https://huggingface.co/datasets/Link-Dev/UAV3DCrop_depth/resolve/main/2025/Day007_Corn_depth/578_depth.tif?download=true,main,metric_scale_shift,128,20000,0.0332046875,0.0375727313041687,0.10218231873179862,0.0025329665184020997,0.34274548978374647,0.08186863300340759,0.5220859507428457,0.10787453396481025
2025/Day007_Corn,2025,Day007,corn,578.JPG,578,DJI Mavic 3M RGB camera,nadir,nadir,0.9999915345736107,5280,3956,578_depth.tif,True,True,OPENCV,C:\Users\81902\Documents\Codex\2026-09-20\depth-anything-v2-python-uav-rgb\data\uav3dcrop\2025\Day007_Corn\images\578.JPG,C:\Users\81902\Documents\Codex\2026-09-20\depth-anything-v2-python-uav-rgb\data\uav3dcrop_depth\2025\Day007_Corn\578_depth.tif,https://huggingface.co/datasets/Link-Dev/UAV3DCrop/resolve/main/2025/Day007_Corn/images/578.JPG?download=true,https://huggingface.co/datasets/Link-Dev/UAV3DCrop_depth/resolve/main/2025/Day007_Corn_depth/578_depth.tif?download=true,main,relative_scale_shift,128,20000,0.0332046875,0.029651836967468263,0.08533247447018208,2.4283790588378906e-05,0.6132342045390057,0.3259106098739037,0.7043573636454282,0.10787453396481025
2025/Day007_Corn,2025,Day007,corn,609.JPG,609,DJI Mavic 3M RGB camera,nadir,nadir,0.9999944862551331,5280,3956,609_depth.tif,True,True,OPENCV,C:\Users\81902\Documents\Codex\2026-09-20\depth-anything-v2-python-uav-rgb\data\uav3dcrop\2025\Day007_Corn\images\609.JPG,C:\Users\81902\Documents\Codex\2026-09-20\depth-anything-v2-python-uav-rgb\data\uav3dcrop_depth\2025\Day007_Corn\609_depth.tif,https://huggingface.co/datasets/Link-Dev/UAV3DCrop/resolve/main/2025/Day007_Corn/images/609.JPG?download=true,https://huggingface.co/datasets/Link-Dev/UAV3DCrop_depth/resolve/main/2025/Day007_Corn_depth/609_depth.tif?download=true,main,metric_raw,8,20000,0.00301328125,0.007852628827095032,0.013017161315968294,-0.00010658295154571533,-0.026638831711033577,-0.02360427234777578,0.4797612869745719,0.006861339010897286
2025/Day007_Corn,2025,Day007,corn,609.JPG,609,DJI Mavic 3M RGB camera,nadir,nadir,0.9999944862551331,5280,3956,609_depth.tif,True,True,OPENCV,C:\Users\81902\Documents\Codex\2026-09-20\depth-anything-v2-python-uav-rgb\data\uav3dcrop\2025\Day007_Corn\images\609.JPG,C:\Users\81902\Documents\Codex\2026-09-20\depth-anything-v2-python-uav-rgb\data\uav3dcrop_depth\2025\Day007_Corn\609_depth.tif,https://huggingface.co/datasets/Link-Dev/UAV3DCrop/resolve/main/2025/Day007_Corn/images/609.JPG?download=true,https://huggingface.co/datasets/Link-Dev/UAV3DCrop_depth/resolve/main/2025/Day007_Corn_depth/609_depth.tif?download=true,main,metric_bias_corrected,8,20000,0.00301328125,0.007852624607086182,0.013017166868413848,-0.00010658121109008789,-0.02663891027253445,-0.023605520554009888,0.4797612869745719,0.006861339010897286
2025/Day007_Corn,2025,Day007,corn,609.JPG,609,DJI Mavic 3M RGB camera,nadir,nadir,0.9999944862551331,5280,3956,609_depth.tif,True,True,OPENCV,C:\Users\81902\Documents\Codex\2026-09-20\depth-anything-v2-python-uav-rgb\data\uav3dcrop\2025\Day007_Corn\images\609.JPG,C:\Users\81902\Documents\Codex\2026-09-20\depth-anything-v2-python-uav-rgb\data\uav3dcrop_depth\2025\Day007_Corn\609_depth.tif,https://huggingface.co/datasets/Link-Dev/UAV3DCrop/resolve/main/2025/Day007_Corn/images/609.JPG?download=true,https://huggingface.co/datasets/Link-Dev/UAV3DCrop_depth/resolve/main/2025/Day007_Corn_depth/609_depth.tif?download=true,main,metric_scale_shift,8,20000,0.00301328125,0.003190753173828125,0.006869481737199237,0.0002939706802368164,0.026643097135305483,0.02361200844635949,0.5179034769071095,0.006861339010897286
2025/Day007_Corn,2025,Day007,corn,609.JPG,609,DJI Mavic 3M RGB camera,nadir,nadir,0.9999944862551331,5280,3956,609_depth.tif,True,True,OPENCV,C:\Users\81902\Documents\Codex\2026-09-20\depth-anything-v2-python-uav-rgb\data\uav3dcrop\2025\Day007_Corn\images\609.JPG,C:\Users\81902\Documents\Codex\2026-09-20\depth-anything-v2-python-uav-rgb\data\uav3dcrop_depth\2025\Day007_Corn\609_depth.tif,https://huggingface.co/datasets/Link-Dev/UAV3DCrop/resolve/main/2025/Day007_Corn/images/609.JPG?download=true,https://huggingface.co/datasets/Link-Dev/UAV3DCrop_depth/resolve/main/2025/Day007_Corn_depth/609_depth.tif?download=true,main,relative_scale_shift,8,20000,0.00301328125,0.003040885257720947,0.0068701020938753705,0.0002841822624206543,-0.052882025034809876,-0.026700381242848164,0.469901401141671,0.006861339010897286
2025/Day007_Corn,2025,Day007,corn,609.JPG,609,DJI Mavic 3M RGB camera,nadir,nadir,0.9999944862551331,5280,3956,609_depth.tif,True,True,OPENCV,C:\Users\81902\Documents\Codex\2026-09-20\depth-anything-v2-python-uav-rgb\data\uav3dcrop\2025\Day007_Corn\images\609.JPG,C:\Users\81902\Documents\Codex\2026-09-20\depth-anything-v2-python-uav-rgb\data\uav3dcrop_depth\2025\Day007_Corn\609_depth.tif,https://huggingface.co/datasets/Link-Dev/UAV3DCrop/resolve/main/2025/Day007_Corn/images/609.JPG?download=true,https://huggingface.co/datasets/Link-Dev/UAV3DCrop_depth/resolve/main/2025/Day007_Corn_depth/609_depth.tif?download=true,main,metric_raw,16,20000,0.0056453125,0.012679549646377563,0.017292556256952432,-0.0005019229412078857,-0.04700576674288167,-0.056978175346061276,0.465080039665675,0.009592772242520668
2025/Day007_Corn,2025,Day007,corn,609.JPG,609,DJI Mavic 3M RGB camera,nadir,nadir,0.9999944862551331,5280,3956,609_depth.tif,True,True,OPENCV,C:\Users\81902\Documents\Codex\2026-09-20\depth-anything-v2-python-uav-rgb\data\uav3dcrop\2025\Day007_Corn\images\609.JPG,C:\Users\81902\Documents\Codex\2026-09-20\depth-anything-v2-python-uav-rgb\data\uav3dcrop_depth\2025\Day007_Corn\609_depth.tif,https://huggingface.co/datasets/Link-Dev/UAV3DCrop/resolve/main/2025/Day007_Corn/images/609.JPG?download=true,https://huggingface.co/datasets/Link-Dev/UAV3DCrop_depth/resolve/main/2025/Day007_Corn_depth/609_depth.tif?download=true,main,metric_bias_corrected,16,20000,0.0056453125,0.01267955551147461,0.017292566286360844,-0.0005019142150878906,-0.047006266161823705,-0.05697881450078509,0.465080039665675,0.009592772242520668
2025/Day007_Corn,2025,Day007,corn,609.JPG,609,DJI Mavic 3M RGB camera,nadir,nadir,0.9999944862551331,5280,3956,609_depth.tif,True,True,OPENCV,C:\Users\81902\Documents\Codex\2026-09-20\depth-anything-v2-python-uav-rgb\data\uav3dcrop\2025\Day007_Corn\images\609.JPG,C:\Users\81902\Documents\Codex\2026-09-20\depth-anything-v2-python-uav-rgb\data\uav3dcrop_depth\2025\Day007_Corn\609_depth.tif,https://huggingface.co/datasets/Link-Dev/UAV3DCrop/resolve/main/2025/Day007_Corn/images/609.JPG?download=true,https://huggingface.co/datasets/Link-Dev/UAV3DCrop_depth/resolve/main/2025/Day007_Corn_depth/609_depth.tif?download=true,main,metric_scale_shift,16,20000,0.0056453125,0.005871936702728272,0.009608511116993634,0.0007047663688659668,0.04700242712469411,0.05698129297902834,0.5344949709590594,0.009592772242520668
2025/Day007_Corn,2025,Day007,corn,609.JPG,609,DJI Mavic 3M RGB camera,nadir,nadir,0.9999944862551331,5280,3956,609_depth.tif,True,True,OPENCV,C:\Users\81902\Documents\Codex\2026-09-20\depth-anything-v2-python-uav-rgb\data\uav3dcrop\2025\Day007_Corn\images\609.JPG,C:\Users\81902\Documents\Codex\2026-09-20\depth-anything-v2-python-uav-rgb\data\uav3dcrop_depth\2025\Day007_Corn\609_depth.tif,https://huggingface.co/datasets/Link-Dev/UAV3DCrop/resolve/main/2025/Day007_Corn/images/609.JPG?download=true,https://huggingface.co/datasets/Link-Dev/UAV3DCrop_depth/resolve/main/2025/Day007_Corn_depth/609_depth.tif?download=true,main,relative_scale_shift,16,20000,0.0056453125,0.00569041919708252,0.009623485708859368,0.0006710086822509766,-0.06822104427827995,-0.02826544031225747,0.47584643717240405,0.009592772242520668
2025/Day007_Corn,2025,Day007,corn,609.JPG,609,DJI Mavic 3M RGB camera,nadir,nadir,0.9999944862551331,5280,3956,609_depth.tif,True,True,OPENCV,C:\Users\81902\Documents\Codex\2026-09-20\depth-anything-v2-python-uav-rgb\data\uav3dcrop\2025\Day007_Corn\images\609.JPG,C:\Users\81902\Documents\Codex\2026-09-20\depth-anything-v2-python-uav-rgb\data\uav3dcrop_depth\2025\Day007_Corn\609_depth.tif,https://huggingface.co/datasets/Link-Dev/UAV3DCrop/resolve/main/2025/Day007_Corn/images/609.JPG?download=true,https://huggingface.co/datasets/Link-Dev/UAV3DCrop_depth/resolve/main/2025/Day007_Corn_depth/609_depth.tif?download=true,main,metric_raw,32,20000,0.009709375,0.020028163290023805,0.027105276834370823,-0.0005639429092407226,-0.07845659296163364,-0.0691570672703967,0.4702897213508027,0.01392155442953031
2025/Day007_Corn,2025,Day007,corn,609.JPG,609,DJI Mavic 3M RGB camera,nadir,nadir,0.9999944862551331,5280,3956,609_depth.tif,True,True,OPENCV,C:\Users\81902\Documents\Codex\2026-09-20\depth-anything-v2-python-uav-rgb\data\uav3dcrop\2025\Day007_Corn\images\609.JPG,C:\Users\81902\Documents\Codex\2026-09-20\depth-anything-v2-python-uav-rgb\data\uav3dcrop_depth\2025\Day007_Corn\609_depth.tif,https://huggingface.co/datasets/Link-Dev/UAV3DCrop/resolve/main/2025/Day007_Corn/images/609.JPG?download=true,https://huggingface.co/datasets/Link-Dev/UAV3DCrop_depth/resolve/main/2025/Day007_Corn_depth/609_depth.tif?download=true,main,metric_bias_corrected,32,20000,0.009709375,0.02002815294265747,0.027105272378136463,-0.0005639451026916504,-0.07845604119171826,-0.06915562140456785,0.4702897213508027,0.01392155442953031
2025/Day007_Corn,2025,Day007,corn,609.JPG,609,DJI Mavic 3M RGB camera,nadir,nadir,0.9999944862551331,5280,3956,609_depth.tif,True,True,OPENCV,C:\Users\81902\Documents\Codex\2026-09-20\depth-anything-v2-python-uav-rgb\data\uav3dcrop\2025\Day007_Corn\images\609.JPG,C:\Users\81902\Documents\Codex\2026-09-20\depth-anything-v2-python-uav-rgb\data\uav3dcrop_depth\2025\Day007_Corn\609_depth.tif,https://huggingface.co/datasets/Link-Dev/UAV3DCrop/resolve/main/2025/Day007_Corn/images/609.JPG?download=true,https://huggingface.co/datasets/Link-Dev/UAV3DCrop_depth/resolve/main/2025/Day007_Corn_depth/609_depth.tif?download=true,main,metric_scale_shift,32,20000,0.009709375,0.009946217632293702,0.013948509299737276,0.0013761059761047364,0.07846134152489356,0.06916430755022955,0.5291566709725042,0.01392155442953031
2025/Day007_Corn,2025,Day007,corn,609.JPG,609,DJI Mavic 3M RGB camera,nadir,nadir,0.9999944862551331,5280,3956,609_depth.tif,True,True,OPENCV,C:\Users\81902\Documents\Codex\2026-09-20\depth-anything-v2-python-uav-rgb\data\uav3dcrop\2025\Day007_Corn\images\609.JPG,C:\Users\81902\Documents\Codex\2026-09-20\depth-anything-v2-python-uav-rgb\data\uav3dcrop_depth\2025\Day007_Corn\609_depth.tif,https://huggingface.co/datasets/Link-Dev/UAV3DCrop/resolve/main/2025/Day007_Corn/images/609.JPG?download=true,https://huggingface.co/datasets/Link-Dev/UAV3DCrop_depth/resolve/main/2025/Day007_Corn_depth/609_depth.tif?download=true,main,relative_scale_shift,32,20000,0.009709375,0.009773546123504638,0.01400120560090548,0.0013243147850036622,-0.08191205809417088,-0.012598982408713868,0.4868056837054807,0.01392155442953031
2025/Day007_Corn,2025,Day007,corn,609.JPG,609,DJI Mavic 3M RGB camera,nadir,nadir,0.9999944862551331,5280,3956,609_depth.tif,True,True,OPENCV,C:\Users\81902\Documents\Codex\2026-09-20\depth-anything-v2-python-uav-rgb\data\uav3dcrop\2025\Day007_Corn\images\609.JPG,C:\Users\81902\Documents\Codex\2026-09-20\depth-anything-v2-python-uav-rgb\data\uav3dcrop_depth\2025\Day007_Corn\609_depth.tif,https://huggingface.co/datasets/Link-Dev/UAV3DCrop/resolve/main/2025/Day007_Corn/images/609.JPG?download=true,https://huggingface.co/datasets/Link-Dev/UAV3DCrop_depth/resolve/main/2025/Day007_Corn_depth/609_depth.tif?download=true,main,metric_raw,64,20000,0.01306796875,0.02974886381626129,0.040278463320625596,-0.0015132869005203247,-0.10002768421634388,-0.0651488784261783,0.4855799373040752,0.018024117804537228
2025/Day007_Corn,2025,Day007,corn,609.JPG,609,DJI Mavic 3M RGB camera,nadir,nadir,0.9999944862551331,5280,3956,609_depth.tif,True,True,OPENCV,C:\Users\81902\Documents\Codex\2026-09-20\depth-anything-v2-python-uav-rgb\data\uav3dcrop\2025\Day007_Corn\images\609.JPG,C:\Users\81902\Documents\Codex\2026-09-20\depth-anything-v2-python-uav-rgb\data\uav3dcrop_depth\2025\Day007_Corn\609_depth.tif,https://huggingface.co/datasets/Link-Dev/UAV3DCrop/resolve/main/2025/Day007_Corn/images/609.JPG?download=true,https://huggingface.co/datasets/Link-Dev/UAV3DCrop_depth/resolve/main/2025/Day007_Corn_depth/609_depth.tif?download=true,main,metric_bias_corrected,64,20000,0.01306796875,0.02974886236190796,0.040278455817277035,-0.0015132863044738769,-0.10002771040660105,-0.06514886694433074,0.4855799373040752,0.018024117804537228
2025/Day007_Corn,2025,Day007,corn,609.JPG,609,DJI Mavic 3M RGB camera,nadir,nadir,0.9999944862551331,5280,3956,609_depth.tif,True,True,OPENCV,C:\Users\81902\Documents\Codex\2026-09-20\depth-anything-v2-python-uav-rgb\data\uav3dcrop\2025\Day007_Corn\images\609.JPG,C:\Users\81902\Documents\Codex\2026-09-20\depth-anything-v2-python-uav-rgb\data\uav3dcrop_depth\2025\Day007_Corn\609_depth.tif,https://huggingface.co/datasets/Link-Dev/UAV3DCrop/resolve/main/2025/Day007_Corn/images/609.JPG?download=true,https://huggingface.co/datasets/Link-Dev/UAV3DCrop_depth/resolve/main/2025/Day007_Corn_depth/609_depth.tif?download=true,main,metric_scale_shift,64,20000,0.01306796875,0.013359286785125733,0.018161306762086653,0.0028281624794006346,0.1000244258310876,0.0651502625649749,0.5141849529780564,0.018024117804537228
2025/Day007_Corn,2025,Day007,corn,609.JPG,609,DJI Mavic 3M RGB camera,nadir,nadir,0.9999944862551331,5280,3956,609_depth.tif,True,True,OPENCV,C:\Users\81902\Documents\Codex\2026-09-20\depth-anything-v2-python-uav-rgb\data\uav3dcrop\2025\Day007_Corn\images\609.JPG,C:\Users\81902\Documents\Codex\2026-09-20\depth-anything-v2-python-uav-rgb\data\uav3dcrop_depth\2025\Day007_Corn\609_depth.tif,https://huggingface.co/datasets/Link-Dev/UAV3DCrop/resolve/main/2025/Day007_Corn/images/609.JPG?download=true,https://huggingface.co/datasets/Link-Dev/UAV3DCrop_depth/resolve/main/2025/Day007_Corn_depth/609_depth.tif?download=true,main,relative_scale_shift,64,20000,0.01306796875,0.013169347190856934,0.018263715225073727,0.0027139238357543945,-0.09188023843802887,-0.0007633964569723981,0.4825235109717868,0.018024117804537228
2025/Day007_Corn,2025,Day007,corn,609.JPG,609,DJI Mavic 3M RGB camera,nadir,nadir,0.9999944862551331,5280,3956,609_depth.tif,True,True,OPENCV,C:\Users\81902\Documents\Codex\2026-09-20\depth-anything-v2-python-uav-rgb\data\uav3dcrop\2025\Day007_Corn\images\609.JPG,C:\Users\81902\Documents\Codex\2026-09-20\depth-anything-v2-python-uav-rgb\data\uav3dcrop_depth\2025\Day007_Corn\609_depth.tif,https://huggingface.co/datasets/Link-Dev/UAV3DCrop/resolve/main/2025/Day007_Corn/images/609.JPG?download=true,https://huggingface.co/datasets/Link-Dev/UAV3DCrop_depth/resolve/main/2025/Day007_Corn_depth/609_depth.tif?download=true,main,metric_raw,128,20000,0.01513671875,0.045382687497138974,0.06310814411548792,-0.0033225789308547974,-0.18475134569347182,-0.08405663760218768,0.494064063316658,0.021590752423432606
2025/Day007_Corn,2025,Day007,corn,609.JPG,609,DJI Mavic 3M RGB camera,nadir,nadir,0.9999944862551331,5280,3956,609_depth.tif,True,True,OPENCV,C:\Users\81902\Documents\Codex\2026-09-20\depth-anything-v2-python-uav-rgb\data\uav3dcrop\2025\Day007_Corn\images\609.JPG,C:\Users\81902\Documents\Codex\2026-09-20\depth-anything-v2-python-uav-rgb\data\uav3dcrop_depth\2025\Day007_Corn\609_depth.tif,https://huggingface.co/datasets/Link-Dev/UAV3DCrop/resolve/main/2025/Day007_Corn/images/609.JPG?download=true,https://huggingface.co/datasets/Link-Dev/UAV3DCrop_depth/resolve/main/2025/Day007_Corn_depth/609_depth.tif?download=true,main,metric_bias_corrected,128,20000,0.01513671875,0.045382688331604006,0.06310814381811927,-0.003322589874267578,-0.18475121680786846,-0.08405697560030408,0.494064063316658,0.021590752423432606
2025/Day007_Corn,2025,Day007,corn,609.JPG,609,DJI Mavic 3M RGB camera,nadir,nadir,0.9999944862551331,5280,3956,609_depth.tif,True,True,OPENCV,C:\Users\81902\Documents\Codex\2026-09-20\depth-anything-v2-python-uav-rgb\data\uav3dcrop\2025\Day007_Corn\images\609.JPG,C:\Users\81902\Documents\Codex\2026-09-20\depth-anything-v2-python-uav-rgb\data\uav3dcrop_depth\2025\Day007_Corn\609_depth.tif,https://huggingface.co/datasets/Link-Dev/UAV3DCrop/resolve/main/2025/Day007_Corn/images/609.JPG?download=true,https://huggingface.co/datasets/Link-Dev/UAV3DCrop_depth/resolve/main/2025/Day007_Corn_depth/609_depth.tif?download=true,main,metric_scale_shift,128,20000,0.01513671875,0.015570187664031983,0.02200998623180027,0.0055550698280334475,0.18474967442063553,0.08405621992055651,0.5055626073321885,0.021590752423432606
2025/Day007_Corn,2025,Day007,corn,609.JPG,609,DJI Mavic 3M RGB camera,nadir,nadir,0.9999944862551331,5280,3956,609_depth.tif,True,True,OPENCV,C:\Users\81902\Documents\Codex\2026-09-20\depth-anything-v2-python-uav-rgb\data\uav3dcrop\2025\Day007_Corn\images\609.JPG,C:\Users\81902\Documents\Codex\2026-09-20\depth-anything-v2-python-uav-rgb\data\uav3dcrop_depth\2025\Day007_Corn\609_depth.tif,https://huggingface.co/datasets/Link-Dev/UAV3DCrop/resolve/main/2025/Day007_Corn/images/609.JPG?download=true,https://huggingface.co/datasets/Link-Dev/UAV3DCrop_depth/resolve/main/2025/Day007_Corn_depth/609_depth.tif?download=true,main,relative_scale_shift,128,20000,0.01513671875,0.015298863697052002,0.02231777197376388,0.005312337207794189,-0.10973837615802881,0.02916813462130489,0.4827895169118196,0.021590752423432606
2025/Day007_Corn,2025,Day007,corn,639.JPG,639,DJI Mavic 3M RGB camera,nadir,nadir,0.9999842408219877,5280,3956,639_depth.tif,True,True,OPENCV,C:\Users\81902\Documents\Codex\2026-09-20\depth-anything-v2-python-uav-rgb\data\uav3dcrop\2025\Day007_Corn\images\639.JPG,C:\Users\81902\Documents\Codex\2026-09-20\depth-anything-v2-python-uav-rgb\data\uav3dcrop_depth\2025\Day007_Corn\639_depth.tif,https://huggingface.co/datasets/Link-Dev/UAV3DCrop/resolve/main/2025/Day007_Corn/images/639.JPG?download=true,https://huggingface.co/datasets/Link-Dev/UAV3DCrop_depth/resolve/main/2025/Day007_Corn_depth/639_depth.tif?download=true,main,metric_raw,8,20000,0.00118046875,0.006911866688728332,0.016929155029692774,-0.0006321403741836548,-0.003980269799812135,-0.0004714326527095351,0.4980106100795756,0.0043032588231505945
2025/Day007_Corn,2025,Day007,corn,639.JPG,639,DJI Mavic 3M RGB camera,nadir,nadir,0.9999842408219877,5280,3956,639_depth.tif,True,True,OPENCV,C:\Users\81902\Documents\Codex\2026-09-20\depth-anything-v2-python-uav-rgb\data\uav3dcrop\2025\Day007_Corn\images\639.JPG,C:\Users\81902\Documents\Codex\2026-09-20\depth-anything-v2-python-uav-rgb\data\uav3dcrop_depth\2025\Day007_Corn\639_depth.tif,https://huggingface.co/datasets/Link-Dev/UAV3DCrop/resolve/main/2025/Day007_Corn/images/639.JPG?download=true,https://huggingface.co/datasets/Link-Dev/UAV3DCrop_depth/resolve/main/2025/Day007_Corn_depth/639_depth.tif?download=true,main,metric_bias_corrected,8,20000,0.00118046875,0.006911868667602539,0.016929156838668476,-0.0006321426391601563,-0.003980624443469816,-0.0004722523336061994,0.4973474801061008,0.0043032588231505945
2025/Day007_Corn,2025,Day007,corn,639.JPG,639,DJI Mavic 3M RGB camera,nadir,nadir,0.9999842408219877,5280,3956,639_depth.tif,True,True,OPENCV,C:\Users\81902\Documents\Codex\2026-09-20\depth-anything-v2-python-uav-rgb\data\uav3dcrop\2025\Day007_Corn\images\639.JPG,C:\Users\81902\Documents\Codex\2026-09-20\depth-anything-v2-python-uav-rgb\data\uav3dcrop_depth\2025\Day007_Corn\639_depth.tif,https://huggingface.co/datasets/Link-Dev/UAV3DCrop/resolve/main/2025/Day007_Corn/images/639.JPG?download=true,https://huggingface.co/datasets/Link-Dev/UAV3DCrop_depth/resolve/main/2025/Day007_Corn_depth/639_depth.tif?download=true,main,metric_scale_shift,8,20000,0.00118046875,0.0012517853736877442,0.004307455736602792,2.5137901306152343e-06,0.003995615710718774,0.0005527338197050861,0.4960212201591512,0.0043032588231505945
2025/Day007_Corn,2025,Day007,corn,639.JPG,639,DJI Mavic 3M RGB camera,nadir,nadir,0.9999842408219877,5280,3956,639_depth.tif,True,True,OPENCV,C:\Users\81902\Documents\Codex\2026-09-20\depth-anything-v2-python-uav-rgb\data\uav3dcrop\2025\Day007_Corn\images\639.JPG,C:\Users\81902\Documents\Codex\2026-09-20\depth-anything-v2-python-uav-rgb\data\uav3dcrop_depth\2025\Day007_Corn\639_depth.tif,https://huggingface.co/datasets/Link-Dev/UAV3DCrop/resolve/main/2025/Day007_Corn/images/639.JPG?download=true,https://huggingface.co/datasets/Link-Dev/UAV3DCrop_depth/resolve/main/2025/Day007_Corn_depth/639_depth.tif?download=true,main,relative_scale_shift,8,20000,0.00118046875,0.0012175957679748536,0.004304340118143139,8.415699005126954e-06,-0.013601640009059113,-0.007944770656854434,0.47281167108753314,0.0043032588231505945
2025/Day007_Corn,2025,Day007,corn,639.JPG,639,DJI Mavic 3M RGB camera,nadir,nadir,0.9999842408219877,5280,3956,639_depth.tif,True,True,OPENCV,C:\Users\81902\Documents\Codex\2026-09-20\depth-anything-v2-python-uav-rgb\data\uav3dcrop\2025\Day007_Corn\images\639.JPG,C:\Users\81902\Documents\Codex\2026-09-20\depth-anything-v2-python-uav-rgb\data\uav3dcrop_depth\2025\Day007_Corn\639_depth.tif,https://huggingface.co/datasets/Link-Dev/UAV3DCrop/resolve/main/2025/Day007_Corn/images/639.JPG?download=true,https://huggingface.co/datasets/Link-Dev/UAV3DCrop_depth/resolve/main/2025/Day007_Corn_depth/639_depth.tif?download=true,main,metric_raw,16,20000,0.00229453125,0.011076450037956237,0.016423373851653943,-0.0008160748720169068,-0.010399167650730075,-0.009851254077274729,0.4903314917127072,0.006084276239488016
2025/Day007_Corn,2025,Day007,corn,639.JPG,639,DJI Mavic 3M RGB camera,nadir,nadir,0.9999842408219877,5280,3956,639_depth.tif,True,True,OPENCV,C:\Users\81902\Documents\Codex\2026-09-20\depth-anything-v2-python-uav-rgb\data\uav3dcrop\2025\Day007_Corn\images\639.JPG,C:\Users\81902\Documents\Codex\2026-09-20\depth-anything-v2-python-uav-rgb\data\uav3dcrop_depth\2025\Day007_Corn\639_depth.tif,https://huggingface.co/datasets/Link-Dev/UAV3DCrop/resolve/main/2025/Day007_Corn/images/639.JPG?download=true,https://huggingface.co/datasets/Link-Dev/UAV3DCrop_depth/resolve/main/2025/Day007_Corn_depth/639_depth.tif?download=true,main,metric_bias_corrected,16,20000,0.00229453125,0.011076444435119629,0.01642336957577056,-0.0008160711288452148,-0.010398827209918282,-0.009850226263264051,0.4903314917127072,0.006084276239488016
2025/Day007_Corn,2025,Day007,corn,639.JPG,639,DJI Mavic 3M RGB camera,nadir,nadir,0.9999842408219877,5280,3956,639_depth.tif,True,True,OPENCV,C:\Users\81902\Documents\Codex\2026-09-20\depth-anything-v2-python-uav-rgb\data\uav3dcrop\2025\Day007_Corn\images\639.JPG,C:\Users\81902\Documents\Codex\2026-09-20\depth-anything-v2-python-uav-rgb\data\uav3dcrop_depth\2025\Day007_Corn\639_depth.tif,https://huggingface.co/datasets/Link-Dev/UAV3DCrop/resolve/main/2025/Day007_Corn/images/639.JPG?download=true,https://huggingface.co/datasets/Link-Dev/UAV3DCrop_depth/resolve/main/2025/Day007_Corn_depth/639_depth.tif?download=true,main,metric_scale_shift,16,20000,0.00229453125,0.0024003207206726076,0.006085943431228938,8.554601669311523e-05,0.010348369368436585,0.009779439620590618,0.5075966850828729,0.006084276239488016
2025/Day007_Corn,2025,Day007,corn,639.JPG,639,DJI Mavic 3M RGB camera,nadir,nadir,0.9999842408219877,5280,3956,639_depth.tif,True,True,OPENCV,C:\Users\81902\Documents\Codex\2026-09-20\depth-anything-v2-python-uav-rgb\data\uav3dcrop\2025\Day007_Corn\images\639.JPG,C:\Users\81902\Documents\Codex\2026-09-20\depth-anything-v2-python-uav-rgb\data\uav3dcrop_depth\2025\Day007_Corn\639_depth.tif,https://huggingface.co/datasets/Link-Dev/UAV3DCrop/resolve/main/2025/Day007_Corn/images/639.JPG?download=true,https://huggingface.co/datasets/Link-Dev/UAV3DCrop_depth/resolve/main/2025/Day007_Corn_depth/639_depth.tif?download=true,main,relative_scale_shift,16,20000,0.00229453125,0.0023615262031555177,0.006085748382416886,0.00010219755172729492,0.003047094598336007,9.265273158338567e-05,0.481353591160221,0.006084276239488016
2025/Day007_Corn,2025,Day007,corn,639.JPG,639,DJI Mavic 3M RGB camera,nadir,nadir,0.9999842408219877,5280,3956,639_depth.tif,True,True,OPENCV,C:\Users\81902\Documents\Codex\2026-09-20\depth-anything-v2-python-uav-rgb\data\uav3dcrop\2025\Day007_Corn\images\639.JPG,C:\Users\81902\Documents\Codex\2026-09-20\depth-anything-v2-python-uav-rgb\data\uav3dcrop_depth\2025\Day007_Corn\639_depth.tif,https://huggingface.co/datasets/Link-Dev/UAV3DCrop/resolve/main/2025/Day007_Corn/images/639.JPG?download=true,https://huggingface.co/datasets/Link-Dev/UAV3DCrop_depth/resolve/main/2025/Day007_Corn_depth/639_depth.tif?download=true,main,metric_raw,32,20000,0.0037671875,0.017912645435333253,0.028102773837211433,-0.0019507586002349853,-0.02548018947890782,-0.02392938567611661,0.4803317031681905,0.00798999068659501
2025/Day007_Corn,2025,Day007,corn,639.JPG,639,DJI Mavic 3M RGB camera,nadir,nadir,0.9999842408219877,5280,3956,639_depth.tif,True,True,OPENCV,C:\Users\81902\Documents\Codex\2026-09-20\depth-anything-v2-python-uav-rgb\data\uav3dcrop\2025\Day007_Corn\images\639.JPG,C:\Users\81902\Documents\Codex\2026-09-20\depth-anything-v2-python-uav-rgb\data\uav3dcrop_depth\2025\Day007_Corn\639_depth.tif,https://huggingface.co/datasets/Link-Dev/UAV3DCrop/resolve/main/2025/Day007_Corn/images/639.JPG?download=true,https://huggingface.co/datasets/Link-Dev/UAV3DCrop_depth/resolve/main/2025/Day007_Corn_depth/639_depth.tif?download=true,main,metric_bias_corrected,32,20000,0.0037671875,0.017912644195556642,0.028102776577758483,-0.0019507617950439453,-0.025480009826333912,-0.023929217087333223,0.4803317031681905,0.00798999068659501
2025/Day007_Corn,2025,Day007,corn,639.JPG,639,DJI Mavic 3M RGB camera,nadir,nadir,0.9999842408219877,5280,3956,639_depth.tif,True,True,OPENCV,C:\Users\81902\Documents\Codex\2026-09-20\depth-anything-v2-python-uav-rgb\data\uav3dcrop\2025\Day007_Corn\images\639.JPG,C:\Users\81902\Documents\Codex\2026-09-20\depth-anything-v2-python-uav-rgb\data\uav3dcrop_depth\2025\Day007_Corn\639_depth.tif,https://huggingface.co/datasets/Link-Dev/UAV3DCrop/resolve/main/2025/Day007_Corn/images/639.JPG?download=true,https://huggingface.co/datasets/Link-Dev/UAV3DCrop_depth/resolve/main/2025/Day007_Corn_depth/639_depth.tif?download=true,main,metric_scale_shift,32,20000,0.0037671875,0.003919712448120117,0.007988942634819852,7.863216400146485e-05,0.025471966864146663,0.02392058823314079,0.5186051456517117,0.00798999068659501
2025/Day007_Corn,2025,Day007,corn,639.JPG,639,DJI Mavic 3M RGB camera,nadir,nadir,0.9999842408219877,5280,3956,639_depth.tif,True,True,OPENCV,C:\Users\81902\Documents\Codex\2026-09-20\depth-anything-v2-python-uav-rgb\data\uav3dcrop\2025\Day007_Corn\images\639.JPG,C:\Users\81902\Documents\Codex\2026-09-20\depth-anything-v2-python-uav-rgb\data\uav3dcrop_depth\2025\Day007_Corn\639_depth.tif,https://huggingface.co/datasets/Link-Dev/UAV3DCrop/resolve/main/2025/Day007_Corn/images/639.JPG?download=true,https://huggingface.co/datasets/Link-Dev/UAV3DCrop_depth/resolve/main/2025/Day007_Corn_depth/639_depth.tif?download=true,main,relative_scale_shift,32,20000,0.0037671875,0.003886484241485596,0.007994198443227253,0.0001069462776184082,-0.0040168618781419845,-0.0023610683034293134,0.4926642568573251,0.00798999068659501
2025/Day007_Corn,2025,Day007,corn,639.JPG,639,DJI Mavic 3M RGB camera,nadir,nadir,0.9999842408219877,5280,3956,639_depth.tif,True,True,OPENCV,C:\Users\81902\Documents\Codex\2026-09-20\depth-anything-v2-python-uav-rgb\data\uav3dcrop\2025\Day007_Corn\images\639.JPG,C:\Users\81902\Documents\Codex\2026-09-20\depth-anything-v2-python-uav-rgb\data\uav3dcrop_depth\2025\Day007_Corn\639_depth.tif,https://huggingface.co/datasets/Link-Dev/UAV3DCrop/resolve/main/2025/Day007_Corn/images/639.JPG?download=true,https://huggingface.co/datasets/Link-Dev/UAV3DCrop_depth/resolve/main/2025/Day007_Corn_depth/639_depth.tif?download=true,main,metric_raw,64,20000,0.00530859375,0.027306289839744566,0.043550154880676074,-0.0035933468103408815,-0.024260326933693142,-0.01592648027358944,0.49394785847299816,0.010257541022445311
2025/Day007_Corn,2025,Day007,corn,639.JPG,639,DJI Mavic 3M RGB camera,nadir,nadir,0.9999842408219877,5280,3956,639_depth.tif,True,True,OPENCV,C:\Users\81902\Documents\Codex\2026-09-20\depth-anything-v2-python-uav-rgb\data\uav3dcrop\2025\Day007_Corn\images\639.JPG,C:\Users\81902\Documents\Codex\2026-09-20\depth-anything-v2-python-uav-rgb\data\uav3dcrop_depth\2025\Day007_Corn\639_depth.tif,https://huggingface.co/datasets/Link-Dev/UAV3DCrop/resolve/main/2025/Day007_Corn/images/639.JPG?download=true,https://huggingface.co/datasets/Link-Dev/UAV3DCrop_depth/resolve/main/2025/Day007_Corn_depth/639_depth.tif?download=true,main,metric_bias_corrected,64,20000,0.00530859375,0.027306287002563476,0.043550152130043956,-0.003593345069885254,-0.0242602228656328,-0.015925978547090613,0.49394785847299816,0.010257541022445311
2025/Day007_Corn,2025,Day007,corn,639.JPG,639,DJI Mavic 3M RGB camera,nadir,nadir,0.9999842408219877,5280,3956,639_depth.tif,True,True,OPENCV,C:\Users\81902\Documents\Codex\2026-09-20\depth-anything-v2-python-uav-rgb\data\uav3dcrop\2025\Day007_Corn\images\639.JPG,C:\Users\81902\Documents\Codex\2026-09-20\depth-anything-v2-python-uav-rgb\data\uav3dcrop_depth\2025\Day007_Corn\639_depth.tif,https://huggingface.co/datasets/Link-Dev/UAV3DCrop/resolve/main/2025/Day007_Corn/images/639.JPG?download=true,https://huggingface.co/datasets/Link-Dev/UAV3DCrop_depth/resolve/main/2025/Day007_Corn_depth/639_depth.tif?download=true,main,metric_scale_shift,64,20000,0.00530859375,0.005517051982879639,0.010263188419195957,0.00031079130172729494,0.024251790063630912,0.015925531085028588,0.505276225946617,0.010257541022445311
2025/Day007_Corn,2025,Day007,corn,639.JPG,639,DJI Mavic 3M RGB camera,nadir,nadir,0.9999842408219877,5280,3956,639_depth.tif,True,True,OPENCV,C:\Users\81902\Documents\Codex\2026-09-20\depth-anything-v2-python-uav-rgb\data\uav3dcrop\2025\Day007_Corn\images\639.JPG,C:\Users\81902\Documents\Codex\2026-09-20\depth-anything-v2-python-uav-rgb\data\uav3dcrop_depth\2025\Day007_Corn\639_depth.tif,https://huggingface.co/datasets/Link-Dev/UAV3DCrop/resolve/main/2025/Day007_Corn/images/639.JPG?download=true,https://huggingface.co/datasets/Link-Dev/UAV3DCrop_depth/resolve/main/2025/Day007_Corn_depth/639_depth.tif?download=true,main,relative_scale_shift,64,20000,0.00530859375,0.005507665920257568,0.010264911828683007,0.00037279233932495116,0.017892210246977108,0.015052653347930597,0.49751707014276847,0.010257541022445311
2025/Day007_Corn,2025,Day007,corn,639.JPG,639,DJI Mavic 3M RGB camera,nadir,nadir,0.9999842408219877,5280,3956,639_depth.tif,True,True,OPENCV,C:\Users\81902\Documents\Codex\2026-09-20\depth-anything-v2-python-uav-rgb\data\uav3dcrop\2025\Day007_Corn\images\639.JPG,C:\Users\81902\Documents\Codex\2026-09-20\depth-anything-v2-python-uav-rgb\data\uav3dcrop_depth\2025\Day007_Corn\639_depth.tif,https://huggingface.co/datasets/Link-Dev/UAV3DCrop/resolve/main/2025/Day007_Corn/images/639.JPG?download=true,https://huggingface.co/datasets/Link-Dev/UAV3DCrop_depth/resolve/main/2025/Day007_Corn_depth/639_depth.tif?download=true,main,metric_raw,128,20000,0.00606875,0.04177656962871552,0.06630022650226733,-0.008420452046394349,-0.06969595526006757,-0.02370601885130596,0.5135324638900575,0.012553548485979721
2025/Day007_Corn,2025,Day007,corn,639.JPG,639,DJI Mavic 3M RGB camera,nadir,nadir,0.9999842408219877,5280,3956,639_depth.tif,True,True,OPENCV,C:\Users\81902\Documents\Codex\2026-09-20\depth-anything-v2-python-uav-rgb\data\uav3dcrop\2025\Day007_Corn\images\639.JPG,C:\Users\81902\Documents\Codex\2026-09-20\depth-anything-v2-python-uav-rgb\data\uav3dcrop_depth\2025\Day007_Corn\639_depth.tif,https://huggingface.co/datasets/Link-Dev/UAV3DCrop/resolve/main/2025/Day007_Corn/images/639.JPG?download=true,https://huggingface.co/datasets/Link-Dev/UAV3DCrop_depth/resolve/main/2025/Day007_Corn_depth/639_depth.tif?download=true,main,metric_bias_corrected,128,20000,0.00606875,0.04177656421661377,0.06630022878198316,-0.008420452690124512,-0.06969580436371167,-0.02370610155010961,0.5135324638900575,0.012553548485979721
2025/Day007_Corn,2025,Day007,corn,639.JPG,639,DJI Mavic 3M RGB camera,nadir,nadir,0.9999842408219877,5280,3956,639_depth.tif,True,True,OPENCV,C:\Users\81902\Documents\Codex\2026-09-20\depth-anything-v2-python-uav-rgb\data\uav3dcrop\2025\Day007_Corn\images\639.JPG,C:\Users\81902\Documents\Codex\2026-09-20\depth-anything-v2-python-uav-rgb\data\uav3dcrop_depth\2025\Day007_Corn\639_depth.tif,https://huggingface.co/datasets/Link-Dev/UAV3DCrop/resolve/main/2025/Day007_Corn/images/639.JPG?download=true,https://huggingface.co/datasets/Link-Dev/UAV3DCrop_depth/resolve/main/2025/Day007_Corn_depth/639_depth.tif?download=true,main,metric_scale_shift,128,20000,0.00606875,0.006364056968688965,0.012537980740387516,0.0006088088989257812,0.06969047586357549,0.02370890675029822,0.48576637217781515,0.012553548485979721
2025/Day007_Corn,2025,Day007,corn,639.JPG,639,DJI Mavic 3M RGB camera,nadir,nadir,0.9999842408219877,5280,3956,639_depth.tif,True,True,OPENCV,C:\Users\81902\Documents\Codex\2026-09-20\depth-anything-v2-python-uav-rgb\data\uav3dcrop\2025\Day007_Corn\images\639.JPG,C:\Users\81902\Documents\Codex\2026-09-20\depth-anything-v2-python-uav-rgb\data\uav3dcrop_depth\2025\Day007_Corn\639_depth.tif,https://huggingface.co/datasets/Link-Dev/UAV3DCrop/resolve/main/2025/Day007_Corn/images/639.JPG?download=true,https://huggingface.co/datasets/Link-Dev/UAV3DCrop_depth/resolve/main/2025/Day007_Corn_depth/639_depth.tif?download=true,main,relative_scale_shift,128,20000,0.00606875,0.006419143867492676,0.012556752514873868,0.0007223075866699219,0.053598210954142717,0.04690912105454021,0.5045575655588277,0.012553548485979721
2025/Day007_Corn,2025,Day007,corn,670.JPG,670,DJI Mavic 3M RGB camera,nadir,nadir,0.9999760870075198,5280,3956,670_depth.tif,True,True,OPENCV,C:\Users\81902\Documents\Codex\2026-09-20\depth-anything-v2-python-uav-rgb\data\uav3dcrop\2025\Day007_Corn\images\670.JPG,C:\Users\81902\Documents\Codex\2026-09-20\depth-anything-v2-python-uav-rgb\data\uav3dcrop_depth\2025\Day007_Corn\670_depth.tif,https://huggingface.co/datasets/Link-Dev/UAV3DCrop/resolve/main/2025/Day007_Corn/images/670.JPG?download=true,https://huggingface.co/datasets/Link-Dev/UAV3DCrop_depth/resolve/main/2025/Day007_Corn_depth/670_depth.tif?download=true,main,metric_raw,8,20000,0.00411875,0.010575525093078613,0.017391582880582682,-0.001780554485321045,0.0977183692661944,0.03941457655072967,0.5213121604680317,0.01038096402375521
2025/Day007_Corn,2025,Day007,corn,670.JPG,670,DJI Mavic 3M RGB camera,nadir,nadir,0.9999760870075198,5280,3956,670_depth.tif,True,True,OPENCV,C:\Users\81902\Documents\Codex\2026-09-20\depth-anything-v2-python-uav-rgb\data\uav3dcrop\2025\Day007_Corn\images\670.JPG,C:\Users\81902\Documents\Codex\2026-09-20\depth-anything-v2-python-uav-rgb\data\uav3dcrop_depth\2025\Day007_Corn\670_depth.tif,https://huggingface.co/datasets/Link-Dev/UAV3DCrop/resolve/main/2025/Day007_Corn/images/670.JPG?download=true,https://huggingface.co/datasets/Link-Dev/UAV3DCrop_depth/resolve/main/2025/Day007_Corn_depth/670_depth.tif?download=true,main,metric_bias_corrected,8,20000,0.00411875,0.010575529861450196,0.0173915840432552,-0.0017805587768554689,0.09771853608623829,0.0394157407596609,0.5213121604680317,0.01038096402375521
2025/Day007_Corn,2025,Day007,corn,670.JPG,670,DJI Mavic 3M RGB camera,nadir,nadir,0.9999760870075198,5280,3956,670_depth.tif,True,True,OPENCV,C:\Users\81902\Documents\Codex\2026-09-20\depth-anything-v2-python-uav-rgb\data\uav3dcrop\2025\Day007_Corn\images\670.JPG,C:\Users\81902\Documents\Codex\2026-09-20\depth-anything-v2-python-uav-rgb\data\uav3dcrop_depth\2025\Day007_Corn\670_depth.tif,https://huggingface.co/datasets/Link-Dev/UAV3DCrop/resolve/main/2025/Day007_Corn/images/670.JPG?download=true,https://huggingface.co/datasets/Link-Dev/UAV3DCrop_depth/resolve/main/2025/Day007_Corn_depth/670_depth.tif?download=true,main,metric_scale_shift,8,20000,0.00411875,0.004694996452331543,0.010605189327712877,-0.00028728599548339843,-0.09771784043312912,-0.039425292373017166,0.47847889678228167,0.01038096402375521
2025/Day007_Corn,2025,Day007,corn,670.JPG,670,DJI Mavic 3M RGB camera,nadir,nadir,0.9999760870075198,5280,3956,670_depth.tif,True,True,OPENCV,C:\Users\81902\Documents\Codex\2026-09-20\depth-anything-v2-python-uav-rgb\data\uav3dcrop\2025\Day007_Corn\images\670.JPG,C:\Users\81902\Documents\Codex\2026-09-20\depth-anything-v2-python-uav-rgb\data\uav3dcrop_depth\2025\Day007_Corn\670_depth.tif,https://huggingface.co/datasets/Link-Dev/UAV3DCrop/resolve/main/2025/Day007_Corn/images/670.JPG?download=true,https://huggingface.co/datasets/Link-Dev/UAV3DCrop_depth/resolve/main/2025/Day007_Corn_depth/670_depth.tif?download=true,main,relative_scale_shift,8,20000,0.00411875,0.004373806285858154,0.010721488066604105,-0.00040931482315063476,-0.3873210833651632,-0.1406983667839387,0.41203510238194735,0.01038096402375521
2025/Day007_Corn,2025,Day007,corn,670.JPG,670,DJI Mavic 3M RGB camera,nadir,nadir,0.9999760870075198,5280,3956,670_depth.tif,True,True,OPENCV,C:\Users\81902\Documents\Codex\2026-09-20\depth-anything-v2-python-uav-rgb\data\uav3dcrop\2025\Day007_Corn\images\670.JPG,C:\Users\81902\Documents\Codex\2026-09-20\depth-anything-v2-python-uav-rgb\data\uav3dcrop_depth\2025\Day007_Corn\670_depth.tif,https://huggingface.co/datasets/Link-Dev/UAV3DCrop/resolve/main/2025/Day007_Corn/images/670.JPG?download=true,https://huggingface.co/datasets/Link-Dev/UAV3DCrop_depth/resolve/main/2025/Day007_Corn_depth/670_depth.tif?download=true,main,metric_raw,16,20000,0.00777109375,0.017978564739227296,0.028709656103270635,-0.003932115030288696,0.13378664811096833,0.03183134049316138,0.5094827586206897,0.015947024555166583
2025/Day007_Corn,2025,Day007,corn,670.JPG,670,DJI Mavic 3M RGB camera,nadir,nadir,0.9999760870075198,5280,3956,670_depth.tif,True,True,OPENCV,C:\Users\81902\Documents\Codex\2026-09-20\depth-anything-v2-python-uav-rgb\data\uav3dcrop\2025\Day007_Corn\images\670.JPG,C:\Users\81902\Documents\Codex\2026-09-20\depth-anything-v2-python-uav-rgb\data\uav3dcrop_depth\2025\Day007_Corn\670_depth.tif,https://huggingface.co/datasets/Link-Dev/UAV3DCrop/resolve/main/2025/Day007_Corn/images/670.JPG?download=true,https://huggingface.co/datasets/Link-Dev/UAV3DCrop_depth/resolve/main/2025/Day007_Corn_depth/670_depth.tif?download=true,main,metric_bias_corrected,16,20000,0.00777109375,0.017978565311431886,0.028709654342399957,-0.003932118320465088,0.1337865246094136,0.031832384140173496,0.5094827586206897,0.015947024555166583
2025/Day007_Corn,2025,Day007,corn,670.JPG,670,DJI Mavic 3M RGB camera,nadir,nadir,0.9999760870075198,5280,3956,670_depth.tif,True,True,OPENCV,C:\Users\81902\Documents\Codex\2026-09-20\depth-anything-v2-python-uav-rgb\data\uav3dcrop\2025\Day007_Corn\images\670.JPG,C:\Users\81902\Documents\Codex\2026-09-20\depth-anything-v2-python-uav-rgb\data\uav3dcrop_depth\2025\Day007_Corn\670_depth.tif,https://huggingface.co/datasets/Link-Dev/UAV3DCrop/resolve/main/2025/Day007_Corn/images/670.JPG?download=true,https://huggingface.co/datasets/Link-Dev/UAV3DCrop_depth/resolve/main/2025/Day007_Corn_depth/670_depth.tif?download=true,main,metric_scale_shift,16,20000,0.00777109375,0.008557449722290039,0.01643785974665738,-0.0005107444763183594,-0.13378661186877386,-0.031833244190613445,0.4903940886699507,0.015947024555166583
2025/Day007_Corn,2025,Day007,corn,670.JPG,670,DJI Mavic 3M RGB camera,nadir,nadir,0.9999760870075198,5280,3956,670_depth.tif,True,True,OPENCV,C:\Users\81902\Documents\Codex\2026-09-20\depth-anything-v2-python-uav-rgb\data\uav3dcrop\2025\Day007_Corn\images\670.JPG,C:\Users\81902\Documents\Codex\2026-09-20\depth-anything-v2-python-uav-rgb\data\uav3dcrop_depth\2025\Day007_Corn\670_depth.tif,https://huggingface.co/datasets/Link-Dev/UAV3DCrop/resolve/main/2025/Day007_Corn/images/670.JPG?download=true,https://huggingface.co/datasets/Link-Dev/UAV3DCrop_depth/resolve/main/2025/Day007_Corn_depth/670_depth.tif?download=true,main,relative_scale_shift,16,20000,0.00777109375,0.008221850967407227,0.01671644655239443,-0.0007777490615844727,-0.4654164645335645,-0.15511014556587002,0.4274630541871921,0.015947024555166583
2025/Day007_Corn,2025,Day007,corn,670.JPG,670,DJI Mavic 3M RGB camera,nadir,nadir,0.9999760870075198,5280,3956,670_depth.tif,True,True,OPENCV,C:\Users\81902\Documents\Codex\2026-09-20\depth-anything-v2-python-uav-rgb\data\uav3dcrop\2025\Day007_Corn\images\670.JPG,C:\Users\81902\Documents\Codex\2026-09-20\depth-anything-v2-python-uav-rgb\data\uav3dcrop_depth\2025\Day007_Corn\670_depth.tif,https://huggingface.co/datasets/Link-Dev/UAV3DCrop/resolve/main/2025/Day007_Corn/images/670.JPG?download=true,https://huggingface.co/datasets/Link-Dev/UAV3DCrop_depth/resolve/main/2025/Day007_Corn_depth/670_depth.tif?download=true,main,metric_raw,32,20000,0.01340078125,0.029029743099212645,0.04616271310312069,-0.007283209228515625,0.15332248327168702,0.033484322181062585,0.5063313096270599,0.025720614763331588
2025/Day007_Corn,2025,Day007,corn,670.JPG,670,DJI Mavic 3M RGB camera,nadir,nadir,0.9999760870075198,5280,3956,670_depth.tif,True,True,OPENCV,C:\Users\81902\Documents\Codex\2026-09-20\depth-anything-v2-python-uav-rgb\data\uav3dcrop\2025\Day007_Corn\images\670.JPG,C:\Users\81902\Documents\Codex\2026-09-20\depth-anything-v2-python-uav-rgb\data\uav3dcrop_depth\2025\Day007_Corn\670_depth.tif,https://huggingface.co/datasets/Link-Dev/UAV3DCrop/resolve/main/2025/Day007_Corn/images/670.JPG?download=true,https://huggingface.co/datasets/Link-Dev/UAV3DCrop_depth/resolve/main/2025/Day007_Corn_depth/670_depth.tif?download=true,main,metric_bias_corrected,32,20000,0.01340078125,0.029029747200012206,0.046162720790391874,-0.007283215141296387,0.15332243861308384,0.03348452161837046,0.5063313096270599,0.025720614763331588
2025/Day007_Corn,2025,Day007,corn,670.JPG,670,DJI Mavic 3M RGB camera,nadir,nadir,0.9999760870075198,5280,3956,670_depth.tif,True,True,OPENCV,C:\Users\81902\Documents\Codex\2026-09-20\depth-anything-v2-python-uav-rgb\data\uav3dcrop\2025\Day007_Corn\images\670.JPG,C:\Users\81902\Documents\Codex\2026-09-20\depth-anything-v2-python-uav-rgb\data\uav3dcrop_depth\2025\Day007_Corn\670_depth.tif,https://huggingface.co/datasets/Link-Dev/UAV3DCrop/resolve/main/2025/Day007_Corn/images/670.JPG?download=true,https://huggingface.co/datasets/Link-Dev/UAV3DCrop_depth/resolve/main/2025/Day007_Corn_depth/670_depth.tif?download=true,main,metric_scale_shift,32,20000,0.01340078125,0.014403560733795166,0.026590497555717563,-0.0008435866355895996,-0.15332185247072597,-0.03348259985900604,0.49366869037294014,0.025720614763331588
2025/Day007_Corn,2025,Day007,corn,670.JPG,670,DJI Mavic 3M RGB camera,nadir,nadir,0.9999760870075198,5280,3956,670_depth.tif,True,True,OPENCV,C:\Users\81902\Documents\Codex\2026-09-20\depth-anything-v2-python-uav-rgb\data\uav3dcrop\2025\Day007_Corn\images\670.JPG,C:\Users\81902\Documents\Codex\2026-09-20\depth-anything-v2-python-uav-rgb\data\uav3dcrop_depth\2025\Day007_Corn\670_depth.tif,https://huggingface.co/datasets/Link-Dev/UAV3DCrop/resolve/main/2025/Day007_Corn/images/670.JPG?download=true,https://huggingface.co/datasets/Link-Dev/UAV3DCrop_depth/resolve/main/2025/Day007_Corn_depth/670_depth.tif?download=true,main,relative_scale_shift,32,20000,0.01340078125,0.014155637836456299,0.027463839159433255,-0.0013083878517150878,-0.5903607565782953,-0.17532724460056942,0.4352124891587164,0.025720614763331588
2025/Day007_Corn,2025,Day007,corn,670.JPG,670,DJI Mavic 3M RGB camera,nadir,nadir,0.9999760870075198,5280,3956,670_depth.tif,True,True,OPENCV,C:\Users\81902\Documents\Codex\2026-09-20\depth-anything-v2-python-uav-rgb\data\uav3dcrop\2025\Day007_Corn\images\670.JPG,C:\Users\81902\Documents\Codex\2026-09-20\depth-anything-v2-python-uav-rgb\data\uav3dcrop_depth\2025\Day007_Corn\670_depth.tif,https://huggingface.co/datasets/Link-Dev/UAV3DCrop/resolve/main/2025/Day007_Corn/images/670.JPG?download=true,https://huggingface.co/datasets/Link-Dev/UAV3DCrop_depth/resolve/main/2025/Day007_Corn_depth/670_depth.tif?download=true,main,metric_raw,64,20000,0.01949921875,0.04310103979110718,0.06810786288127915,-0.015295065927505493,0.23712456096211598,0.06565752318680694,0.5185021702346796,0.0372648243411761
2025/Day007_Corn,2025,Day007,corn,670.JPG,670,DJI Mavic 3M RGB camera,nadir,nadir,0.9999760870075198,5280,3956,670_depth.tif,True,True,OPENCV,C:\Users\81902\Documents\Codex\2026-09-20\depth-anything-v2-python-uav-rgb\data\uav3dcrop\2025\Day007_Corn\images\670.JPG,C:\Users\81902\Documents\Codex\2026-09-20\depth-anything-v2-python-uav-rgb\data\uav3dcrop_depth\2025\Day007_Corn\670_depth.tif,https://huggingface.co/datasets/Link-Dev/UAV3DCrop/resolve/main/2025/Day007_Corn/images/670.JPG?download=true,https://huggingface.co/datasets/Link-Dev/UAV3DCrop_depth/resolve/main/2025/Day007_Corn_depth/670_depth.tif?download=true,main,metric_bias_corrected,64,20000,0.01949921875,0.04310103244781494,0.06810785633875707,-0.015295063018798828,0.237124647258885,0.06565773966018144,0.5185021702346796,0.0372648243411761
2025/Day007_Corn,2025,Day007,corn,670.JPG,670,DJI Mavic 3M RGB camera,nadir,nadir,0.9999760870075198,5280,3956,670_depth.tif,True,True,OPENCV,C:\Users\81902\Documents\Codex\2026-09-20\depth-anything-v2-python-uav-rgb\data\uav3dcrop\2025\Day007_Corn\images\670.JPG,C:\Users\81902\Documents\Codex\2026-09-20\depth-anything-v2-python-uav-rgb\data\uav3dcrop_depth\2025\Day007_Corn\670_depth.tif,https://huggingface.co/datasets/Link-Dev/UAV3DCrop/resolve/main/2025/Day007_Corn/images/670.JPG?download=true,https://huggingface.co/datasets/Link-Dev/UAV3DCrop_depth/resolve/main/2025/Day007_Corn_depth/670_depth.tif?download=true,main,metric_scale_shift,64,20000,0.01949921875,0.020850657844543458,0.03912352344183404,-0.001701496124267578,-0.23712440665089926,-0.06566129671573452,0.481129993378945,0.0372648243411761
2025/Day007_Corn,2025,Day007,corn,670.JPG,670,DJI Mavic 3M RGB camera,nadir,nadir,0.9999760870075198,5280,3956,670_depth.tif,True,True,OPENCV,C:\Users\81902\Documents\Codex\2026-09-20\depth-anything-v2-python-uav-rgb\data\uav3dcrop\2025\Day007_Corn\images\670.JPG,C:\Users\81902\Documents\Codex\2026-09-20\depth-anything-v2-python-uav-rgb\data\uav3dcrop_depth\2025\Day007_Corn\670_depth.tif,https://huggingface.co/datasets/Link-Dev/UAV3DCrop/resolve/main/2025/Day007_Corn/images/670.JPG?download=true,https://huggingface.co/datasets/Link-Dev/UAV3DCrop_depth/resolve/main/2025/Day007_Corn_depth/670_depth.tif?download=true,main,relative_scale_shift,64,20000,0.01949921875,0.020898857402801514,0.04081146139157945,-0.002715981388092041,-0.6330409487960863,-0.19628875237599716,0.4337526668138012,0.0372648243411761
2025/Day007_Corn,2025,Day007,corn,670.JPG,670,DJI Mavic 3M RGB camera,nadir,nadir,0.9999760870075198,5280,3956,670_depth.tif,True,True,OPENCV,C:\Users\81902\Documents\Codex\2026-09-20\depth-anything-v2-python-uav-rgb\data\uav3dcrop\2025\Day007_Corn\images\670.JPG,C:\Users\81902\Documents\Codex\2026-09-20\depth-anything-v2-python-uav-rgb\data\uav3dcrop_depth\2025\Day007_Corn\670_depth.tif,https://huggingface.co/datasets/Link-Dev/UAV3DCrop/resolve/main/2025/Day007_Corn/images/670.JPG?download=true,https://huggingface.co/datasets/Link-Dev/UAV3DCrop_depth/resolve/main/2025/Day007_Corn_depth/670_depth.tif?download=true,main,metric_raw,128,20000,0.02606953125,0.062003819823265076,0.09704769460406461,-0.029368849444389344,0.21887151943145955,0.07601844325144681,0.5398296937233896,0.05494126786331665
2025/Day007_Corn,2025,Day007,corn,670.JPG,670,DJI Mavic 3M RGB camera,nadir,nadir,0.9999760870075198,5280,3956,670_depth.tif,True,True,OPENCV,C:\Users\81902\Documents\Codex\2026-09-20\depth-anything-v2-python-uav-rgb\data\uav3dcrop\2025\Day007_Corn\images\670.JPG,C:\Users\81902\Documents\Codex\2026-09-20\depth-anything-v2-python-uav-rgb\data\uav3dcrop_depth\2025\Day007_Corn\670_depth.tif,https://huggingface.co/datasets/Link-Dev/UAV3DCrop/resolve/main/2025/Day007_Corn/images/670.JPG?download=true,https://huggingface.co/datasets/Link-Dev/UAV3DCrop_depth/resolve/main/2025/Day007_Corn_depth/670_depth.tif?download=true,main,metric_bias_corrected,128,20000,0.02606953125,0.06200382051467895,0.09704769514578131,-0.029368854236602782,0.21887156408836703,0.07601807738742646,0.5398296937233896,0.05494126786331665
2025/Day007_Corn,2025,Day007,corn,670.JPG,670,DJI Mavic 3M RGB camera,nadir,nadir,0.9999760870075198,5280,3956,670_depth.tif,True,True,OPENCV,C:\Users\81902\Documents\Codex\2026-09-20\depth-anything-v2-python-uav-rgb\data\uav3dcrop\2025\Day007_Corn\images\670.JPG,C:\Users\81902\Documents\Codex\2026-09-20\depth-anything-v2-python-uav-rgb\data\uav3dcrop_depth\2025\Day007_Corn\670_depth.tif,https://huggingface.co/datasets/Link-Dev/UAV3DCrop/resolve/main/2025/Day007_Corn/images/670.JPG?download=true,https://huggingface.co/datasets/Link-Dev/UAV3DCrop_depth/resolve/main/2025/Day007_Corn_depth/670_depth.tif?download=true,main,metric_scale_shift,128,20000,0.02606953125,0.02794939832687378,0.05736033410195872,-0.003906189441680908,-0.21887169407954338,-0.07602093601305553,0.4601703062766104,0.05494126786331665
2025/Day007_Corn,2025,Day007,corn,670.JPG,670,DJI Mavic 3M RGB camera,nadir,nadir,0.9999760870075198,5280,3956,670_depth.tif,True,True,OPENCV,C:\Users\81902\Documents\Codex\2026-09-20\depth-anything-v2-python-uav-rgb\data\uav3dcrop\2025\Day007_Corn\images\670.JPG,C:\Users\81902\Documents\Codex\2026-09-20\depth-anything-v2-python-uav-rgb\data\uav3dcrop_depth\2025\Day007_Corn\670_depth.tif,https://huggingface.co/datasets/Link-Dev/UAV3DCrop/resolve/main/2025/Day007_Corn/images/670.JPG?download=true,https://huggingface.co/datasets/Link-Dev/UAV3DCrop_depth/resolve/main/2025/Day007_Corn_depth/670_depth.tif?download=true,main,relative_scale_shift,128,20000,0.02606953125,0.028390607833862304,0.06194608730260254,-0.005761488342285156,-0.7346184342400468,-0.1817795933009757,0.42617772284026917,0.05494126786331665
2025/Day007_Corn,2025,Day007,corn,701.JPG,701,DJI Mavic 3M RGB camera,nadir,nadir,0.9999967126160184,5280,3956,701_depth.tif,True,True,OPENCV,C:\Users\81902\Documents\Codex\2026-09-20\depth-anything-v2-python-uav-rgb\data\uav3dcrop\2025\Day007_Corn\images\701.JPG,C:\Users\81902\Documents\Codex\2026-09-20\depth-anything-v2-python-uav-rgb\data\uav3dcrop_depth\2025\Day007_Corn\701_depth.tif,https://huggingface.co/datasets/Link-Dev/UAV3DCrop/resolve/main/2025/Day007_Corn/images/701.JPG?download=true,https://huggingface.co/datasets/Link-Dev/UAV3DCrop_depth/resolve/main/2025/Day007_Corn_depth/701_depth.tif?download=true,main,metric_raw,8,20000,0.0044046875,0.012676013898849488,0.020049553931384384,0.0010872220516204834,0.0484938650214923,0.044395692644591325,0.5366459627329192,0.011395628187900611
2025/Day007_Corn,2025,Day007,corn,701.JPG,701,DJI Mavic 3M RGB camera,nadir,nadir,0.9999967126160184,5280,3956,701_depth.tif,True,True,OPENCV,C:\Users\81902\Documents\Codex\2026-09-20\depth-anything-v2-python-uav-rgb\data\uav3dcrop\2025\Day007_Corn\images\701.JPG,C:\Users\81902\Documents\Codex\2026-09-20\depth-anything-v2-python-uav-rgb\data\uav3dcrop_depth\2025\Day007_Corn\701_depth.tif,https://huggingface.co/datasets/Link-Dev/UAV3DCrop/resolve/main/2025/Day007_Corn/images/701.JPG?download=true,https://huggingface.co/datasets/Link-Dev/UAV3DCrop_depth/resolve/main/2025/Day007_Corn_depth/701_depth.tif?download=true,main,metric_bias_corrected,8,20000,0.0044046875,0.01267601842880249,0.020049548921225468,0.0010872153282165528,0.04849431463508612,0.04439595986211842,0.5366459627329192,0.011395628187900611
2025/Day007_Corn,2025,Day007,corn,701.JPG,701,DJI Mavic 3M RGB camera,nadir,nadir,0.9999967126160184,5280,3956,701_depth.tif,True,True,OPENCV,C:\Users\81902\Documents\Codex\2026-09-20\depth-anything-v2-python-uav-rgb\data\uav3dcrop\2025\Day007_Corn\images\701.JPG,C:\Users\81902\Documents\Codex\2026-09-20\depth-anything-v2-python-uav-rgb\data\uav3dcrop_depth\2025\Day007_Corn\701_depth.tif,https://huggingface.co/datasets/Link-Dev/UAV3DCrop/resolve/main/2025/Day007_Corn/images/701.JPG?download=true,https://huggingface.co/datasets/Link-Dev/UAV3DCrop_depth/resolve/main/2025/Day007_Corn_depth/701_depth.tif?download=true,main,metric_scale_shift,8,20000,0.0044046875,0.004448068714141846,0.011404814250860266,-0.00031684560775756834,-0.04851570685948343,-0.0443088568399617,0.458592132505176,0.011395628187900611
2025/Day007_Corn,2025,Day007,corn,701.JPG,701,DJI Mavic 3M RGB camera,nadir,nadir,0.9999967126160184,5280,3956,701_depth.tif,True,True,OPENCV,C:\Users\81902\Documents\Codex\2026-09-20\depth-anything-v2-python-uav-rgb\data\uav3dcrop\2025\Day007_Corn\images\701.JPG,C:\Users\81902\Documents\Codex\2026-09-20\depth-anything-v2-python-uav-rgb\data\uav3dcrop_depth\2025\Day007_Corn\701_depth.tif,https://huggingface.co/datasets/Link-Dev/UAV3DCrop/resolve/main/2025/Day007_Corn/images/701.JPG?download=true,https://huggingface.co/datasets/Link-Dev/UAV3DCrop_depth/resolve/main/2025/Day007_Corn_depth/701_depth.tif?download=true,main,relative_scale_shift,8,20000,0.0044046875,0.00444757719039917,0.011462451427427179,-0.0003198420524597168,-0.4326846936822667,-0.18419364167622843,0.3546583850931677,0.011395628187900611
2025/Day007_Corn,2025,Day007,corn,701.JPG,701,DJI Mavic 3M RGB camera,nadir,nadir,0.9999967126160184,5280,3956,701_depth.tif,True,True,OPENCV,C:\Users\81902\Documents\Codex\2026-09-20\depth-anything-v2-python-uav-rgb\data\uav3dcrop\2025\Day007_Corn\images\701.JPG,C:\Users\81902\Documents\Codex\2026-09-20\depth-anything-v2-python-uav-rgb\data\uav3dcrop_depth\2025\Day007_Corn\701_depth.tif,https://huggingface.co/datasets/Link-Dev/UAV3DCrop/resolve/main/2025/Day007_Corn/images/701.JPG?download=true,https://huggingface.co/datasets/Link-Dev/UAV3DCrop_depth/resolve/main/2025/Day007_Corn_depth/701_depth.tif?download=true,main,metric_raw,16,20000,0.00779609375,0.021633998107910155,0.033265335681838704,0.0017866657257080078,0.07109008081454682,0.0580778511352366,0.5387663452648264,0.017903295850745918
2025/Day007_Corn,2025,Day007,corn,701.JPG,701,DJI Mavic 3M RGB camera,nadir,nadir,0.9999967126160184,5280,3956,701_depth.tif,True,True,OPENCV,C:\Users\81902\Documents\Codex\2026-09-20\depth-anything-v2-python-uav-rgb\data\uav3dcrop\2025\Day007_Corn\images\701.JPG,C:\Users\81902\Documents\Codex\2026-09-20\depth-anything-v2-python-uav-rgb\data\uav3dcrop_depth\2025\Day007_Corn\701_depth.tif,https://huggingface.co/datasets/Link-Dev/UAV3DCrop/resolve/main/2025/Day007_Corn/images/701.JPG?download=true,https://huggingface.co/datasets/Link-Dev/UAV3DCrop_depth/resolve/main/2025/Day007_Corn_depth/701_depth.tif?download=true,main,metric_bias_corrected,16,20000,0.00779609375,0.021633994579315186,0.03326533368818226,0.0017866713523864747,0.07109001037126866,0.05807837093537477,0.5387663452648264,0.017903295850745918
2025/Day007_Corn,2025,Day007,corn,701.JPG,701,DJI Mavic 3M RGB camera,nadir,nadir,0.9999967126160184,5280,3956,701_depth.tif,True,True,OPENCV,C:\Users\81902\Documents\Codex\2026-09-20\depth-anything-v2-python-uav-rgb\data\uav3dcrop\2025\Day007_Corn\images\701.JPG,C:\Users\81902\Documents\Codex\2026-09-20\depth-anything-v2-python-uav-rgb\data\uav3dcrop_depth\2025\Day007_Corn\701_depth.tif,https://huggingface.co/datasets/Link-Dev/UAV3DCrop/resolve/main/2025/Day007_Corn/images/701.JPG?download=true,https://huggingface.co/datasets/Link-Dev/UAV3DCrop_depth/resolve/main/2025/Day007_Corn_depth/701_depth.tif?download=true,main,metric_scale_shift,16,20000,0.00779609375,0.007861171627044678,0.017921344575726028,-0.0004721808433532715,-0.07111564401791962,-0.05810664035651198,0.45766741513670584,0.017903295850745918
2025/Day007_Corn,2025,Day007,corn,701.JPG,701,DJI Mavic 3M RGB camera,nadir,nadir,0.9999967126160184,5280,3956,701_depth.tif,True,True,OPENCV,C:\Users\81902\Documents\Codex\2026-09-20\depth-anything-v2-python-uav-rgb\data\uav3dcrop\2025\Day007_Corn\images\701.JPG,C:\Users\81902\Documents\Codex\2026-09-20\depth-anything-v2-python-uav-rgb\data\uav3dcrop_depth\2025\Day007_Corn\701_depth.tif,https://huggingface.co/datasets/Link-Dev/UAV3DCrop/resolve/main/2025/Day007_Corn/images/701.JPG?download=true,https://huggingface.co/datasets/Link-Dev/UAV3DCrop_depth/resolve/main/2025/Day007_Corn_depth/701_depth.tif?download=true,main,relative_scale_shift,16,20000,0.00779609375,0.007868077945709229,0.018047520448366525,-0.0004777220726013184,-0.5364822967154502,-0.20130746872165547,0.37511557257958,0.017903295850745918
2025/Day007_Corn,2025,Day007,corn,701.JPG,701,DJI Mavic 3M RGB camera,nadir,nadir,0.9999967126160184,5280,3956,701_depth.tif,True,True,OPENCV,C:\Users\81902\Documents\Codex\2026-09-20\depth-anything-v2-python-uav-rgb\data\uav3dcrop\2025\Day007_Corn\images\701.JPG,C:\Users\81902\Documents\Codex\2026-09-20\depth-anything-v2-python-uav-rgb\data\uav3dcrop_depth\2025\Day007_Corn\701_depth.tif,https://huggingface.co/datasets/Link-Dev/UAV3DCrop/resolve/main/2025/Day007_Corn/images/701.JPG?download=true,https://huggingface.co/datasets/Link-Dev/UAV3DCrop_depth/resolve/main/2025/Day007_Corn_depth/701_depth.tif?download=true,main,metric_raw,32,20000,0.01346953125,0.037077525758743284,0.056366938284428715,0.00444307632446289,0.09304289797979479,0.08291384114970739,0.543957078313253,0.028968385235281037
2025/Day007_Corn,2025,Day007,corn,701.JPG,701,DJI Mavic 3M RGB camera,nadir,nadir,0.9999967126160184,5280,3956,701_depth.tif,True,True,OPENCV,C:\Users\81902\Documents\Codex\2026-09-20\depth-anything-v2-python-uav-rgb\data\uav3dcrop\2025\Day007_Corn\images\701.JPG,C:\Users\81902\Documents\Codex\2026-09-20\depth-anything-v2-python-uav-rgb\data\uav3dcrop_depth\2025\Day007_Corn\701_depth.tif,https://huggingface.co/datasets/Link-Dev/UAV3DCrop/resolve/main/2025/Day007_Corn/images/701.JPG?download=true,https://huggingface.co/datasets/Link-Dev/UAV3DCrop_depth/resolve/main/2025/Day007_Corn_depth/701_depth.tif?download=true,main,metric_bias_corrected,32,20000,0.01346953125,0.037077508354187015,0.05636692711363065,0.004443073844909668,0.09304298832379931,0.08291434624040556,0.543957078313253,0.028968385235281037
2025/Day007_Corn,2025,Day007,corn,701.JPG,701,DJI Mavic 3M RGB camera,nadir,nadir,0.9999967126160184,5280,3956,701_depth.tif,True,True,OPENCV,C:\Users\81902\Documents\Codex\2026-09-20\depth-anything-v2-python-uav-rgb\data\uav3dcrop\2025\Day007_Corn\images\701.JPG,C:\Users\81902\Documents\Codex\2026-09-20\depth-anything-v2-python-uav-rgb\data\uav3dcrop_depth\2025\Day007_Corn\701_depth.tif,https://huggingface.co/datasets/Link-Dev/UAV3DCrop/resolve/main/2025/Day007_Corn/images/701.JPG?download=true,https://huggingface.co/datasets/Link-Dev/UAV3DCrop_depth/resolve/main/2025/Day007_Corn_depth/701_depth.tif?download=true,main,metric_scale_shift,32,20000,0.01346953125,0.01356547040939331,0.02900944598700263,-0.000915250301361084,-0.09301086968934968,-0.0828547696110561,0.45425451807228917,0.028968385235281037
2025/Day007_Corn,2025,Day007,corn,701.JPG,701,DJI Mavic 3M RGB camera,nadir,nadir,0.9999967126160184,5280,3956,701_depth.tif,True,True,OPENCV,C:\Users\81902\Documents\Codex\2026-09-20\depth-anything-v2-python-uav-rgb\data\uav3dcrop\2025\Day007_Corn\images\701.JPG,C:\Users\81902\Documents\Codex\2026-09-20\depth-anything-v2-python-uav-rgb\data\uav3dcrop_depth\2025\Day007_Corn\701_depth.tif,https://huggingface.co/datasets/Link-Dev/UAV3DCrop/resolve/main/2025/Day007_Corn/images/701.JPG?download=true,https://huggingface.co/datasets/Link-Dev/UAV3DCrop_depth/resolve/main/2025/Day007_Corn_depth/701_depth.tif?download=true,main,relative_scale_shift,32,20000,0.01346953125,0.01359448356628418,0.029274818725319035,-0.0009255804061889648,-0.6180780312672057,-0.22641148884392492,0.37387048192771083,0.028968385235281037
2025/Day007_Corn,2025,Day007,corn,701.JPG,701,DJI Mavic 3M RGB camera,nadir,nadir,0.9999967126160184,5280,3956,701_depth.tif,True,True,OPENCV,C:\Users\81902\Documents\Codex\2026-09-20\depth-anything-v2-python-uav-rgb\data\uav3dcrop\2025\Day007_Corn\images\701.JPG,C:\Users\81902\Documents\Codex\2026-09-20\depth-anything-v2-python-uav-rgb\data\uav3dcrop_depth\2025\Day007_Corn\701_depth.tif,https://huggingface.co/datasets/Link-Dev/UAV3DCrop/resolve/main/2025/Day007_Corn/images/701.JPG?download=true,https://huggingface.co/datasets/Link-Dev/UAV3DCrop_depth/resolve/main/2025/Day007_Corn_depth/701_depth.tif?download=true,main,metric_raw,64,20000,0.0218671875,0.06054384999275207,0.09100028274807342,0.009152243566513061,0.09807588405485644,0.10522605925164051,0.5631307295277713,0.04848392925995556
2025/Day007_Corn,2025,Day007,corn,701.JPG,701,DJI Mavic 3M RGB camera,nadir,nadir,0.9999967126160184,5280,3956,701_depth.tif,True,True,OPENCV,C:\Users\81902\Documents\Codex\2026-09-20\depth-anything-v2-python-uav-rgb\data\uav3dcrop\2025\Day007_Corn\images\701.JPG,C:\Users\81902\Documents\Codex\2026-09-20\depth-anything-v2-python-uav-rgb\data\uav3dcrop_depth\2025\Day007_Corn\701_depth.tif,https://huggingface.co/datasets/Link-Dev/UAV3DCrop/resolve/main/2025/Day007_Corn/images/701.JPG?download=true,https://huggingface.co/datasets/Link-Dev/UAV3DCrop_depth/resolve/main/2025/Day007_Corn_depth/701_depth.tif?download=true,main,metric_bias_corrected,64,20000,0.0218671875,0.0605438515663147,0.09100029099102104,0.009152243900299072,0.09807583916667759,0.10522620675542656,0.5631307295277713,0.04848392925995556
2025/Day007_Corn,2025,Day007,corn,701.JPG,701,DJI Mavic 3M RGB camera,nadir,nadir,0.9999967126160184,5280,3956,701_depth.tif,True,True,OPENCV,C:\Users\81902\Documents\Codex\2026-09-20\depth-anything-v2-python-uav-rgb\data\uav3dcrop\2025\Day007_Corn\images\701.JPG,C:\Users\81902\Documents\Codex\2026-09-20\depth-anything-v2-python-uav-rgb\data\uav3dcrop_depth\2025\Day007_Corn\701_depth.tif,https://huggingface.co/datasets/Link-Dev/UAV3DCrop/resolve/main/2025/Day007_Corn/images/701.JPG?download=true,https://huggingface.co/datasets/Link-Dev/UAV3DCrop_depth/resolve/main/2025/Day007_Corn_depth/701_depth.tif?download=true,main,metric_scale_shift,64,20000,0.0218671875,0.02200445690155029,0.04860488822263122,-0.0027226036071777344,-0.0980744128987589,-0.10524334448129301,0.436021878129574,0.04848392925995556
2025/Day007_Corn,2025,Day007,corn,701.JPG,701,DJI Mavic 3M RGB camera,nadir,nadir,0.9999967126160184,5280,3956,701_depth.tif,True,True,OPENCV,C:\Users\81902\Documents\Codex\2026-09-20\depth-anything-v2-python-uav-rgb\data\uav3dcrop\2025\Day007_Corn\images\701.JPG,C:\Users\81902\Documents\Codex\2026-09-20\depth-anything-v2-python-uav-rgb\data\uav3dcrop_depth\2025\Day007_Corn\701_depth.tif,https://huggingface.co/datasets/Link-Dev/UAV3DCrop/resolve/main/2025/Day007_Corn/images/701.JPG?download=true,https://huggingface.co/datasets/Link-Dev/UAV3DCrop_depth/resolve/main/2025/Day007_Corn_depth/701_depth.tif?download=true,main,relative_scale_shift,64,20000,0.0218671875,0.02211363754272461,0.04916473071653205,-0.00273944034576416,-0.7122749241371737,-0.2837239227549357,0.3495878591787998,0.04848392925995556
2025/Day007_Corn,2025,Day007,corn,701.JPG,701,DJI Mavic 3M RGB camera,nadir,nadir,0.9999967126160184,5280,3956,701_depth.tif,True,True,OPENCV,C:\Users\81902\Documents\Codex\2026-09-20\depth-anything-v2-python-uav-rgb\data\uav3dcrop\2025\Day007_Corn\images\701.JPG,C:\Users\81902\Documents\Codex\2026-09-20\depth-anything-v2-python-uav-rgb\data\uav3dcrop_depth\2025\Day007_Corn\701_depth.tif,https://huggingface.co/datasets/Link-Dev/UAV3DCrop/resolve/main/2025/Day007_Corn/images/701.JPG?download=true,https://huggingface.co/datasets/Link-Dev/UAV3DCrop_depth/resolve/main/2025/Day007_Corn_depth/701_depth.tif?download=true,main,metric_raw,128,20000,0.03352578125,0.09845395114421844,0.14104680417100002,0.020629832434654237,0.04795982505716042,0.08532089198284565,0.561692921371104,0.07553335727288366
2025/Day007_Corn,2025,Day007,corn,701.JPG,701,DJI Mavic 3M RGB camera,nadir,nadir,0.9999967126160184,5280,3956,701_depth.tif,True,True,OPENCV,C:\Users\81902\Documents\Codex\2026-09-20\depth-anything-v2-python-uav-rgb\data\uav3dcrop\2025\Day007_Corn\images\701.JPG,C:\Users\81902\Documents\Codex\2026-09-20\depth-anything-v2-python-uav-rgb\data\uav3dcrop_depth\2025\Day007_Corn\701_depth.tif,https://huggingface.co/datasets/Link-Dev/UAV3DCrop/resolve/main/2025/Day007_Corn/images/701.JPG?download=true,https://huggingface.co/datasets/Link-Dev/UAV3DCrop_depth/resolve/main/2025/Day007_Corn_depth/701_depth.tif?download=true,main,metric_bias_corrected,128,20000,0.03352578125,0.09845394992828368,0.14104679606150858,0.020629841232299804,0.04795991809832407,0.08532121350997933,0.561692921371104,0.07553335727288366
2025/Day007_Corn,2025,Day007,corn,701.JPG,701,DJI Mavic 3M RGB camera,nadir,nadir,0.9999967126160184,5280,3956,701_depth.tif,True,True,OPENCV,C:\Users\81902\Documents\Codex\2026-09-20\depth-anything-v2-python-uav-rgb\data\uav3dcrop\2025\Day007_Corn\images\701.JPG,C:\Users\81902\Documents\Codex\2026-09-20\depth-anything-v2-python-uav-rgb\data\uav3dcrop_depth\2025\Day007_Corn\701_depth.tif,https://huggingface.co/datasets/Link-Dev/UAV3DCrop/resolve/main/2025/Day007_Corn/images/701.JPG?download=true,https://huggingface.co/datasets/Link-Dev/UAV3DCrop_depth/resolve/main/2025/Day007_Corn_depth/701_depth.tif?download=true,main,metric_scale_shift,128,20000,0.03352578125,0.03371259765625,0.0757002273504964,-0.0044860565185546875,-0.04796185641179185,-0.0853296859430965,0.4376309918193496,0.07553335727288366
2025/Day007_Corn,2025,Day007,corn,701.JPG,701,DJI Mavic 3M RGB camera,nadir,nadir,0.9999967126160184,5280,3956,701_depth.tif,True,True,OPENCV,C:\Users\81902\Documents\Codex\2026-09-20\depth-anything-v2-python-uav-rgb\data\uav3dcrop\2025\Day007_Corn\images\701.JPG,C:\Users\81902\Documents\Codex\2026-09-20\depth-anything-v2-python-uav-rgb\data\uav3dcrop_depth\2025\Day007_Corn\701_depth.tif,https://huggingface.co/datasets/Link-Dev/UAV3DCrop/resolve/main/2025/Day007_Corn/images/701.JPG?download=true,https://huggingface.co/datasets/Link-Dev/UAV3DCrop_depth/resolve/main/2025/Day007_Corn_depth/701_depth.tif?download=true,main,relative_scale_shift,128,20000,0.03352578125,0.03397872562408447,0.0767742899515433,-0.004478532600402832,-0.7576627072830845,-0.3177337420007356,0.31573254005814344,0.07553335727288366
2025/Day007_Corn,2025,Day007,corn,111.JPG,111,DJI Mavic 3M RGB camera,oblique,oblique,0.7023218186333064,5280,3956,111_depth.tif,True,True,OPENCV,C:\Users\81902\Documents\Codex\2026-09-20\depth-anything-v2-python-uav-rgb\data\uav3dcrop\2025\Day007_Corn\images\111.JPG,C:\Users\81902\Documents\Codex\2026-09-20\depth-anything-v2-python-uav-rgb\data\uav3dcrop_depth\2025\Day007_Corn\111_depth.tif,https://huggingface.co/datasets/Link-Dev/UAV3DCrop/resolve/main/2025/Day007_Corn/images/111.JPG?download=true,https://huggingface.co/datasets/Link-Dev/UAV3DCrop_depth/resolve/main/2025/Day007_Corn_depth/111_depth.tif?download=true,main,metric_raw,8,20000,0.01545,0.020926090455055238,0.05972712991884264,0.0002560408353805542,-0.015510817617870196,0.024466521239553802,0.52285050348567,0.0575374835153341
2025/Day007_Corn,2025,Day007,corn,111.JPG,111,DJI Mavic 3M RGB camera,oblique,oblique,0.7023218186333064,5280,3956,111_depth.tif,True,True,OPENCV,C:\Users\81902\Documents\Codex\2026-09-20\depth-anything-v2-python-uav-rgb\data\uav3dcrop\2025\Day007_Corn\images\111.JPG,C:\Users\81902\Documents\Codex\2026-09-20\depth-anything-v2-python-uav-rgb\data\uav3dcrop_depth\2025\Day007_Corn\111_depth.tif,https://huggingface.co/datasets/Link-Dev/UAV3DCrop/resolve/main/2025/Day007_Corn/images/111.JPG?download=true,https://huggingface.co/datasets/Link-Dev/UAV3DCrop_depth/resolve/main/2025/Day007_Corn_depth/111_depth.tif?download=true,main,metric_bias_corrected,8,20000,0.01545,0.020926093196868896,0.05972713421316352,0.0002560408592224121,-0.015510968165430142,0.02446665910086617,0.52285050348567,0.0575374835153341
2025/Day007_Corn,2025,Day007,corn,111.JPG,111,DJI Mavic 3M RGB camera,oblique,oblique,0.7023218186333064,5280,3956,111_depth.tif,True,True,OPENCV,C:\Users\81902\Documents\Codex\2026-09-20\depth-anything-v2-python-uav-rgb\data\uav3dcrop\2025\Day007_Corn\images\111.JPG,C:\Users\81902\Documents\Codex\2026-09-20\depth-anything-v2-python-uav-rgb\data\uav3dcrop_depth\2025\Day007_Corn\111_depth.tif,https://huggingface.co/datasets/Link-Dev/UAV3DCrop/resolve/main/2025/Day007_Corn/images/111.JPG?download=true,https://huggingface.co/datasets/Link-Dev/UAV3DCrop_depth/resolve/main/2025/Day007_Corn_depth/111_depth.tif?download=true,main,metric_scale_shift,8,20000,0.01545,0.031072247886657713,0.06868300233703367,0.0020552547454833984,-0.015510909890175466,0.024466852879814486,0.52285050348567,0.0575374835153341
2025/Day007_Corn,2025,Day007,corn,111.JPG,111,DJI Mavic 3M RGB camera,oblique,oblique,0.7023218186333064,5280,3956,111_depth.tif,True,True,OPENCV,C:\Users\81902\Documents\Codex\2026-09-20\depth-anything-v2-python-uav-rgb\data\uav3dcrop\2025\Day007_Corn\images\111.JPG,C:\Users\81902\Documents\Codex\2026-09-20\depth-anything-v2-python-uav-rgb\data\uav3dcrop_depth\2025\Day007_Corn\111_depth.tif,https://huggingface.co/datasets/Link-Dev/UAV3DCrop/resolve/main/2025/Day007_Corn/images/111.JPG?download=true,https://huggingface.co/datasets/Link-Dev/UAV3DCrop_depth/resolve/main/2025/Day007_Corn_depth/111_depth.tif?download=true,main,relative_scale_shift,8,20000,0.01545,0.016604133701324464,0.05576992117000442,-0.0008584874153137207,0.24827691074382943,0.08624788434841908,0.5271107668474051,0.0575374835153341
2025/Day007_Corn,2025,Day007,corn,111.JPG,111,DJI Mavic 3M RGB camera,oblique,oblique,0.7023218186333064,5280,3956,111_depth.tif,True,True,OPENCV,C:\Users\81902\Documents\Codex\2026-09-20\depth-anything-v2-python-uav-rgb\data\uav3dcrop\2025\Day007_Corn\images\111.JPG,C:\Users\81902\Documents\Codex\2026-09-20\depth-anything-v2-python-uav-rgb\data\uav3dcrop_depth\2025\Day007_Corn\111_depth.tif,https://huggingface.co/datasets/Link-Dev/UAV3DCrop/resolve/main/2025/Day007_Corn/images/111.JPG?download=true,https://huggingface.co/datasets/Link-Dev/UAV3DCrop_depth/resolve/main/2025/Day007_Corn_depth/111_depth.tif?download=true,main,metric_raw,16,20000,0.0281390625,0.03645093095302582,0.10171747270188602,0.0028406378030776977,-5.756504882694741e-05,0.011353782557685325,0.5094183589083893,0.09823176770040777
2025/Day007_Corn,2025,Day007,corn,111.JPG,111,DJI Mavic 3M RGB camera,oblique,oblique,0.7023218186333064,5280,3956,111_depth.tif,True,True,OPENCV,C:\Users\81902\Documents\Codex\2026-09-20\depth-anything-v2-python-uav-rgb\data\uav3dcrop\2025\Day007_Corn\images\111.JPG,C:\Users\81902\Documents\Codex\2026-09-20\depth-anything-v2-python-uav-rgb\data\uav3dcrop_depth\2025\Day007_Corn\111_depth.tif,https://huggingface.co/datasets/Link-Dev/UAV3DCrop/resolve/main/2025/Day007_Corn/images/111.JPG?download=true,https://huggingface.co/datasets/Link-Dev/UAV3DCrop_depth/resolve/main/2025/Day007_Corn_depth/111_depth.tif?download=true,main,metric_bias_corrected,16,20000,0.0281390625,0.03645094814300537,0.10171748456204564,0.002840656852722168,-5.7890723132572746e-05,0.011353297148347843,0.5094183589083893,0.09823176770040777
2025/Day007_Corn,2025,Day007,corn,111.JPG,111,DJI Mavic 3M RGB camera,oblique,oblique,0.7023218186333064,5280,3956,111_depth.tif,True,True,OPENCV,C:\Users\81902\Documents\Codex\2026-09-20\depth-anything-v2-python-uav-rgb\data\uav3dcrop\2025\Day007_Corn\images\111.JPG,C:\Users\81902\Documents\Codex\2026-09-20\depth-anything-v2-python-uav-rgb\data\uav3dcrop_depth\2025\Day007_Corn\111_depth.tif,https://huggingface.co/datasets/Link-Dev/UAV3DCrop/resolve/main/2025/Day007_Corn/images/111.JPG?download=true,https://huggingface.co/datasets/Link-Dev/UAV3DCrop_depth/resolve/main/2025/Day007_Corn_depth/111_depth.tif?download=true,main,metric_scale_shift,16,20000,0.0281390625,0.05448378391265869,0.11706981522643548,0.006735537719726563,-5.7329572896846505e-05,0.01135470632552709,0.5094183589083893,0.09823176770040777
2025/Day007_Corn,2025,Day007,corn,111.JPG,111,DJI Mavic 3M RGB camera,oblique,oblique,0.7023218186333064,5280,3956,111_depth.tif,True,True,OPENCV,C:\Users\81902\Documents\Codex\2026-09-20\depth-anything-v2-python-uav-rgb\data\uav3dcrop\2025\Day007_Corn\images\111.JPG,C:\Users\81902\Documents\Codex\2026-09-20\depth-anything-v2-python-uav-rgb\data\uav3dcrop_depth\2025\Day007_Corn\111_depth.tif,https://huggingface.co/datasets/Link-Dev/UAV3DCrop/resolve/main/2025/Day007_Corn/images/111.JPG?download=true,https://huggingface.co/datasets/Link-Dev/UAV3DCrop_depth/resolve/main/2025/Day007_Corn_depth/111_depth.tif?download=true,main,relative_scale_shift,16,20000,0.0281390625,0.029666670513153075,0.09440107634423937,0.00020429487228393556,0.2795095043364625,0.09134828332419334,0.5176881374620969,0.09823176770040777
2025/Day007_Corn,2025,Day007,corn,111.JPG,111,DJI Mavic 3M RGB camera,oblique,oblique,0.7023218186333064,5280,3956,111_depth.tif,True,True,OPENCV,C:\Users\81902\Documents\Codex\2026-09-20\depth-anything-v2-python-uav-rgb\data\uav3dcrop\2025\Day007_Corn\images\111.JPG,C:\Users\81902\Documents\Codex\2026-09-20\depth-anything-v2-python-uav-rgb\data\uav3dcrop_depth\2025\Day007_Corn\111_depth.tif,https://huggingface.co/datasets/Link-Dev/UAV3DCrop/resolve/main/2025/Day007_Corn/images/111.JPG?download=true,https://huggingface.co/datasets/Link-Dev/UAV3DCrop_depth/resolve/main/2025/Day007_Corn_depth/111_depth.tif?download=true,main,metric_raw,32,20000,0.046171875,0.05920037891864777,0.14875670841845556,0.004699787259101868,-0.020444695519569504,0.009200640484606202,0.5114114114114114,0.14113183857434508
2025/Day007_Corn,2025,Day007,corn,111.JPG,111,DJI Mavic 3M RGB camera,oblique,oblique,0.7023218186333064,5280,3956,111_depth.tif,True,True,OPENCV,C:\Users\81902\Documents\Codex\2026-09-20\depth-anything-v2-python-uav-rgb\data\uav3dcrop\2025\Day007_Corn\images\111.JPG,C:\Users\81902\Documents\Codex\2026-09-20\depth-anything-v2-python-uav-rgb\data\uav3dcrop_depth\2025\Day007_Corn\111_depth.tif,https://huggingface.co/datasets/Link-Dev/UAV3DCrop/resolve/main/2025/Day007_Corn/images/111.JPG?download=true,https://huggingface.co/datasets/Link-Dev/UAV3DCrop_depth/resolve/main/2025/Day007_Corn_depth/111_depth.tif?download=true,main,metric_bias_corrected,32,20000,0.046171875,0.059200372886657714,0.14875671785363187,0.004699785232543946,-0.020444924320702666,0.009201050078477577,0.5113363363363364,0.14113183857434508
2025/Day007_Corn,2025,Day007,corn,111.JPG,111,DJI Mavic 3M RGB camera,oblique,oblique,0.7023218186333064,5280,3956,111_depth.tif,True,True,OPENCV,C:\Users\81902\Documents\Codex\2026-09-20\depth-anything-v2-python-uav-rgb\data\uav3dcrop\2025\Day007_Corn\images\111.JPG,C:\Users\81902\Documents\Codex\2026-09-20\depth-anything-v2-python-uav-rgb\data\uav3dcrop_depth\2025\Day007_Corn\111_depth.tif,https://huggingface.co/datasets/Link-Dev/UAV3DCrop/resolve/main/2025/Day007_Corn/images/111.JPG?download=true,https://huggingface.co/datasets/Link-Dev/UAV3DCrop_depth/resolve/main/2025/Day007_Corn_depth/111_depth.tif?download=true,main,metric_scale_shift,32,20000,0.046171875,0.09026088700294495,0.17877347032173477,0.01283372187614441,-0.020444658782922218,0.009200370770273681,0.5113363363363364,0.14113183857434508
2025/Day007_Corn,2025,Day007,corn,111.JPG,111,DJI Mavic 3M RGB camera,oblique,oblique,0.7023218186333064,5280,3956,111_depth.tif,True,True,OPENCV,C:\Users\81902\Documents\Codex\2026-09-20\depth-anything-v2-python-uav-rgb\data\uav3dcrop\2025\Day007_Corn\images\111.JPG,C:\Users\81902\Documents\Codex\2026-09-20\depth-anything-v2-python-uav-rgb\data\uav3dcrop_depth\2025\Day007_Corn\111_depth.tif,https://huggingface.co/datasets/Link-Dev/UAV3DCrop/resolve/main/2025/Day007_Corn/images/111.JPG?download=true,https://huggingface.co/datasets/Link-Dev/UAV3DCrop_depth/resolve/main/2025/Day007_Corn_depth/111_depth.tif?download=true,main,relative_scale_shift,32,20000,0.046171875,0.04656454658508301,0.12978715714201638,-0.0008495458602905273,0.4176811239846072,0.1393956680499273,0.5336336336336336,0.14113183857434508
2025/Day007_Corn,2025,Day007,corn,111.JPG,111,DJI Mavic 3M RGB camera,oblique,oblique,0.7023218186333064,5280,3956,111_depth.tif,True,True,OPENCV,C:\Users\81902\Documents\Codex\2026-09-20\depth-anything-v2-python-uav-rgb\data\uav3dcrop\2025\Day007_Corn\images\111.JPG,C:\Users\81902\Documents\Codex\2026-09-20\depth-anything-v2-python-uav-rgb\data\uav3dcrop_depth\2025\Day007_Corn\111_depth.tif,https://huggingface.co/datasets/Link-Dev/UAV3DCrop/resolve/main/2025/Day007_Corn/images/111.JPG?download=true,https://huggingface.co/datasets/Link-Dev/UAV3DCrop_depth/resolve/main/2025/Day007_Corn_depth/111_depth.tif?download=true,main,metric_raw,64,20000,0.05620078125,0.07726619343757629,0.18040205697082748,0.010816327857971191,0.013897696145502743,0.02093061026482651,0.5180155955902124,0.1663153828179752
2025/Day007_Corn,2025,Day007,corn,111.JPG,111,DJI Mavic 3M RGB camera,oblique,oblique,0.7023218186333064,5280,3956,111_depth.tif,True,True,OPENCV,C:\Users\81902\Documents\Codex\2026-09-20\depth-anything-v2-python-uav-rgb\data\uav3dcrop\2025\Day007_Corn\images\111.JPG,C:\Users\81902\Documents\Codex\2026-09-20\depth-anything-v2-python-uav-rgb\data\uav3dcrop_depth\2025\Day007_Corn\111_depth.tif,https://huggingface.co/datasets/Link-Dev/UAV3DCrop/resolve/main/2025/Day007_Corn/images/111.JPG?download=true,https://huggingface.co/datasets/Link-Dev/UAV3DCrop_depth/resolve/main/2025/Day007_Corn_depth/111_depth.tif?download=true,main,metric_bias_corrected,64,20000,0.05620078125,0.07726619806289672,0.18040205853585578,0.010816342067718506,0.013897790143513895,0.020930715179518014,0.5180155955902124,0.1663153828179752
2025/Day007_Corn,2025,Day007,corn,111.JPG,111,DJI Mavic 3M RGB camera,oblique,oblique,0.7023218186333064,5280,3956,111_depth.tif,True,True,OPENCV,C:\Users\81902\Documents\Codex\2026-09-20\depth-anything-v2-python-uav-rgb\data\uav3dcrop\2025\Day007_Corn\images\111.JPG,C:\Users\81902\Documents\Codex\2026-09-20\depth-anything-v2-python-uav-rgb\data\uav3dcrop_depth\2025\Day007_Corn\111_depth.tif,https://huggingface.co/datasets/Link-Dev/UAV3DCrop/resolve/main/2025/Day007_Corn/images/111.JPG?download=true,https://huggingface.co/datasets/Link-Dev/UAV3DCrop_depth/resolve/main/2025/Day007_Corn_depth/111_depth.tif?download=true,main,metric_scale_shift,64,20000,0.05620078125,0.12957627134323121,0.2393414765618777,0.02717961702346802,0.013897595251568978,0.02093044090458672,0.5180155955902124,0.1663153828179752
2025/Day007_Corn,2025,Day007,corn,111.JPG,111,DJI Mavic 3M RGB camera,oblique,oblique,0.7023218186333064,5280,3956,111_depth.tif,True,True,OPENCV,C:\Users\81902\Documents\Codex\2026-09-20\depth-anything-v2-python-uav-rgb\data\uav3dcrop\2025\Day007_Corn\images\111.JPG,C:\Users\81902\Documents\Codex\2026-09-20\depth-anything-v2-python-uav-rgb\data\uav3dcrop_depth\2025\Day007_Corn\111_depth.tif,https://huggingface.co/datasets/Link-Dev/UAV3DCrop/resolve/main/2025/Day007_Corn/images/111.JPG?download=true,https://huggingface.co/datasets/Link-Dev/UAV3DCrop_depth/resolve/main/2025/Day007_Corn_depth/111_depth.tif?download=true,main,relative_scale_shift,64,20000,0.05620078125,0.05684116191864014,0.1448994060232625,-0.0002628877639770508,0.5438057444067931,0.1280648574616525,0.5174778166173702,0.1663153828179752
2025/Day007_Corn,2025,Day007,corn,111.JPG,111,DJI Mavic 3M RGB camera,oblique,oblique,0.7023218186333064,5280,3956,111_depth.tif,True,True,OPENCV,C:\Users\81902\Documents\Codex\2026-09-20\depth-anything-v2-python-uav-rgb\data\uav3dcrop\2025\Day007_Corn\images\111.JPG,C:\Users\81902\Documents\Codex\2026-09-20\depth-anything-v2-python-uav-rgb\data\uav3dcrop_depth\2025\Day007_Corn\111_depth.tif,https://huggingface.co/datasets/Link-Dev/UAV3DCrop/resolve/main/2025/Day007_Corn/images/111.JPG?download=true,https://huggingface.co/datasets/Link-Dev/UAV3DCrop_depth/resolve/main/2025/Day007_Corn_depth/111_depth.tif?download=true,main,metric_raw,128,20000,0.085,0.12083518633842469,0.26509726998041117,0.020238456964492797,-0.049341728972459975,0.05522805283947261,0.5500553437461567,0.2276040264343342
2025/Day007_Corn,2025,Day007,corn,111.JPG,111,DJI Mavic 3M RGB camera,oblique,oblique,0.7023218186333064,5280,3956,111_depth.tif,True,True,OPENCV,C:\Users\81902\Documents\Codex\2026-09-20\depth-anything-v2-python-uav-rgb\data\uav3dcrop\2025\Day007_Corn\images\111.JPG,C:\Users\81902\Documents\Codex\2026-09-20\depth-anything-v2-python-uav-rgb\data\uav3dcrop_depth\2025\Day007_Corn\111_depth.tif,https://huggingface.co/datasets/Link-Dev/UAV3DCrop/resolve/main/2025/Day007_Corn/images/111.JPG?download=true,https://huggingface.co/datasets/Link-Dev/UAV3DCrop_depth/resolve/main/2025/Day007_Corn_depth/111_depth.tif?download=true,main,metric_bias_corrected,128,20000,0.085,0.12083517932891846,0.2650972612024974,0.020238465690612793,-0.049341664115417044,0.05522784583078495,0.5500553437461567,0.2276040264343342
2025/Day007_Corn,2025,Day007,corn,111.JPG,111,DJI Mavic 3M RGB camera,oblique,oblique,0.7023218186333064,5280,3956,111_depth.tif,True,True,OPENCV,C:\Users\81902\Documents\Codex\2026-09-20\depth-anything-v2-python-uav-rgb\data\uav3dcrop\2025\Day007_Corn\images\111.JPG,C:\Users\81902\Documents\Codex\2026-09-20\depth-anything-v2-python-uav-rgb\data\uav3dcrop_depth\2025\Day007_Corn\111_depth.tif,https://huggingface.co/datasets/Link-Dev/UAV3DCrop/resolve/main/2025/Day007_Corn/images/111.JPG?download=true,https://huggingface.co/datasets/Link-Dev/UAV3DCrop_depth/resolve/main/2025/Day007_Corn_depth/111_depth.tif?download=true,main,metric_scale_shift,128,20000,0.085,0.2108266342163086,0.3873762624615477,0.0504119589805603,-0.0493417269251129,0.05522821590074828,0.5500553437461567,0.2276040264343342
2025/Day007_Corn,2025,Day007,corn,111.JPG,111,DJI Mavic 3M RGB camera,oblique,oblique,0.7023218186333064,5280,3956,111_depth.tif,True,True,OPENCV,C:\Users\81902\Documents\Codex\2026-09-20\depth-anything-v2-python-uav-rgb\data\uav3dcrop\2025\Day007_Corn\images\111.JPG,C:\Users\81902\Documents\Codex\2026-09-20\depth-anything-v2-python-uav-rgb\data\uav3dcrop_depth\2025\Day007_Corn\111_depth.tif,https://huggingface.co/datasets/Link-Dev/UAV3DCrop/resolve/main/2025/Day007_Corn/images/111.JPG?download=true,https://huggingface.co/datasets/Link-Dev/UAV3DCrop_depth/resolve/main/2025/Day007_Corn_depth/111_depth.tif?download=true,main,relative_scale_shift,128,20000,0.085,0.08426615781784058,0.19528312081831176,3.291044235229492e-05,0.5652219615526568,0.17541579521369585,0.5141434017955971,0.2276040264343342
2025/Day007_Corn,2025,Day007,corn,222.JPG,222,DJI Mavic 3M RGB camera,oblique,oblique,0.7056516241242933,5280,3956,222_depth.tif,True,True,OPENCV,C:\Users\81902\Documents\Codex\2026-09-20\depth-anything-v2-python-uav-rgb\data\uav3dcrop\2025\Day007_Corn\images\222.JPG,C:\Users\81902\Documents\Codex\2026-09-20\depth-anything-v2-python-uav-rgb\data\uav3dcrop_depth\2025\Day007_Corn\222_depth.tif,https://huggingface.co/datasets/Link-Dev/UAV3DCrop/resolve/main/2025/Day007_Corn/images/222.JPG?download=true,https://huggingface.co/datasets/Link-Dev/UAV3DCrop_depth/resolve/main/2025/Day007_Corn_depth/222_depth.tif?download=true,main,metric_raw,8,20000,0.018135546875,0.024345344412326813,0.1556205730755177,-0.0010933718323707581,0.13736329970405176,0.05415188635949597,0.5244814448991111,0.15710352151373114
2025/Day007_Corn,2025,Day007,corn,222.JPG,222,DJI Mavic 3M RGB camera,oblique,oblique,0.7056516241242933,5280,3956,222_depth.tif,True,True,OPENCV,C:\Users\81902\Documents\Codex\2026-09-20\depth-anything-v2-python-uav-rgb\data\uav3dcrop\2025\Day007_Corn\images\222.JPG,C:\Users\81902\Documents\Codex\2026-09-20\depth-anything-v2-python-uav-rgb\data\uav3dcrop_depth\2025\Day007_Corn\222_depth.tif,https://huggingface.co/datasets/Link-Dev/UAV3DCrop/resolve/main/2025/Day007_Corn/images/222.JPG?download=true,https://huggingface.co/datasets/Link-Dev/UAV3DCrop_depth/resolve/main/2025/Day007_Corn_depth/222_depth.tif?download=true,main,metric_bias_corrected,8,20000,0.018135546875,0.024345347309112548,0.1556205585895369,-0.0010933625221252441,0.1373639408520965,0.05415197450483954,0.5243403414702977,0.15710352151373114
2025/Day007_Corn,2025,Day007,corn,222.JPG,222,DJI Mavic 3M RGB camera,oblique,oblique,0.7056516241242933,5280,3956,222_depth.tif,True,True,OPENCV,C:\Users\81902\Documents\Codex\2026-09-20\depth-anything-v2-python-uav-rgb\data\uav3dcrop\2025\Day007_Corn\images\222.JPG,C:\Users\81902\Documents\Codex\2026-09-20\depth-anything-v2-python-uav-rgb\data\uav3dcrop_depth\2025\Day007_Corn\222_depth.tif,https://huggingface.co/datasets/Link-Dev/UAV3DCrop/resolve/main/2025/Day007_Corn/images/222.JPG?download=true,https://huggingface.co/datasets/Link-Dev/UAV3DCrop_depth/resolve/main/2025/Day007_Corn_depth/222_depth.tif?download=true,main,metric_scale_shift,8,20000,0.018135546875,0.04735392150878906,0.16568663050835855,-0.0014753397941589357,0.13736318535419947,0.054151904075270256,0.5244814448991111,0.15710352151373114
2025/Day007_Corn,2025,Day007,corn,222.JPG,222,DJI Mavic 3M RGB camera,oblique,oblique,0.7056516241242933,5280,3956,222_depth.tif,True,True,OPENCV,C:\Users\81902\Documents\Codex\2026-09-20\depth-anything-v2-python-uav-rgb\data\uav3dcrop\2025\Day007_Corn\images\222.JPG,C:\Users\81902\Documents\Codex\2026-09-20\depth-anything-v2-python-uav-rgb\data\uav3dcrop_depth\2025\Day007_Corn\222_depth.tif,https://huggingface.co/datasets/Link-Dev/UAV3DCrop/resolve/main/2025/Day007_Corn/images/222.JPG?download=true,https://huggingface.co/datasets/Link-Dev/UAV3DCrop_depth/resolve/main/2025/Day007_Corn_depth/222_depth.tif?download=true,main,relative_scale_shift,8,20000,0.018135546875,0.02479008731842041,0.16208904194494067,-0.0009490589141845703,0.46136837500191724,0.14599294459005976,0.5836037815718922,0.15710352151373114
2025/Day007_Corn,2025,Day007,corn,222.JPG,222,DJI Mavic 3M RGB camera,oblique,oblique,0.7056516241242933,5280,3956,222_depth.tif,True,True,OPENCV,C:\Users\81902\Documents\Codex\2026-09-20\depth-anything-v2-python-uav-rgb\data\uav3dcrop\2025\Day007_Corn\images\222.JPG,C:\Users\81902\Documents\Codex\2026-09-20\depth-anything-v2-python-uav-rgb\data\uav3dcrop_depth\2025\Day007_Corn\222_depth.tif,https://huggingface.co/datasets/Link-Dev/UAV3DCrop/resolve/main/2025/Day007_Corn/images/222.JPG?download=true,https://huggingface.co/datasets/Link-Dev/UAV3DCrop_depth/resolve/main/2025/Day007_Corn_depth/222_depth.tif?download=true,main,metric_raw,16,20000,0.02974921875,0.03898400897979736,0.1851258844527865,0.0015310121536254882,0.11647986187946292,0.06967454325433868,0.5259754028837998,0.18544199643815518
2025/Day007_Corn,2025,Day007,corn,222.JPG,222,DJI Mavic 3M RGB camera,oblique,oblique,0.7056516241242933,5280,3956,222_depth.tif,True,True,OPENCV,C:\Users\81902\Documents\Codex\2026-09-20\depth-anything-v2-python-uav-rgb\data\uav3dcrop\2025\Day007_Corn\images\222.JPG,C:\Users\81902\Documents\Codex\2026-09-20\depth-anything-v2-python-uav-rgb\data\uav3dcrop_depth\2025\Day007_Corn\222_depth.tif,https://huggingface.co/datasets/Link-Dev/UAV3DCrop/resolve/main/2025/Day007_Corn/images/222.JPG?download=true,https://huggingface.co/datasets/Link-Dev/UAV3DCrop_depth/resolve/main/2025/Day007_Corn_depth/222_depth.tif?download=true,main,metric_bias_corrected,16,20000,0.02974921875,0.0389840126991272,0.18512588651828452,0.0015310023307800293,0.11647982710537105,0.06967396535421018,0.5259754028837998,0.18544199643815518
2025/Day007_Corn,2025,Day007,corn,222.JPG,222,DJI Mavic 3M RGB camera,oblique,oblique,0.7056516241242933,5280,3956,222_depth.tif,True,True,OPENCV,C:\Users\81902\Documents\Codex\2026-09-20\depth-anything-v2-python-uav-rgb\data\uav3dcrop\2025\Day007_Corn\images\222.JPG,C:\Users\81902\Documents\Codex\2026-09-20\depth-anything-v2-python-uav-rgb\data\uav3dcrop_depth\2025\Day007_Corn\222_depth.tif,https://huggingface.co/datasets/Link-Dev/UAV3DCrop/resolve/main/2025/Day007_Corn/images/222.JPG?download=true,https://huggingface.co/datasets/Link-Dev/UAV3DCrop_depth/resolve/main/2025/Day007_Corn_depth/222_depth.tif?download=true,main,metric_scale_shift,16,20000,0.02974921875,0.079676243019104,0.21926935444825307,0.0014290738105773926,0.11647973374148059,0.06967453921042549,0.5259754028837998,0.18544199643815518
2025/Day007_Corn,2025,Day007,corn,222.JPG,222,DJI Mavic 3M RGB camera,oblique,oblique,0.7056516241242933,5280,3956,222_depth.tif,True,True,OPENCV,C:\Users\81902\Documents\Codex\2026-09-20\depth-anything-v2-python-uav-rgb\data\uav3dcrop\2025\Day007_Corn\images\222.JPG,C:\Users\81902\Documents\Codex\2026-09-20\depth-anything-v2-python-uav-rgb\data\uav3dcrop_depth\2025\Day007_Corn\222_depth.tif,https://huggingface.co/datasets/Link-Dev/UAV3DCrop/resolve/main/2025/Day007_Corn/images/222.JPG?download=true,https://huggingface.co/datasets/Link-Dev/UAV3DCrop_depth/resolve/main/2025/Day007_Corn_depth/222_depth.tif?download=true,main,relative_scale_shift,16,20000,0.02974921875,0.0411929181098938,0.23393349972119232,-0.0002244601249694824,0.24030364192090642,0.20254155792774628,0.6045377438507209,0.18544199643815518
2025/Day007_Corn,2025,Day007,corn,222.JPG,222,DJI Mavic 3M RGB camera,oblique,oblique,0.7056516241242933,5280,3956,222_depth.tif,True,True,OPENCV,C:\Users\81902\Documents\Codex\2026-09-20\depth-anything-v2-python-uav-rgb\data\uav3dcrop\2025\Day007_Corn\images\222.JPG,C:\Users\81902\Documents\Codex\2026-09-20\depth-anything-v2-python-uav-rgb\data\uav3dcrop_depth\2025\Day007_Corn\222_depth.tif,https://huggingface.co/datasets/Link-Dev/UAV3DCrop/resolve/main/2025/Day007_Corn/images/222.JPG?download=true,https://huggingface.co/datasets/Link-Dev/UAV3DCrop_depth/resolve/main/2025/Day007_Corn_depth/222_depth.tif?download=true,main,metric_raw,32,20000,0.053046484375,0.06728561639785767,0.29349425113611577,-0.00035862655639648435,0.22824044064163773,0.0815363967952019,0.5260017809439003,0.3014508644948317
2025/Day007_Corn,2025,Day007,corn,222.JPG,222,DJI Mavic 3M RGB camera,oblique,oblique,0.7056516241242933,5280,3956,222_depth.tif,True,True,OPENCV,C:\Users\81902\Documents\Codex\2026-09-20\depth-anything-v2-python-uav-rgb\data\uav3dcrop\2025\Day007_Corn\images\222.JPG,C:\Users\81902\Documents\Codex\2026-09-20\depth-anything-v2-python-uav-rgb\data\uav3dcrop_depth\2025\Day007_Corn\222_depth.tif,https://huggingface.co/datasets/Link-Dev/UAV3DCrop/resolve/main/2025/Day007_Corn/images/222.JPG?download=true,https://huggingface.co/datasets/Link-Dev/UAV3DCrop_depth/resolve/main/2025/Day007_Corn_depth/222_depth.tif?download=true,main,metric_bias_corrected,32,20000,0.053046484375,0.06728561458587647,0.2934942549691932,-0.00035861968994140627,0.22824038641574224,0.08153660393790003,0.5260017809439003,0.3014508644948317
2025/Day007_Corn,2025,Day007,corn,222.JPG,222,DJI Mavic 3M RGB camera,oblique,oblique,0.7056516241242933,5280,3956,222_depth.tif,True,True,OPENCV,C:\Users\81902\Documents\Codex\2026-09-20\depth-anything-v2-python-uav-rgb\data\uav3dcrop\2025\Day007_Corn\images\222.JPG,C:\Users\81902\Documents\Codex\2026-09-20\depth-anything-v2-python-uav-rgb\data\uav3dcrop_depth\2025\Day007_Corn\222_depth.tif,https://huggingface.co/datasets/Link-Dev/UAV3DCrop/resolve/main/2025/Day007_Corn/images/222.JPG?download=true,https://huggingface.co/datasets/Link-Dev/UAV3DCrop_depth/resolve/main/2025/Day007_Corn_depth/222_depth.tif?download=true,main,metric_scale_shift,32,20000,0.053046484375,0.13629045925140382,0.34019513891416947,-0.0007825522422790528,0.22824045892811387,0.08153649249115016,0.5260017809439003,0.3014508644948317
2025/Day007_Corn,2025,Day007,corn,222.JPG,222,DJI Mavic 3M RGB camera,oblique,oblique,0.7056516241242933,5280,3956,222_depth.tif,True,True,OPENCV,C:\Users\81902\Documents\Codex\2026-09-20\depth-anything-v2-python-uav-rgb\data\uav3dcrop\2025\Day007_Corn\images\222.JPG,C:\Users\81902\Documents\Codex\2026-09-20\depth-anything-v2-python-uav-rgb\data\uav3dcrop_depth\2025\Day007_Corn\222_depth.tif,https://huggingface.co/datasets/Link-Dev/UAV3DCrop/resolve/main/2025/Day007_Corn/images/222.JPG?download=true,https://huggingface.co/datasets/Link-Dev/UAV3DCrop_depth/resolve/main/2025/Day007_Corn_depth/222_depth.tif?download=true,main,relative_scale_shift,32,20000,0.053046484375,0.06929122505187989,0.35170006344150456,-0.0003520011901855469,0.3632264978608094,0.24951581934220557,0.6271593944790739,0.3014508644948317
2025/Day007_Corn,2025,Day007,corn,222.JPG,222,DJI Mavic 3M RGB camera,oblique,oblique,0.7056516241242933,5280,3956,222_depth.tif,True,True,OPENCV,C:\Users\81902\Documents\Codex\2026-09-20\depth-anything-v2-python-uav-rgb\data\uav3dcrop\2025\Day007_Corn\images\222.JPG,C:\Users\81902\Documents\Codex\2026-09-20\depth-anything-v2-python-uav-rgb\data\uav3dcrop_depth\2025\Day007_Corn\222_depth.tif,https://huggingface.co/datasets/Link-Dev/UAV3DCrop/resolve/main/2025/Day007_Corn/images/222.JPG?download=true,https://huggingface.co/datasets/Link-Dev/UAV3DCrop_depth/resolve/main/2025/Day007_Corn_depth/222_depth.tif?download=true,main,metric_raw,64,20000,0.08313984375,0.101048486495018,0.35241595213574006,0.007190803217887879,0.29414807052299974,0.12135117031703864,0.5326715068899096,0.3685765060869092
2025/Day007_Corn,2025,Day007,corn,222.JPG,222,DJI Mavic 3M RGB camera,oblique,oblique,0.7056516241242933,5280,3956,222_depth.tif,True,True,OPENCV,C:\Users\81902\Documents\Codex\2026-09-20\depth-anything-v2-python-uav-rgb\data\uav3dcrop\2025\Day007_Corn\images\222.JPG,C:\Users\81902\Documents\Codex\2026-09-20\depth-anything-v2-python-uav-rgb\data\uav3dcrop_depth\2025\Day007_Corn\222_depth.tif,https://huggingface.co/datasets/Link-Dev/UAV3DCrop/resolve/main/2025/Day007_Corn/images/222.JPG?download=true,https://huggingface.co/datasets/Link-Dev/UAV3DCrop_depth/resolve/main/2025/Day007_Corn_depth/222_depth.tif?download=true,main,metric_bias_corrected,64,20000,0.08313984375,0.10104847707748413,0.3524159461901681,0.007190802669525147,0.2941481166397719,0.12135142326330633,0.5326715068899096,0.3685765060869092
2025/Day007_Corn,2025,Day007,corn,222.JPG,222,DJI Mavic 3M RGB camera,oblique,oblique,0.7056516241242933,5280,3956,222_depth.tif,True,True,OPENCV,C:\Users\81902\Documents\Codex\2026-09-20\depth-anything-v2-python-uav-rgb\data\uav3dcrop\2025\Day007_Corn\images\222.JPG,C:\Users\81902\Documents\Codex\2026-09-20\depth-anything-v2-python-uav-rgb\data\uav3dcrop_depth\2025\Day007_Corn\222_depth.tif,https://huggingface.co/datasets/Link-Dev/UAV3DCrop/resolve/main/2025/Day007_Corn/images/222.JPG?download=true,https://huggingface.co/datasets/Link-Dev/UAV3DCrop_depth/resolve/main/2025/Day007_Corn_depth/222_depth.tif?download=true,main,metric_scale_shift,64,20000,0.08313984375,0.2081511342048645,0.4597356211709126,0.007992137241363526,0.29414806242283126,0.12135121571662365,0.5326715068899096,0.3685765060869092
2025/Day007_Corn,2025,Day007,corn,222.JPG,222,DJI Mavic 3M RGB camera,oblique,oblique,0.7056516241242933,5280,3956,222_depth.tif,True,True,OPENCV,C:\Users\81902\Documents\Codex\2026-09-20\depth-anything-v2-python-uav-rgb\data\uav3dcrop\2025\Day007_Corn\images\222.JPG,C:\Users\81902\Documents\Codex\2026-09-20\depth-anything-v2-python-uav-rgb\data\uav3dcrop_depth\2025\Day007_Corn\222_depth.tif,https://huggingface.co/datasets/Link-Dev/UAV3DCrop/resolve/main/2025/Day007_Corn/images/222.JPG?download=true,https://huggingface.co/datasets/Link-Dev/UAV3DCrop_depth/resolve/main/2025/Day007_Corn_depth/222_depth.tif?download=true,main,relative_scale_shift,64,20000,0.08313984375,0.09859381036758423,0.4070528661553429,0.004494512462615967,0.49642644998116625,0.3190347585647587,0.6552822640391169,0.3685765060869092
2025/Day007_Corn,2025,Day007,corn,222.JPG,222,DJI Mavic 3M RGB camera,oblique,oblique,0.7056516241242933,5280,3956,222_depth.tif,True,True,OPENCV,C:\Users\81902\Documents\Codex\2026-09-20\depth-anything-v2-python-uav-rgb\data\uav3dcrop\2025\Day007_Corn\images\222.JPG,C:\Users\81902\Documents\Codex\2026-09-20\depth-anything-v2-python-uav-rgb\data\uav3dcrop_depth\2025\Day007_Corn\222_depth.tif,https://huggingface.co/datasets/Link-Dev/UAV3DCrop/resolve/main/2025/Day007_Corn/images/222.JPG?download=true,https://huggingface.co/datasets/Link-Dev/UAV3DCrop_depth/resolve/main/2025/Day007_Corn_depth/222_depth.tif?download=true,main,metric_raw,128,20000,0.1364234375,0.15883281772136687,0.471731939488056,0.012911651301383973,0.3970889529699384,0.13463783806924481,0.5268342608584404,0.5129016932331055
2025/Day007_Corn,2025,Day007,corn,222.JPG,222,DJI Mavic 3M RGB camera,oblique,oblique,0.7056516241242933,5280,3956,222_depth.tif,True,True,OPENCV,C:\Users\81902\Documents\Codex\2026-09-20\depth-anything-v2-python-uav-rgb\data\uav3dcrop\2025\Day007_Corn\images\222.JPG,C:\Users\81902\Documents\Codex\2026-09-20\depth-anything-v2-python-uav-rgb\data\uav3dcrop_depth\2025\Day007_Corn\222_depth.tif,https://huggingface.co/datasets/Link-Dev/UAV3DCrop/resolve/main/2025/Day007_Corn/images/222.JPG?download=true,https://huggingface.co/datasets/Link-Dev/UAV3DCrop_depth/resolve/main/2025/Day007_Corn_depth/222_depth.tif?download=true,main,metric_bias_corrected,128,20000,0.1364234375,0.15883282766342163,0.4717319513893775,0.012911656284332275,0.3970888906045417,0.13463743422603972,0.5268342608584404,0.5129016932331055
2025/Day007_Corn,2025,Day007,corn,222.JPG,222,DJI Mavic 3M RGB camera,oblique,oblique,0.7056516241242933,5280,3956,222_depth.tif,True,True,OPENCV,C:\Users\81902\Documents\Codex\2026-09-20\depth-anything-v2-python-uav-rgb\data\uav3dcrop\2025\Day007_Corn\images\222.JPG,C:\Users\81902\Documents\Codex\2026-09-20\depth-anything-v2-python-uav-rgb\data\uav3dcrop_depth\2025\Day007_Corn\222_depth.tif,https://huggingface.co/datasets/Link-Dev/UAV3DCrop/resolve/main/2025/Day007_Corn/images/222.JPG?download=true,https://huggingface.co/datasets/Link-Dev/UAV3DCrop_depth/resolve/main/2025/Day007_Corn_depth/222_depth.tif?download=true,main,metric_scale_shift,128,20000,0.1364234375,0.3278583324432373,0.6247359110543879,0.010193170356750488,0.39708895091798474,0.13463765283555404,0.5268342608584404,0.5129016932331055
2025/Day007_Corn,2025,Day007,corn,222.JPG,222,DJI Mavic 3M RGB camera,oblique,oblique,0.7056516241242933,5280,3956,222_depth.tif,True,True,OPENCV,C:\Users\81902\Documents\Codex\2026-09-20\depth-anything-v2-python-uav-rgb\data\uav3dcrop\2025\Day007_Corn\images\222.JPG,C:\Users\81902\Documents\Codex\2026-09-20\depth-anything-v2-python-uav-rgb\data\uav3dcrop_depth\2025\Day007_Corn\222_depth.tif,https://huggingface.co/datasets/Link-Dev/UAV3DCrop/resolve/main/2025/Day007_Corn/images/222.JPG?download=true,https://huggingface.co/datasets/Link-Dev/UAV3DCrop_depth/resolve/main/2025/Day007_Corn_depth/222_depth.tif?download=true,main,relative_scale_shift,128,20000,0.1364234375,0.15391838369369507,0.5629559215792801,0.004844003391265869,0.5626082053746156,0.4184264410088827,0.6959636666026994,0.5129016932331055
2025/Day007_Corn,2025,Day007,corn,334.JPG,334,DJI Mavic 3M RGB camera,oblique,oblique,0.7068111656329447,5280,3956,334_depth.tif,True,True,OPENCV,C:\Users\81902\Documents\Codex\2026-09-20\depth-anything-v2-python-uav-rgb\data\uav3dcrop\2025\Day007_Corn\images\334.JPG,C:\Users\81902\Documents\Codex\2026-09-20\depth-anything-v2-python-uav-rgb\data\uav3dcrop_depth\2025\Day007_Corn\334_depth.tif,https://huggingface.co/datasets/Link-Dev/UAV3DCrop/resolve/main/2025/Day007_Corn/images/334.JPG?download=true,https://huggingface.co/datasets/Link-Dev/UAV3DCrop_depth/resolve/main/2025/Day007_Corn_depth/334_depth.tif?download=true,main,metric_raw,8,20000,0.00866875,0.012254992461204529,0.03584371394524605,0.0006688417673110962,0.030537850122367424,0.028760077055582207,0.5073741312086795,0.03507413239388244
2025/Day007_Corn,2025,Day007,corn,334.JPG,334,DJI Mavic 3M RGB camera,oblique,oblique,0.7068111656329447,5280,3956,334_depth.tif,True,True,OPENCV,C:\Users\81902\Documents\Codex\2026-09-20\depth-anything-v2-python-uav-rgb\data\uav3dcrop\2025\Day007_Corn\images\334.JPG,C:\Users\81902\Documents\Codex\2026-09-20\depth-anything-v2-python-uav-rgb\data\uav3dcrop_depth\2025\Day007_Corn\334_depth.tif,https://huggingface.co/datasets/Link-Dev/UAV3DCrop/resolve/main/2025/Day007_Corn/images/334.JPG?download=true,https://huggingface.co/datasets/Link-Dev/UAV3DCrop_depth/resolve/main/2025/Day007_Corn_depth/334_depth.tif?download=true,main,metric_bias_corrected,8,20000,0.00866875,0.012254986763000488,0.03584371010347752,0.000668852424621582,0.030538207197154995,0.02876216031578838,0.5073741312086795,0.03507413239388244
2025/Day007_Corn,2025,Day007,corn,334.JPG,334,DJI Mavic 3M RGB camera,oblique,oblique,0.7068111656329447,5280,3956,334_depth.tif,True,True,OPENCV,C:\Users\81902\Documents\Codex\2026-09-20\depth-anything-v2-python-uav-rgb\data\uav3dcrop\2025\Day007_Corn\images\334.JPG,C:\Users\81902\Documents\Codex\2026-09-20\depth-anything-v2-python-uav-rgb\data\uav3dcrop_depth\2025\Day007_Corn\334_depth.tif,https://huggingface.co/datasets/Link-Dev/UAV3DCrop/resolve/main/2025/Day007_Corn/images/334.JPG?download=true,https://huggingface.co/datasets/Link-Dev/UAV3DCrop_depth/resolve/main/2025/Day007_Corn_depth/334_depth.tif?download=true,main,metric_scale_shift,8,20000,0.00866875,0.0848134391784668,0.12938890561425356,-0.0027066383361816406,0.0305380046771573,0.028759690630255807,0.5073741312086795,0.03507413239388244
2025/Day007_Corn,2025,Day007,corn,334.JPG,334,DJI Mavic 3M RGB camera,oblique,oblique,0.7068111656329447,5280,3956,334_depth.tif,True,True,OPENCV,C:\Users\81902\Documents\Codex\2026-09-20\depth-anything-v2-python-uav-rgb\data\uav3dcrop\2025\Day007_Corn\images\334.JPG,C:\Users\81902\Documents\Codex\2026-09-20\depth-anything-v2-python-uav-rgb\data\uav3dcrop_depth\2025\Day007_Corn\334_depth.tif,https://huggingface.co/datasets/Link-Dev/UAV3DCrop/resolve/main/2025/Day007_Corn/images/334.JPG?download=true,https://huggingface.co/datasets/Link-Dev/UAV3DCrop_depth/resolve/main/2025/Day007_Corn_depth/334_depth.tif?download=true,main,relative_scale_shift,8,20000,0.00866875,0.011250127601623534,0.03413471366352322,0.0005977270126342774,0.23052380308129097,0.1679583876393266,0.5975589082895406,0.03507413239388244
2025/Day007_Corn,2025,Day007,corn,334.JPG,334,DJI Mavic 3M RGB camera,oblique,oblique,0.7068111656329447,5280,3956,334_depth.tif,True,True,OPENCV,C:\Users\81902\Documents\Codex\2026-09-20\depth-anything-v2-python-uav-rgb\data\uav3dcrop\2025\Day007_Corn\images\334.JPG,C:\Users\81902\Documents\Codex\2026-09-20\depth-anything-v2-python-uav-rgb\data\uav3dcrop_depth\2025\Day007_Corn\334_depth.tif,https://huggingface.co/datasets/Link-Dev/UAV3DCrop/resolve/main/2025/Day007_Corn/images/334.JPG?download=true,https://huggingface.co/datasets/Link-Dev/UAV3DCrop_depth/resolve/main/2025/Day007_Corn_depth/334_depth.tif?download=true,main,metric_raw,16,20000,0.0159515625,0.020704051327705385,0.053383911578256074,0.0015390024423599243,0.05046161767421422,0.05938620196093449,0.5179384649561257,0.0520947806586706
2025/Day007_Corn,2025,Day007,corn,334.JPG,334,DJI Mavic 3M RGB camera,oblique,oblique,0.7068111656329447,5280,3956,334_depth.tif,True,True,OPENCV,C:\Users\81902\Documents\Codex\2026-09-20\depth-anything-v2-python-uav-rgb\data\uav3dcrop\2025\Day007_Corn\images\334.JPG,C:\Users\81902\Documents\Codex\2026-09-20\depth-anything-v2-python-uav-rgb\data\uav3dcrop_depth\2025\Day007_Corn\334_depth.tif,https://huggingface.co/datasets/Link-Dev/UAV3DCrop/resolve/main/2025/Day007_Corn/images/334.JPG?download=true,https://huggingface.co/datasets/Link-Dev/UAV3DCrop_depth/resolve/main/2025/Day007_Corn_depth/334_depth.tif?download=true,main,metric_bias_corrected,16,20000,0.0159515625,0.020704046249389648,0.05338390426473101,0.0015389965057373046,0.05046203118373235,0.0593871760143469,0.5179384649561257,0.0520947806586706
2025/Day007_Corn,2025,Day007,corn,334.JPG,334,DJI Mavic 3M RGB camera,oblique,oblique,0.7068111656329447,5280,3956,334_depth.tif,True,True,OPENCV,C:\Users\81902\Documents\Codex\2026-09-20\depth-anything-v2-python-uav-rgb\data\uav3dcrop\2025\Day007_Corn\images\334.JPG,C:\Users\81902\Documents\Codex\2026-09-20\depth-anything-v2-python-uav-rgb\data\uav3dcrop_depth\2025\Day007_Corn\334_depth.tif,https://huggingface.co/datasets/Link-Dev/UAV3DCrop/resolve/main/2025/Day007_Corn/images/334.JPG?download=true,https://huggingface.co/datasets/Link-Dev/UAV3DCrop_depth/resolve/main/2025/Day007_Corn_depth/334_depth.tif?download=true,main,metric_scale_shift,16,20000,0.0159515625,0.14863643951416017,0.2175452615883657,-0.0030000114440917967,0.0504615099357264,0.059385923110332604,0.5179384649561257,0.0520947806586706
2025/Day007_Corn,2025,Day007,corn,334.JPG,334,DJI Mavic 3M RGB camera,oblique,oblique,0.7068111656329447,5280,3956,334_depth.tif,True,True,OPENCV,C:\Users\81902\Documents\Codex\2026-09-20\depth-anything-v2-python-uav-rgb\data\uav3dcrop\2025\Day007_Corn\images\334.JPG,C:\Users\81902\Documents\Codex\2026-09-20\depth-anything-v2-python-uav-rgb\data\uav3dcrop_depth\2025\Day007_Corn\334_depth.tif,https://huggingface.co/datasets/Link-Dev/UAV3DCrop/resolve/main/2025/Day007_Corn/images/334.JPG?download=true,https://huggingface.co/datasets/Link-Dev/UAV3DCrop_depth/resolve/main/2025/Day007_Corn_depth/334_depth.tif?download=true,main,relative_scale_shift,16,20000,0.0159515625,0.0194181001663208,0.05039833105311661,0.0010873649597167969,0.25562621847719535,0.2020657124993591,0.5861379540153282,0.0520947806586706
2025/Day007_Corn,2025,Day007,corn,334.JPG,334,DJI Mavic 3M RGB camera,oblique,oblique,0.7068111656329447,5280,3956,334_depth.tif,True,True,OPENCV,C:\Users\81902\Documents\Codex\2026-09-20\depth-anything-v2-python-uav-rgb\data\uav3dcrop\2025\Day007_Corn\images\334.JPG,C:\Users\81902\Documents\Codex\2026-09-20\depth-anything-v2-python-uav-rgb\data\uav3dcrop_depth\2025\Day007_Corn\334_depth.tif,https://huggingface.co/datasets/Link-Dev/UAV3DCrop/resolve/main/2025/Day007_Corn/images/334.JPG?download=true,https://huggingface.co/datasets/Link-Dev/UAV3DCrop_depth/resolve/main/2025/Day007_Corn_depth/334_depth.tif?download=true,main,metric_raw,32,20000,0.02609609375,0.03265910542011261,0.07176728036043896,0.0037393352270126343,0.09468622391393902,0.0676243639472022,0.5046363249680986,0.06988760839381211
2025/Day007_Corn,2025,Day007,corn,334.JPG,334,DJI Mavic 3M RGB camera,oblique,oblique,0.7068111656329447,5280,3956,334_depth.tif,True,True,OPENCV,C:\Users\81902\Documents\Codex\2026-09-20\depth-anything-v2-python-uav-rgb\data\uav3dcrop\2025\Day007_Corn\images\334.JPG,C:\Users\81902\Documents\Codex\2026-09-20\depth-anything-v2-python-uav-rgb\data\uav3dcrop_depth\2025\Day007_Corn\334_depth.tif,https://huggingface.co/datasets/Link-Dev/UAV3DCrop/resolve/main/2025/Day007_Corn/images/334.JPG?download=true,https://huggingface.co/datasets/Link-Dev/UAV3DCrop_depth/resolve/main/2025/Day007_Corn_depth/334_depth.tif?download=true,main,metric_bias_corrected,32,20000,0.02609609375,0.03265910701751709,0.07176728909110429,0.0037393304824829103,0.09468592260419656,0.06762468976871343,0.5046363249680986,0.06988760839381211
2025/Day007_Corn,2025,Day007,corn,334.JPG,334,DJI Mavic 3M RGB camera,oblique,oblique,0.7068111656329447,5280,3956,334_depth.tif,True,True,OPENCV,C:\Users\81902\Documents\Codex\2026-09-20\depth-anything-v2-python-uav-rgb\data\uav3dcrop\2025\Day007_Corn\images\334.JPG,C:\Users\81902\Documents\Codex\2026-09-20\depth-anything-v2-python-uav-rgb\data\uav3dcrop_depth\2025\Day007_Corn\334_depth.tif,https://huggingface.co/datasets/Link-Dev/UAV3DCrop/resolve/main/2025/Day007_Corn/images/334.JPG?download=true,https://huggingface.co/datasets/Link-Dev/UAV3DCrop_depth/resolve/main/2025/Day007_Corn_depth/334_depth.tif?download=true,main,metric_scale_shift,32,20000,0.02609609375,0.25388140678405763,0.352090000921932,-0.0003971813201904297,0.0946861828749807,0.06762404324251173,0.5046363249680986,0.06988760839381211
2025/Day007_Corn,2025,Day007,corn,334.JPG,334,DJI Mavic 3M RGB camera,oblique,oblique,0.7068111656329447,5280,3956,334_depth.tif,True,True,OPENCV,C:\Users\81902\Documents\Codex\2026-09-20\depth-anything-v2-python-uav-rgb\data\uav3dcrop\2025\Day007_Corn\images\334.JPG,C:\Users\81902\Documents\Codex\2026-09-20\depth-anything-v2-python-uav-rgb\data\uav3dcrop_depth\2025\Day007_Corn\334_depth.tif,https://huggingface.co/datasets/Link-Dev/UAV3DCrop/resolve/main/2025/Day007_Corn/images/334.JPG?download=true,https://huggingface.co/datasets/Link-Dev/UAV3DCrop_depth/resolve/main/2025/Day007_Corn_depth/334_depth.tif?download=true,main,relative_scale_shift,32,20000,0.02609609375,0.03110191707611084,0.06543932347484303,0.0024535329818725585,0.3547703605825227,0.22994968370671237,0.5650361548277328,0.06988760839381211
2025/Day007_Corn,2025,Day007,corn,334.JPG,334,DJI Mavic 3M RGB camera,oblique,oblique,0.7068111656329447,5280,3956,334_depth.tif,True,True,OPENCV,C:\Users\81902\Documents\Codex\2026-09-20\depth-anything-v2-python-uav-rgb\data\uav3dcrop\2025\Day007_Corn\images\334.JPG,C:\Users\81902\Documents\Codex\2026-09-20\depth-anything-v2-python-uav-rgb\data\uav3dcrop_depth\2025\Day007_Corn\334_depth.tif,https://huggingface.co/datasets/Link-Dev/UAV3DCrop/resolve/main/2025/Day007_Corn/images/334.JPG?download=true,https://huggingface.co/datasets/Link-Dev/UAV3DCrop_depth/resolve/main/2025/Day007_Corn_depth/334_depth.tif?download=true,main,metric_raw,64,20000,0.0430546875,0.053098461532592775,0.11023128158536678,0.007617842817306518,0.1288466267987675,0.08087584350940255,0.4951737451737452,0.10763907537170227
2025/Day007_Corn,2025,Day007,corn,334.JPG,334,DJI Mavic 3M RGB camera,oblique,oblique,0.7068111656329447,5280,3956,334_depth.tif,True,True,OPENCV,C:\Users\81902\Documents\Codex\2026-09-20\depth-anything-v2-python-uav-rgb\data\uav3dcrop\2025\Day007_Corn\images\334.JPG,C:\Users\81902\Documents\Codex\2026-09-20\depth-anything-v2-python-uav-rgb\data\uav3dcrop_depth\2025\Day007_Corn\334_depth.tif,https://huggingface.co/datasets/Link-Dev/UAV3DCrop/resolve/main/2025/Day007_Corn/images/334.JPG?download=true,https://huggingface.co/datasets/Link-Dev/UAV3DCrop_depth/resolve/main/2025/Day007_Corn_depth/334_depth.tif?download=true,main,metric_bias_corrected,64,20000,0.0430546875,0.05309846878051758,0.11023129267706941,0.0076178470611572265,0.12884632610791874,0.08087569851775221,0.4951737451737452,0.10763907537170227
2025/Day007_Corn,2025,Day007,corn,334.JPG,334,DJI Mavic 3M RGB camera,oblique,oblique,0.7068111656329447,5280,3956,334_depth.tif,True,True,OPENCV,C:\Users\81902\Documents\Codex\2026-09-20\depth-anything-v2-python-uav-rgb\data\uav3dcrop\2025\Day007_Corn\images\334.JPG,C:\Users\81902\Documents\Codex\2026-09-20\depth-anything-v2-python-uav-rgb\data\uav3dcrop_depth\2025\Day007_Corn\334_depth.tif,https://huggingface.co/datasets/Link-Dev/UAV3DCrop/resolve/main/2025/Day007_Corn/images/334.JPG?download=true,https://huggingface.co/datasets/Link-Dev/UAV3DCrop_depth/resolve/main/2025/Day007_Corn_depth/334_depth.tif?download=true,main,metric_scale_shift,64,20000,0.0430546875,0.4348138248443604,0.5910731319769863,-0.008224458694458007,0.12884667762574037,0.08087601988446379,0.4951737451737452,0.10763907537170227
2025/Day007_Corn,2025,Day007,corn,334.JPG,334,DJI Mavic 3M RGB camera,oblique,oblique,0.7068111656329447,5280,3956,334_depth.tif,True,True,OPENCV,C:\Users\81902\Documents\Codex\2026-09-20\depth-anything-v2-python-uav-rgb\data\uav3dcrop\2025\Day007_Corn\images\334.JPG,C:\Users\81902\Documents\Codex\2026-09-20\depth-anything-v2-python-uav-rgb\data\uav3dcrop_depth\2025\Day007_Corn\334_depth.tif,https://huggingface.co/datasets/Link-Dev/UAV3DCrop/resolve/main/2025/Day007_Corn/images/334.JPG?download=true,https://huggingface.co/datasets/Link-Dev/UAV3DCrop_depth/resolve/main/2025/Day007_Corn_depth/334_depth.tif?download=true,main,relative_scale_shift,64,20000,0.0430546875,0.05276434268951416,0.10158885327852848,0.005155228614807129,0.34655492174420427,0.24393874931682474,0.5462630998345284,0.10763907537170227
2025/Day007_Corn,2025,Day007,corn,334.JPG,334,DJI Mavic 3M RGB camera,oblique,oblique,0.7068111656329447,5280,3956,334_depth.tif,True,True,OPENCV,C:\Users\81902\Documents\Codex\2026-09-20\depth-anything-v2-python-uav-rgb\data\uav3dcrop\2025\Day007_Corn\images\334.JPG,C:\Users\81902\Documents\Codex\2026-09-20\depth-anything-v2-python-uav-rgb\data\uav3dcrop_depth\2025\Day007_Corn\334_depth.tif,https://huggingface.co/datasets/Link-Dev/UAV3DCrop/resolve/main/2025/Day007_Corn/images/334.JPG?download=true,https://huggingface.co/datasets/Link-Dev/UAV3DCrop_depth/resolve/main/2025/Day007_Corn_depth/334_depth.tif?download=true,main,metric_raw,128,20000,0.06641015625,0.08412707133293151,0.14751162792129557,0.014673569202423097,0.16694744794502278,0.08233049127337046,0.48998300145701795,0.14214941967534755
2025/Day007_Corn,2025,Day007,corn,334.JPG,334,DJI Mavic 3M RGB camera,oblique,oblique,0.7068111656329447,5280,3956,334_depth.tif,True,True,OPENCV,C:\Users\81902\Documents\Codex\2026-09-20\depth-anything-v2-python-uav-rgb\data\uav3dcrop\2025\Day007_Corn\images\334.JPG,C:\Users\81902\Documents\Codex\2026-09-20\depth-anything-v2-python-uav-rgb\data\uav3dcrop_depth\2025\Day007_Corn\334_depth.tif,https://huggingface.co/datasets/Link-Dev/UAV3DCrop/resolve/main/2025/Day007_Corn/images/334.JPG?download=true,https://huggingface.co/datasets/Link-Dev/UAV3DCrop_depth/resolve/main/2025/Day007_Corn_depth/334_depth.tif?download=true,main,metric_bias_corrected,128,20000,0.06641015625,0.08412706203460693,0.1475116207336345,0.0146735746383667,0.1669475247803118,0.08233039338801883,0.48998300145701795,0.14214941967534755
2025/Day007_Corn,2025,Day007,corn,334.JPG,334,DJI Mavic 3M RGB camera,oblique,oblique,0.7068111656329447,5280,3956,334_depth.tif,True,True,OPENCV,C:\Users\81902\Documents\Codex\2026-09-20\depth-anything-v2-python-uav-rgb\data\uav3dcrop\2025\Day007_Corn\images\334.JPG,C:\Users\81902\Documents\Codex\2026-09-20\depth-anything-v2-python-uav-rgb\data\uav3dcrop_depth\2025\Day007_Corn\334_depth.tif,https://huggingface.co/datasets/Link-Dev/UAV3DCrop/resolve/main/2025/Day007_Corn/images/334.JPG?download=true,https://huggingface.co/datasets/Link-Dev/UAV3DCrop_depth/resolve/main/2025/Day007_Corn_depth/334_depth.tif?download=true,main,metric_scale_shift,128,20000,0.06641015625,0.7477252319335937,0.9805141764174099,0.0016093330383300782,0.16694742777047336,0.08233060623214536,0.48998300145701795,0.14214941967534755
2025/Day007_Corn,2025,Day007,corn,334.JPG,334,DJI Mavic 3M RGB camera,oblique,oblique,0.7068111656329447,5280,3956,334_depth.tif,True,True,OPENCV,C:\Users\81902\Documents\Codex\2026-09-20\depth-anything-v2-python-uav-rgb\data\uav3dcrop\2025\Day007_Corn\images\334.JPG,C:\Users\81902\Documents\Codex\2026-09-20\depth-anything-v2-python-uav-rgb\data\uav3dcrop_depth\2025\Day007_Corn\334_depth.tif,https://huggingface.co/datasets/Link-Dev/UAV3DCrop/resolve/main/2025/Day007_Corn/images/334.JPG?download=true,https://huggingface.co/datasets/Link-Dev/UAV3DCrop_depth/resolve/main/2025/Day007_Corn_depth/334_depth.tif?download=true,main,relative_scale_shift,128,20000,0.06641015625,0.0880301947593689,0.13941465861320695,0.009958347988128662,0.31449775061218865,0.2557360286844584,0.542921321029626,0.14214941967534755
2025/Day007_Corn,2025,Day007,corn,446.JPG,446,DJI Mavic 3M RGB camera,oblique,oblique,0.7057395311749536,5280,3956,446_depth.tif,True,True,OPENCV,C:\Users\81902\Documents\Codex\2026-09-20\depth-anything-v2-python-uav-rgb\data\uav3dcrop\2025\Day007_Corn\images\446.JPG,C:\Users\81902\Documents\Codex\2026-09-20\depth-anything-v2-python-uav-rgb\data\uav3dcrop_depth\2025\Day007_Corn\446_depth.tif,https://huggingface.co/datasets/Link-Dev/UAV3DCrop/resolve/main/2025/Day007_Corn/images/446.JPG?download=true,https://huggingface.co/datasets/Link-Dev/UAV3DCrop_depth/resolve/main/2025/Day007_Corn_depth/446_depth.tif?download=true,main,metric_raw,8,20000,0.0141671875,0.020270366168022157,0.12302940834173791,0.0017699119806289672,0.006345071172950315,-0.00914764117477369,0.4887507768800497,0.12136829345529251
2025/Day007_Corn,2025,Day007,corn,446.JPG,446,DJI Mavic 3M RGB camera,oblique,oblique,0.7057395311749536,5280,3956,446_depth.tif,True,True,OPENCV,C:\Users\81902\Documents\Codex\2026-09-20\depth-anything-v2-python-uav-rgb\data\uav3dcrop\2025\Day007_Corn\images\446.JPG,C:\Users\81902\Documents\Codex\2026-09-20\depth-anything-v2-python-uav-rgb\data\uav3dcrop_depth\2025\Day007_Corn\446_depth.tif,https://huggingface.co/datasets/Link-Dev/UAV3DCrop/resolve/main/2025/Day007_Corn/images/446.JPG?download=true,https://huggingface.co/datasets/Link-Dev/UAV3DCrop_depth/resolve/main/2025/Day007_Corn_depth/446_depth.tif?download=true,main,metric_bias_corrected,8,20000,0.0141671875,0.020270383071899413,0.1230293890440955,0.00176990966796875,0.006346187250262359,-0.009148050502987518,0.4886264760720945,0.12136829345529251
2025/Day007_Corn,2025,Day007,corn,446.JPG,446,DJI Mavic 3M RGB camera,oblique,oblique,0.7057395311749536,5280,3956,446_depth.tif,True,True,OPENCV,C:\Users\81902\Documents\Codex\2026-09-20\depth-anything-v2-python-uav-rgb\data\uav3dcrop\2025\Day007_Corn\images\446.JPG,C:\Users\81902\Documents\Codex\2026-09-20\depth-anything-v2-python-uav-rgb\data\uav3dcrop_depth\2025\Day007_Corn\446_depth.tif,https://huggingface.co/datasets/Link-Dev/UAV3DCrop/resolve/main/2025/Day007_Corn/images/446.JPG?download=true,https://huggingface.co/datasets/Link-Dev/UAV3DCrop_depth/resolve/main/2025/Day007_Corn_depth/446_depth.tif?download=true,main,metric_scale_shift,8,20000,0.0141671875,0.029032214641571043,0.12909769043688396,0.0025501763343811035,0.006345522620511112,-0.009147726901946814,0.4886264760720945,0.12136829345529251
2025/Day007_Corn,2025,Day007,corn,446.JPG,446,DJI Mavic 3M RGB camera,oblique,oblique,0.7057395311749536,5280,3956,446_depth.tif,True,True,OPENCV,C:\Users\81902\Documents\Codex\2026-09-20\depth-anything-v2-python-uav-rgb\data\uav3dcrop\2025\Day007_Corn\images\446.JPG,C:\Users\81902\Documents\Codex\2026-09-20\depth-anything-v2-python-uav-rgb\data\uav3dcrop_depth\2025\Day007_Corn\446_depth.tif,https://huggingface.co/datasets/Link-Dev/UAV3DCrop/resolve/main/2025/Day007_Corn/images/446.JPG?download=true,https://huggingface.co/datasets/Link-Dev/UAV3DCrop_depth/resolve/main/2025/Day007_Corn_depth/446_depth.tif?download=true,main,relative_scale_shift,8,20000,0.0141671875,0.015551443004608154,0.12085040325460725,0.0020800812721252443,0.12308774602706403,0.01595229754273546,0.5057799875699192,0.12136829345529251
2025/Day007_Corn,2025,Day007,corn,446.JPG,446,DJI Mavic 3M RGB camera,oblique,oblique,0.7057395311749536,5280,3956,446_depth.tif,True,True,OPENCV,C:\Users\81902\Documents\Codex\2026-09-20\depth-anything-v2-python-uav-rgb\data\uav3dcrop\2025\Day007_Corn\images\446.JPG,C:\Users\81902\Documents\Codex\2026-09-20\depth-anything-v2-python-uav-rgb\data\uav3dcrop_depth\2025\Day007_Corn\446_depth.tif,https://huggingface.co/datasets/Link-Dev/UAV3DCrop/resolve/main/2025/Day007_Corn/images/446.JPG?download=true,https://huggingface.co/datasets/Link-Dev/UAV3DCrop_depth/resolve/main/2025/Day007_Corn_depth/446_depth.tif?download=true,main,metric_raw,16,20000,0.02606953125,0.03490617928504944,0.17861497423161443,0.003765367603302002,0.04679656285842606,-0.031503555603764444,0.47543228899161105,0.1764212923983356
2025/Day007_Corn,2025,Day007,corn,446.JPG,446,DJI Mavic 3M RGB camera,oblique,oblique,0.7057395311749536,5280,3956,446_depth.tif,True,True,OPENCV,C:\Users\81902\Documents\Codex\2026-09-20\depth-anything-v2-python-uav-rgb\data\uav3dcrop\2025\Day007_Corn\images\446.JPG,C:\Users\81902\Documents\Codex\2026-09-20\depth-anything-v2-python-uav-rgb\data\uav3dcrop_depth\2025\Day007_Corn\446_depth.tif,https://huggingface.co/datasets/Link-Dev/UAV3DCrop/resolve/main/2025/Day007_Corn/images/446.JPG?download=true,https://huggingface.co/datasets/Link-Dev/UAV3DCrop_depth/resolve/main/2025/Day007_Corn_depth/446_depth.tif?download=true,main,metric_bias_corrected,16,20000,0.02606953125,0.03490618085861206,0.17861497343071217,0.003765372943878174,0.04679658280765433,-0.0315038713946475,0.47543228899161105,0.1764212923983356
2025/Day007_Corn,2025,Day007,corn,446.JPG,446,DJI Mavic 3M RGB camera,oblique,oblique,0.7057395311749536,5280,3956,446_depth.tif,True,True,OPENCV,C:\Users\81902\Documents\Codex\2026-09-20\depth-anything-v2-python-uav-rgb\data\uav3dcrop\2025\Day007_Corn\images\446.JPG,C:\Users\81902\Documents\Codex\2026-09-20\depth-anything-v2-python-uav-rgb\data\uav3dcrop_depth\2025\Day007_Corn\446_depth.tif,https://huggingface.co/datasets/Link-Dev/UAV3DCrop/resolve/main/2025/Day007_Corn/images/446.JPG?download=true,https://huggingface.co/datasets/Link-Dev/UAV3DCrop_depth/resolve/main/2025/Day007_Corn_depth/446_depth.tif?download=true,main,metric_scale_shift,16,20000,0.02606953125,0.04976990261077881,0.19020163268006565,0.006104585456848144,0.04679632719873945,-0.031503631565352026,0.47543228899161105,0.1764212923983356
2025/Day007_Corn,2025,Day007,corn,446.JPG,446,DJI Mavic 3M RGB camera,oblique,oblique,0.7057395311749536,5280,3956,446_depth.tif,True,True,OPENCV,C:\Users\81902\Documents\Codex\2026-09-20\depth-anything-v2-python-uav-rgb\data\uav3dcrop\2025\Day007_Corn\images\446.JPG,C:\Users\81902\Documents\Codex\2026-09-20\depth-anything-v2-python-uav-rgb\data\uav3dcrop_depth\2025\Day007_Corn\446_depth.tif,https://huggingface.co/datasets/Link-Dev/UAV3DCrop/resolve/main/2025/Day007_Corn/images/446.JPG?download=true,https://huggingface.co/datasets/Link-Dev/UAV3DCrop_depth/resolve/main/2025/Day007_Corn_depth/446_depth.tif?download=true,main,relative_scale_shift,16,20000,0.02606953125,0.027904400444030763,0.17604462079117109,0.003637766647338867,0.07290133732578662,0.03426823638125192,0.5159219311761685,0.1764212923983356
2025/Day007_Corn,2025,Day007,corn,446.JPG,446,DJI Mavic 3M RGB camera,oblique,oblique,0.7057395311749536,5280,3956,446_depth.tif,True,True,OPENCV,C:\Users\81902\Documents\Codex\2026-09-20\depth-anything-v2-python-uav-rgb\data\uav3dcrop\2025\Day007_Corn\images\446.JPG,C:\Users\81902\Documents\Codex\2026-09-20\depth-anything-v2-python-uav-rgb\data\uav3dcrop_depth\2025\Day007_Corn\446_depth.tif,https://huggingface.co/datasets/Link-Dev/UAV3DCrop/resolve/main/2025/Day007_Corn/images/446.JPG?download=true,https://huggingface.co/datasets/Link-Dev/UAV3DCrop_depth/resolve/main/2025/Day007_Corn_depth/446_depth.tif?download=true,main,metric_raw,32,20000,0.0345046875,0.04781515598297119,0.19947046383179012,0.00686124758720398,-0.008724617706669642,-0.021748816433736957,0.4804619407321325,0.18975092679286182
2025/Day007_Corn,2025,Day007,corn,446.JPG,446,DJI Mavic 3M RGB camera,oblique,oblique,0.7057395311749536,5280,3956,446_depth.tif,True,True,OPENCV,C:\Users\81902\Documents\Codex\2026-09-20\depth-anything-v2-python-uav-rgb\data\uav3dcrop\2025\Day007_Corn\images\446.JPG,C:\Users\81902\Documents\Codex\2026-09-20\depth-anything-v2-python-uav-rgb\data\uav3dcrop_depth\2025\Day007_Corn\446_depth.tif,https://huggingface.co/datasets/Link-Dev/UAV3DCrop/resolve/main/2025/Day007_Corn/images/446.JPG?download=true,https://huggingface.co/datasets/Link-Dev/UAV3DCrop_depth/resolve/main/2025/Day007_Corn_depth/446_depth.tif?download=true,main,metric_bias_corrected,32,20000,0.0345046875,0.04781515254974365,0.19947047178331592,0.006861245918273926,-0.008724834234726319,-0.021749259896158345,0.4804619407321325,0.18975092679286182
2025/Day007_Corn,2025,Day007,corn,446.JPG,446,DJI Mavic 3M RGB camera,oblique,oblique,0.7057395311749536,5280,3956,446_depth.tif,True,True,OPENCV,C:\Users\81902\Documents\Codex\2026-09-20\depth-anything-v2-python-uav-rgb\data\uav3dcrop\2025\Day007_Corn\images\446.JPG,C:\Users\81902\Documents\Codex\2026-09-20\depth-anything-v2-python-uav-rgb\data\uav3dcrop_depth\2025\Day007_Corn\446_depth.tif,https://huggingface.co/datasets/Link-Dev/UAV3DCrop/resolve/main/2025/Day007_Corn/images/446.JPG?download=true,https://huggingface.co/datasets/Link-Dev/UAV3DCrop_depth/resolve/main/2025/Day007_Corn_depth/446_depth.tif?download=true,main,metric_scale_shift,32,20000,0.0345046875,0.07263978967666626,0.22983587329447988,0.011747888469696046,-0.008724586111182403,-0.021749537231433386,0.4804619407321325,0.18975092679286182
2025/Day007_Corn,2025,Day007,corn,446.JPG,446,DJI Mavic 3M RGB camera,oblique,oblique,0.7057395311749536,5280,3956,446_depth.tif,True,True,OPENCV,C:\Users\81902\Documents\Codex\2026-09-20\depth-anything-v2-python-uav-rgb\data\uav3dcrop\2025\Day007_Corn\images\446.JPG,C:\Users\81902\Documents\Codex\2026-09-20\depth-anything-v2-python-uav-rgb\data\uav3dcrop_depth\2025\Day007_Corn\446_depth.tif,https://huggingface.co/datasets/Link-Dev/UAV3DCrop/resolve/main/2025/Day007_Corn/images/446.JPG?download=true,https://huggingface.co/datasets/Link-Dev/UAV3DCrop_depth/resolve/main/2025/Day007_Corn_depth/446_depth.tif?download=true,main,relative_scale_shift,32,20000,0.0345046875,0.037253783798217775,0.18826085118819796,0.006392574691772461,0.13834260030043488,0.027543296281598684,0.5193927948866938,0.18975092679286182
2025/Day007_Corn,2025,Day007,corn,446.JPG,446,DJI Mavic 3M RGB camera,oblique,oblique,0.7057395311749536,5280,3956,446_depth.tif,True,True,OPENCV,C:\Users\81902\Documents\Codex\2026-09-20\depth-anything-v2-python-uav-rgb\data\uav3dcrop\2025\Day007_Corn\images\446.JPG,C:\Users\81902\Documents\Codex\2026-09-20\depth-anything-v2-python-uav-rgb\data\uav3dcrop_depth\2025\Day007_Corn\446_depth.tif,https://huggingface.co/datasets/Link-Dev/UAV3DCrop/resolve/main/2025/Day007_Corn/images/446.JPG?download=true,https://huggingface.co/datasets/Link-Dev/UAV3DCrop_depth/resolve/main/2025/Day007_Corn_depth/446_depth.tif?download=true,main,metric_raw,64,20000,0.04919296875,0.0679156102180481,0.2456897138220454,0.007648882436752319,0.11254591786919094,-0.004998395879335575,0.4803529012555141,0.23653944615905695
2025/Day007_Corn,2025,Day007,corn,446.JPG,446,DJI Mavic 3M RGB camera,oblique,oblique,0.7057395311749536,5280,3956,446_depth.tif,True,True,OPENCV,C:\Users\81902\Documents\Codex\2026-09-20\depth-anything-v2-python-uav-rgb\data\uav3dcrop\2025\Day007_Corn\images\446.JPG,C:\Users\81902\Documents\Codex\2026-09-20\depth-anything-v2-python-uav-rgb\data\uav3dcrop_depth\2025\Day007_Corn\446_depth.tif,https://huggingface.co/datasets/Link-Dev/UAV3DCrop/resolve/main/2025/Day007_Corn/images/446.JPG?download=true,https://huggingface.co/datasets/Link-Dev/UAV3DCrop_depth/resolve/main/2025/Day007_Corn_depth/446_depth.tif?download=true,main,metric_bias_corrected,64,20000,0.04919296875,0.06791561088562012,0.2456897264342978,0.0076488840103149415,0.1125458245135188,-0.004998232679950067,0.4803529012555141,0.23653944615905695
2025/Day007_Corn,2025,Day007,corn,446.JPG,446,DJI Mavic 3M RGB camera,oblique,oblique,0.7057395311749536,5280,3956,446_depth.tif,True,True,OPENCV,C:\Users\81902\Documents\Codex\2026-09-20\depth-anything-v2-python-uav-rgb\data\uav3dcrop\2025\Day007_Corn\images\446.JPG,C:\Users\81902\Documents\Codex\2026-09-20\depth-anything-v2-python-uav-rgb\data\uav3dcrop_depth\2025\Day007_Corn\446_depth.tif,https://huggingface.co/datasets/Link-Dev/UAV3DCrop/resolve/main/2025/Day007_Corn/images/446.JPG?download=true,https://huggingface.co/datasets/Link-Dev/UAV3DCrop_depth/resolve/main/2025/Day007_Corn_depth/446_depth.tif?download=true,main,metric_scale_shift,64,20000,0.04919296875,0.10631806411743164,0.29822799094884056,0.015078874969482422,0.11254592770993048,-0.00499857725689665,0.4803529012555141,0.23653944615905695
2025/Day007_Corn,2025,Day007,corn,446.JPG,446,DJI Mavic 3M RGB camera,oblique,oblique,0.7057395311749536,5280,3956,446_depth.tif,True,True,OPENCV,C:\Users\81902\Documents\Codex\2026-09-20\depth-anything-v2-python-uav-rgb\data\uav3dcrop\2025\Day007_Corn\images\446.JPG,C:\Users\81902\Documents\Codex\2026-09-20\depth-anything-v2-python-uav-rgb\data\uav3dcrop_depth\2025\Day007_Corn\446_depth.tif,https://huggingface.co/datasets/Link-Dev/UAV3DCrop/resolve/main/2025/Day007_Corn/images/446.JPG?download=true,https://huggingface.co/datasets/Link-Dev/UAV3DCrop_depth/resolve/main/2025/Day007_Corn_depth/446_depth.tif?download=true,main,relative_scale_shift,64,20000,0.04919296875,0.05465076541900635,0.2336312879922599,0.008350262641906738,0.1696543056613949,0.01670070869536797,0.5070919579233119,0.23653944615905695
2025/Day007_Corn,2025,Day007,corn,446.JPG,446,DJI Mavic 3M RGB camera,oblique,oblique,0.7057395311749536,5280,3956,446_depth.tif,True,True,OPENCV,C:\Users\81902\Documents\Codex\2026-09-20\depth-anything-v2-python-uav-rgb\data\uav3dcrop\2025\Day007_Corn\images\446.JPG,C:\Users\81902\Documents\Codex\2026-09-20\depth-anything-v2-python-uav-rgb\data\uav3dcrop_depth\2025\Day007_Corn\446_depth.tif,https://huggingface.co/datasets/Link-Dev/UAV3DCrop/resolve/main/2025/Day007_Corn/images/446.JPG?download=true,https://huggingface.co/datasets/Link-Dev/UAV3DCrop_depth/resolve/main/2025/Day007_Corn_depth/446_depth.tif?download=true,main,metric_raw,128,20000,0.07093125,0.09720323169231415,0.3081047878875836,0.014050857043266297,0.1630765861395277,0.005885952967292216,0.5032390681450106,0.29283014627573967
2025/Day007_Corn,2025,Day007,corn,446.JPG,446,DJI Mavic 3M RGB camera,oblique,oblique,0.7057395311749536,5280,3956,446_depth.tif,True,True,OPENCV,C:\Users\81902\Documents\Codex\2026-09-20\depth-anything-v2-python-uav-rgb\data\uav3dcrop\2025\Day007_Corn\images\446.JPG,C:\Users\81902\Documents\Codex\2026-09-20\depth-anything-v2-python-uav-rgb\data\uav3dcrop_depth\2025\Day007_Corn\446_depth.tif,https://huggingface.co/datasets/Link-Dev/UAV3DCrop/resolve/main/2025/Day007_Corn/images/446.JPG?download=true,https://huggingface.co/datasets/Link-Dev/UAV3DCrop_depth/resolve/main/2025/Day007_Corn_depth/446_depth.tif?download=true,main,metric_bias_corrected,128,20000,0.07093125,0.09720323362350464,0.30810479618373277,0.014050857257843018,0.16307654924557133,0.005885743895967737,0.5032390681450106,0.29283014627573967
2025/Day007_Corn,2025,Day007,corn,446.JPG,446,DJI Mavic 3M RGB camera,oblique,oblique,0.7057395311749536,5280,3956,446_depth.tif,True,True,OPENCV,C:\Users\81902\Documents\Codex\2026-09-20\depth-anything-v2-python-uav-rgb\data\uav3dcrop\2025\Day007_Corn\images\446.JPG,C:\Users\81902\Documents\Codex\2026-09-20\depth-anything-v2-python-uav-rgb\data\uav3dcrop_depth\2025\Day007_Corn\446_depth.tif,https://huggingface.co/datasets/Link-Dev/UAV3DCrop/resolve/main/2025/Day007_Corn/images/446.JPG?download=true,https://huggingface.co/datasets/Link-Dev/UAV3DCrop_depth/resolve/main/2025/Day007_Corn_depth/446_depth.tif?download=true,main,metric_scale_shift,128,20000,0.07093125,0.15536033687591552,0.40485350478981685,0.02958970260620117,0.16307653065464686,0.005886071377888563,0.5032390681450106,0.29283014627573967
2025/Day007_Corn,2025,Day007,corn,446.JPG,446,DJI Mavic 3M RGB camera,oblique,oblique,0.7057395311749536,5280,3956,446_depth.tif,True,True,OPENCV,C:\Users\81902\Documents\Codex\2026-09-20\depth-anything-v2-python-uav-rgb\data\uav3dcrop\2025\Day007_Corn\images\446.JPG,C:\Users\81902\Documents\Codex\2026-09-20\depth-anything-v2-python-uav-rgb\data\uav3dcrop_depth\2025\Day007_Corn\446_depth.tif,https://huggingface.co/datasets/Link-Dev/UAV3DCrop/resolve/main/2025/Day007_Corn/images/446.JPG?download=true,https://huggingface.co/datasets/Link-Dev/UAV3DCrop_depth/resolve/main/2025/Day007_Corn_depth/446_depth.tif?download=true,main,relative_scale_shift,128,20000,0.07093125,0.08178297853469849,0.28236348307619785,0.01479389944076538,0.29064268620103145,0.029954141709659383,0.5209916531705494,0.29283014627573967
2025/Day007_Corn,2025,Day007,corn,558.JPG,558,DJI Mavic 3M RGB camera,oblique,oblique,0.7042619721063174,5280,3956,558_depth.tif,True,True,OPENCV,C:\Users\81902\Documents\Codex\2026-09-20\depth-anything-v2-python-uav-rgb\data\uav3dcrop\2025\Day007_Corn\images\558.JPG,C:\Users\81902\Documents\Codex\2026-09-20\depth-anything-v2-python-uav-rgb\data\uav3dcrop_depth\2025\Day007_Corn\558_depth.tif,https://huggingface.co/datasets/Link-Dev/UAV3DCrop/resolve/main/2025/Day007_Corn/images/558.JPG?download=true,https://huggingface.co/datasets/Link-Dev/UAV3DCrop_depth/resolve/main/2025/Day007_Corn_depth/558_depth.tif?download=true,main,metric_raw,8,20000,0.01091640625,0.01835694522857666,0.0638758267872243,0.003362241268157959,-0.04663559700247697,0.03463122067471738,0.5218216318785579,0.05728178676588898
2025/Day007_Corn,2025,Day007,corn,558.JPG,558,DJI Mavic 3M RGB camera,oblique,oblique,0.7042619721063174,5280,3956,558_depth.tif,True,True,OPENCV,C:\Users\81902\Documents\Codex\2026-09-20\depth-anything-v2-python-uav-rgb\data\uav3dcrop\2025\Day007_Corn\images\558.JPG,C:\Users\81902\Documents\Codex\2026-09-20\depth-anything-v2-python-uav-rgb\data\uav3dcrop_depth\2025\Day007_Corn\558_depth.tif,https://huggingface.co/datasets/Link-Dev/UAV3DCrop/resolve/main/2025/Day007_Corn/images/558.JPG?download=true,https://huggingface.co/datasets/Link-Dev/UAV3DCrop_depth/resolve/main/2025/Day007_Corn_depth/558_depth.tif?download=true,main,metric_bias_corrected,8,20000,0.01091640625,0.01835694522857666,0.06387583324945027,0.0033622398376464842,-0.04663581240506837,0.03463269743525949,0.5218216318785579,0.05728178676588898
2025/Day007_Corn,2025,Day007,corn,558.JPG,558,DJI Mavic 3M RGB camera,oblique,oblique,0.7042619721063174,5280,3956,558_depth.tif,True,True,OPENCV,C:\Users\81902\Documents\Codex\2026-09-20\depth-anything-v2-python-uav-rgb\data\uav3dcrop\2025\Day007_Corn\images\558.JPG,C:\Users\81902\Documents\Codex\2026-09-20\depth-anything-v2-python-uav-rgb\data\uav3dcrop_depth\2025\Day007_Corn\558_depth.tif,https://huggingface.co/datasets/Link-Dev/UAV3DCrop/resolve/main/2025/Day007_Corn/images/558.JPG?download=true,https://huggingface.co/datasets/Link-Dev/UAV3DCrop_depth/resolve/main/2025/Day007_Corn_depth/558_depth.tif?download=true,main,metric_scale_shift,8,20000,0.01091640625,0.04081592302322388,0.10362175830563433,0.013014205837249757,-0.04663556361060896,0.0346313522832242,0.5218216318785579,0.05728178676588898
2025/Day007_Corn,2025,Day007,corn,558.JPG,558,DJI Mavic 3M RGB camera,oblique,oblique,0.7042619721063174,5280,3956,558_depth.tif,True,True,OPENCV,C:\Users\81902\Documents\Codex\2026-09-20\depth-anything-v2-python-uav-rgb\data\uav3dcrop\2025\Day007_Corn\images\558.JPG,C:\Users\81902\Documents\Codex\2026-09-20\depth-anything-v2-python-uav-rgb\data\uav3dcrop_depth\2025\Day007_Corn\558_depth.tif,https://huggingface.co/datasets/Link-Dev/UAV3DCrop/resolve/main/2025/Day007_Corn/images/558.JPG?download=true,https://huggingface.co/datasets/Link-Dev/UAV3DCrop_depth/resolve/main/2025/Day007_Corn_depth/558_depth.tif?download=true,main,relative_scale_shift,8,20000,0.01091640625,0.013832388591766357,0.056828403003664436,0.003171093273162842,0.14580622275856386,0.06952658383452963,0.510608935656374,0.05728178676588898
2025/Day007_Corn,2025,Day007,corn,558.JPG,558,DJI Mavic 3M RGB camera,oblique,oblique,0.7042619721063174,5280,3956,558_depth.tif,True,True,OPENCV,C:\Users\81902\Documents\Codex\2026-09-20\depth-anything-v2-python-uav-rgb\data\uav3dcrop\2025\Day007_Corn\images\558.JPG,C:\Users\81902\Documents\Codex\2026-09-20\depth-anything-v2-python-uav-rgb\data\uav3dcrop_depth\2025\Day007_Corn\558_depth.tif,https://huggingface.co/datasets/Link-Dev/UAV3DCrop/resolve/main/2025/Day007_Corn/images/558.JPG?download=true,https://huggingface.co/datasets/Link-Dev/UAV3DCrop_depth/resolve/main/2025/Day007_Corn_depth/558_depth.tif?download=true,main,metric_raw,16,20000,0.018140625,0.030568665957450867,0.09402358020317313,0.006503450751304626,-0.06318348907976595,0.03901652823609344,0.524247491638796,0.07830781970189724
2025/Day007_Corn,2025,Day007,corn,558.JPG,558,DJI Mavic 3M RGB camera,oblique,oblique,0.7042619721063174,5280,3956,558_depth.tif,True,True,OPENCV,C:\Users\81902\Documents\Codex\2026-09-20\depth-anything-v2-python-uav-rgb\data\uav3dcrop\2025\Day007_Corn\images\558.JPG,C:\Users\81902\Documents\Codex\2026-09-20\depth-anything-v2-python-uav-rgb\data\uav3dcrop_depth\2025\Day007_Corn\558_depth.tif,https://huggingface.co/datasets/Link-Dev/UAV3DCrop/resolve/main/2025/Day007_Corn/images/558.JPG?download=true,https://huggingface.co/datasets/Link-Dev/UAV3DCrop_depth/resolve/main/2025/Day007_Corn_depth/558_depth.tif?download=true,main,metric_bias_corrected,16,20000,0.018140625,0.030568662071228027,0.09402358126722345,0.006503447341918945,-0.06318343864780186,0.039015255704531106,0.5241280458671763,0.07830781970189724
2025/Day007_Corn,2025,Day007,corn,558.JPG,558,DJI Mavic 3M RGB camera,oblique,oblique,0.7042619721063174,5280,3956,558_depth.tif,True,True,OPENCV,C:\Users\81902\Documents\Codex\2026-09-20\depth-anything-v2-python-uav-rgb\data\uav3dcrop\2025\Day007_Corn\images\558.JPG,C:\Users\81902\Documents\Codex\2026-09-20\depth-anything-v2-python-uav-rgb\data\uav3dcrop_depth\2025\Day007_Corn\558_depth.tif,https://huggingface.co/datasets/Link-Dev/UAV3DCrop/resolve/main/2025/Day007_Corn/images/558.JPG?download=true,https://huggingface.co/datasets/Link-Dev/UAV3DCrop_depth/resolve/main/2025/Day007_Corn_depth/558_depth.tif?download=true,main,metric_scale_shift,16,20000,0.018140625,0.07281382627487183,0.17712884163131024,0.024436078548431397,-0.06318353646841657,0.0390163927084362,0.524247491638796,0.07830781970189724
2025/Day007_Corn,2025,Day007,corn,558.JPG,558,DJI Mavic 3M RGB camera,oblique,oblique,0.7042619721063174,5280,3956,558_depth.tif,True,True,OPENCV,C:\Users\81902\Documents\Codex\2026-09-20\depth-anything-v2-python-uav-rgb\data\uav3dcrop\2025\Day007_Corn\images\558.JPG,C:\Users\81902\Documents\Codex\2026-09-20\depth-anything-v2-python-uav-rgb\data\uav3dcrop_depth\2025\Day007_Corn\558_depth.tif,https://huggingface.co/datasets/Link-Dev/UAV3DCrop/resolve/main/2025/Day007_Corn/images/558.JPG?download=true,https://huggingface.co/datasets/Link-Dev/UAV3DCrop_depth/resolve/main/2025/Day007_Corn_depth/558_depth.tif?download=true,main,relative_scale_shift,16,20000,0.018140625,0.02268119068145752,0.07711236172699747,0.006729916763305664,0.2066898994994772,0.09949313173546336,0.5152890587673197,0.07830781970189724
2025/Day007_Corn,2025,Day007,corn,558.JPG,558,DJI Mavic 3M RGB camera,oblique,oblique,0.7042619721063174,5280,3956,558_depth.tif,True,True,OPENCV,C:\Users\81902\Documents\Codex\2026-09-20\depth-anything-v2-python-uav-rgb\data\uav3dcrop\2025\Day007_Corn\images\558.JPG,C:\Users\81902\Documents\Codex\2026-09-20\depth-anything-v2-python-uav-rgb\data\uav3dcrop_depth\2025\Day007_Corn\558_depth.tif,https://huggingface.co/datasets/Link-Dev/UAV3DCrop/resolve/main/2025/Day007_Corn/images/558.JPG?download=true,https://huggingface.co/datasets/Link-Dev/UAV3DCrop_depth/resolve/main/2025/Day007_Corn_depth/558_depth.tif?download=true,main,metric_raw,32,20000,0.02896875,0.04961974422931671,0.13733740459635713,0.012718975567817687,-0.03431373604565649,0.05251786291363267,0.5242959690778576,0.1075025394753647
2025/Day007_Corn,2025,Day007,corn,558.JPG,558,DJI Mavic 3M RGB camera,oblique,oblique,0.7042619721063174,5280,3956,558_depth.tif,True,True,OPENCV,C:\Users\81902\Documents\Codex\2026-09-20\depth-anything-v2-python-uav-rgb\data\uav3dcrop\2025\Day007_Corn\images\558.JPG,C:\Users\81902\Documents\Codex\2026-09-20\depth-anything-v2-python-uav-rgb\data\uav3dcrop_depth\2025\Day007_Corn\558_depth.tif,https://huggingface.co/datasets/Link-Dev/UAV3DCrop/resolve/main/2025/Day007_Corn/images/558.JPG?download=true,https://huggingface.co/datasets/Link-Dev/UAV3DCrop_depth/resolve/main/2025/Day007_Corn_depth/558_depth.tif?download=true,main,metric_bias_corrected,32,20000,0.02896875,0.049619748783111574,0.13733741586770987,0.012718980693817139,-0.0343137907636711,0.052518096474771826,0.5242959690778576,0.1075025394753647
2025/Day007_Corn,2025,Day007,corn,558.JPG,558,DJI Mavic 3M RGB camera,oblique,oblique,0.7042619721063174,5280,3956,558_depth.tif,True,True,OPENCV,C:\Users\81902\Documents\Codex\2026-09-20\depth-anything-v2-python-uav-rgb\data\uav3dcrop\2025\Day007_Corn\images\558.JPG,C:\Users\81902\Documents\Codex\2026-09-20\depth-anything-v2-python-uav-rgb\data\uav3dcrop_depth\2025\Day007_Corn\558_depth.tif,https://huggingface.co/datasets/Link-Dev/UAV3DCrop/resolve/main/2025/Day007_Corn/images/558.JPG?download=true,https://huggingface.co/datasets/Link-Dev/UAV3DCrop_depth/resolve/main/2025/Day007_Corn_depth/558_depth.tif?download=true,main,metric_scale_shift,32,20000,0.02896875,0.12401132164001465,0.2909044170043364,0.04830655689239502,-0.03431373607084345,0.0525176629363964,0.5242959690778576,0.1075025394753647
2025/Day007_Corn,2025,Day007,corn,558.JPG,558,DJI Mavic 3M RGB camera,oblique,oblique,0.7042619721063174,5280,3956,558_depth.tif,True,True,OPENCV,C:\Users\81902\Documents\Codex\2026-09-20\depth-anything-v2-python-uav-rgb\data\uav3dcrop\2025\Day007_Corn\images\558.JPG,C:\Users\81902\Documents\Codex\2026-09-20\depth-anything-v2-python-uav-rgb\data\uav3dcrop_depth\2025\Day007_Corn\558_depth.tif,https://huggingface.co/datasets/Link-Dev/UAV3DCrop/resolve/main/2025/Day007_Corn/images/558.JPG?download=true,https://huggingface.co/datasets/Link-Dev/UAV3DCrop_depth/resolve/main/2025/Day007_Corn_depth/558_depth.tif?download=true,main,relative_scale_shift,32,20000,0.02896875,0.03695284185409546,0.10517678010835378,0.01300625638961792,0.2513513795575728,0.12175714145179949,0.5104914411927112,0.1075025394753647
2025/Day007_Corn,2025,Day007,corn,558.JPG,558,DJI Mavic 3M RGB camera,oblique,oblique,0.7042619721063174,5280,3956,558_depth.tif,True,True,OPENCV,C:\Users\81902\Documents\Codex\2026-09-20\depth-anything-v2-python-uav-rgb\data\uav3dcrop\2025\Day007_Corn\images\558.JPG,C:\Users\81902\Documents\Codex\2026-09-20\depth-anything-v2-python-uav-rgb\data\uav3dcrop_depth\2025\Day007_Corn\558_depth.tif,https://huggingface.co/datasets/Link-Dev/UAV3DCrop/resolve/main/2025/Day007_Corn/images/558.JPG?download=true,https://huggingface.co/datasets/Link-Dev/UAV3DCrop_depth/resolve/main/2025/Day007_Corn_depth/558_depth.tif?download=true,main,metric_raw,64,20000,0.0412640625,0.07944071881771088,0.21142333102796954,0.033541230750083924,-0.15075196474612088,0.07973056299886201,0.5339981867633726,0.13851031521830784
2025/Day007_Corn,2025,Day007,corn,558.JPG,558,DJI Mavic 3M RGB camera,oblique,oblique,0.7042619721063174,5280,3956,558_depth.tif,True,True,OPENCV,C:\Users\81902\Documents\Codex\2026-09-20\depth-anything-v2-python-uav-rgb\data\uav3dcrop\2025\Day007_Corn\images\558.JPG,C:\Users\81902\Documents\Codex\2026-09-20\depth-anything-v2-python-uav-rgb\data\uav3dcrop_depth\2025\Day007_Corn\558_depth.tif,https://huggingface.co/datasets/Link-Dev/UAV3DCrop/resolve/main/2025/Day007_Corn/images/558.JPG?download=true,https://huggingface.co/datasets/Link-Dev/UAV3DCrop_depth/resolve/main/2025/Day007_Corn_depth/558_depth.tif?download=true,main,metric_bias_corrected,64,20000,0.0412640625,0.07944071855545044,0.21142333663274024,0.033541224956512454,-0.15075200050581442,0.07973053842365248,0.5339981867633726,0.13851031521830784
2025/Day007_Corn,2025,Day007,corn,558.JPG,558,DJI Mavic 3M RGB camera,oblique,oblique,0.7042619721063174,5280,3956,558_depth.tif,True,True,OPENCV,C:\Users\81902\Documents\Codex\2026-09-20\depth-anything-v2-python-uav-rgb\data\uav3dcrop\2025\Day007_Corn\images\558.JPG,C:\Users\81902\Documents\Codex\2026-09-20\depth-anything-v2-python-uav-rgb\data\uav3dcrop_depth\2025\Day007_Corn\558_depth.tif,https://huggingface.co/datasets/Link-Dev/UAV3DCrop/resolve/main/2025/Day007_Corn/images/558.JPG?download=true,https://huggingface.co/datasets/Link-Dev/UAV3DCrop_depth/resolve/main/2025/Day007_Corn_depth/558_depth.tif?download=true,main,metric_scale_shift,64,20000,0.0412640625,0.21620516290664674,0.496544000096914,0.11189090032577514,-0.15075195633370578,0.07973050654186192,0.5339981867633726,0.13851031521830784
2025/Day007_Corn,2025,Day007,corn,558.JPG,558,DJI Mavic 3M RGB camera,oblique,oblique,0.7042619721063174,5280,3956,558_depth.tif,True,True,OPENCV,C:\Users\81902\Documents\Codex\2026-09-20\depth-anything-v2-python-uav-rgb\data\uav3dcrop\2025\Day007_Corn\images\558.JPG,C:\Users\81902\Documents\Codex\2026-09-20\depth-anything-v2-python-uav-rgb\data\uav3dcrop_depth\2025\Day007_Corn\558_depth.tif,https://huggingface.co/datasets/Link-Dev/UAV3DCrop/resolve/main/2025/Day007_Corn/images/558.JPG?download=true,https://huggingface.co/datasets/Link-Dev/UAV3DCrop_depth/resolve/main/2025/Day007_Corn_depth/558_depth.tif?download=true,main,relative_scale_shift,64,20000,0.0412640625,0.05729051923751831,0.13360095465615213,0.030816335582733154,0.36043871001234096,0.16426081315397428,0.5055908129344213,0.13851031521830784
2025/Day007_Corn,2025,Day007,corn,558.JPG,558,DJI Mavic 3M RGB camera,oblique,oblique,0.7042619721063174,5280,3956,558_depth.tif,True,True,OPENCV,C:\Users\81902\Documents\Codex\2026-09-20\depth-anything-v2-python-uav-rgb\data\uav3dcrop\2025\Day007_Corn\images\558.JPG,C:\Users\81902\Documents\Codex\2026-09-20\depth-anything-v2-python-uav-rgb\data\uav3dcrop_depth\2025\Day007_Corn\558_depth.tif,https://huggingface.co/datasets/Link-Dev/UAV3DCrop/resolve/main/2025/Day007_Corn/images/558.JPG?download=true,https://huggingface.co/datasets/Link-Dev/UAV3DCrop_depth/resolve/main/2025/Day007_Corn_depth/558_depth.tif?download=true,main,metric_raw,128,20000,0.0616203125,0.12679940278530122,0.28998925478287124,0.05991327917575836,-0.11744141882412844,0.08666665979557821,0.5420255807883059,0.18241640420062108
2025/Day007_Corn,2025,Day007,corn,558.JPG,558,DJI Mavic 3M RGB camera,oblique,oblique,0.7042619721063174,5280,3956,558_depth.tif,True,True,OPENCV,C:\Users\81902\Documents\Codex\2026-09-20\depth-anything-v2-python-uav-rgb\data\uav3dcrop\2025\Day007_Corn\images\558.JPG,C:\Users\81902\Documents\Codex\2026-09-20\depth-anything-v2-python-uav-rgb\data\uav3dcrop_depth\2025\Day007_Corn\558_depth.tif,https://huggingface.co/datasets/Link-Dev/UAV3DCrop/resolve/main/2025/Day007_Corn/images/558.JPG?download=true,https://huggingface.co/datasets/Link-Dev/UAV3DCrop_depth/resolve/main/2025/Day007_Corn_depth/558_depth.tif?download=true,main,metric_bias_corrected,128,20000,0.0616203125,0.1267994044303894,0.2899892472307216,0.05991327905654907,-0.11744140737232137,0.08666676708518099,0.5420255807883059,0.18241640420062108
2025/Day007_Corn,2025,Day007,corn,558.JPG,558,DJI Mavic 3M RGB camera,oblique,oblique,0.7042619721063174,5280,3956,558_depth.tif,True,True,OPENCV,C:\Users\81902\Documents\Codex\2026-09-20\depth-anything-v2-python-uav-rgb\data\uav3dcrop\2025\Day007_Corn\images\558.JPG,C:\Users\81902\Documents\Codex\2026-09-20\depth-anything-v2-python-uav-rgb\data\uav3dcrop_depth\2025\Day007_Corn\558_depth.tif,https://huggingface.co/datasets/Link-Dev/UAV3DCrop/resolve/main/2025/Day007_Corn/images/558.JPG?download=true,https://huggingface.co/datasets/Link-Dev/UAV3DCrop_depth/resolve/main/2025/Day007_Corn_depth/558_depth.tif?download=true,main,metric_scale_shift,128,20000,0.0616203125,0.3585503093242645,0.715179996859314,0.20776304640769958,-0.11744141869542221,0.08666672995854172,0.5420255807883059,0.18241640420062108
2025/Day007_Corn,2025,Day007,corn,558.JPG,558,DJI Mavic 3M RGB camera,oblique,oblique,0.7042619721063174,5280,3956,558_depth.tif,True,True,OPENCV,C:\Users\81902\Documents\Codex\2026-09-20\depth-anything-v2-python-uav-rgb\data\uav3dcrop\2025\Day007_Corn\images\558.JPG,C:\Users\81902\Documents\Codex\2026-09-20\depth-anything-v2-python-uav-rgb\data\uav3dcrop_depth\2025\Day007_Corn\558_depth.tif,https://huggingface.co/datasets/Link-Dev/UAV3DCrop/resolve/main/2025/Day007_Corn/images/558.JPG?download=true,https://huggingface.co/datasets/Link-Dev/UAV3DCrop_depth/resolve/main/2025/Day007_Corn_depth/558_depth.tif?download=true,main,relative_scale_shift,128,20000,0.0616203125,0.09623187103271484,0.18076570928098834,0.058815233421325684,0.3494922285212824,0.19414476639413192,0.5122030801357348,0.18241640420062108
2025/Day007_Corn,2025,Day007,corn,795.JPG,795,DJI Mavic 3M RGB camera,oblique,oblique,0.7052706955719295,5280,3956,795_depth.tif,True,True,OPENCV,C:\Users\81902\Documents\Codex\2026-09-20\depth-anything-v2-python-uav-rgb\data\uav3dcrop\2025\Day007_Corn\images\795.JPG,C:\Users\81902\Documents\Codex\2026-09-20\depth-anything-v2-python-uav-rgb\data\uav3dcrop_depth\2025\Day007_Corn\795_depth.tif,https://huggingface.co/datasets/Link-Dev/UAV3DCrop/resolve/main/2025/Day007_Corn/images/795.JPG?download=true,https://huggingface.co/datasets/Link-Dev/UAV3DCrop_depth/resolve/main/2025/Day007_Corn_depth/795_depth.tif?download=true,main,metric_raw,8,20000,0.009934375,0.01536880784034729,0.03968522072411322,0.0011837464332580567,-0.0076178261506342675,0.015544840532632338,0.5168240457507647,0.034024598143234455
2025/Day007_Corn,2025,Day007,corn,795.JPG,795,DJI Mavic 3M RGB camera,oblique,oblique,0.7052706955719295,5280,3956,795_depth.tif,True,True,OPENCV,C:\Users\81902\Documents\Codex\2026-09-20\depth-anything-v2-python-uav-rgb\data\uav3dcrop\2025\Day007_Corn\images\795.JPG,C:\Users\81902\Documents\Codex\2026-09-20\depth-anything-v2-python-uav-rgb\data\uav3dcrop_depth\2025\Day007_Corn\795_depth.tif,https://huggingface.co/datasets/Link-Dev/UAV3DCrop/resolve/main/2025/Day007_Corn/images/795.JPG?download=true,https://huggingface.co/datasets/Link-Dev/UAV3DCrop_depth/resolve/main/2025/Day007_Corn_depth/795_depth.tif?download=true,main,metric_bias_corrected,8,20000,0.009934375,0.015368808269500732,0.03968522875758504,0.0011837515830993653,-0.007617761766385424,0.015544620104375783,0.5168240457507647,0.034024598143234455
2025/Day007_Corn,2025,Day007,corn,795.JPG,795,DJI Mavic 3M RGB camera,oblique,oblique,0.7052706955719295,5280,3956,795_depth.tif,True,True,OPENCV,C:\Users\81902\Documents\Codex\2026-09-20\depth-anything-v2-python-uav-rgb\data\uav3dcrop\2025\Day007_Corn\images\795.JPG,C:\Users\81902\Documents\Codex\2026-09-20\depth-anything-v2-python-uav-rgb\data\uav3dcrop_depth\2025\Day007_Corn\795_depth.tif,https://huggingface.co/datasets/Link-Dev/UAV3DCrop/resolve/main/2025/Day007_Corn/images/795.JPG?download=true,https://huggingface.co/datasets/Link-Dev/UAV3DCrop_depth/resolve/main/2025/Day007_Corn_depth/795_depth.tif?download=true,main,metric_scale_shift,8,20000,0.009934375,0.02649059190750122,0.061559263700107544,0.004289964962005615,-0.007617429598260552,0.015546075191442818,0.5168240457507647,0.034024598143234455
2025/Day007_Corn,2025,Day007,corn,795.JPG,795,DJI Mavic 3M RGB camera,oblique,oblique,0.7052706955719295,5280,3956,795_depth.tif,True,True,OPENCV,C:\Users\81902\Documents\Codex\2026-09-20\depth-anything-v2-python-uav-rgb\data\uav3dcrop\2025\Day007_Corn\images\795.JPG,C:\Users\81902\Documents\Codex\2026-09-20\depth-anything-v2-python-uav-rgb\data\uav3dcrop_depth\2025\Day007_Corn\795_depth.tif,https://huggingface.co/datasets/Link-Dev/UAV3DCrop/resolve/main/2025/Day007_Corn/images/795.JPG?download=true,https://huggingface.co/datasets/Link-Dev/UAV3DCrop_depth/resolve/main/2025/Day007_Corn_depth/795_depth.tif?download=true,main,relative_scale_shift,8,20000,0.009934375,0.012033258152008057,0.034091709266770756,0.001629815196990967,0.10087387675479581,0.07878464739269168,0.5778693975262668,0.034024598143234455
2025/Day007_Corn,2025,Day007,corn,795.JPG,795,DJI Mavic 3M RGB camera,oblique,oblique,0.7052706955719295,5280,3956,795_depth.tif,True,True,OPENCV,C:\Users\81902\Documents\Codex\2026-09-20\depth-anything-v2-python-uav-rgb\data\uav3dcrop\2025\Day007_Corn\images\795.JPG,C:\Users\81902\Documents\Codex\2026-09-20\depth-anything-v2-python-uav-rgb\data\uav3dcrop_depth\2025\Day007_Corn\795_depth.tif,https://huggingface.co/datasets/Link-Dev/UAV3DCrop/resolve/main/2025/Day007_Corn/images/795.JPG?download=true,https://huggingface.co/datasets/Link-Dev/UAV3DCrop_depth/resolve/main/2025/Day007_Corn_depth/795_depth.tif?download=true,main,metric_raw,16,20000,0.017165625,0.0247259361743927,0.046443979726018304,0.0023019466400146485,0.008781434900979379,0.026912336608031905,0.5236699529265476,0.034916195392447814
2025/Day007_Corn,2025,Day007,corn,795.JPG,795,DJI Mavic 3M RGB camera,oblique,oblique,0.7052706955719295,5280,3956,795_depth.tif,True,True,OPENCV,C:\Users\81902\Documents\Codex\2026-09-20\depth-anything-v2-python-uav-rgb\data\uav3dcrop\2025\Day007_Corn\images\795.JPG,C:\Users\81902\Documents\Codex\2026-09-20\depth-anything-v2-python-uav-rgb\data\uav3dcrop_depth\2025\Day007_Corn\795_depth.tif,https://huggingface.co/datasets/Link-Dev/UAV3DCrop/resolve/main/2025/Day007_Corn/images/795.JPG?download=true,https://huggingface.co/datasets/Link-Dev/UAV3DCrop_depth/resolve/main/2025/Day007_Corn_depth/795_depth.tif?download=true,main,metric_bias_corrected,16,20000,0.017165625,0.024725934982299805,0.04644398116882591,0.002301961898803711,0.008781217145627622,0.026911938032618054,0.5236699529265476,0.034916195392447814
2025/Day007_Corn,2025,Day007,corn,795.JPG,795,DJI Mavic 3M RGB camera,oblique,oblique,0.7052706955719295,5280,3956,795_depth.tif,True,True,OPENCV,C:\Users\81902\Documents\Codex\2026-09-20\depth-anything-v2-python-uav-rgb\data\uav3dcrop\2025\Day007_Corn\images\795.JPG,C:\Users\81902\Documents\Codex\2026-09-20\depth-anything-v2-python-uav-rgb\data\uav3dcrop_depth\2025\Day007_Corn\795_depth.tif,https://huggingface.co/datasets/Link-Dev/UAV3DCrop/resolve/main/2025/Day007_Corn/images/795.JPG?download=true,https://huggingface.co/datasets/Link-Dev/UAV3DCrop_depth/resolve/main/2025/Day007_Corn_depth/795_depth.tif?download=true,main,metric_scale_shift,16,20000,0.017165625,0.0442265627861023,0.08551740596113858,0.008349990940093994,0.008781533771992065,0.026912914933422336,0.5236699529265476,0.034916195392447814
2025/Day007_Corn,2025,Day007,corn,795.JPG,795,DJI Mavic 3M RGB camera,oblique,oblique,0.7052706955719295,5280,3956,795_depth.tif,True,True,OPENCV,C:\Users\81902\Documents\Codex\2026-09-20\depth-anything-v2-python-uav-rgb\data\uav3dcrop\2025\Day007_Corn\images\795.JPG,C:\Users\81902\Documents\Codex\2026-09-20\depth-anything-v2-python-uav-rgb\data\uav3dcrop_depth\2025\Day007_Corn\795_depth.tif,https://huggingface.co/datasets/Link-Dev/UAV3DCrop/resolve/main/2025/Day007_Corn/images/795.JPG?download=true,https://huggingface.co/datasets/Link-Dev/UAV3DCrop_depth/resolve/main/2025/Day007_Corn_depth/795_depth.tif?download=true,main,relative_scale_shift,16,20000,0.017165625,0.0198476092338562,0.034721736382812306,0.0031568699836730958,0.22210829963042492,0.10665720125168082,0.5774047428723688,0.034916195392447814
2025/Day007_Corn,2025,Day007,corn,795.JPG,795,DJI Mavic 3M RGB camera,oblique,oblique,0.7052706955719295,5280,3956,795_depth.tif,True,True,OPENCV,C:\Users\81902\Documents\Codex\2026-09-20\depth-anything-v2-python-uav-rgb\data\uav3dcrop\2025\Day007_Corn\images\795.JPG,C:\Users\81902\Documents\Codex\2026-09-20\depth-anything-v2-python-uav-rgb\data\uav3dcrop_depth\2025\Day007_Corn\795_depth.tif,https://huggingface.co/datasets/Link-Dev/UAV3DCrop/resolve/main/2025/Day007_Corn/images/795.JPG?download=true,https://huggingface.co/datasets/Link-Dev/UAV3DCrop_depth/resolve/main/2025/Day007_Corn_depth/795_depth.tif?download=true,main,metric_raw,32,20000,0.02701171875,0.03951249902248383,0.07677232549181173,0.006445322012901306,-0.02827013660311221,0.03672233784358005,0.5275964812712827,0.04836901276513739
2025/Day007_Corn,2025,Day007,corn,795.JPG,795,DJI Mavic 3M RGB camera,oblique,oblique,0.7052706955719295,5280,3956,795_depth.tif,True,True,OPENCV,C:\Users\81902\Documents\Codex\2026-09-20\depth-anything-v2-python-uav-rgb\data\uav3dcrop\2025\Day007_Corn\images\795.JPG,C:\Users\81902\Documents\Codex\2026-09-20\depth-anything-v2-python-uav-rgb\data\uav3dcrop_depth\2025\Day007_Corn\795_depth.tif,https://huggingface.co/datasets/Link-Dev/UAV3DCrop/resolve/main/2025/Day007_Corn/images/795.JPG?download=true,https://huggingface.co/datasets/Link-Dev/UAV3DCrop_depth/resolve/main/2025/Day007_Corn_depth/795_depth.tif?download=true,main,metric_bias_corrected,32,20000,0.02701171875,0.039512500762939454,0.07677232715711714,0.0064453208923339845,-0.028270286979874732,0.03672198705985549,0.5275964812712827,0.04836901276513739
2025/Day007_Corn,2025,Day007,corn,795.JPG,795,DJI Mavic 3M RGB camera,oblique,oblique,0.7052706955719295,5280,3956,795_depth.tif,True,True,OPENCV,C:\Users\81902\Documents\Codex\2026-09-20\depth-anything-v2-python-uav-rgb\data\uav3dcrop\2025\Day007_Corn\images\795.JPG,C:\Users\81902\Documents\Codex\2026-09-20\depth-anything-v2-python-uav-rgb\data\uav3dcrop_depth\2025\Day007_Corn\795_depth.tif,https://huggingface.co/datasets/Link-Dev/UAV3DCrop/resolve/main/2025/Day007_Corn/images/795.JPG?download=true,https://huggingface.co/datasets/Link-Dev/UAV3DCrop_depth/resolve/main/2025/Day007_Corn_depth/795_depth.tif?download=true,main,metric_scale_shift,32,20000,0.02701171875,0.07564941539764404,0.15670913401605466,0.02027980842590332,-0.028270054856018793,0.036722350401880106,0.5275964812712827,0.04836901276513739
2025/Day007_Corn,2025,Day007,corn,795.JPG,795,DJI Mavic 3M RGB camera,oblique,oblique,0.7052706955719295,5280,3956,795_depth.tif,True,True,OPENCV,C:\Users\81902\Documents\Codex\2026-09-20\depth-anything-v2-python-uav-rgb\data\uav3dcrop\2025\Day007_Corn\images\795.JPG,C:\Users\81902\Documents\Codex\2026-09-20\depth-anything-v2-python-uav-rgb\data\uav3dcrop_depth\2025\Day007_Corn\795_depth.tif,https://huggingface.co/datasets/Link-Dev/UAV3DCrop/resolve/main/2025/Day007_Corn/images/795.JPG?download=true,https://huggingface.co/datasets/Link-Dev/UAV3DCrop_depth/resolve/main/2025/Day007_Corn_depth/795_depth.tif?download=true,main,relative_scale_shift,32,20000,0.02701171875,0.030968936157226564,0.04818836566869405,0.006877288436889648,0.2856375197300559,0.13117060772670058,0.5791004540295119,0.04836901276513739
2025/Day007_Corn,2025,Day007,corn,795.JPG,795,DJI Mavic 3M RGB camera,oblique,oblique,0.7052706955719295,5280,3956,795_depth.tif,True,True,OPENCV,C:\Users\81902\Documents\Codex\2026-09-20\depth-anything-v2-python-uav-rgb\data\uav3dcrop\2025\Day007_Corn\images\795.JPG,C:\Users\81902\Documents\Codex\2026-09-20\depth-anything-v2-python-uav-rgb\data\uav3dcrop_depth\2025\Day007_Corn\795_depth.tif,https://huggingface.co/datasets/Link-Dev/UAV3DCrop/resolve/main/2025/Day007_Corn/images/795.JPG?download=true,https://huggingface.co/datasets/Link-Dev/UAV3DCrop_depth/resolve/main/2025/Day007_Corn_depth/795_depth.tif?download=true,main,metric_raw,64,20000,0.04190390625,0.062328851461410525,0.12001340449628659,0.01083373942375183,0.019886034530600828,0.07101129250587986,0.5440010151640124,0.0775843330180675
2025/Day007_Corn,2025,Day007,corn,795.JPG,795,DJI Mavic 3M RGB camera,oblique,oblique,0.7052706955719295,5280,3956,795_depth.tif,True,True,OPENCV,C:\Users\81902\Documents\Codex\2026-09-20\depth-anything-v2-python-uav-rgb\data\uav3dcrop\2025\Day007_Corn\images\795.JPG,C:\Users\81902\Documents\Codex\2026-09-20\depth-anything-v2-python-uav-rgb\data\uav3dcrop_depth\2025\Day007_Corn\795_depth.tif,https://huggingface.co/datasets/Link-Dev/UAV3DCrop/resolve/main/2025/Day007_Corn/images/795.JPG?download=true,https://huggingface.co/datasets/Link-Dev/UAV3DCrop_depth/resolve/main/2025/Day007_Corn_depth/795_depth.tif?download=true,main,metric_bias_corrected,64,20000,0.04190390625,0.06232885437011719,0.12001339517220581,0.010833734893798828,0.019886119174257495,0.07101093022443794,0.5440010151640124,0.0775843330180675
2025/Day007_Corn,2025,Day007,corn,795.JPG,795,DJI Mavic 3M RGB camera,oblique,oblique,0.7052706955719295,5280,3956,795_depth.tif,True,True,OPENCV,C:\Users\81902\Documents\Codex\2026-09-20\depth-anything-v2-python-uav-rgb\data\uav3dcrop\2025\Day007_Corn\images\795.JPG,C:\Users\81902\Documents\Codex\2026-09-20\depth-anything-v2-python-uav-rgb\data\uav3dcrop_depth\2025\Day007_Corn\795_depth.tif,https://huggingface.co/datasets/Link-Dev/UAV3DCrop/resolve/main/2025/Day007_Corn/images/795.JPG?download=true,https://huggingface.co/datasets/Link-Dev/UAV3DCrop_depth/resolve/main/2025/Day007_Corn_depth/795_depth.tif?download=true,main,metric_scale_shift,64,20000,0.04190390625,0.12700678567886353,0.2477660702816962,0.03892978105545044,0.019886082456269407,0.07101123548213403,0.5440010151640124,0.0775843330180675
2025/Day007_Corn,2025,Day007,corn,795.JPG,795,DJI Mavic 3M RGB camera,oblique,oblique,0.7052706955719295,5280,3956,795_depth.tif,True,True,OPENCV,C:\Users\81902\Documents\Codex\2026-09-20\depth-anything-v2-python-uav-rgb\data\uav3dcrop\2025\Day007_Corn\images\795.JPG,C:\Users\81902\Documents\Codex\2026-09-20\depth-anything-v2-python-uav-rgb\data\uav3dcrop_depth\2025\Day007_Corn\795_depth.tif,https://huggingface.co/datasets/Link-Dev/UAV3DCrop/resolve/main/2025/Day007_Corn/images/795.JPG?download=true,https://huggingface.co/datasets/Link-Dev/UAV3DCrop_depth/resolve/main/2025/Day007_Corn_depth/795_depth.tif?download=true,main,relative_scale_shift,64,20000,0.04190390625,0.04785614547729492,0.07650464885666304,0.011901019668579102,0.33145279596261784,0.19624396717970113,0.6140473320220798,0.0775843330180675
2025/Day007_Corn,2025,Day007,corn,795.JPG,795,DJI Mavic 3M RGB camera,oblique,oblique,0.7052706955719295,5280,3956,795_depth.tif,True,True,OPENCV,C:\Users\81902\Documents\Codex\2026-09-20\depth-anything-v2-python-uav-rgb\data\uav3dcrop\2025\Day007_Corn\images\795.JPG,C:\Users\81902\Documents\Codex\2026-09-20\depth-anything-v2-python-uav-rgb\data\uav3dcrop_depth\2025\Day007_Corn\795_depth.tif,https://huggingface.co/datasets/Link-Dev/UAV3DCrop/resolve/main/2025/Day007_Corn/images/795.JPG?download=true,https://huggingface.co/datasets/Link-Dev/UAV3DCrop_depth/resolve/main/2025/Day007_Corn_depth/795_depth.tif?download=true,main,metric_raw,128,20000,0.06439296875,0.10302168614864349,0.19816975469692535,0.019822485375404358,0.018870165268960622,0.1296156916394082,0.5688203912270302,0.12179237020363523
2025/Day007_Corn,2025,Day007,corn,795.JPG,795,DJI Mavic 3M RGB camera,oblique,oblique,0.7052706955719295,5280,3956,795_depth.tif,True,True,OPENCV,C:\Users\81902\Documents\Codex\2026-09-20\depth-anything-v2-python-uav-rgb\data\uav3dcrop\2025\Day007_Corn\images\795.JPG,C:\Users\81902\Documents\Codex\2026-09-20\depth-anything-v2-python-uav-rgb\data\uav3dcrop_depth\2025\Day007_Corn\795_depth.tif,https://huggingface.co/datasets/Link-Dev/UAV3DCrop/resolve/main/2025/Day007_Corn/images/795.JPG?download=true,https://huggingface.co/datasets/Link-Dev/UAV3DCrop_depth/resolve/main/2025/Day007_Corn_depth/795_depth.tif?download=true,main,metric_bias_corrected,128,20000,0.06439296875,0.10302167930603028,0.19816973472956156,0.019822478103637697,0.018870260830566813,0.12961548885598836,0.5688203912270302,0.12179237020363523
2025/Day007_Corn,2025,Day007,corn,795.JPG,795,DJI Mavic 3M RGB camera,oblique,oblique,0.7052706955719295,5280,3956,795_depth.tif,True,True,OPENCV,C:\Users\81902\Documents\Codex\2026-09-20\depth-anything-v2-python-uav-rgb\data\uav3dcrop\2025\Day007_Corn\images\795.JPG,C:\Users\81902\Documents\Codex\2026-09-20\depth-anything-v2-python-uav-rgb\data\uav3dcrop_depth\2025\Day007_Corn\795_depth.tif,https://huggingface.co/datasets/Link-Dev/UAV3DCrop/resolve/main/2025/Day007_Corn/images/795.JPG?download=true,https://huggingface.co/datasets/Link-Dev/UAV3DCrop_depth/resolve/main/2025/Day007_Corn_depth/795_depth.tif?download=true,main,metric_scale_shift,128,20000,0.06439296875,0.22308520402908324,0.4199379247076428,0.0726777693748474,0.018870160629175205,0.1296156550760818,0.5688203912270302,0.12179237020363523
2025/Day007_Corn,2025,Day007,corn,795.JPG,795,DJI Mavic 3M RGB camera,oblique,oblique,0.7052706955719295,5280,3956,795_depth.tif,True,True,OPENCV,C:\Users\81902\Documents\Codex\2026-09-20\depth-anything-v2-python-uav-rgb\data\uav3dcrop\2025\Day007_Corn\images\795.JPG,C:\Users\81902\Documents\Codex\2026-09-20\depth-anything-v2-python-uav-rgb\data\uav3dcrop_depth\2025\Day007_Corn\795_depth.tif,https://huggingface.co/datasets/Link-Dev/UAV3DCrop/resolve/main/2025/Day007_Corn/images/795.JPG?download=true,https://huggingface.co/datasets/Link-Dev/UAV3DCrop_depth/resolve/main/2025/Day007_Corn_depth/795_depth.tif?download=true,main,relative_scale_shift,128,20000,0.06439296875,0.07646391744613648,0.12168039094931363,0.024021549320220947,0.3413156659737807,0.22412638777481897,0.6461173681090694,0.12179237020363523
2025/Day007_Corn,2025,Day007,corn,1097.JPG,1097,DJI Mavic 3M RGB camera,oblique,oblique,0.7082186092059759,5280,3956,1097_depth.tif,True,True,OPENCV,C:\Users\81902\Documents\Codex\2026-09-20\depth-anything-v2-python-uav-rgb\data\uav3dcrop\2025\Day007_Corn\images\1097.JPG,C:\Users\81902\Documents\Codex\2026-09-20\depth-anything-v2-python-uav-rgb\data\uav3dcrop_depth\2025\Day007_Corn\1097_depth.tif,https://huggingface.co/datasets/Link-Dev/UAV3DCrop/resolve/main/2025/Day007_Corn/images/1097.JPG?download=true,https://huggingface.co/datasets/Link-Dev/UAV3DCrop_depth/resolve/main/2025/Day007_Corn_depth/1097_depth.tif?download=true,main,metric_raw,8,20000,0.011178125,0.016466908621788026,0.04203678199049678,-0.0017147989988327025,0.04942367459565075,0.04789391575124205,0.5228013029315961,0.03880338985146586
2025/Day007_Corn,2025,Day007,corn,1097.JPG,1097,DJI Mavic 3M RGB camera,oblique,oblique,0.7082186092059759,5280,3956,1097_depth.tif,True,True,OPENCV,C:\Users\81902\Documents\Codex\2026-09-20\depth-anything-v2-python-uav-rgb\data\uav3dcrop\2025\Day007_Corn\images\1097.JPG,C:\Users\81902\Documents\Codex\2026-09-20\depth-anything-v2-python-uav-rgb\data\uav3dcrop_depth\2025\Day007_Corn\1097_depth.tif,https://huggingface.co/datasets/Link-Dev/UAV3DCrop/resolve/main/2025/Day007_Corn/images/1097.JPG?download=true,https://huggingface.co/datasets/Link-Dev/UAV3DCrop_depth/resolve/main/2025/Day007_Corn_depth/1097_depth.tif?download=true,main,metric_bias_corrected,8,20000,0.011178125,0.01646692180633545,0.04203678817112722,-0.0017147953033447266,0.049423795989911375,0.047894295269644525,0.5226655808903365,0.03880338985146586
2025/Day007_Corn,2025,Day007,corn,1097.JPG,1097,DJI Mavic 3M RGB camera,oblique,oblique,0.7082186092059759,5280,3956,1097_depth.tif,True,True,OPENCV,C:\Users\81902\Documents\Codex\2026-09-20\depth-anything-v2-python-uav-rgb\data\uav3dcrop\2025\Day007_Corn\images\1097.JPG,C:\Users\81902\Documents\Codex\2026-09-20\depth-anything-v2-python-uav-rgb\data\uav3dcrop_depth\2025\Day007_Corn\1097_depth.tif,https://huggingface.co/datasets/Link-Dev/UAV3DCrop/resolve/main/2025/Day007_Corn/images/1097.JPG?download=true,https://huggingface.co/datasets/Link-Dev/UAV3DCrop_depth/resolve/main/2025/Day007_Corn_depth/1097_depth.tif?download=true,main,metric_scale_shift,8,20000,0.011178125,0.03237850098609924,0.06624084511488494,-0.003948562669754028,0.04942372369284445,0.04789411621621837,0.5228013029315961,0.03880338985146586
2025/Day007_Corn,2025,Day007,corn,1097.JPG,1097,DJI Mavic 3M RGB camera,oblique,oblique,0.7082186092059759,5280,3956,1097_depth.tif,True,True,OPENCV,C:\Users\81902\Documents\Codex\2026-09-20\depth-anything-v2-python-uav-rgb\data\uav3dcrop\2025\Day007_Corn\images\1097.JPG,C:\Users\81902\Documents\Codex\2026-09-20\depth-anything-v2-python-uav-rgb\data\uav3dcrop_depth\2025\Day007_Corn\1097_depth.tif,https://huggingface.co/datasets/Link-Dev/UAV3DCrop/resolve/main/2025/Day007_Corn/images/1097.JPG?download=true,https://huggingface.co/datasets/Link-Dev/UAV3DCrop_depth/resolve/main/2025/Day007_Corn_depth/1097_depth.tif?download=true,main,relative_scale_shift,8,20000,0.011178125,0.011965736484527588,0.03551921064635179,-0.0017722601890563965,0.4403997909085415,0.1838436544277816,0.5869978284473398,0.03880338985146586
2025/Day007_Corn,2025,Day007,corn,1097.JPG,1097,DJI Mavic 3M RGB camera,oblique,oblique,0.7082186092059759,5280,3956,1097_depth.tif,True,True,OPENCV,C:\Users\81902\Documents\Codex\2026-09-20\depth-anything-v2-python-uav-rgb\data\uav3dcrop\2025\Day007_Corn\images\1097.JPG,C:\Users\81902\Documents\Codex\2026-09-20\depth-anything-v2-python-uav-rgb\data\uav3dcrop_depth\2025\Day007_Corn\1097_depth.tif,https://huggingface.co/datasets/Link-Dev/UAV3DCrop/resolve/main/2025/Day007_Corn/images/1097.JPG?download=true,https://huggingface.co/datasets/Link-Dev/UAV3DCrop_depth/resolve/main/2025/Day007_Corn_depth/1097_depth.tif?download=true,main,metric_raw,16,20000,0.0204578125,0.027561103248596192,0.06555646251209518,-0.003757871198654175,0.10402330181390275,0.07344522740319977,0.5372833165183895,0.059498644265509056
2025/Day007_Corn,2025,Day007,corn,1097.JPG,1097,DJI Mavic 3M RGB camera,oblique,oblique,0.7082186092059759,5280,3956,1097_depth.tif,True,True,OPENCV,C:\Users\81902\Documents\Codex\2026-09-20\depth-anything-v2-python-uav-rgb\data\uav3dcrop\2025\Day007_Corn\images\1097.JPG,C:\Users\81902\Documents\Codex\2026-09-20\depth-anything-v2-python-uav-rgb\data\uav3dcrop_depth\2025\Day007_Corn\1097_depth.tif,https://huggingface.co/datasets/Link-Dev/UAV3DCrop/resolve/main/2025/Day007_Corn/images/1097.JPG?download=true,https://huggingface.co/datasets/Link-Dev/UAV3DCrop_depth/resolve/main/2025/Day007_Corn_depth/1097_depth.tif?download=true,main,metric_bias_corrected,16,20000,0.0204578125,0.02756110486984253,0.06555646365240794,-0.0037578639030456545,0.10402319282018656,0.0734445034768688,0.5372833165183895,0.059498644265509056
2025/Day007_Corn,2025,Day007,corn,1097.JPG,1097,DJI Mavic 3M RGB camera,oblique,oblique,0.7082186092059759,5280,3956,1097_depth.tif,True,True,OPENCV,C:\Users\81902\Documents\Codex\2026-09-20\depth-anything-v2-python-uav-rgb\data\uav3dcrop\2025\Day007_Corn\images\1097.JPG,C:\Users\81902\Documents\Codex\2026-09-20\depth-anything-v2-python-uav-rgb\data\uav3dcrop_depth\2025\Day007_Corn\1097_depth.tif,https://huggingface.co/datasets/Link-Dev/UAV3DCrop/resolve/main/2025/Day007_Corn/images/1097.JPG?download=true,https://huggingface.co/datasets/Link-Dev/UAV3DCrop_depth/resolve/main/2025/Day007_Corn_depth/1097_depth.tif?download=true,main,metric_scale_shift,16,20000,0.0204578125,0.05439073348045349,0.11518328366343066,-0.008422487878799439,0.10402354276345668,0.07344509725474116,0.5372833165183895,0.059498644265509056
2025/Day007_Corn,2025,Day007,corn,1097.JPG,1097,DJI Mavic 3M RGB camera,oblique,oblique,0.7082186092059759,5280,3956,1097_depth.tif,True,True,OPENCV,C:\Users\81902\Documents\Codex\2026-09-20\depth-anything-v2-python-uav-rgb\data\uav3dcrop\2025\Day007_Corn\images\1097.JPG,C:\Users\81902\Documents\Codex\2026-09-20\depth-anything-v2-python-uav-rgb\data\uav3dcrop_depth\2025\Day007_Corn\1097_depth.tif,https://huggingface.co/datasets/Link-Dev/UAV3DCrop/resolve/main/2025/Day007_Corn/images/1097.JPG?download=true,https://huggingface.co/datasets/Link-Dev/UAV3DCrop_depth/resolve/main/2025/Day007_Corn_depth/1097_depth.tif?download=true,main,relative_scale_shift,16,20000,0.0204578125,0.020451419639587402,0.05146542761610903,-0.00361569881439209,0.5514680902931681,0.226734323088928,0.5877281482160873,0.059498644265509056
2025/Day007_Corn,2025,Day007,corn,1097.JPG,1097,DJI Mavic 3M RGB camera,oblique,oblique,0.7082186092059759,5280,3956,1097_depth.tif,True,True,OPENCV,C:\Users\81902\Documents\Codex\2026-09-20\depth-anything-v2-python-uav-rgb\data\uav3dcrop\2025\Day007_Corn\images\1097.JPG,C:\Users\81902\Documents\Codex\2026-09-20\depth-anything-v2-python-uav-rgb\data\uav3dcrop_depth\2025\Day007_Corn\1097_depth.tif,https://huggingface.co/datasets/Link-Dev/UAV3DCrop/resolve/main/2025/Day007_Corn/images/1097.JPG?download=true,https://huggingface.co/datasets/Link-Dev/UAV3DCrop_depth/resolve/main/2025/Day007_Corn_depth/1097_depth.tif?download=true,main,metric_raw,32,20000,0.03318125,0.043064417815208436,0.09467679123570674,-0.006554500269889831,0.16166384485827584,0.1094468700401874,0.5425217776465378,0.08887325012287074
2025/Day007_Corn,2025,Day007,corn,1097.JPG,1097,DJI Mavic 3M RGB camera,oblique,oblique,0.7082186092059759,5280,3956,1097_depth.tif,True,True,OPENCV,C:\Users\81902\Documents\Codex\2026-09-20\depth-anything-v2-python-uav-rgb\data\uav3dcrop\2025\Day007_Corn\images\1097.JPG,C:\Users\81902\Documents\Codex\2026-09-20\depth-anything-v2-python-uav-rgb\data\uav3dcrop_depth\2025\Day007_Corn\1097_depth.tif,https://huggingface.co/datasets/Link-Dev/UAV3DCrop/resolve/main/2025/Day007_Corn/images/1097.JPG?download=true,https://huggingface.co/datasets/Link-Dev/UAV3DCrop_depth/resolve/main/2025/Day007_Corn_depth/1097_depth.tif?download=true,main,metric_bias_corrected,32,20000,0.03318125,0.043064428329467774,0.09467679966761673,-0.00655449104309082,0.16166370511051478,0.10944672649007965,0.5425217776465378,0.08887325012287074
2025/Day007_Corn,2025,Day007,corn,1097.JPG,1097,DJI Mavic 3M RGB camera,oblique,oblique,0.7082186092059759,5280,3956,1097_depth.tif,True,True,OPENCV,C:\Users\81902\Documents\Codex\2026-09-20\depth-anything-v2-python-uav-rgb\data\uav3dcrop\2025\Day007_Corn\images\1097.JPG,C:\Users\81902\Documents\Codex\2026-09-20\depth-anything-v2-python-uav-rgb\data\uav3dcrop_depth\2025\Day007_Corn\1097_depth.tif,https://huggingface.co/datasets/Link-Dev/UAV3DCrop/resolve/main/2025/Day007_Corn/images/1097.JPG?download=true,https://huggingface.co/datasets/Link-Dev/UAV3DCrop_depth/resolve/main/2025/Day007_Corn_depth/1097_depth.tif?download=true,main,metric_scale_shift,32,20000,0.03318125,0.08774698600769043,0.16344985363293696,-0.015244404125213624,0.16166379148091983,0.10944725593241401,0.5425217776465378,0.08887325012287074
2025/Day007_Corn,2025,Day007,corn,1097.JPG,1097,DJI Mavic 3M RGB camera,oblique,oblique,0.7082186092059759,5280,3956,1097_depth.tif,True,True,OPENCV,C:\Users\81902\Documents\Codex\2026-09-20\depth-anything-v2-python-uav-rgb\data\uav3dcrop\2025\Day007_Corn\images\1097.JPG,C:\Users\81902\Documents\Codex\2026-09-20\depth-anything-v2-python-uav-rgb\data\uav3dcrop_depth\2025\Day007_Corn\1097_depth.tif,https://huggingface.co/datasets/Link-Dev/UAV3DCrop/resolve/main/2025/Day007_Corn/images/1097.JPG?download=true,https://huggingface.co/datasets/Link-Dev/UAV3DCrop_depth/resolve/main/2025/Day007_Corn_depth/1097_depth.tif?download=true,main,relative_scale_shift,32,20000,0.03318125,0.03166374931335449,0.0728675782128828,-0.0065295045852661136,0.6156555366083398,0.2579835822377157,0.5829765244352576,0.08887325012287074
2025/Day007_Corn,2025,Day007,corn,1097.JPG,1097,DJI Mavic 3M RGB camera,oblique,oblique,0.7082186092059759,5280,3956,1097_depth.tif,True,True,OPENCV,C:\Users\81902\Documents\Codex\2026-09-20\depth-anything-v2-python-uav-rgb\data\uav3dcrop\2025\Day007_Corn\images\1097.JPG,C:\Users\81902\Documents\Codex\2026-09-20\depth-anything-v2-python-uav-rgb\data\uav3dcrop_depth\2025\Day007_Corn\1097_depth.tif,https://huggingface.co/datasets/Link-Dev/UAV3DCrop/resolve/main/2025/Day007_Corn/images/1097.JPG?download=true,https://huggingface.co/datasets/Link-Dev/UAV3DCrop_depth/resolve/main/2025/Day007_Corn_depth/1097_depth.tif?download=true,main,metric_raw,64,20000,0.0485171875,0.06325948808193206,0.12671368353920132,-0.013535904145240784,0.1805543997231703,0.1611144081035504,0.5552670863893036,0.11573566912331684
2025/Day007_Corn,2025,Day007,corn,1097.JPG,1097,DJI Mavic 3M RGB camera,oblique,oblique,0.7082186092059759,5280,3956,1097_depth.tif,True,True,OPENCV,C:\Users\81902\Documents\Codex\2026-09-20\depth-anything-v2-python-uav-rgb\data\uav3dcrop\2025\Day007_Corn\images\1097.JPG,C:\Users\81902\Documents\Codex\2026-09-20\depth-anything-v2-python-uav-rgb\data\uav3dcrop_depth\2025\Day007_Corn\1097_depth.tif,https://huggingface.co/datasets/Link-Dev/UAV3DCrop/resolve/main/2025/Day007_Corn/images/1097.JPG?download=true,https://huggingface.co/datasets/Link-Dev/UAV3DCrop_depth/resolve/main/2025/Day007_Corn_depth/1097_depth.tif?download=true,main,metric_bias_corrected,64,20000,0.0485171875,0.06325949087142944,0.1267136910672433,-0.013535903263092041,0.18055429724781036,0.1611141217616947,0.5552670863893036,0.11573566912331684
2025/Day007_Corn,2025,Day007,corn,1097.JPG,1097,DJI Mavic 3M RGB camera,oblique,oblique,0.7082186092059759,5280,3956,1097_depth.tif,True,True,OPENCV,C:\Users\81902\Documents\Codex\2026-09-20\depth-anything-v2-python-uav-rgb\data\uav3dcrop\2025\Day007_Corn\images\1097.JPG,C:\Users\81902\Documents\Codex\2026-09-20\depth-anything-v2-python-uav-rgb\data\uav3dcrop_depth\2025\Day007_Corn\1097_depth.tif,https://huggingface.co/datasets/Link-Dev/UAV3DCrop/resolve/main/2025/Day007_Corn/images/1097.JPG?download=true,https://huggingface.co/datasets/Link-Dev/UAV3DCrop_depth/resolve/main/2025/Day007_Corn_depth/1097_depth.tif?download=true,main,metric_scale_shift,64,20000,0.0485171875,0.13768917546272277,0.2397118457681873,-0.03147447152137756,0.18055432642469413,0.16111435187447612,0.5552670863893036,0.11573566912331684
2025/Day007_Corn,2025,Day007,corn,1097.JPG,1097,DJI Mavic 3M RGB camera,oblique,oblique,0.7082186092059759,5280,3956,1097_depth.tif,True,True,OPENCV,C:\Users\81902\Documents\Codex\2026-09-20\depth-anything-v2-python-uav-rgb\data\uav3dcrop\2025\Day007_Corn\images\1097.JPG,C:\Users\81902\Documents\Codex\2026-09-20\depth-anything-v2-python-uav-rgb\data\uav3dcrop_depth\2025\Day007_Corn\1097_depth.tif,https://huggingface.co/datasets/Link-Dev/UAV3DCrop/resolve/main/2025/Day007_Corn/images/1097.JPG?download=true,https://huggingface.co/datasets/Link-Dev/UAV3DCrop_depth/resolve/main/2025/Day007_Corn_depth/1097_depth.tif?download=true,main,relative_scale_shift,64,20000,0.0485171875,0.046189793586730955,0.09230051791649198,-0.013555395126342773,0.6380330353826528,0.2534650774043193,0.5623417926916336,0.11573566912331684
2025/Day007_Corn,2025,Day007,corn,1097.JPG,1097,DJI Mavic 3M RGB camera,oblique,oblique,0.7082186092059759,5280,3956,1097_depth.tif,True,True,OPENCV,C:\Users\81902\Documents\Codex\2026-09-20\depth-anything-v2-python-uav-rgb\data\uav3dcrop\2025\Day007_Corn\images\1097.JPG,C:\Users\81902\Documents\Codex\2026-09-20\depth-anything-v2-python-uav-rgb\data\uav3dcrop_depth\2025\Day007_Corn\1097_depth.tif,https://huggingface.co/datasets/Link-Dev/UAV3DCrop/resolve/main/2025/Day007_Corn/images/1097.JPG?download=true,https://huggingface.co/datasets/Link-Dev/UAV3DCrop_depth/resolve/main/2025/Day007_Corn_depth/1097_depth.tif?download=true,main,metric_raw,128,20000,0.067346875,0.09229120604991913,0.1680273070253577,-0.02901076910495758,0.23996070410537468,0.20998937052576824,0.5689468622264967,0.14978897133987734
2025/Day007_Corn,2025,Day007,corn,1097.JPG,1097,DJI Mavic 3M RGB camera,oblique,oblique,0.7082186092059759,5280,3956,1097_depth.tif,True,True,OPENCV,C:\Users\81902\Documents\Codex\2026-09-20\depth-anything-v2-python-uav-rgb\data\uav3dcrop\2025\Day007_Corn\images\1097.JPG,C:\Users\81902\Documents\Codex\2026-09-20\depth-anything-v2-python-uav-rgb\data\uav3dcrop_depth\2025\Day007_Corn\1097_depth.tif,https://huggingface.co/datasets/Link-Dev/UAV3DCrop/resolve/main/2025/Day007_Corn/images/1097.JPG?download=true,https://huggingface.co/datasets/Link-Dev/UAV3DCrop_depth/resolve/main/2025/Day007_Corn_depth/1097_depth.tif?download=true,main,metric_bias_corrected,128,20000,0.067346875,0.0922912055015564,0.1680273073603148,-0.029010773754119874,0.239960710401621,0.20998911135483678,0.5689468622264967,0.14978897133987734
2025/Day007_Corn,2025,Day007,corn,1097.JPG,1097,DJI Mavic 3M RGB camera,oblique,oblique,0.7082186092059759,5280,3956,1097_depth.tif,True,True,OPENCV,C:\Users\81902\Documents\Codex\2026-09-20\depth-anything-v2-python-uav-rgb\data\uav3dcrop\2025\Day007_Corn\images\1097.JPG,C:\Users\81902\Documents\Codex\2026-09-20\depth-anything-v2-python-uav-rgb\data\uav3dcrop_depth\2025\Day007_Corn\1097_depth.tif,https://huggingface.co/datasets/Link-Dev/UAV3DCrop/resolve/main/2025/Day007_Corn/images/1097.JPG?download=true,https://huggingface.co/datasets/Link-Dev/UAV3DCrop_depth/resolve/main/2025/Day007_Corn_depth/1097_depth.tif?download=true,main,metric_scale_shift,128,20000,0.067346875,0.21928359065055847,0.35405998494821433,-0.0640038037776947,0.23996077490623197,0.20998930405772598,0.5689468622264967,0.14978897133987734
2025/Day007_Corn,2025,Day007,corn,1097.JPG,1097,DJI Mavic 3M RGB camera,oblique,oblique,0.7082186092059759,5280,3956,1097_depth.tif,True,True,OPENCV,C:\Users\81902\Documents\Codex\2026-09-20\depth-anything-v2-python-uav-rgb\data\uav3dcrop\2025\Day007_Corn\images\1097.JPG,C:\Users\81902\Documents\Codex\2026-09-20\depth-anything-v2-python-uav-rgb\data\uav3dcrop_depth\2025\Day007_Corn\1097_depth.tif,https://huggingface.co/datasets/Link-Dev/UAV3DCrop/resolve/main/2025/Day007_Corn/images/1097.JPG?download=true,https://huggingface.co/datasets/Link-Dev/UAV3DCrop_depth/resolve/main/2025/Day007_Corn_depth/1097_depth.tif?download=true,main,relative_scale_shift,128,20000,0.067346875,0.06822690143585206,0.12208920229113114,-0.02782652702331543,0.6240859442206926,0.2617171333644609,0.5470666025486896,0.14978897133987734
2025/Day007_Corn,2025,Day007,corn,1209.JPG,1209,DJI Mavic 3M RGB camera,oblique,oblique,0.7048275909019304,5280,3956,1209_depth.tif,True,True,OPENCV,C:\Users\81902\Documents\Codex\2026-09-20\depth-anything-v2-python-uav-rgb\data\uav3dcrop\2025\Day007_Corn\images\1209.JPG,C:\Users\81902\Documents\Codex\2026-09-20\depth-anything-v2-python-uav-rgb\data\uav3dcrop_depth\2025\Day007_Corn\1209_depth.tif,https://huggingface.co/datasets/Link-Dev/UAV3DCrop/resolve/main/2025/Day007_Corn/images/1209.JPG?download=true,https://huggingface.co/datasets/Link-Dev/UAV3DCrop_depth/resolve/main/2025/Day007_Corn_depth/1209_depth.tif?download=true,main,metric_raw,8,20000,0.01594375,0.023343654584884643,0.08426801337694599,0.007523966598510742,0.10674420770623173,0.038351667159669936,0.5015940488841658,0.08360452769306966
2025/Day007_Corn,2025,Day007,corn,1209.JPG,1209,DJI Mavic 3M RGB camera,oblique,oblique,0.7048275909019304,5280,3956,1209_depth.tif,True,True,OPENCV,C:\Users\81902\Documents\Codex\2026-09-20\depth-anything-v2-python-uav-rgb\data\uav3dcrop\2025\Day007_Corn\images\1209.JPG,C:\Users\81902\Documents\Codex\2026-09-20\depth-anything-v2-python-uav-rgb\data\uav3dcrop_depth\2025\Day007_Corn\1209_depth.tif,https://huggingface.co/datasets/Link-Dev/UAV3DCrop/resolve/main/2025/Day007_Corn/images/1209.JPG?download=true,https://huggingface.co/datasets/Link-Dev/UAV3DCrop_depth/resolve/main/2025/Day007_Corn_depth/1209_depth.tif?download=true,main,metric_bias_corrected,8,20000,0.01594375,0.023343653869628906,0.08426801318174472,0.007523971176147461,0.10674419187745217,0.0383502299664156,0.5015940488841658,0.08360452769306966
2025/Day007_Corn,2025,Day007,corn,1209.JPG,1209,DJI Mavic 3M RGB camera,oblique,oblique,0.7048275909019304,5280,3956,1209_depth.tif,True,True,OPENCV,C:\Users\81902\Documents\Codex\2026-09-20\depth-anything-v2-python-uav-rgb\data\uav3dcrop\2025\Day007_Corn\images\1209.JPG,C:\Users\81902\Documents\Codex\2026-09-20\depth-anything-v2-python-uav-rgb\data\uav3dcrop_depth\2025\Day007_Corn\1209_depth.tif,https://huggingface.co/datasets/Link-Dev/UAV3DCrop/resolve/main/2025/Day007_Corn/images/1209.JPG?download=true,https://huggingface.co/datasets/Link-Dev/UAV3DCrop_depth/resolve/main/2025/Day007_Corn_depth/1209_depth.tif?download=true,main,metric_scale_shift,8,20000,0.01594375,0.037883253479003905,0.09430652381249806,0.01603224391937256,0.10674411382052898,0.03835218187923895,0.5015940488841658,0.08360452769306966
2025/Day007_Corn,2025,Day007,corn,1209.JPG,1209,DJI Mavic 3M RGB camera,oblique,oblique,0.7048275909019304,5280,3956,1209_depth.tif,True,True,OPENCV,C:\Users\81902\Documents\Codex\2026-09-20\depth-anything-v2-python-uav-rgb\data\uav3dcrop\2025\Day007_Corn\images\1209.JPG,C:\Users\81902\Documents\Codex\2026-09-20\depth-anything-v2-python-uav-rgb\data\uav3dcrop_depth\2025\Day007_Corn\1209_depth.tif,https://huggingface.co/datasets/Link-Dev/UAV3DCrop/resolve/main/2025/Day007_Corn/images/1209.JPG?download=true,https://huggingface.co/datasets/Link-Dev/UAV3DCrop_depth/resolve/main/2025/Day007_Corn_depth/1209_depth.tif?download=true,main,relative_scale_shift,8,20000,0.01594375,0.02811045789718628,0.16967922711808095,0.0008160216331481934,0.03569896820249249,0.19850475699972847,0.5996280552603613,0.08360452769306966
2025/Day007_Corn,2025,Day007,corn,1209.JPG,1209,DJI Mavic 3M RGB camera,oblique,oblique,0.7048275909019304,5280,3956,1209_depth.tif,True,True,OPENCV,C:\Users\81902\Documents\Codex\2026-09-20\depth-anything-v2-python-uav-rgb\data\uav3dcrop\2025\Day007_Corn\images\1209.JPG,C:\Users\81902\Documents\Codex\2026-09-20\depth-anything-v2-python-uav-rgb\data\uav3dcrop_depth\2025\Day007_Corn\1209_depth.tif,https://huggingface.co/datasets/Link-Dev/UAV3DCrop/resolve/main/2025/Day007_Corn/images/1209.JPG?download=true,https://huggingface.co/datasets/Link-Dev/UAV3DCrop_depth/resolve/main/2025/Day007_Corn_depth/1209_depth.tif?download=true,main,metric_raw,16,20000,0.028757421875,0.0400796909570694,0.12220815160085764,0.014636629843711854,0.16006010652846825,0.05868171355864945,0.5056589654849873,0.12167500783474679
2025/Day007_Corn,2025,Day007,corn,1209.JPG,1209,DJI Mavic 3M RGB camera,oblique,oblique,0.7048275909019304,5280,3956,1209_depth.tif,True,True,OPENCV,C:\Users\81902\Documents\Codex\2026-09-20\depth-anything-v2-python-uav-rgb\data\uav3dcrop\2025\Day007_Corn\images\1209.JPG,C:\Users\81902\Documents\Codex\2026-09-20\depth-anything-v2-python-uav-rgb\data\uav3dcrop_depth\2025\Day007_Corn\1209_depth.tif,https://huggingface.co/datasets/Link-Dev/UAV3DCrop/resolve/main/2025/Day007_Corn/images/1209.JPG?download=true,https://huggingface.co/datasets/Link-Dev/UAV3DCrop_depth/resolve/main/2025/Day007_Corn_depth/1209_depth.tif?download=true,main,metric_bias_corrected,16,20000,0.028757421875,0.04007969856262207,0.12220815018293699,0.014636636352539062,0.16006021338629345,0.05868114512095792,0.5056589654849873,0.12167500783474679
2025/Day007_Corn,2025,Day007,corn,1209.JPG,1209,DJI Mavic 3M RGB camera,oblique,oblique,0.7048275909019304,5280,3956,1209_depth.tif,True,True,OPENCV,C:\Users\81902\Documents\Codex\2026-09-20\depth-anything-v2-python-uav-rgb\data\uav3dcrop\2025\Day007_Corn\images\1209.JPG,C:\Users\81902\Documents\Codex\2026-09-20\depth-anything-v2-python-uav-rgb\data\uav3dcrop_depth\2025\Day007_Corn\1209_depth.tif,https://huggingface.co/datasets/Link-Dev/UAV3DCrop/resolve/main/2025/Day007_Corn/images/1209.JPG?download=true,https://huggingface.co/datasets/Link-Dev/UAV3DCrop_depth/resolve/main/2025/Day007_Corn_depth/1209_depth.tif?download=true,main,metric_scale_shift,16,20000,0.028757421875,0.06653271493911743,0.14259685309707057,0.030172558116912843,0.16006014373707098,0.05868146307153794,0.5056589654849873,0.12167500783474679
2025/Day007_Corn,2025,Day007,corn,1209.JPG,1209,DJI Mavic 3M RGB camera,oblique,oblique,0.7048275909019304,5280,3956,1209_depth.tif,True,True,OPENCV,C:\Users\81902\Documents\Codex\2026-09-20\depth-anything-v2-python-uav-rgb\data\uav3dcrop\2025\Day007_Corn\images\1209.JPG,C:\Users\81902\Documents\Codex\2026-09-20\depth-anything-v2-python-uav-rgb\data\uav3dcrop_depth\2025\Day007_Corn\1209_depth.tif,https://huggingface.co/datasets/Link-Dev/UAV3DCrop/resolve/main/2025/Day007_Corn/images/1209.JPG?download=true,https://huggingface.co/datasets/Link-Dev/UAV3DCrop_depth/resolve/main/2025/Day007_Corn_depth/1209_depth.tif?download=true,main,relative_scale_shift,16,20000,0.028757421875,0.045116199493408206,0.22656581504270779,0.002136389923095703,0.08744010225951165,0.2201842176440853,0.5838555794593583,0.12167500783474679
2025/Day007_Corn,2025,Day007,corn,1209.JPG,1209,DJI Mavic 3M RGB camera,oblique,oblique,0.7048275909019304,5280,3956,1209_depth.tif,True,True,OPENCV,C:\Users\81902\Documents\Codex\2026-09-20\depth-anything-v2-python-uav-rgb\data\uav3dcrop\2025\Day007_Corn\images\1209.JPG,C:\Users\81902\Documents\Codex\2026-09-20\depth-anything-v2-python-uav-rgb\data\uav3dcrop_depth\2025\Day007_Corn\1209_depth.tif,https://huggingface.co/datasets/Link-Dev/UAV3DCrop/resolve/main/2025/Day007_Corn/images/1209.JPG?download=true,https://huggingface.co/datasets/Link-Dev/UAV3DCrop_depth/resolve/main/2025/Day007_Corn_depth/1209_depth.tif?download=true,main,metric_raw,32,20000,0.049164453125,0.06850583577156066,0.1810056416267242,0.03038895983695984,0.16210357821429064,0.07150191701194784,0.494935408103347,0.17800221746499348
2025/Day007_Corn,2025,Day007,corn,1209.JPG,1209,DJI Mavic 3M RGB camera,oblique,oblique,0.7048275909019304,5280,3956,1209_depth.tif,True,True,OPENCV,C:\Users\81902\Documents\Codex\2026-09-20\depth-anything-v2-python-uav-rgb\data\uav3dcrop\2025\Day007_Corn\images\1209.JPG,C:\Users\81902\Documents\Codex\2026-09-20\depth-anything-v2-python-uav-rgb\data\uav3dcrop_depth\2025\Day007_Corn\1209_depth.tif,https://huggingface.co/datasets/Link-Dev/UAV3DCrop/resolve/main/2025/Day007_Corn/images/1209.JPG?download=true,https://huggingface.co/datasets/Link-Dev/UAV3DCrop_depth/resolve/main/2025/Day007_Corn_depth/1209_depth.tif?download=true,main,metric_bias_corrected,32,20000,0.049164453125,0.06850583152770996,0.1810056335447183,0.030388952445983886,0.16210366285806144,0.07150169628982105,0.494935408103347,0.17800221746499348
2025/Day007_Corn,2025,Day007,corn,1209.JPG,1209,DJI Mavic 3M RGB camera,oblique,oblique,0.7048275909019304,5280,3956,1209_depth.tif,True,True,OPENCV,C:\Users\81902\Documents\Codex\2026-09-20\depth-anything-v2-python-uav-rgb\data\uav3dcrop\2025\Day007_Corn\images\1209.JPG,C:\Users\81902\Documents\Codex\2026-09-20\depth-anything-v2-python-uav-rgb\data\uav3dcrop_depth\2025\Day007_Corn\1209_depth.tif,https://huggingface.co/datasets/Link-Dev/UAV3DCrop/resolve/main/2025/Day007_Corn/images/1209.JPG?download=true,https://huggingface.co/datasets/Link-Dev/UAV3DCrop_depth/resolve/main/2025/Day007_Corn_depth/1209_depth.tif?download=true,main,metric_scale_shift,32,20000,0.049164453125,0.11577206897735595,0.2215840360851633,0.06310872135162353,0.1621034531092405,0.07150146292357577,0.494935408103347,0.17800221746499348
2025/Day007_Corn,2025,Day007,corn,1209.JPG,1209,DJI Mavic 3M RGB camera,oblique,oblique,0.7048275909019304,5280,3956,1209_depth.tif,True,True,OPENCV,C:\Users\81902\Documents\Codex\2026-09-20\depth-anything-v2-python-uav-rgb\data\uav3dcrop\2025\Day007_Corn\images\1209.JPG,C:\Users\81902\Documents\Codex\2026-09-20\depth-anything-v2-python-uav-rgb\data\uav3dcrop_depth\2025\Day007_Corn\1209_depth.tif,https://huggingface.co/datasets/Link-Dev/UAV3DCrop/resolve/main/2025/Day007_Corn/images/1209.JPG?download=true,https://huggingface.co/datasets/Link-Dev/UAV3DCrop_depth/resolve/main/2025/Day007_Corn_depth/1209_depth.tif?download=true,main,relative_scale_shift,32,20000,0.049164453125,0.06424971647262573,0.24588865979808058,0.010542368030548095,0.16271633738554878,0.2502000434563861,0.573840281855549,0.17800221746499348
2025/Day007_Corn,2025,Day007,corn,1209.JPG,1209,DJI Mavic 3M RGB camera,oblique,oblique,0.7048275909019304,5280,3956,1209_depth.tif,True,True,OPENCV,C:\Users\81902\Documents\Codex\2026-09-20\depth-anything-v2-python-uav-rgb\data\uav3dcrop\2025\Day007_Corn\images\1209.JPG,C:\Users\81902\Documents\Codex\2026-09-20\depth-anything-v2-python-uav-rgb\data\uav3dcrop_depth\2025\Day007_Corn\1209_depth.tif,https://huggingface.co/datasets/Link-Dev/UAV3DCrop/resolve/main/2025/Day007_Corn/images/1209.JPG?download=true,https://huggingface.co/datasets/Link-Dev/UAV3DCrop_depth/resolve/main/2025/Day007_Corn_depth/1209_depth.tif?download=true,main,metric_raw,64,20000,0.08259375,0.1148012265920639,0.26771840636645283,0.06126383821964264,0.22530239354506162,0.10294154661686256,0.4892049458645653,0.2638832802457589
2025/Day007_Corn,2025,Day007,corn,1209.JPG,1209,DJI Mavic 3M RGB camera,oblique,oblique,0.7048275909019304,5280,3956,1209_depth.tif,True,True,OPENCV,C:\Users\81902\Documents\Codex\2026-09-20\depth-anything-v2-python-uav-rgb\data\uav3dcrop\2025\Day007_Corn\images\1209.JPG,C:\Users\81902\Documents\Codex\2026-09-20\depth-anything-v2-python-uav-rgb\data\uav3dcrop_depth\2025\Day007_Corn\1209_depth.tif,https://huggingface.co/datasets/Link-Dev/UAV3DCrop/resolve/main/2025/Day007_Corn/images/1209.JPG?download=true,https://huggingface.co/datasets/Link-Dev/UAV3DCrop_depth/resolve/main/2025/Day007_Corn_depth/1209_depth.tif?download=true,main,metric_bias_corrected,64,20000,0.08259375,0.11480122747421265,0.2677184102927519,0.06126383695602417,0.22530234903439214,0.10294132420751734,0.4892049458645653,0.2638832802457589
2025/Day007_Corn,2025,Day007,corn,1209.JPG,1209,DJI Mavic 3M RGB camera,oblique,oblique,0.7048275909019304,5280,3956,1209_depth.tif,True,True,OPENCV,C:\Users\81902\Documents\Codex\2026-09-20\depth-anything-v2-python-uav-rgb\data\uav3dcrop\2025\Day007_Corn\images\1209.JPG,C:\Users\81902\Documents\Codex\2026-09-20\depth-anything-v2-python-uav-rgb\data\uav3dcrop_depth\2025\Day007_Corn\1209_depth.tif,https://huggingface.co/datasets/Link-Dev/UAV3DCrop/resolve/main/2025/Day007_Corn/images/1209.JPG?download=true,https://huggingface.co/datasets/Link-Dev/UAV3DCrop_depth/resolve/main/2025/Day007_Corn_depth/1209_depth.tif?download=true,main,metric_scale_shift,64,20000,0.08259375,0.1971223401069641,0.344771803395111,0.1264626000404358,0.2253024390050756,0.10294135373048312,0.4892049458645653,0.2638832802457589
2025/Day007_Corn,2025,Day007,corn,1209.JPG,1209,DJI Mavic 3M RGB camera,oblique,oblique,0.7048275909019304,5280,3956,1209_depth.tif,True,True,OPENCV,C:\Users\81902\Documents\Codex\2026-09-20\depth-anything-v2-python-uav-rgb\data\uav3dcrop\2025\Day007_Corn\images\1209.JPG,C:\Users\81902\Documents\Codex\2026-09-20\depth-anything-v2-python-uav-rgb\data\uav3dcrop_depth\2025\Day007_Corn\1209_depth.tif,https://huggingface.co/datasets/Link-Dev/UAV3DCrop/resolve/main/2025/Day007_Corn/images/1209.JPG?download=true,https://huggingface.co/datasets/Link-Dev/UAV3DCrop_depth/resolve/main/2025/Day007_Corn_depth/1209_depth.tif?download=true,main,relative_scale_shift,64,20000,0.08259375,0.09436991491317749,0.29069014095065304,0.01450758924484253,0.31677952216131505,0.28673667211783477,0.5615990774553142,0.2638832802457589
2025/Day007_Corn,2025,Day007,corn,1209.JPG,1209,DJI Mavic 3M RGB camera,oblique,oblique,0.7048275909019304,5280,3956,1209_depth.tif,True,True,OPENCV,C:\Users\81902\Documents\Codex\2026-09-20\depth-anything-v2-python-uav-rgb\data\uav3dcrop\2025\Day007_Corn\images\1209.JPG,C:\Users\81902\Documents\Codex\2026-09-20\depth-anything-v2-python-uav-rgb\data\uav3dcrop_depth\2025\Day007_Corn\1209_depth.tif,https://huggingface.co/datasets/Link-Dev/UAV3DCrop/resolve/main/2025/Day007_Corn/images/1209.JPG?download=true,https://huggingface.co/datasets/Link-Dev/UAV3DCrop_depth/resolve/main/2025/Day007_Corn_depth/1209_depth.tif?download=true,main,metric_raw,128,20000,0.126217578125,0.18660770363807677,0.3384956432273452,0.1198998538017273,0.20996148508751153,0.12856326001844992,0.4859277275886032,0.3018728623656098
2025/Day007_Corn,2025,Day007,corn,1209.JPG,1209,DJI Mavic 3M RGB camera,oblique,oblique,0.7048275909019304,5280,3956,1209_depth.tif,True,True,OPENCV,C:\Users\81902\Documents\Codex\2026-09-20\depth-anything-v2-python-uav-rgb\data\uav3dcrop\2025\Day007_Corn\images\1209.JPG,C:\Users\81902\Documents\Codex\2026-09-20\depth-anything-v2-python-uav-rgb\data\uav3dcrop_depth\2025\Day007_Corn\1209_depth.tif,https://huggingface.co/datasets/Link-Dev/UAV3DCrop/resolve/main/2025/Day007_Corn/images/1209.JPG?download=true,https://huggingface.co/datasets/Link-Dev/UAV3DCrop_depth/resolve/main/2025/Day007_Corn_depth/1209_depth.tif?download=true,main,metric_bias_corrected,128,20000,0.126217578125,0.18660770425796508,0.3384956521448132,0.11989985513687133,0.20996145669867813,0.12856307131434988,0.4859277275886032,0.3018728623656098
2025/Day007_Corn,2025,Day007,corn,1209.JPG,1209,DJI Mavic 3M RGB camera,oblique,oblique,0.7048275909019304,5280,3956,1209_depth.tif,True,True,OPENCV,C:\Users\81902\Documents\Codex\2026-09-20\depth-anything-v2-python-uav-rgb\data\uav3dcrop\2025\Day007_Corn\images\1209.JPG,C:\Users\81902\Documents\Codex\2026-09-20\depth-anything-v2-python-uav-rgb\data\uav3dcrop_depth\2025\Day007_Corn\1209_depth.tif,https://huggingface.co/datasets/Link-Dev/UAV3DCrop/resolve/main/2025/Day007_Corn/images/1209.JPG?download=true,https://huggingface.co/datasets/Link-Dev/UAV3DCrop_depth/resolve/main/2025/Day007_Corn_depth/1209_depth.tif?download=true,main,metric_scale_shift,128,20000,0.126217578125,0.3400549430847168,0.5376479013242961,0.24908580684661866,0.2099614935012406,0.1285632404580144,0.4859277275886032,0.3018728623656098
2025/Day007_Corn,2025,Day007,corn,1209.JPG,1209,DJI Mavic 3M RGB camera,oblique,oblique,0.7048275909019304,5280,3956,1209_depth.tif,True,True,OPENCV,C:\Users\81902\Documents\Codex\2026-09-20\depth-anything-v2-python-uav-rgb\data\uav3dcrop\2025\Day007_Corn\images\1209.JPG,C:\Users\81902\Documents\Codex\2026-09-20\depth-anything-v2-python-uav-rgb\data\uav3dcrop_depth\2025\Day007_Corn\1209_depth.tif,https://huggingface.co/datasets/Link-Dev/UAV3DCrop/resolve/main/2025/Day007_Corn/images/1209.JPG?download=true,https://huggingface.co/datasets/Link-Dev/UAV3DCrop_depth/resolve/main/2025/Day007_Corn_depth/1209_depth.tif?download=true,main,relative_scale_shift,128,20000,0.126217578125,0.13429939241409303,0.3084010097805375,0.03303241472244263,0.38749536290844516,0.3049462045579193,0.5526986333101691,0.3018728623656098
