scene,year,date,crop,filename,frame_id,camera_type,view_type,nadir_or_oblique,view_verticality_score,width,height,corresponding_depth_filename,intrinsics_available,extrinsics_available,camera_model,local_rgb_path,local_depth_path,source_rgb,source_depth,source_revision,variant,pixel_separation,pairs,mean_abs_gt_difference_m,local_difference_mae_m,local_difference_rmse_m,local_difference_bias_m,local_difference_pearson,local_difference_spearman,local_difference_sign_agreement,gt_difference_std_m
2025/Day001_Wheat,2025,Day001,wheat,1.JPG,1,DJI Mavic 3M RGB camera,nadir,nadir,0.9999870190847487,5280,3956,1_depth.tif,True,True,OPENCV,data\uav3dcrop\2025\Day001_Wheat\images\1.JPG,data\uav3dcrop_depth\2025\Day001_Wheat\1_depth.tif,https://huggingface.co/datasets/Link-Dev/UAV3DCrop/blob/main/2025/Day001_Wheat/images/1.JPG,https://huggingface.co/datasets/Link-Dev/UAV3DCrop_depth/blob/main/2025/Day001_Wheat_depth/1_depth.tif,main,metric_raw,8,20000,0.00473515625,0.008102554440498353,0.013722665701212045,0.0014451452970504761,0.02665612177787014,-0.007293233706270702,0.5127877237851662,0.010598128675426546
2025/Day001_Wheat,2025,Day001,wheat,1.JPG,1,DJI Mavic 3M RGB camera,nadir,nadir,0.9999870190847487,5280,3956,1_depth.tif,True,True,OPENCV,data\uav3dcrop\2025\Day001_Wheat\images\1.JPG,data\uav3dcrop_depth\2025\Day001_Wheat\1_depth.tif,https://huggingface.co/datasets/Link-Dev/UAV3DCrop/blob/main/2025/Day001_Wheat/images/1.JPG,https://huggingface.co/datasets/Link-Dev/UAV3DCrop_depth/blob/main/2025/Day001_Wheat_depth/1_depth.tif,main,metric_bias_corrected,8,20000,0.00473515625,0.008102554559707641,0.013722665907830457,0.0014451488018035889,0.026656255066980165,-0.007293336355433779,0.5126811594202898,0.010598128675426546
2025/Day001_Wheat,2025,Day001,wheat,1.JPG,1,DJI Mavic 3M RGB camera,nadir,nadir,0.9999870190847487,5280,3956,1_depth.tif,True,True,OPENCV,data\uav3dcrop\2025\Day001_Wheat\images\1.JPG,data\uav3dcrop_depth\2025\Day001_Wheat\1_depth.tif,https://huggingface.co/datasets/Link-Dev/UAV3DCrop/blob/main/2025/Day001_Wheat/images/1.JPG,https://huggingface.co/datasets/Link-Dev/UAV3DCrop_depth/blob/main/2025/Day001_Wheat_depth/1_depth.tif,main,metric_scale_shift,8,20000,0.00473515625,0.004926968908309936,0.010602231772084749,-0.0002365503787994385,0.02665551031833769,-0.007296745151415919,0.5122549019607843,0.010598128675426546
2025/Day001_Wheat,2025,Day001,wheat,1.JPG,1,DJI Mavic 3M RGB camera,nadir,nadir,0.9999870190847487,5280,3956,1_depth.tif,True,True,OPENCV,data\uav3dcrop\2025\Day001_Wheat\images\1.JPG,data\uav3dcrop_depth\2025\Day001_Wheat\1_depth.tif,https://huggingface.co/datasets/Link-Dev/UAV3DCrop/blob/main/2025/Day001_Wheat/images/1.JPG,https://huggingface.co/datasets/Link-Dev/UAV3DCrop_depth/blob/main/2025/Day001_Wheat_depth/1_depth.tif,main,relative_scale_shift,8,20000,0.00473515625,0.004867058324813843,0.010615946133614057,-9.038434028625488e-05,-0.06858033618316357,0.01793685953039697,0.5706521739130435,0.010598128675426546
2025/Day001_Wheat,2025,Day001,wheat,1.JPG,1,DJI Mavic 3M RGB camera,nadir,nadir,0.9999870190847487,5280,3956,1_depth.tif,True,True,OPENCV,data\uav3dcrop\2025\Day001_Wheat\images\1.JPG,data\uav3dcrop_depth\2025\Day001_Wheat\1_depth.tif,https://huggingface.co/datasets/Link-Dev/UAV3DCrop/blob/main/2025/Day001_Wheat/images/1.JPG,https://huggingface.co/datasets/Link-Dev/UAV3DCrop_depth/blob/main/2025/Day001_Wheat_depth/1_depth.tif,main,metric_raw,16,20000,0.008660546875,0.013617542862892152,0.028972739811898348,0.00229301860332489,0.01485533790847759,0.006451825354265568,0.5208975940777298,0.015770424229074823
2025/Day001_Wheat,2025,Day001,wheat,1.JPG,1,DJI Mavic 3M RGB camera,nadir,nadir,0.9999870190847487,5280,3956,1_depth.tif,True,True,OPENCV,data\uav3dcrop\2025\Day001_Wheat\images\1.JPG,data\uav3dcrop_depth\2025\Day001_Wheat\1_depth.tif,https://huggingface.co/datasets/Link-Dev/UAV3DCrop/blob/main/2025/Day001_Wheat/images/1.JPG,https://huggingface.co/datasets/Link-Dev/UAV3DCrop_depth/blob/main/2025/Day001_Wheat_depth/1_depth.tif,main,metric_bias_corrected,16,20000,0.008660546875,0.01361754035949707,0.028972737935943262,0.002293013572692871,0.014855057166226038,0.006452124224120798,0.5208975940777298,0.015770424229074823
2025/Day001_Wheat,2025,Day001,wheat,1.JPG,1,DJI Mavic 3M RGB camera,nadir,nadir,0.9999870190847487,5280,3956,1_depth.tif,True,True,OPENCV,data\uav3dcrop\2025\Day001_Wheat\images\1.JPG,data\uav3dcrop_depth\2025\Day001_Wheat\1_depth.tif,https://huggingface.co/datasets/Link-Dev/UAV3DCrop/blob/main/2025/Day001_Wheat/images/1.JPG,https://huggingface.co/datasets/Link-Dev/UAV3DCrop_depth/blob/main/2025/Day001_Wheat_depth/1_depth.tif,main,metric_scale_shift,16,20000,0.008660546875,0.008866808462142944,0.015859034982031433,-0.0008551400661468506,0.014855149716153529,0.006446750716791715,0.5205891425046267,0.015770424229074823
2025/Day001_Wheat,2025,Day001,wheat,1.JPG,1,DJI Mavic 3M RGB camera,nadir,nadir,0.9999870190847487,5280,3956,1_depth.tif,True,True,OPENCV,data\uav3dcrop\2025\Day001_Wheat\images\1.JPG,data\uav3dcrop_depth\2025\Day001_Wheat\1_depth.tif,https://huggingface.co/datasets/Link-Dev/UAV3DCrop/blob/main/2025/Day001_Wheat/images/1.JPG,https://huggingface.co/datasets/Link-Dev/UAV3DCrop_depth/blob/main/2025/Day001_Wheat_depth/1_depth.tif,main,relative_scale_shift,16,20000,0.008660546875,0.008812861585617065,0.015817834737121637,-0.0005496551036834717,-0.07537995471537141,-0.004650225814950385,0.566625539790253,0.015770424229074823
2025/Day001_Wheat,2025,Day001,wheat,1.JPG,1,DJI Mavic 3M RGB camera,nadir,nadir,0.9999870190847487,5280,3956,1_depth.tif,True,True,OPENCV,data\uav3dcrop\2025\Day001_Wheat\images\1.JPG,data\uav3dcrop_depth\2025\Day001_Wheat\1_depth.tif,https://huggingface.co/datasets/Link-Dev/UAV3DCrop/blob/main/2025/Day001_Wheat/images/1.JPG,https://huggingface.co/datasets/Link-Dev/UAV3DCrop_depth/blob/main/2025/Day001_Wheat_depth/1_depth.tif,main,metric_raw,32,20000,0.014714453125,0.022490297627449037,0.032442222588880375,0.005392064595222473,0.04415285292522936,0.002715167412205533,0.5239138842335954,0.025152003933073902
2025/Day001_Wheat,2025,Day001,wheat,1.JPG,1,DJI Mavic 3M RGB camera,nadir,nadir,0.9999870190847487,5280,3956,1_depth.tif,True,True,OPENCV,data\uav3dcrop\2025\Day001_Wheat\images\1.JPG,data\uav3dcrop_depth\2025\Day001_Wheat\1_depth.tif,https://huggingface.co/datasets/Link-Dev/UAV3DCrop/blob/main/2025/Day001_Wheat/images/1.JPG,https://huggingface.co/datasets/Link-Dev/UAV3DCrop_depth/blob/main/2025/Day001_Wheat_depth/1_depth.tif,main,metric_bias_corrected,32,20000,0.014714453125,0.022490297079086303,0.032442221910607,0.005392062330245972,0.0441525467110094,0.0027150804260807826,0.5239138842335954,0.025152003933073902
2025/Day001_Wheat,2025,Day001,wheat,1.JPG,1,DJI Mavic 3M RGB camera,nadir,nadir,0.9999870190847487,5280,3956,1_depth.tif,True,True,OPENCV,data\uav3dcrop\2025\Day001_Wheat\images\1.JPG,data\uav3dcrop_depth\2025\Day001_Wheat\1_depth.tif,https://huggingface.co/datasets/Link-Dev/UAV3DCrop/blob/main/2025/Day001_Wheat/images/1.JPG,https://huggingface.co/datasets/Link-Dev/UAV3DCrop_depth/blob/main/2025/Day001_Wheat_depth/1_depth.tif,main,metric_scale_shift,32,20000,0.014714453125,0.014886641788482665,0.025167688841823598,-0.0013814029693603516,0.04415256660737346,0.002715525457000326,0.5237205105066391,0.025152003933073902
2025/Day001_Wheat,2025,Day001,wheat,1.JPG,1,DJI Mavic 3M RGB camera,nadir,nadir,0.9999870190847487,5280,3956,1_depth.tif,True,True,OPENCV,data\uav3dcrop\2025\Day001_Wheat\images\1.JPG,data\uav3dcrop_depth\2025\Day001_Wheat\1_depth.tif,https://huggingface.co/datasets/Link-Dev/UAV3DCrop/blob/main/2025/Day001_Wheat/images/1.JPG,https://huggingface.co/datasets/Link-Dev/UAV3DCrop_depth/blob/main/2025/Day001_Wheat_depth/1_depth.tif,main,relative_scale_shift,32,20000,0.014714453125,0.014877694702148437,0.025265117676520482,-0.0008146184921264648,-0.09970862572085842,-0.02830557079607538,0.5651669459842723,0.025152003933073902
2025/Day001_Wheat,2025,Day001,wheat,1.JPG,1,DJI Mavic 3M RGB camera,nadir,nadir,0.9999870190847487,5280,3956,1_depth.tif,True,True,OPENCV,data\uav3dcrop\2025\Day001_Wheat\images\1.JPG,data\uav3dcrop_depth\2025\Day001_Wheat\1_depth.tif,https://huggingface.co/datasets/Link-Dev/UAV3DCrop/blob/main/2025/Day001_Wheat/images/1.JPG,https://huggingface.co/datasets/Link-Dev/UAV3DCrop_depth/blob/main/2025/Day001_Wheat_depth/1_depth.tif,main,metric_raw,64,20000,0.022630078125,0.037098534870147706,0.057295208834779864,0.010836842107772826,0.01549911024883555,-0.00990140195301512,0.5238664197383356,0.03775224238727196
2025/Day001_Wheat,2025,Day001,wheat,1.JPG,1,DJI Mavic 3M RGB camera,nadir,nadir,0.9999870190847487,5280,3956,1_depth.tif,True,True,OPENCV,data\uav3dcrop\2025\Day001_Wheat\images\1.JPG,data\uav3dcrop_depth\2025\Day001_Wheat\1_depth.tif,https://huggingface.co/datasets/Link-Dev/UAV3DCrop/blob/main/2025/Day001_Wheat/images/1.JPG,https://huggingface.co/datasets/Link-Dev/UAV3DCrop_depth/blob/main/2025/Day001_Wheat_depth/1_depth.tif,main,metric_bias_corrected,64,20000,0.022630078125,0.037098534059524534,0.0572952148925805,0.010836837148666381,0.015499105546893639,-0.009901383271774087,0.5238664197383356,0.03775224238727196
2025/Day001_Wheat,2025,Day001,wheat,1.JPG,1,DJI Mavic 3M RGB camera,nadir,nadir,0.9999870190847487,5280,3956,1_depth.tif,True,True,OPENCV,data\uav3dcrop\2025\Day001_Wheat\images\1.JPG,data\uav3dcrop_depth\2025\Day001_Wheat\1_depth.tif,https://huggingface.co/datasets/Link-Dev/UAV3DCrop/blob/main/2025/Day001_Wheat/images/1.JPG,https://huggingface.co/datasets/Link-Dev/UAV3DCrop_depth/blob/main/2025/Day001_Wheat_depth/1_depth.tif,main,metric_scale_shift,64,20000,0.022630078125,0.02280222444534302,0.03793117316615694,-0.0028954874992370605,0.015499985854031699,-0.0098995740413477,0.5236871975625784,0.03775224238727196
2025/Day001_Wheat,2025,Day001,wheat,1.JPG,1,DJI Mavic 3M RGB camera,nadir,nadir,0.9999870190847487,5280,3956,1_depth.tif,True,True,OPENCV,data\uav3dcrop\2025\Day001_Wheat\images\1.JPG,data\uav3dcrop_depth\2025\Day001_Wheat\1_depth.tif,https://huggingface.co/datasets/Link-Dev/UAV3DCrop/blob/main/2025/Day001_Wheat/images/1.JPG,https://huggingface.co/datasets/Link-Dev/UAV3DCrop_depth/blob/main/2025/Day001_Wheat_depth/1_depth.tif,main,relative_scale_shift,64,20000,0.022630078125,0.02282424736022949,0.038008514225880155,-0.0017711034774780274,-0.10980610965649693,-0.04809717158199723,0.5589342254614971,0.03775224238727196
2025/Day001_Wheat,2025,Day001,wheat,1.JPG,1,DJI Mavic 3M RGB camera,nadir,nadir,0.9999870190847487,5280,3956,1_depth.tif,True,True,OPENCV,data\uav3dcrop\2025\Day001_Wheat\images\1.JPG,data\uav3dcrop_depth\2025\Day001_Wheat\1_depth.tif,https://huggingface.co/datasets/Link-Dev/UAV3DCrop/blob/main/2025/Day001_Wheat/images/1.JPG,https://huggingface.co/datasets/Link-Dev/UAV3DCrop_depth/blob/main/2025/Day001_Wheat_depth/1_depth.tif,main,metric_raw,128,20000,0.032270703125,0.05989813497066498,0.08500082649395872,0.02162868664264679,-0.038489008949569095,-0.08116488985925022,0.5117760837410399,0.05290242436555873
2025/Day001_Wheat,2025,Day001,wheat,1.JPG,1,DJI Mavic 3M RGB camera,nadir,nadir,0.9999870190847487,5280,3956,1_depth.tif,True,True,OPENCV,data\uav3dcrop\2025\Day001_Wheat\images\1.JPG,data\uav3dcrop_depth\2025\Day001_Wheat\1_depth.tif,https://huggingface.co/datasets/Link-Dev/UAV3DCrop/blob/main/2025/Day001_Wheat/images/1.JPG,https://huggingface.co/datasets/Link-Dev/UAV3DCrop_depth/blob/main/2025/Day001_Wheat_depth/1_depth.tif,main,metric_bias_corrected,128,20000,0.032270703125,0.05989813017845154,0.08500082108159825,0.021628688764572145,-0.038488876826028744,-0.0811648608395551,0.5117760837410399,0.05290242436555873
2025/Day001_Wheat,2025,Day001,wheat,1.JPG,1,DJI Mavic 3M RGB camera,nadir,nadir,0.9999870190847487,5280,3956,1_depth.tif,True,True,OPENCV,data\uav3dcrop\2025\Day001_Wheat\images\1.JPG,data\uav3dcrop_depth\2025\Day001_Wheat\1_depth.tif,https://huggingface.co/datasets/Link-Dev/UAV3DCrop/blob/main/2025/Day001_Wheat/images/1.JPG,https://huggingface.co/datasets/Link-Dev/UAV3DCrop_depth/blob/main/2025/Day001_Wheat_depth/1_depth.tif,main,metric_scale_shift,128,20000,0.032270703125,0.03257935152053833,0.053528788221426274,-0.005627946186065674,-0.038488845202311134,-0.08116454345112172,0.5117760837410399,0.05290242436555873
2025/Day001_Wheat,2025,Day001,wheat,1.JPG,1,DJI Mavic 3M RGB camera,nadir,nadir,0.9999870190847487,5280,3956,1_depth.tif,True,True,OPENCV,data\uav3dcrop\2025\Day001_Wheat\images\1.JPG,data\uav3dcrop_depth\2025\Day001_Wheat\1_depth.tif,https://huggingface.co/datasets/Link-Dev/UAV3DCrop/blob/main/2025/Day001_Wheat/images/1.JPG,https://huggingface.co/datasets/Link-Dev/UAV3DCrop_depth/blob/main/2025/Day001_Wheat_depth/1_depth.tif,main,relative_scale_shift,128,20000,0.032270703125,0.032431136989593504,0.053501393940317096,-0.0033582366943359374,-0.12980546057348769,-0.055918557238261724,0.5610991011491637,0.05290242436555873
2025/Day001_Wheat,2025,Day001,wheat,43.JPG,43,DJI Mavic 3M RGB camera,nadir,nadir,0.9999036072131963,5280,3956,43_depth.tif,True,True,OPENCV,data\uav3dcrop\2025\Day001_Wheat\images\43.JPG,data\uav3dcrop_depth\2025\Day001_Wheat\43_depth.tif,https://huggingface.co/datasets/Link-Dev/UAV3DCrop/blob/main/2025/Day001_Wheat/images/43.JPG,https://huggingface.co/datasets/Link-Dev/UAV3DCrop_depth/blob/main/2025/Day001_Wheat_depth/43_depth.tif,main,metric_raw,8,20000,0.0092203125,0.012332569789886474,0.024852867558233318,0.0008266139507293701,0.011141133886240745,0.006168814047199458,0.501709197869465,0.020537264729114022
2025/Day001_Wheat,2025,Day001,wheat,43.JPG,43,DJI Mavic 3M RGB camera,nadir,nadir,0.9999036072131963,5280,3956,43_depth.tif,True,True,OPENCV,data\uav3dcrop\2025\Day001_Wheat\images\43.JPG,data\uav3dcrop_depth\2025\Day001_Wheat\43_depth.tif,https://huggingface.co/datasets/Link-Dev/UAV3DCrop/blob/main/2025/Day001_Wheat/images/43.JPG,https://huggingface.co/datasets/Link-Dev/UAV3DCrop_depth/blob/main/2025/Day001_Wheat_depth/43_depth.tif,main,metric_bias_corrected,8,20000,0.0092203125,0.012332568740844726,0.02485286887746278,0.0008266128540039062,0.011140930723729495,0.006168515329312527,0.501709197869465,0.020537264729114022
2025/Day001_Wheat,2025,Day001,wheat,43.JPG,43,DJI Mavic 3M RGB camera,nadir,nadir,0.9999036072131963,5280,3956,43_depth.tif,True,True,OPENCV,data\uav3dcrop\2025\Day001_Wheat\images\43.JPG,data\uav3dcrop_depth\2025\Day001_Wheat\43_depth.tif,https://huggingface.co/datasets/Link-Dev/UAV3DCrop/blob/main/2025/Day001_Wheat/images/43.JPG,https://huggingface.co/datasets/Link-Dev/UAV3DCrop_depth/blob/main/2025/Day001_Wheat_depth/43_depth.tif,main,metric_scale_shift,8,20000,0.0092203125,0.00925833706855774,0.020541573337818243,5.1585817337036134e-05,-0.011153388081146968,-0.0062197636795846955,0.4963033627474362,0.020537264729114022
2025/Day001_Wheat,2025,Day001,wheat,43.JPG,43,DJI Mavic 3M RGB camera,nadir,nadir,0.9999036072131963,5280,3956,43_depth.tif,True,True,OPENCV,data\uav3dcrop\2025\Day001_Wheat\images\43.JPG,data\uav3dcrop_depth\2025\Day001_Wheat\43_depth.tif,https://huggingface.co/datasets/Link-Dev/UAV3DCrop/blob/main/2025/Day001_Wheat/images/43.JPG,https://huggingface.co/datasets/Link-Dev/UAV3DCrop_depth/blob/main/2025/Day001_Wheat_depth/43_depth.tif,main,relative_scale_shift,8,20000,0.0092203125,0.009293949794769288,0.02049940251736531,5.400295257568359e-05,0.14281060659233447,0.027412146355016567,0.4980523094045632,0.020537264729114022
2025/Day001_Wheat,2025,Day001,wheat,43.JPG,43,DJI Mavic 3M RGB camera,nadir,nadir,0.9999036072131963,5280,3956,43_depth.tif,True,True,OPENCV,data\uav3dcrop\2025\Day001_Wheat\images\43.JPG,data\uav3dcrop_depth\2025\Day001_Wheat\43_depth.tif,https://huggingface.co/datasets/Link-Dev/UAV3DCrop/blob/main/2025/Day001_Wheat/images/43.JPG,https://huggingface.co/datasets/Link-Dev/UAV3DCrop_depth/blob/main/2025/Day001_Wheat_depth/43_depth.tif,main,metric_raw,16,20000,0.016767578125,0.021674115657806397,0.04312168480568081,0.0013095662593841553,0.015298724014391338,0.027125429700869213,0.5074326517364492,0.03266279117120131
2025/Day001_Wheat,2025,Day001,wheat,43.JPG,43,DJI Mavic 3M RGB camera,nadir,nadir,0.9999036072131963,5280,3956,43_depth.tif,True,True,OPENCV,data\uav3dcrop\2025\Day001_Wheat\images\43.JPG,data\uav3dcrop_depth\2025\Day001_Wheat\43_depth.tif,https://huggingface.co/datasets/Link-Dev/UAV3DCrop/blob/main/2025/Day001_Wheat/images/43.JPG,https://huggingface.co/datasets/Link-Dev/UAV3DCrop_depth/blob/main/2025/Day001_Wheat_depth/43_depth.tif,main,metric_bias_corrected,16,20000,0.016767578125,0.02167411379814148,0.043121686774297355,0.0013095639705657958,0.015298655083169384,0.02712608885730073,0.5074326517364492,0.03266279117120131
2025/Day001_Wheat,2025,Day001,wheat,43.JPG,43,DJI Mavic 3M RGB camera,nadir,nadir,0.9999036072131963,5280,3956,43_depth.tif,True,True,OPENCV,data\uav3dcrop\2025\Day001_Wheat\images\43.JPG,data\uav3dcrop_depth\2025\Day001_Wheat\43_depth.tif,https://huggingface.co/datasets/Link-Dev/UAV3DCrop/blob/main/2025/Day001_Wheat/images/43.JPG,https://huggingface.co/datasets/Link-Dev/UAV3DCrop_depth/blob/main/2025/Day001_Wheat_depth/43_depth.tif,main,metric_scale_shift,16,20000,0.016767578125,0.01680913209915161,0.032674875627140075,0.0002089005470275879,-0.015292089203412207,-0.027099974253903064,0.4917234664070107,0.03266279117120131
2025/Day001_Wheat,2025,Day001,wheat,43.JPG,43,DJI Mavic 3M RGB camera,nadir,nadir,0.9999036072131963,5280,3956,43_depth.tif,True,True,OPENCV,data\uav3dcrop\2025\Day001_Wheat\images\43.JPG,data\uav3dcrop_depth\2025\Day001_Wheat\43_depth.tif,https://huggingface.co/datasets/Link-Dev/UAV3DCrop/blob/main/2025/Day001_Wheat/images/43.JPG,https://huggingface.co/datasets/Link-Dev/UAV3DCrop_depth/blob/main/2025/Day001_Wheat_depth/43_depth.tif,main,relative_scale_shift,16,20000,0.016767578125,0.016847711420059204,0.032557650099187506,0.00019986681938171386,0.19827317916988066,0.05105293007525283,0.5040571243102888,0.03266279117120131
2025/Day001_Wheat,2025,Day001,wheat,43.JPG,43,DJI Mavic 3M RGB camera,nadir,nadir,0.9999036072131963,5280,3956,43_depth.tif,True,True,OPENCV,data\uav3dcrop\2025\Day001_Wheat\images\43.JPG,data\uav3dcrop_depth\2025\Day001_Wheat\43_depth.tif,https://huggingface.co/datasets/Link-Dev/UAV3DCrop/blob/main/2025/Day001_Wheat/images/43.JPG,https://huggingface.co/datasets/Link-Dev/UAV3DCrop_depth/blob/main/2025/Day001_Wheat_depth/43_depth.tif,main,metric_raw,32,20000,0.028317578125,0.03641153707504272,0.0653354934217398,0.003629539918899536,0.03460406184878855,0.04417726941477227,0.5167441586722382,0.05126396657152312
2025/Day001_Wheat,2025,Day001,wheat,43.JPG,43,DJI Mavic 3M RGB camera,nadir,nadir,0.9999036072131963,5280,3956,43_depth.tif,True,True,OPENCV,data\uav3dcrop\2025\Day001_Wheat\images\43.JPG,data\uav3dcrop_depth\2025\Day001_Wheat\43_depth.tif,https://huggingface.co/datasets/Link-Dev/UAV3DCrop/blob/main/2025/Day001_Wheat/images/43.JPG,https://huggingface.co/datasets/Link-Dev/UAV3DCrop_depth/blob/main/2025/Day001_Wheat_depth/43_depth.tif,main,metric_bias_corrected,32,20000,0.028317578125,0.03641153411865234,0.06533549382409803,0.0036295337677001954,0.034604154930867326,0.04417751984527817,0.5167441586722382,0.05126396657152312
2025/Day001_Wheat,2025,Day001,wheat,43.JPG,43,DJI Mavic 3M RGB camera,nadir,nadir,0.9999036072131963,5280,3956,43_depth.tif,True,True,OPENCV,data\uav3dcrop\2025\Day001_Wheat\images\43.JPG,data\uav3dcrop_depth\2025\Day001_Wheat\43_depth.tif,https://huggingface.co/datasets/Link-Dev/UAV3DCrop/blob/main/2025/Day001_Wheat/images/43.JPG,https://huggingface.co/datasets/Link-Dev/UAV3DCrop_depth/blob/main/2025/Day001_Wheat_depth/43_depth.tif,main,metric_scale_shift,32,20000,0.028317578125,0.028373613357543945,0.051300895393518,0.0008036153793334961,-0.03461122446790645,-0.044188026332256436,0.48266729445000295,0.05126396657152312
2025/Day001_Wheat,2025,Day001,wheat,43.JPG,43,DJI Mavic 3M RGB camera,nadir,nadir,0.9999036072131963,5280,3956,43_depth.tif,True,True,OPENCV,data\uav3dcrop\2025\Day001_Wheat\images\43.JPG,data\uav3dcrop_depth\2025\Day001_Wheat\43_depth.tif,https://huggingface.co/datasets/Link-Dev/UAV3DCrop/blob/main/2025/Day001_Wheat/images/43.JPG,https://huggingface.co/datasets/Link-Dev/UAV3DCrop_depth/blob/main/2025/Day001_Wheat_depth/43_depth.tif,main,relative_scale_shift,32,20000,0.028317578125,0.028389127588272094,0.051039346750435206,0.0007861812114715577,0.22102472601453665,0.08580700203431743,0.5155082102289448,0.05126396657152312
2025/Day001_Wheat,2025,Day001,wheat,43.JPG,43,DJI Mavic 3M RGB camera,nadir,nadir,0.9999036072131963,5280,3956,43_depth.tif,True,True,OPENCV,data\uav3dcrop\2025\Day001_Wheat\images\43.JPG,data\uav3dcrop_depth\2025\Day001_Wheat\43_depth.tif,https://huggingface.co/datasets/Link-Dev/UAV3DCrop/blob/main/2025/Day001_Wheat/images/43.JPG,https://huggingface.co/datasets/Link-Dev/UAV3DCrop_depth/blob/main/2025/Day001_Wheat_depth/43_depth.tif,main,metric_raw,64,20000,0.04295703125,0.05656054096221924,0.09210698792319262,0.0064677659511566165,0.0580556529643158,0.09480146829640457,0.535686449170471,0.07425240335293211
2025/Day001_Wheat,2025,Day001,wheat,43.JPG,43,DJI Mavic 3M RGB camera,nadir,nadir,0.9999036072131963,5280,3956,43_depth.tif,True,True,OPENCV,data\uav3dcrop\2025\Day001_Wheat\images\43.JPG,data\uav3dcrop_depth\2025\Day001_Wheat\43_depth.tif,https://huggingface.co/datasets/Link-Dev/UAV3DCrop/blob/main/2025/Day001_Wheat/images/43.JPG,https://huggingface.co/datasets/Link-Dev/UAV3DCrop_depth/blob/main/2025/Day001_Wheat_depth/43_depth.tif,main,metric_bias_corrected,64,20000,0.04295703125,0.056560542488098144,0.09210699344725201,0.00646776762008667,0.05805562708748692,0.09480186647009829,0.535686449170471,0.07425240335293211
2025/Day001_Wheat,2025,Day001,wheat,43.JPG,43,DJI Mavic 3M RGB camera,nadir,nadir,0.9999036072131963,5280,3956,43_depth.tif,True,True,OPENCV,data\uav3dcrop\2025\Day001_Wheat\images\43.JPG,data\uav3dcrop_depth\2025\Day001_Wheat\43_depth.tif,https://huggingface.co/datasets/Link-Dev/UAV3DCrop/blob/main/2025/Day001_Wheat/images/43.JPG,https://huggingface.co/datasets/Link-Dev/UAV3DCrop_depth/blob/main/2025/Day001_Wheat_depth/43_depth.tif,main,metric_scale_shift,64,20000,0.04295703125,0.04304934568405151,0.07434039377761227,0.001800632667541504,-0.058056131216259965,-0.09480125227329612,0.46386816612849346,0.07425240335293211
2025/Day001_Wheat,2025,Day001,wheat,43.JPG,43,DJI Mavic 3M RGB camera,nadir,nadir,0.9999036072131963,5280,3956,43_depth.tif,True,True,OPENCV,data\uav3dcrop\2025\Day001_Wheat\images\43.JPG,data\uav3dcrop_depth\2025\Day001_Wheat\43_depth.tif,https://huggingface.co/datasets/Link-Dev/UAV3DCrop/blob/main/2025/Day001_Wheat/images/43.JPG,https://huggingface.co/datasets/Link-Dev/UAV3DCrop_depth/blob/main/2025/Day001_Wheat_depth/43_depth.tif,main,relative_scale_shift,64,20000,0.04295703125,0.04294544615745544,0.07381527040336822,0.0017651235103607178,0.2278051452854598,0.15062279858134278,0.5379690457632781,0.07425240335293211
2025/Day001_Wheat,2025,Day001,wheat,43.JPG,43,DJI Mavic 3M RGB camera,nadir,nadir,0.9999036072131963,5280,3956,43_depth.tif,True,True,OPENCV,data\uav3dcrop\2025\Day001_Wheat\images\43.JPG,data\uav3dcrop_depth\2025\Day001_Wheat\43_depth.tif,https://huggingface.co/datasets/Link-Dev/UAV3DCrop/blob/main/2025/Day001_Wheat/images/43.JPG,https://huggingface.co/datasets/Link-Dev/UAV3DCrop_depth/blob/main/2025/Day001_Wheat_depth/43_depth.tif,main,metric_raw,128,20000,0.059906640625,0.08395780630111695,0.12481398638078321,0.01252117486000061,0.09909557463949152,0.15413105318072268,0.5614035087719298,0.09681876199584437
2025/Day001_Wheat,2025,Day001,wheat,43.JPG,43,DJI Mavic 3M RGB camera,nadir,nadir,0.9999036072131963,5280,3956,43_depth.tif,True,True,OPENCV,data\uav3dcrop\2025\Day001_Wheat\images\43.JPG,data\uav3dcrop_depth\2025\Day001_Wheat\43_depth.tif,https://huggingface.co/datasets/Link-Dev/UAV3DCrop/blob/main/2025/Day001_Wheat/images/43.JPG,https://huggingface.co/datasets/Link-Dev/UAV3DCrop_depth/blob/main/2025/Day001_Wheat_depth/43_depth.tif,main,metric_bias_corrected,128,20000,0.059906640625,0.08395780434608459,0.12481398580287412,0.012521173524856568,0.09909563812703061,0.15413095627884515,0.5614035087719298,0.09681876199584437
2025/Day001_Wheat,2025,Day001,wheat,43.JPG,43,DJI Mavic 3M RGB camera,nadir,nadir,0.9999036072131963,5280,3956,43_depth.tif,True,True,OPENCV,data\uav3dcrop\2025\Day001_Wheat\images\43.JPG,data\uav3dcrop_depth\2025\Day001_Wheat\43_depth.tif,https://huggingface.co/datasets/Link-Dev/UAV3DCrop/blob/main/2025/Day001_Wheat/images/43.JPG,https://huggingface.co/datasets/Link-Dev/UAV3DCrop_depth/blob/main/2025/Day001_Wheat_depth/43_depth.tif,main,metric_scale_shift,128,20000,0.059906640625,0.06008598637580872,0.09703297204810145,0.0031319686412811278,-0.09909819878052364,-0.15413617798998966,0.4383274136260898,0.09681876199584437
2025/Day001_Wheat,2025,Day001,wheat,43.JPG,43,DJI Mavic 3M RGB camera,nadir,nadir,0.9999036072131963,5280,3956,43_depth.tif,True,True,OPENCV,data\uav3dcrop\2025\Day001_Wheat\images\43.JPG,data\uav3dcrop_depth\2025\Day001_Wheat\43_depth.tif,https://huggingface.co/datasets/Link-Dev/UAV3DCrop/blob/main/2025/Day001_Wheat/images/43.JPG,https://huggingface.co/datasets/Link-Dev/UAV3DCrop_depth/blob/main/2025/Day001_Wheat_depth/43_depth.tif,main,relative_scale_shift,128,20000,0.059906640625,0.059618493366241455,0.09600056366064671,0.002987065601348877,0.23476068674277645,0.23313576473675313,0.5676999246582715,0.09681876199584437
2025/Day001_Wheat,2025,Day001,wheat,85.JPG,85,DJI Mavic 3M RGB camera,nadir,nadir,0.9999854698430397,5280,3956,85_depth.tif,True,True,OPENCV,data\uav3dcrop\2025\Day001_Wheat\images\85.JPG,data\uav3dcrop_depth\2025\Day001_Wheat\85_depth.tif,https://huggingface.co/datasets/Link-Dev/UAV3DCrop/blob/main/2025/Day001_Wheat/images/85.JPG,https://huggingface.co/datasets/Link-Dev/UAV3DCrop_depth/blob/main/2025/Day001_Wheat_depth/85_depth.tif,main,metric_raw,8,20000,0.00999453125,0.013095055747032165,0.02548899224616923,-0.00012272927761077882,0.14937399522038874,0.1413002928593378,0.5537352042016148,0.02292449753604806
2025/Day001_Wheat,2025,Day001,wheat,85.JPG,85,DJI Mavic 3M RGB camera,nadir,nadir,0.9999854698430397,5280,3956,85_depth.tif,True,True,OPENCV,data\uav3dcrop\2025\Day001_Wheat\images\85.JPG,data\uav3dcrop_depth\2025\Day001_Wheat\85_depth.tif,https://huggingface.co/datasets/Link-Dev/UAV3DCrop/blob/main/2025/Day001_Wheat/images/85.JPG,https://huggingface.co/datasets/Link-Dev/UAV3DCrop_depth/blob/main/2025/Day001_Wheat_depth/85_depth.tif,main,metric_bias_corrected,8,20000,0.00999453125,0.013095052576065063,0.025488995656556396,-0.00012273659706115721,0.14937387250238007,0.1412991162632952,0.5537352042016148,0.02292449753604806
2025/Day001_Wheat,2025,Day001,wheat,85.JPG,85,DJI Mavic 3M RGB camera,nadir,nadir,0.9999854698430397,5280,3956,85_depth.tif,True,True,OPENCV,data\uav3dcrop\2025\Day001_Wheat\images\85.JPG,data\uav3dcrop_depth\2025\Day001_Wheat\85_depth.tif,https://huggingface.co/datasets/Link-Dev/UAV3DCrop/blob/main/2025/Day001_Wheat/images/85.JPG,https://huggingface.co/datasets/Link-Dev/UAV3DCrop_depth/blob/main/2025/Day001_Wheat_depth/85_depth.tif,main,metric_scale_shift,8,20000,0.00999453125,0.010257836771011353,0.022700629731974564,-0.0005781155109405517,0.14937259979015213,0.14129398892590228,0.5537352042016148,0.02292449753604806
2025/Day001_Wheat,2025,Day001,wheat,85.JPG,85,DJI Mavic 3M RGB camera,nadir,nadir,0.9999854698430397,5280,3956,85_depth.tif,True,True,OPENCV,data\uav3dcrop\2025\Day001_Wheat\images\85.JPG,data\uav3dcrop_depth\2025\Day001_Wheat\85_depth.tif,https://huggingface.co/datasets/Link-Dev/UAV3DCrop/blob/main/2025/Day001_Wheat/images/85.JPG,https://huggingface.co/datasets/Link-Dev/UAV3DCrop_depth/blob/main/2025/Day001_Wheat_depth/85_depth.tif,main,relative_scale_shift,8,20000,0.00999453125,0.010007781076431275,0.022645857612208983,-0.0005960697650909424,0.42168443232709546,0.15923237545906208,0.5443286039037392,0.02292449753604806
2025/Day001_Wheat,2025,Day001,wheat,85.JPG,85,DJI Mavic 3M RGB camera,nadir,nadir,0.9999854698430397,5280,3956,85_depth.tif,True,True,OPENCV,data\uav3dcrop\2025\Day001_Wheat\images\85.JPG,data\uav3dcrop_depth\2025\Day001_Wheat\85_depth.tif,https://huggingface.co/datasets/Link-Dev/UAV3DCrop/blob/main/2025/Day001_Wheat/images/85.JPG,https://huggingface.co/datasets/Link-Dev/UAV3DCrop_depth/blob/main/2025/Day001_Wheat_depth/85_depth.tif,main,metric_raw,16,20000,0.018060546875,0.022114900255203247,0.03560468919397869,0.0007319696426391602,0.2621231716024177,0.1849073307330642,0.5639910457307323,0.03473042819588722
2025/Day001_Wheat,2025,Day001,wheat,85.JPG,85,DJI Mavic 3M RGB camera,nadir,nadir,0.9999854698430397,5280,3956,85_depth.tif,True,True,OPENCV,data\uav3dcrop\2025\Day001_Wheat\images\85.JPG,data\uav3dcrop_depth\2025\Day001_Wheat\85_depth.tif,https://huggingface.co/datasets/Link-Dev/UAV3DCrop/blob/main/2025/Day001_Wheat/images/85.JPG,https://huggingface.co/datasets/Link-Dev/UAV3DCrop_depth/blob/main/2025/Day001_Wheat_depth/85_depth.tif,main,metric_bias_corrected,16,20000,0.018060546875,0.022114897680282592,0.0356046880076266,0.000731964635848999,0.26212320564038544,0.1849067319766237,0.5639910457307323,0.03473042819588722
2025/Day001_Wheat,2025,Day001,wheat,85.JPG,85,DJI Mavic 3M RGB camera,nadir,nadir,0.9999854698430397,5280,3956,85_depth.tif,True,True,OPENCV,data\uav3dcrop\2025\Day001_Wheat\images\85.JPG,data\uav3dcrop_depth\2025\Day001_Wheat\85_depth.tif,https://huggingface.co/datasets/Link-Dev/UAV3DCrop/blob/main/2025/Day001_Wheat/images/85.JPG,https://huggingface.co/datasets/Link-Dev/UAV3DCrop_depth/blob/main/2025/Day001_Wheat_depth/85_depth.tif,main,metric_scale_shift,16,20000,0.018060546875,0.01812020149230957,0.034020938075104444,-0.0003052753448486328,0.2621224257767777,0.18490701745900173,0.5639910457307323,0.03473042819588722
2025/Day001_Wheat,2025,Day001,wheat,85.JPG,85,DJI Mavic 3M RGB camera,nadir,nadir,0.9999854698430397,5280,3956,85_depth.tif,True,True,OPENCV,data\uav3dcrop\2025\Day001_Wheat\images\85.JPG,data\uav3dcrop_depth\2025\Day001_Wheat\85_depth.tif,https://huggingface.co/datasets/Link-Dev/UAV3DCrop/blob/main/2025/Day001_Wheat/images/85.JPG,https://huggingface.co/datasets/Link-Dev/UAV3DCrop_depth/blob/main/2025/Day001_Wheat_depth/85_depth.tif,main,relative_scale_shift,16,20000,0.018060546875,0.017948839712142943,0.034072131604071285,-0.0003750815868377686,0.4998316374942028,0.2078722079206483,0.5581068116405501,0.03473042819588722
2025/Day001_Wheat,2025,Day001,wheat,85.JPG,85,DJI Mavic 3M RGB camera,nadir,nadir,0.9999854698430397,5280,3956,85_depth.tif,True,True,OPENCV,data\uav3dcrop\2025\Day001_Wheat\images\85.JPG,data\uav3dcrop_depth\2025\Day001_Wheat\85_depth.tif,https://huggingface.co/datasets/Link-Dev/UAV3DCrop/blob/main/2025/Day001_Wheat/images/85.JPG,https://huggingface.co/datasets/Link-Dev/UAV3DCrop_depth/blob/main/2025/Day001_Wheat_depth/85_depth.tif,main,metric_raw,32,20000,0.02993125,0.03497083706855774,0.051882000457224416,0.000814670467376709,0.37479221718047784,0.2534842873891298,0.5809468147282291,0.05330268472347775
2025/Day001_Wheat,2025,Day001,wheat,85.JPG,85,DJI Mavic 3M RGB camera,nadir,nadir,0.9999854698430397,5280,3956,85_depth.tif,True,True,OPENCV,data\uav3dcrop\2025\Day001_Wheat\images\85.JPG,data\uav3dcrop_depth\2025\Day001_Wheat\85_depth.tif,https://huggingface.co/datasets/Link-Dev/UAV3DCrop/blob/main/2025/Day001_Wheat/images/85.JPG,https://huggingface.co/datasets/Link-Dev/UAV3DCrop_depth/blob/main/2025/Day001_Wheat_depth/85_depth.tif,main,metric_bias_corrected,32,20000,0.02993125,0.03497083868980408,0.051882002294182085,0.0008146721363067627,0.37479216313486335,0.25348457938807883,0.5808883693746347,0.05330268472347775
2025/Day001_Wheat,2025,Day001,wheat,85.JPG,85,DJI Mavic 3M RGB camera,nadir,nadir,0.9999854698430397,5280,3956,85_depth.tif,True,True,OPENCV,data\uav3dcrop\2025\Day001_Wheat\images\85.JPG,data\uav3dcrop_depth\2025\Day001_Wheat\85_depth.tif,https://huggingface.co/datasets/Link-Dev/UAV3DCrop/blob/main/2025/Day001_Wheat/images/85.JPG,https://huggingface.co/datasets/Link-Dev/UAV3DCrop_depth/blob/main/2025/Day001_Wheat_depth/85_depth.tif,main,metric_scale_shift,32,20000,0.02993125,0.029519662618637085,0.05149444053128072,-0.001158130121231079,0.37479272075172115,0.25348553013561814,0.5808883693746347,0.05330268472347775
2025/Day001_Wheat,2025,Day001,wheat,85.JPG,85,DJI Mavic 3M RGB camera,nadir,nadir,0.9999854698430397,5280,3956,85_depth.tif,True,True,OPENCV,data\uav3dcrop\2025\Day001_Wheat\images\85.JPG,data\uav3dcrop_depth\2025\Day001_Wheat\85_depth.tif,https://huggingface.co/datasets/Link-Dev/UAV3DCrop/blob/main/2025/Day001_Wheat/images/85.JPG,https://huggingface.co/datasets/Link-Dev/UAV3DCrop_depth/blob/main/2025/Day001_Wheat_depth/85_depth.tif,main,relative_scale_shift,32,20000,0.02993125,0.02954068865776062,0.05182309093312995,-0.0012714643955230713,0.5911655839807661,0.24785060416243548,0.5713617767387492,0.05330268472347775
2025/Day001_Wheat,2025,Day001,wheat,85.JPG,85,DJI Mavic 3M RGB camera,nadir,nadir,0.9999854698430397,5280,3956,85_depth.tif,True,True,OPENCV,data\uav3dcrop\2025\Day001_Wheat\images\85.JPG,data\uav3dcrop_depth\2025\Day001_Wheat\85_depth.tif,https://huggingface.co/datasets/Link-Dev/UAV3DCrop/blob/main/2025/Day001_Wheat/images/85.JPG,https://huggingface.co/datasets/Link-Dev/UAV3DCrop_depth/blob/main/2025/Day001_Wheat_depth/85_depth.tif,main,metric_raw,64,20000,0.046816796875,0.05014596390724182,0.06948043697986196,0.0020921294689178467,0.5265712655310955,0.3322925043561302,0.5994993045897079,0.07950060418337235
2025/Day001_Wheat,2025,Day001,wheat,85.JPG,85,DJI Mavic 3M RGB camera,nadir,nadir,0.9999854698430397,5280,3956,85_depth.tif,True,True,OPENCV,data\uav3dcrop\2025\Day001_Wheat\images\85.JPG,data\uav3dcrop_depth\2025\Day001_Wheat\85_depth.tif,https://huggingface.co/datasets/Link-Dev/UAV3DCrop/blob/main/2025/Day001_Wheat/images/85.JPG,https://huggingface.co/datasets/Link-Dev/UAV3DCrop_depth/blob/main/2025/Day001_Wheat_depth/85_depth.tif,main,metric_bias_corrected,64,20000,0.046816796875,0.05014596271514893,0.06948043444286543,0.0020921290397644043,0.5265712917533987,0.33229277949406755,0.5994993045897079,0.07950060418337235
2025/Day001_Wheat,2025,Day001,wheat,85.JPG,85,DJI Mavic 3M RGB camera,nadir,nadir,0.9999854698430397,5280,3956,85_depth.tif,True,True,OPENCV,data\uav3dcrop\2025\Day001_Wheat\images\85.JPG,data\uav3dcrop_depth\2025\Day001_Wheat\85_depth.tif,https://huggingface.co/datasets/Link-Dev/UAV3DCrop/blob/main/2025/Day001_Wheat/images/85.JPG,https://huggingface.co/datasets/Link-Dev/UAV3DCrop_depth/blob/main/2025/Day001_Wheat_depth/85_depth.tif,main,metric_scale_shift,64,20000,0.046816796875,0.045276408576965334,0.07518441339981277,-0.0017365598678588867,0.5265710978239432,0.33229183682176205,0.5994993045897079,0.07950060418337235
2025/Day001_Wheat,2025,Day001,wheat,85.JPG,85,DJI Mavic 3M RGB camera,nadir,nadir,0.9999854698430397,5280,3956,85_depth.tif,True,True,OPENCV,data\uav3dcrop\2025\Day001_Wheat\images\85.JPG,data\uav3dcrop_depth\2025\Day001_Wheat\85_depth.tif,https://huggingface.co/datasets/Link-Dev/UAV3DCrop/blob/main/2025/Day001_Wheat/images/85.JPG,https://huggingface.co/datasets/Link-Dev/UAV3DCrop_depth/blob/main/2025/Day001_Wheat_depth/85_depth.tif,main,relative_scale_shift,64,20000,0.046816796875,0.045769280672073365,0.07642939780962363,-0.002019563913345337,0.665032641984199,0.32082633727683635,0.5921557719054242,0.07950060418337235
2025/Day001_Wheat,2025,Day001,wheat,85.JPG,85,DJI Mavic 3M RGB camera,nadir,nadir,0.9999854698430397,5280,3956,85_depth.tif,True,True,OPENCV,data\uav3dcrop\2025\Day001_Wheat\images\85.JPG,data\uav3dcrop_depth\2025\Day001_Wheat\85_depth.tif,https://huggingface.co/datasets/Link-Dev/UAV3DCrop/blob/main/2025/Day001_Wheat/images/85.JPG,https://huggingface.co/datasets/Link-Dev/UAV3DCrop_depth/blob/main/2025/Day001_Wheat_depth/85_depth.tif,main,metric_raw,128,20000,0.066706640625,0.06575968172550202,0.0866686004869053,0.0032000720739364624,0.6060368838214772,0.4564921099021512,0.645439362103335,0.10500724002472918
2025/Day001_Wheat,2025,Day001,wheat,85.JPG,85,DJI Mavic 3M RGB camera,nadir,nadir,0.9999854698430397,5280,3956,85_depth.tif,True,True,OPENCV,data\uav3dcrop\2025\Day001_Wheat\images\85.JPG,data\uav3dcrop_depth\2025\Day001_Wheat\85_depth.tif,https://huggingface.co/datasets/Link-Dev/UAV3DCrop/blob/main/2025/Day001_Wheat/images/85.JPG,https://huggingface.co/datasets/Link-Dev/UAV3DCrop_depth/blob/main/2025/Day001_Wheat_depth/85_depth.tif,main,metric_bias_corrected,128,20000,0.066706640625,0.06575968041419983,0.08666860183880602,0.0032000762462615967,0.6060368608099923,0.45649227339841647,0.645439362103335,0.10500724002472918
2025/Day001_Wheat,2025,Day001,wheat,85.JPG,85,DJI Mavic 3M RGB camera,nadir,nadir,0.9999854698430397,5280,3956,85_depth.tif,True,True,OPENCV,data\uav3dcrop\2025\Day001_Wheat\images\85.JPG,data\uav3dcrop_depth\2025\Day001_Wheat\85_depth.tif,https://huggingface.co/datasets/Link-Dev/UAV3DCrop/blob/main/2025/Day001_Wheat/images/85.JPG,https://huggingface.co/datasets/Link-Dev/UAV3DCrop_depth/blob/main/2025/Day001_Wheat_depth/85_depth.tif,main,metric_scale_shift,128,20000,0.066706640625,0.06287072949409485,0.09754298241712517,-0.004049211168289184,0.6060367797622978,0.4564917219608343,0.6453854856958138,0.10500724002472918
2025/Day001_Wheat,2025,Day001,wheat,85.JPG,85,DJI Mavic 3M RGB camera,nadir,nadir,0.9999854698430397,5280,3956,85_depth.tif,True,True,OPENCV,data\uav3dcrop\2025\Day001_Wheat\images\85.JPG,data\uav3dcrop_depth\2025\Day001_Wheat\85_depth.tif,https://huggingface.co/datasets/Link-Dev/UAV3DCrop/blob/main/2025/Day001_Wheat/images/85.JPG,https://huggingface.co/datasets/Link-Dev/UAV3DCrop_depth/blob/main/2025/Day001_Wheat_depth/85_depth.tif,main,relative_scale_shift,128,20000,0.066706640625,0.06435310873985291,0.09994599139862827,-0.004488436269760132,0.6562943178279913,0.4130480259657252,0.6247508216152147,0.10500724002472918
2025/Day001_Wheat,2025,Day001,wheat,127.JPG,127,DJI Mavic 3M RGB camera,nadir,nadir,0.9999789990409258,5280,3956,127_depth.tif,True,True,OPENCV,data\uav3dcrop\2025\Day001_Wheat\images\127.JPG,data\uav3dcrop_depth\2025\Day001_Wheat\127_depth.tif,https://huggingface.co/datasets/Link-Dev/UAV3DCrop/blob/main/2025/Day001_Wheat/images/127.JPG,https://huggingface.co/datasets/Link-Dev/UAV3DCrop_depth/blob/main/2025/Day001_Wheat_depth/127_depth.tif,main,metric_raw,8,20000,0.01106875,0.013154518532752991,0.025331685829032224,0.0008266639947891235,0.11751352859193079,0.09794864584588717,0.5345902387106584,0.02466354929977638
2025/Day001_Wheat,2025,Day001,wheat,127.JPG,127,DJI Mavic 3M RGB camera,nadir,nadir,0.9999789990409258,5280,3956,127_depth.tif,True,True,OPENCV,data\uav3dcrop\2025\Day001_Wheat\images\127.JPG,data\uav3dcrop_depth\2025\Day001_Wheat\127_depth.tif,https://huggingface.co/datasets/Link-Dev/UAV3DCrop/blob/main/2025/Day001_Wheat/images/127.JPG,https://huggingface.co/datasets/Link-Dev/UAV3DCrop_depth/blob/main/2025/Day001_Wheat_depth/127_depth.tif,main,metric_bias_corrected,8,20000,0.01106875,0.01315451865196228,0.02533168389849131,0.0008266618251800538,0.11751382465818552,0.09794968187347651,0.5345902387106584,0.02466354929977638
2025/Day001_Wheat,2025,Day001,wheat,127.JPG,127,DJI Mavic 3M RGB camera,nadir,nadir,0.9999789990409258,5280,3956,127_depth.tif,True,True,OPENCV,data\uav3dcrop\2025\Day001_Wheat\images\127.JPG,data\uav3dcrop_depth\2025\Day001_Wheat\127_depth.tif,https://huggingface.co/datasets/Link-Dev/UAV3DCrop/blob/main/2025/Day001_Wheat/images/127.JPG,https://huggingface.co/datasets/Link-Dev/UAV3DCrop_depth/blob/main/2025/Day001_Wheat_depth/127_depth.tif,main,metric_scale_shift,8,20000,0.01106875,0.011390056896209717,0.024512552244728883,0.00047106218338012696,0.11751390366875135,0.09795085262554167,0.5344381937053367,0.02466354929977638
2025/Day001_Wheat,2025,Day001,wheat,127.JPG,127,DJI Mavic 3M RGB camera,nadir,nadir,0.9999789990409258,5280,3956,127_depth.tif,True,True,OPENCV,data\uav3dcrop\2025\Day001_Wheat\images\127.JPG,data\uav3dcrop_depth\2025\Day001_Wheat\127_depth.tif,https://huggingface.co/datasets/Link-Dev/UAV3DCrop/blob/main/2025/Day001_Wheat/images/127.JPG,https://huggingface.co/datasets/Link-Dev/UAV3DCrop_depth/blob/main/2025/Day001_Wheat_depth/127_depth.tif,main,relative_scale_shift,8,20000,0.01106875,0.01107533597946167,0.024634864476604422,0.00037335338592529296,0.32653585282798314,0.13422760733852226,0.5422685114793979,0.02466354929977638
2025/Day001_Wheat,2025,Day001,wheat,127.JPG,127,DJI Mavic 3M RGB camera,nadir,nadir,0.9999789990409258,5280,3956,127_depth.tif,True,True,OPENCV,data\uav3dcrop\2025\Day001_Wheat\images\127.JPG,data\uav3dcrop_depth\2025\Day001_Wheat\127_depth.tif,https://huggingface.co/datasets/Link-Dev/UAV3DCrop/blob/main/2025/Day001_Wheat/images/127.JPG,https://huggingface.co/datasets/Link-Dev/UAV3DCrop_depth/blob/main/2025/Day001_Wheat_depth/127_depth.tif,main,metric_raw,16,20000,0.02018046875,0.022877003884315492,0.03908097767101945,0.0009098051786422729,0.17520526645872916,0.12671584821746074,0.539631248812013,0.03875258972571019
2025/Day001_Wheat,2025,Day001,wheat,127.JPG,127,DJI Mavic 3M RGB camera,nadir,nadir,0.9999789990409258,5280,3956,127_depth.tif,True,True,OPENCV,data\uav3dcrop\2025\Day001_Wheat\images\127.JPG,data\uav3dcrop_depth\2025\Day001_Wheat\127_depth.tif,https://huggingface.co/datasets/Link-Dev/UAV3DCrop/blob/main/2025/Day001_Wheat/images/127.JPG,https://huggingface.co/datasets/Link-Dev/UAV3DCrop_depth/blob/main/2025/Day001_Wheat_depth/127_depth.tif,main,metric_bias_corrected,16,20000,0.02018046875,0.02287700595855713,0.03908097738475789,0.0009098085403442383,0.17520527856217546,0.12671641337499093,0.539631248812013,0.03875258972571019
2025/Day001_Wheat,2025,Day001,wheat,127.JPG,127,DJI Mavic 3M RGB camera,nadir,nadir,0.9999789990409258,5280,3956,127_depth.tif,True,True,OPENCV,data\uav3dcrop\2025\Day001_Wheat\images\127.JPG,data\uav3dcrop_depth\2025\Day001_Wheat\127_depth.tif,https://huggingface.co/datasets/Link-Dev/UAV3DCrop/blob/main/2025/Day001_Wheat/images/127.JPG,https://huggingface.co/datasets/Link-Dev/UAV3DCrop_depth/blob/main/2025/Day001_Wheat_depth/127_depth.tif,main,metric_scale_shift,16,20000,0.02018046875,0.020389888095855714,0.038311566574793406,0.0002191950798034668,0.17520493010597807,0.12671634063201032,0.539631248812013,0.03875258972571019
2025/Day001_Wheat,2025,Day001,wheat,127.JPG,127,DJI Mavic 3M RGB camera,nadir,nadir,0.9999789990409258,5280,3956,127_depth.tif,True,True,OPENCV,data\uav3dcrop\2025\Day001_Wheat\images\127.JPG,data\uav3dcrop_depth\2025\Day001_Wheat\127_depth.tif,https://huggingface.co/datasets/Link-Dev/UAV3DCrop/blob/main/2025/Day001_Wheat/images/127.JPG,https://huggingface.co/datasets/Link-Dev/UAV3DCrop_depth/blob/main/2025/Day001_Wheat_depth/127_depth.tif,main,relative_scale_shift,16,20000,0.02018046875,0.020177035093307497,0.03867579791560322,3.1293821334838866e-05,0.4076084192313294,0.15980239068144342,0.5432427295191028,0.03875258972571019
2025/Day001_Wheat,2025,Day001,wheat,127.JPG,127,DJI Mavic 3M RGB camera,nadir,nadir,0.9999789990409258,5280,3956,127_depth.tif,True,True,OPENCV,data\uav3dcrop\2025\Day001_Wheat\images\127.JPG,data\uav3dcrop_depth\2025\Day001_Wheat\127_depth.tif,https://huggingface.co/datasets/Link-Dev/UAV3DCrop/blob/main/2025/Day001_Wheat/images/127.JPG,https://huggingface.co/datasets/Link-Dev/UAV3DCrop_depth/blob/main/2025/Day001_Wheat_depth/127_depth.tif,main,metric_raw,32,20000,0.0340421875,0.03715867300033569,0.05914907639173479,0.002844728422164917,0.252439542075046,0.20568396770717734,0.5632970090424299,0.059923910086041615
2025/Day001_Wheat,2025,Day001,wheat,127.JPG,127,DJI Mavic 3M RGB camera,nadir,nadir,0.9999789990409258,5280,3956,127_depth.tif,True,True,OPENCV,data\uav3dcrop\2025\Day001_Wheat\images\127.JPG,data\uav3dcrop_depth\2025\Day001_Wheat\127_depth.tif,https://huggingface.co/datasets/Link-Dev/UAV3DCrop/blob/main/2025/Day001_Wheat/images/127.JPG,https://huggingface.co/datasets/Link-Dev/UAV3DCrop_depth/blob/main/2025/Day001_Wheat_depth/127_depth.tif,main,metric_bias_corrected,32,20000,0.0340421875,0.03715867047309875,0.05914907798012172,0.0028447251796722413,0.25243944903597026,0.20568444050622336,0.5632970090424299,0.059923910086041615
2025/Day001_Wheat,2025,Day001,wheat,127.JPG,127,DJI Mavic 3M RGB camera,nadir,nadir,0.9999789990409258,5280,3956,127_depth.tif,True,True,OPENCV,data\uav3dcrop\2025\Day001_Wheat\images\127.JPG,data\uav3dcrop_depth\2025\Day001_Wheat\127_depth.tif,https://huggingface.co/datasets/Link-Dev/UAV3DCrop/blob/main/2025/Day001_Wheat/images/127.JPG,https://huggingface.co/datasets/Link-Dev/UAV3DCrop_depth/blob/main/2025/Day001_Wheat_depth/127_depth.tif,main,metric_scale_shift,32,20000,0.0340421875,0.03388565344810486,0.05874627086952376,0.0012435011386871338,0.25243943461511015,0.20568385494172264,0.563239044748435,0.059923910086041615
2025/Day001_Wheat,2025,Day001,wheat,127.JPG,127,DJI Mavic 3M RGB camera,nadir,nadir,0.9999789990409258,5280,3956,127_depth.tif,True,True,OPENCV,data\uav3dcrop\2025\Day001_Wheat\images\127.JPG,data\uav3dcrop_depth\2025\Day001_Wheat\127_depth.tif,https://huggingface.co/datasets/Link-Dev/UAV3DCrop/blob/main/2025/Day001_Wheat/images/127.JPG,https://huggingface.co/datasets/Link-Dev/UAV3DCrop_depth/blob/main/2025/Day001_Wheat_depth/127_depth.tif,main,relative_scale_shift,32,20000,0.0340421875,0.03400655016899109,0.059747507507703385,0.0008062060832977295,0.4866326071352345,0.21247911684207516,0.5590656155808023,0.059923910086041615
2025/Day001_Wheat,2025,Day001,wheat,127.JPG,127,DJI Mavic 3M RGB camera,nadir,nadir,0.9999789990409258,5280,3956,127_depth.tif,True,True,OPENCV,data\uav3dcrop\2025\Day001_Wheat\images\127.JPG,data\uav3dcrop_depth\2025\Day001_Wheat\127_depth.tif,https://huggingface.co/datasets/Link-Dev/UAV3DCrop/blob/main/2025/Day001_Wheat/images/127.JPG,https://huggingface.co/datasets/Link-Dev/UAV3DCrop_depth/blob/main/2025/Day001_Wheat_depth/127_depth.tif,main,metric_raw,64,20000,0.050485546875,0.05422506010532379,0.0813686342052377,0.004222561717033386,0.32795565704720997,0.26870887282458855,0.5797736602685011,0.08447584504367806
2025/Day001_Wheat,2025,Day001,wheat,127.JPG,127,DJI Mavic 3M RGB camera,nadir,nadir,0.9999789990409258,5280,3956,127_depth.tif,True,True,OPENCV,data\uav3dcrop\2025\Day001_Wheat\images\127.JPG,data\uav3dcrop_depth\2025\Day001_Wheat\127_depth.tif,https://huggingface.co/datasets/Link-Dev/UAV3DCrop/blob/main/2025/Day001_Wheat/images/127.JPG,https://huggingface.co/datasets/Link-Dev/UAV3DCrop_depth/blob/main/2025/Day001_Wheat_depth/127_depth.tif,main,metric_bias_corrected,64,20000,0.050485546875,0.054225055646896364,0.08136863040350055,0.004222562837600708,0.3279557330256432,0.26870865441528213,0.5797736602685011,0.08447584504367806
2025/Day001_Wheat,2025,Day001,wheat,127.JPG,127,DJI Mavic 3M RGB camera,nadir,nadir,0.9999789990409258,5280,3956,127_depth.tif,True,True,OPENCV,data\uav3dcrop\2025\Day001_Wheat\images\127.JPG,data\uav3dcrop_depth\2025\Day001_Wheat\127_depth.tif,https://huggingface.co/datasets/Link-Dev/UAV3DCrop/blob/main/2025/Day001_Wheat/images/127.JPG,https://huggingface.co/datasets/Link-Dev/UAV3DCrop_depth/blob/main/2025/Day001_Wheat_depth/127_depth.tif,main,metric_scale_shift,64,20000,0.050485546875,0.04970745811462402,0.08189547366981596,0.0015779008865356445,0.3279555335168091,0.26870897511315933,0.5797736602685011,0.08447584504367806
2025/Day001_Wheat,2025,Day001,wheat,127.JPG,127,DJI Mavic 3M RGB camera,nadir,nadir,0.9999789990409258,5280,3956,127_depth.tif,True,True,OPENCV,data\uav3dcrop\2025\Day001_Wheat\images\127.JPG,data\uav3dcrop_depth\2025\Day001_Wheat\127_depth.tif,https://huggingface.co/datasets/Link-Dev/UAV3DCrop/blob/main/2025/Day001_Wheat/images/127.JPG,https://huggingface.co/datasets/Link-Dev/UAV3DCrop_depth/blob/main/2025/Day001_Wheat_depth/127_depth.tif,main,relative_scale_shift,64,20000,0.050485546875,0.05038684368133545,0.08413049356710015,0.0008587774276733398,0.5141252209823431,0.26500750134418,0.5800510373904361,0.08447584504367806
2025/Day001_Wheat,2025,Day001,wheat,127.JPG,127,DJI Mavic 3M RGB camera,nadir,nadir,0.9999789990409258,5280,3956,127_depth.tif,True,True,OPENCV,data\uav3dcrop\2025\Day001_Wheat\images\127.JPG,data\uav3dcrop_depth\2025\Day001_Wheat\127_depth.tif,https://huggingface.co/datasets/Link-Dev/UAV3DCrop/blob/main/2025/Day001_Wheat/images/127.JPG,https://huggingface.co/datasets/Link-Dev/UAV3DCrop_depth/blob/main/2025/Day001_Wheat_depth/127_depth.tif,main,metric_raw,128,20000,0.074437109375,0.07929525027275086,0.11014803137227276,0.007913253307342528,0.35688075060543967,0.33320183187583735,0.6046325024071895,0.11511710809652737
2025/Day001_Wheat,2025,Day001,wheat,127.JPG,127,DJI Mavic 3M RGB camera,nadir,nadir,0.9999789990409258,5280,3956,127_depth.tif,True,True,OPENCV,data\uav3dcrop\2025\Day001_Wheat\images\127.JPG,data\uav3dcrop_depth\2025\Day001_Wheat\127_depth.tif,https://huggingface.co/datasets/Link-Dev/UAV3DCrop/blob/main/2025/Day001_Wheat/images/127.JPG,https://huggingface.co/datasets/Link-Dev/UAV3DCrop_depth/blob/main/2025/Day001_Wheat_depth/127_depth.tif,main,metric_bias_corrected,128,20000,0.074437109375,0.07929525022506714,0.11014802844408031,0.007913252067565917,0.35688078003048324,0.3332017729404303,0.6046325024071895,0.11511710809652737
2025/Day001_Wheat,2025,Day001,wheat,127.JPG,127,DJI Mavic 3M RGB camera,nadir,nadir,0.9999789990409258,5280,3956,127_depth.tif,True,True,OPENCV,data\uav3dcrop\2025\Day001_Wheat\images\127.JPG,data\uav3dcrop_depth\2025\Day001_Wheat\127_depth.tif,https://huggingface.co/datasets/Link-Dev/UAV3DCrop/blob/main/2025/Day001_Wheat/images/127.JPG,https://huggingface.co/datasets/Link-Dev/UAV3DCrop_depth/blob/main/2025/Day001_Wheat_depth/127_depth.tif,main,metric_scale_shift,128,20000,0.074437109375,0.07304416189193726,0.11097142528174725,0.003116468143463135,0.3568811466196499,0.33320267328632064,0.6046325024071895,0.11511710809652737
2025/Day001_Wheat,2025,Day001,wheat,127.JPG,127,DJI Mavic 3M RGB camera,nadir,nadir,0.9999789990409258,5280,3956,127_depth.tif,True,True,OPENCV,data\uav3dcrop\2025\Day001_Wheat\images\127.JPG,data\uav3dcrop_depth\2025\Day001_Wheat\127_depth.tif,https://huggingface.co/datasets/Link-Dev/UAV3DCrop/blob/main/2025/Day001_Wheat/images/127.JPG,https://huggingface.co/datasets/Link-Dev/UAV3DCrop_depth/blob/main/2025/Day001_Wheat_depth/127_depth.tif,main,relative_scale_shift,128,20000,0.074437109375,0.0741574191570282,0.11447158900522089,0.0018142950534820556,0.5312389761596512,0.380267258064701,0.6150636567882743,0.11511710809652737
2025/Day001_Wheat,2025,Day001,wheat,169.JPG,169,DJI Mavic 3M RGB camera,nadir,nadir,0.9999973586936671,5280,3956,169_depth.tif,True,True,OPENCV,data\uav3dcrop\2025\Day001_Wheat\images\169.JPG,data\uav3dcrop_depth\2025\Day001_Wheat\169_depth.tif,https://huggingface.co/datasets/Link-Dev/UAV3DCrop/blob/main/2025/Day001_Wheat/images/169.JPG,https://huggingface.co/datasets/Link-Dev/UAV3DCrop_depth/blob/main/2025/Day001_Wheat_depth/169_depth.tif,main,metric_raw,8,20000,0.005370703125,0.008651798963546753,0.014868359368480582,0.0011032436847686767,0.10786279289226812,0.05803897510351801,0.5249117708117085,0.01245924796907237
2025/Day001_Wheat,2025,Day001,wheat,169.JPG,169,DJI Mavic 3M RGB camera,nadir,nadir,0.9999973586936671,5280,3956,169_depth.tif,True,True,OPENCV,data\uav3dcrop\2025\Day001_Wheat\images\169.JPG,data\uav3dcrop_depth\2025\Day001_Wheat\169_depth.tif,https://huggingface.co/datasets/Link-Dev/UAV3DCrop/blob/main/2025/Day001_Wheat/images/169.JPG,https://huggingface.co/datasets/Link-Dev/UAV3DCrop_depth/blob/main/2025/Day001_Wheat_depth/169_depth.tif,main,metric_bias_corrected,8,20000,0.005370703125,0.008651807403564454,0.014868363508467201,0.0011032471656799317,0.10786265699835718,0.058037220427944555,0.5249117708117085,0.01245924796907237
2025/Day001_Wheat,2025,Day001,wheat,169.JPG,169,DJI Mavic 3M RGB camera,nadir,nadir,0.9999973586936671,5280,3956,169_depth.tif,True,True,OPENCV,data\uav3dcrop\2025\Day001_Wheat\images\169.JPG,data\uav3dcrop_depth\2025\Day001_Wheat\169_depth.tif,https://huggingface.co/datasets/Link-Dev/UAV3DCrop/blob/main/2025/Day001_Wheat/images/169.JPG,https://huggingface.co/datasets/Link-Dev/UAV3DCrop_depth/blob/main/2025/Day001_Wheat_depth/169_depth.tif,main,metric_scale_shift,8,20000,0.005370703125,0.00545865421295166,0.012491360410574902,-5.290985107421875e-07,-0.10787165022022858,-0.0580393364772443,0.47456923396304757,0.01245924796907237
2025/Day001_Wheat,2025,Day001,wheat,169.JPG,169,DJI Mavic 3M RGB camera,nadir,nadir,0.9999973586936671,5280,3956,169_depth.tif,True,True,OPENCV,data\uav3dcrop\2025\Day001_Wheat\images\169.JPG,data\uav3dcrop_depth\2025\Day001_Wheat\169_depth.tif,https://huggingface.co/datasets/Link-Dev/UAV3DCrop/blob/main/2025/Day001_Wheat/images/169.JPG,https://huggingface.co/datasets/Link-Dev/UAV3DCrop_depth/blob/main/2025/Day001_Wheat_depth/169_depth.tif,main,relative_scale_shift,8,20000,0.005370703125,0.005377261447906494,0.0124658271063267,2.5827217102050782e-05,-0.3122706123606627,-0.04414228570318435,0.47789080340460866,0.01245924796907237
2025/Day001_Wheat,2025,Day001,wheat,169.JPG,169,DJI Mavic 3M RGB camera,nadir,nadir,0.9999973586936671,5280,3956,169_depth.tif,True,True,OPENCV,data\uav3dcrop\2025\Day001_Wheat\images\169.JPG,data\uav3dcrop_depth\2025\Day001_Wheat\169_depth.tif,https://huggingface.co/datasets/Link-Dev/UAV3DCrop/blob/main/2025/Day001_Wheat/images/169.JPG,https://huggingface.co/datasets/Link-Dev/UAV3DCrop_depth/blob/main/2025/Day001_Wheat_depth/169_depth.tif,main,metric_raw,16,20000,0.01001796875,0.014821406364440917,0.023756475087318703,0.001971467161178589,0.2003824354977924,0.07110614579244222,0.5297052502302733,0.02076926097717697
2025/Day001_Wheat,2025,Day001,wheat,169.JPG,169,DJI Mavic 3M RGB camera,nadir,nadir,0.9999973586936671,5280,3956,169_depth.tif,True,True,OPENCV,data\uav3dcrop\2025\Day001_Wheat\images\169.JPG,data\uav3dcrop_depth\2025\Day001_Wheat\169_depth.tif,https://huggingface.co/datasets/Link-Dev/UAV3DCrop/blob/main/2025/Day001_Wheat/images/169.JPG,https://huggingface.co/datasets/Link-Dev/UAV3DCrop_depth/blob/main/2025/Day001_Wheat_depth/169_depth.tif,main,metric_bias_corrected,16,20000,0.01001796875,0.01482140703201294,0.023756477670805548,0.0019714677810668945,0.20038225303184803,0.07110627521928295,0.5296284924777402,0.02076926097717697
2025/Day001_Wheat,2025,Day001,wheat,169.JPG,169,DJI Mavic 3M RGB camera,nadir,nadir,0.9999973586936671,5280,3956,169_depth.tif,True,True,OPENCV,data\uav3dcrop\2025\Day001_Wheat\images\169.JPG,data\uav3dcrop_depth\2025\Day001_Wheat\169_depth.tif,https://huggingface.co/datasets/Link-Dev/UAV3DCrop/blob/main/2025/Day001_Wheat/images/169.JPG,https://huggingface.co/datasets/Link-Dev/UAV3DCrop_depth/blob/main/2025/Day001_Wheat_depth/169_depth.tif,main,metric_scale_shift,16,20000,0.01001796875,0.010130721950531005,0.020868615168790048,-0.0002466681480407715,-0.20037763472714526,-0.07110140442055134,0.4693736567393307,0.02076926097717697
2025/Day001_Wheat,2025,Day001,wheat,169.JPG,169,DJI Mavic 3M RGB camera,nadir,nadir,0.9999973586936671,5280,3956,169_depth.tif,True,True,OPENCV,data\uav3dcrop\2025\Day001_Wheat\images\169.JPG,data\uav3dcrop_depth\2025\Day001_Wheat\169_depth.tif,https://huggingface.co/datasets/Link-Dev/UAV3DCrop/blob/main/2025/Day001_Wheat/images/169.JPG,https://huggingface.co/datasets/Link-Dev/UAV3DCrop_depth/blob/main/2025/Day001_Wheat_depth/169_depth.tif,main,relative_scale_shift,16,20000,0.01001796875,0.01002889485359192,0.020788107579702595,-0.00019432082176208497,-0.42803511085269896,-0.09063143387534027,0.46630334663801043,0.02076926097717697
2025/Day001_Wheat,2025,Day001,wheat,169.JPG,169,DJI Mavic 3M RGB camera,nadir,nadir,0.9999973586936671,5280,3956,169_depth.tif,True,True,OPENCV,data\uav3dcrop\2025\Day001_Wheat\images\169.JPG,data\uav3dcrop_depth\2025\Day001_Wheat\169_depth.tif,https://huggingface.co/datasets/Link-Dev/UAV3DCrop/blob/main/2025/Day001_Wheat/images/169.JPG,https://huggingface.co/datasets/Link-Dev/UAV3DCrop_depth/blob/main/2025/Day001_Wheat_depth/169_depth.tif,main,metric_raw,32,20000,0.0158875,0.023367964220046996,0.03465346477088847,0.003913265895843506,0.2342414912068123,0.1059069929952131,0.5384002655160969,0.029997663116990776
2025/Day001_Wheat,2025,Day001,wheat,169.JPG,169,DJI Mavic 3M RGB camera,nadir,nadir,0.9999973586936671,5280,3956,169_depth.tif,True,True,OPENCV,data\uav3dcrop\2025\Day001_Wheat\images\169.JPG,data\uav3dcrop_depth\2025\Day001_Wheat\169_depth.tif,https://huggingface.co/datasets/Link-Dev/UAV3DCrop/blob/main/2025/Day001_Wheat/images/169.JPG,https://huggingface.co/datasets/Link-Dev/UAV3DCrop_depth/blob/main/2025/Day001_Wheat_depth/169_depth.tif,main,metric_bias_corrected,32,20000,0.0158875,0.023367961645126344,0.034653458432406296,0.003913268423080444,0.2342417250849114,0.10590716008602999,0.5384002655160969,0.029997663116990776
2025/Day001_Wheat,2025,Day001,wheat,169.JPG,169,DJI Mavic 3M RGB camera,nadir,nadir,0.9999973586936671,5280,3956,169_depth.tif,True,True,OPENCV,data\uav3dcrop\2025\Day001_Wheat\images\169.JPG,data\uav3dcrop_depth\2025\Day001_Wheat\169_depth.tif,https://huggingface.co/datasets/Link-Dev/UAV3DCrop/blob/main/2025/Day001_Wheat/images/169.JPG,https://huggingface.co/datasets/Link-Dev/UAV3DCrop_depth/blob/main/2025/Day001_Wheat_depth/169_depth.tif,main,metric_scale_shift,32,20000,0.0158875,0.016045486545562745,0.030177596155764094,-0.0003896385192871094,-0.23424202251942397,-0.10589735682770572,0.46106870229007635,0.029997663116990776
2025/Day001_Wheat,2025,Day001,wheat,169.JPG,169,DJI Mavic 3M RGB camera,nadir,nadir,0.9999973586936671,5280,3956,169_depth.tif,True,True,OPENCV,data\uav3dcrop\2025\Day001_Wheat\images\169.JPG,data\uav3dcrop_depth\2025\Day001_Wheat\169_depth.tif,https://huggingface.co/datasets/Link-Dev/UAV3DCrop/blob/main/2025/Day001_Wheat/images/169.JPG,https://huggingface.co/datasets/Link-Dev/UAV3DCrop_depth/blob/main/2025/Day001_Wheat_depth/169_depth.tif,main,relative_scale_shift,32,20000,0.0158875,0.01590512161254883,0.030037868746860697,-0.0002879744529724121,-0.5190872616405157,-0.11073995680745966,0.4663126452041155,0.029997663116990776
2025/Day001_Wheat,2025,Day001,wheat,169.JPG,169,DJI Mavic 3M RGB camera,nadir,nadir,0.9999973586936671,5280,3956,169_depth.tif,True,True,OPENCV,data\uav3dcrop\2025\Day001_Wheat\images\169.JPG,data\uav3dcrop_depth\2025\Day001_Wheat\169_depth.tif,https://huggingface.co/datasets/Link-Dev/UAV3DCrop/blob/main/2025/Day001_Wheat/images/169.JPG,https://huggingface.co/datasets/Link-Dev/UAV3DCrop_depth/blob/main/2025/Day001_Wheat_depth/169_depth.tif,main,metric_raw,64,20000,0.0243,0.03599320387840271,0.05158779793157252,0.007126393604278565,0.30357661025810356,0.13951601540716924,0.550561797752809,0.04371160786879826
2025/Day001_Wheat,2025,Day001,wheat,169.JPG,169,DJI Mavic 3M RGB camera,nadir,nadir,0.9999973586936671,5280,3956,169_depth.tif,True,True,OPENCV,data\uav3dcrop\2025\Day001_Wheat\images\169.JPG,data\uav3dcrop_depth\2025\Day001_Wheat\169_depth.tif,https://huggingface.co/datasets/Link-Dev/UAV3DCrop/blob/main/2025/Day001_Wheat/images/169.JPG,https://huggingface.co/datasets/Link-Dev/UAV3DCrop_depth/blob/main/2025/Day001_Wheat_depth/169_depth.tif,main,metric_bias_corrected,64,20000,0.0243,0.035993209600448606,0.051587800941207664,0.007126399374008179,0.3035766448920421,0.13951602700064478,0.5505013893922919,0.04371160786879826
2025/Day001_Wheat,2025,Day001,wheat,169.JPG,169,DJI Mavic 3M RGB camera,nadir,nadir,0.9999973586936671,5280,3956,169_depth.tif,True,True,OPENCV,data\uav3dcrop\2025\Day001_Wheat\images\169.JPG,data\uav3dcrop_depth\2025\Day001_Wheat\169_depth.tif,https://huggingface.co/datasets/Link-Dev/UAV3DCrop/blob/main/2025/Day001_Wheat/images/169.JPG,https://huggingface.co/datasets/Link-Dev/UAV3DCrop_depth/blob/main/2025/Day001_Wheat_depth/169_depth.tif,main,metric_scale_shift,64,20000,0.0243,0.024546710443496704,0.04411076055413436,-0.0010541991710662842,-0.3035799647122167,-0.13951894498362016,0.4492569771656397,0.04371160786879826
2025/Day001_Wheat,2025,Day001,wheat,169.JPG,169,DJI Mavic 3M RGB camera,nadir,nadir,0.9999973586936671,5280,3956,169_depth.tif,True,True,OPENCV,data\uav3dcrop\2025\Day001_Wheat\images\169.JPG,data\uav3dcrop_depth\2025\Day001_Wheat\169_depth.tif,https://huggingface.co/datasets/Link-Dev/UAV3DCrop/blob/main/2025/Day001_Wheat/images/169.JPG,https://huggingface.co/datasets/Link-Dev/UAV3DCrop_depth/blob/main/2025/Day001_Wheat_depth/169_depth.tif,main,relative_scale_shift,64,20000,0.0243,0.024333878707885743,0.043796452432908785,-0.0008618624687194824,-0.5648000751589694,-0.1623836422699361,0.4552374048568322,0.04371160786879826
2025/Day001_Wheat,2025,Day001,wheat,169.JPG,169,DJI Mavic 3M RGB camera,nadir,nadir,0.9999973586936671,5280,3956,169_depth.tif,True,True,OPENCV,data\uav3dcrop\2025\Day001_Wheat\images\169.JPG,data\uav3dcrop_depth\2025\Day001_Wheat\169_depth.tif,https://huggingface.co/datasets/Link-Dev/UAV3DCrop/blob/main/2025/Day001_Wheat/images/169.JPG,https://huggingface.co/datasets/Link-Dev/UAV3DCrop_depth/blob/main/2025/Day001_Wheat_depth/169_depth.tif,main,metric_raw,128,20000,0.033525390625,0.05434107520580292,0.07365915307185951,0.014009012532234192,0.3744247497909688,0.18092146832454056,0.5551529790660226,0.05771296164840464
2025/Day001_Wheat,2025,Day001,wheat,169.JPG,169,DJI Mavic 3M RGB camera,nadir,nadir,0.9999973586936671,5280,3956,169_depth.tif,True,True,OPENCV,data\uav3dcrop\2025\Day001_Wheat\images\169.JPG,data\uav3dcrop_depth\2025\Day001_Wheat\169_depth.tif,https://huggingface.co/datasets/Link-Dev/UAV3DCrop/blob/main/2025/Day001_Wheat/images/169.JPG,https://huggingface.co/datasets/Link-Dev/UAV3DCrop_depth/blob/main/2025/Day001_Wheat_depth/169_depth.tif,main,metric_bias_corrected,128,20000,0.033525390625,0.05434107570648193,0.07365915538272282,0.014009010601043701,0.37442473269058685,0.18092142509405854,0.5551529790660226,0.05771296164840464
2025/Day001_Wheat,2025,Day001,wheat,169.JPG,169,DJI Mavic 3M RGB camera,nadir,nadir,0.9999973586936671,5280,3956,169_depth.tif,True,True,OPENCV,data\uav3dcrop\2025\Day001_Wheat\images\169.JPG,data\uav3dcrop_depth\2025\Day001_Wheat\169_depth.tif,https://huggingface.co/datasets/Link-Dev/UAV3DCrop/blob/main/2025/Day001_Wheat/images/169.JPG,https://huggingface.co/datasets/Link-Dev/UAV3DCrop_depth/blob/main/2025/Day001_Wheat_depth/169_depth.tif,main,metric_scale_shift,128,20000,0.033525390625,0.03396099963188171,0.05852978929111313,-0.00208417649269104,-0.3744251020924918,-0.18092240744525576,0.4447319990798252,0.05771296164840464
2025/Day001_Wheat,2025,Day001,wheat,169.JPG,169,DJI Mavic 3M RGB camera,nadir,nadir,0.9999973586936671,5280,3956,169_depth.tif,True,True,OPENCV,data\uav3dcrop\2025\Day001_Wheat\images\169.JPG,data\uav3dcrop_depth\2025\Day001_Wheat\169_depth.tif,https://huggingface.co/datasets/Link-Dev/UAV3DCrop/blob/main/2025/Day001_Wheat/images/169.JPG,https://huggingface.co/datasets/Link-Dev/UAV3DCrop_depth/blob/main/2025/Day001_Wheat_depth/169_depth.tif,main,relative_scale_shift,128,20000,0.033525390625,0.033592916440963745,0.05787493445494387,-0.001709975290298462,-0.5784924510539592,-0.23337918208976338,0.4386358408097539,0.05771296164840464
2025/Day001_Wheat,2025,Day001,wheat,447.JPG,447,DJI Mavic 3M RGB camera,nadir,nadir,0.9999759613078372,5280,3956,447_depth.tif,True,True,OPENCV,data\uav3dcrop\2025\Day001_Wheat\images\447.JPG,data\uav3dcrop_depth\2025\Day001_Wheat\447_depth.tif,https://huggingface.co/datasets/Link-Dev/UAV3DCrop/blob/main/2025/Day001_Wheat/images/447.JPG,https://huggingface.co/datasets/Link-Dev/UAV3DCrop_depth/blob/main/2025/Day001_Wheat_depth/447_depth.tif,main,metric_raw,8,20000,0.008708984375,0.012788159441947937,0.05076945210409944,-0.00020168659687042236,0.00946869246168391,0.08282301506054804,0.5464895635673624,0.028775636007404168
2025/Day001_Wheat,2025,Day001,wheat,447.JPG,447,DJI Mavic 3M RGB camera,nadir,nadir,0.9999759613078372,5280,3956,447_depth.tif,True,True,OPENCV,data\uav3dcrop\2025\Day001_Wheat\images\447.JPG,data\uav3dcrop_depth\2025\Day001_Wheat\447_depth.tif,https://huggingface.co/datasets/Link-Dev/UAV3DCrop/blob/main/2025/Day001_Wheat/images/447.JPG,https://huggingface.co/datasets/Link-Dev/UAV3DCrop_depth/blob/main/2025/Day001_Wheat_depth/447_depth.tif,main,metric_bias_corrected,8,20000,0.008708984375,0.012788156414031982,0.05076945663999023,-0.00020168895721435547,0.009468723221640272,0.08282405289551442,0.5464895635673624,0.028775636007404168
2025/Day001_Wheat,2025,Day001,wheat,447.JPG,447,DJI Mavic 3M RGB camera,nadir,nadir,0.9999759613078372,5280,3956,447_depth.tif,True,True,OPENCV,data\uav3dcrop\2025\Day001_Wheat\images\447.JPG,data\uav3dcrop_depth\2025\Day001_Wheat\447_depth.tif,https://huggingface.co/datasets/Link-Dev/UAV3DCrop/blob/main/2025/Day001_Wheat/images/447.JPG,https://huggingface.co/datasets/Link-Dev/UAV3DCrop_depth/blob/main/2025/Day001_Wheat_depth/447_depth.tif,main,metric_scale_shift,8,20000,0.008708984375,0.008927868270874023,0.028918113814258482,-0.0001903641700744629,0.009470035216153179,0.08282311470274473,0.5462308090391582,0.028775636007404168
2025/Day001_Wheat,2025,Day001,wheat,447.JPG,447,DJI Mavic 3M RGB camera,nadir,nadir,0.9999759613078372,5280,3956,447_depth.tif,True,True,OPENCV,data\uav3dcrop\2025\Day001_Wheat\images\447.JPG,data\uav3dcrop_depth\2025\Day001_Wheat\447_depth.tif,https://huggingface.co/datasets/Link-Dev/UAV3DCrop/blob/main/2025/Day001_Wheat/images/447.JPG,https://huggingface.co/datasets/Link-Dev/UAV3DCrop_depth/blob/main/2025/Day001_Wheat_depth/447_depth.tif,main,relative_scale_shift,8,20000,0.008708984375,0.008730028390884399,0.028645716464069347,-0.00023403830528259277,0.194319811930803,0.0049715789699888244,0.48128342245989303,0.028775636007404168
2025/Day001_Wheat,2025,Day001,wheat,447.JPG,447,DJI Mavic 3M RGB camera,nadir,nadir,0.9999759613078372,5280,3956,447_depth.tif,True,True,OPENCV,data\uav3dcrop\2025\Day001_Wheat\images\447.JPG,data\uav3dcrop_depth\2025\Day001_Wheat\447_depth.tif,https://huggingface.co/datasets/Link-Dev/UAV3DCrop/blob/main/2025/Day001_Wheat/images/447.JPG,https://huggingface.co/datasets/Link-Dev/UAV3DCrop_depth/blob/main/2025/Day001_Wheat_depth/447_depth.tif,main,metric_raw,16,20000,0.015752734375,0.02154492583274841,0.043103751559397004,0.0009817954540252685,0.09511723185703332,0.09685826730166348,0.5434150394682177,0.04074379204766763
2025/Day001_Wheat,2025,Day001,wheat,447.JPG,447,DJI Mavic 3M RGB camera,nadir,nadir,0.9999759613078372,5280,3956,447_depth.tif,True,True,OPENCV,data\uav3dcrop\2025\Day001_Wheat\images\447.JPG,data\uav3dcrop_depth\2025\Day001_Wheat\447_depth.tif,https://huggingface.co/datasets/Link-Dev/UAV3DCrop/blob/main/2025/Day001_Wheat/images/447.JPG,https://huggingface.co/datasets/Link-Dev/UAV3DCrop_depth/blob/main/2025/Day001_Wheat_depth/447_depth.tif,main,metric_bias_corrected,16,20000,0.015752734375,0.021544920253753663,0.04310374925350868,0.0009817902565002442,0.09511734857851668,0.09685956965905457,0.5434150394682177,0.04074379204766763
2025/Day001_Wheat,2025,Day001,wheat,447.JPG,447,DJI Mavic 3M RGB camera,nadir,nadir,0.9999759613078372,5280,3956,447_depth.tif,True,True,OPENCV,data\uav3dcrop\2025\Day001_Wheat\images\447.JPG,data\uav3dcrop_depth\2025\Day001_Wheat\447_depth.tif,https://huggingface.co/datasets/Link-Dev/UAV3DCrop/blob/main/2025/Day001_Wheat/images/447.JPG,https://huggingface.co/datasets/Link-Dev/UAV3DCrop_depth/blob/main/2025/Day001_Wheat_depth/447_depth.tif,main,metric_scale_shift,16,20000,0.015752734375,0.015926390838623048,0.04063701220132542,0.0002999884605407715,0.09511939100572461,0.09686082714136168,0.5433457969810276,0.04074379204766763
2025/Day001_Wheat,2025,Day001,wheat,447.JPG,447,DJI Mavic 3M RGB camera,nadir,nadir,0.9999759613078372,5280,3956,447_depth.tif,True,True,OPENCV,data\uav3dcrop\2025\Day001_Wheat\images\447.JPG,data\uav3dcrop_depth\2025\Day001_Wheat\447_depth.tif,https://huggingface.co/datasets/Link-Dev/UAV3DCrop/blob/main/2025/Day001_Wheat/images/447.JPG,https://huggingface.co/datasets/Link-Dev/UAV3DCrop_depth/blob/main/2025/Day001_Wheat_depth/447_depth.tif,main,relative_scale_shift,16,20000,0.015752734375,0.015745087242126466,0.04044476997811423,0.00013490915298461915,0.2321474829622058,0.003304042919209528,0.483174075612796,0.04074379204766763
2025/Day001_Wheat,2025,Day001,wheat,447.JPG,447,DJI Mavic 3M RGB camera,nadir,nadir,0.9999759613078372,5280,3956,447_depth.tif,True,True,OPENCV,data\uav3dcrop\2025\Day001_Wheat\images\447.JPG,data\uav3dcrop_depth\2025\Day001_Wheat\447_depth.tif,https://huggingface.co/datasets/Link-Dev/UAV3DCrop/blob/main/2025/Day001_Wheat/images/447.JPG,https://huggingface.co/datasets/Link-Dev/UAV3DCrop_depth/blob/main/2025/Day001_Wheat_depth/447_depth.tif,main,metric_raw,32,20000,0.027071484375,0.037048945236206055,0.08384685219798985,0.0005466558456420898,0.09441363748061311,0.13552236501722464,0.5616144267926149,0.06422599088469441
2025/Day001_Wheat,2025,Day001,wheat,447.JPG,447,DJI Mavic 3M RGB camera,nadir,nadir,0.9999759613078372,5280,3956,447_depth.tif,True,True,OPENCV,data\uav3dcrop\2025\Day001_Wheat\images\447.JPG,data\uav3dcrop_depth\2025\Day001_Wheat\447_depth.tif,https://huggingface.co/datasets/Link-Dev/UAV3DCrop/blob/main/2025/Day001_Wheat/images/447.JPG,https://huggingface.co/datasets/Link-Dev/UAV3DCrop_depth/blob/main/2025/Day001_Wheat_depth/447_depth.tif,main,metric_bias_corrected,32,20000,0.027071484375,0.03704894714355469,0.08384685313676273,0.000546660041809082,0.09441367883483706,0.1355229058422407,0.5616144267926149,0.06422599088469441
2025/Day001_Wheat,2025,Day001,wheat,447.JPG,447,DJI Mavic 3M RGB camera,nadir,nadir,0.9999759613078372,5280,3956,447_depth.tif,True,True,OPENCV,data\uav3dcrop\2025\Day001_Wheat\images\447.JPG,data\uav3dcrop_depth\2025\Day001_Wheat\447_depth.tif,https://huggingface.co/datasets/Link-Dev/UAV3DCrop/blob/main/2025/Day001_Wheat/images/447.JPG,https://huggingface.co/datasets/Link-Dev/UAV3DCrop_depth/blob/main/2025/Day001_Wheat_depth/447_depth.tif,main,metric_scale_shift,32,20000,0.027071484375,0.027123144006729126,0.06395916085463324,-0.0003751549243927002,0.09441343915259211,0.135522061961538,0.5615530883886402,0.06422599088469441
2025/Day001_Wheat,2025,Day001,wheat,447.JPG,447,DJI Mavic 3M RGB camera,nadir,nadir,0.9999759613078372,5280,3956,447_depth.tif,True,True,OPENCV,data\uav3dcrop\2025\Day001_Wheat\images\447.JPG,data\uav3dcrop_depth\2025\Day001_Wheat\447_depth.tif,https://huggingface.co/datasets/Link-Dev/UAV3DCrop/blob/main/2025/Day001_Wheat/images/447.JPG,https://huggingface.co/datasets/Link-Dev/UAV3DCrop_depth/blob/main/2025/Day001_Wheat_depth/447_depth.tif,main,relative_scale_shift,32,20000,0.027071484375,0.026941585063934327,0.06347182347033621,-0.0006404861450195312,0.32472435416956513,0.040972510626845725,0.4986812243145433,0.06422599088469441
2025/Day001_Wheat,2025,Day001,wheat,447.JPG,447,DJI Mavic 3M RGB camera,nadir,nadir,0.9999759613078372,5280,3956,447_depth.tif,True,True,OPENCV,data\uav3dcrop\2025\Day001_Wheat\images\447.JPG,data\uav3dcrop_depth\2025\Day001_Wheat\447_depth.tif,https://huggingface.co/datasets/Link-Dev/UAV3DCrop/blob/main/2025/Day001_Wheat/images/447.JPG,https://huggingface.co/datasets/Link-Dev/UAV3DCrop_depth/blob/main/2025/Day001_Wheat_depth/447_depth.tif,main,metric_raw,64,20000,0.042144921875,0.05775241746902466,0.09354091368892664,0.0029539137840270996,0.22192218589136448,0.1610615373261147,0.5676141257536607,0.0903409805321997
2025/Day001_Wheat,2025,Day001,wheat,447.JPG,447,DJI Mavic 3M RGB camera,nadir,nadir,0.9999759613078372,5280,3956,447_depth.tif,True,True,OPENCV,data\uav3dcrop\2025\Day001_Wheat\images\447.JPG,data\uav3dcrop_depth\2025\Day001_Wheat\447_depth.tif,https://huggingface.co/datasets/Link-Dev/UAV3DCrop/blob/main/2025/Day001_Wheat/images/447.JPG,https://huggingface.co/datasets/Link-Dev/UAV3DCrop_depth/blob/main/2025/Day001_Wheat_depth/447_depth.tif,main,metric_bias_corrected,64,20000,0.042144921875,0.0577524169921875,0.09354091655122766,0.0029539133071899413,0.22192211337395165,0.16106135834708385,0.5676141257536607,0.0903409805321997
2025/Day001_Wheat,2025,Day001,wheat,447.JPG,447,DJI Mavic 3M RGB camera,nadir,nadir,0.9999759613078372,5280,3956,447_depth.tif,True,True,OPENCV,data\uav3dcrop\2025\Day001_Wheat\images\447.JPG,data\uav3dcrop_depth\2025\Day001_Wheat\447_depth.tif,https://huggingface.co/datasets/Link-Dev/UAV3DCrop/blob/main/2025/Day001_Wheat/images/447.JPG,https://huggingface.co/datasets/Link-Dev/UAV3DCrop_depth/blob/main/2025/Day001_Wheat_depth/447_depth.tif,main,metric_scale_shift,64,20000,0.042144921875,0.04198771414756775,0.08956730922055998,0.00016834750175476074,0.22192211918844082,0.16106259486002222,0.5674992822279644,0.0903409805321997
2025/Day001_Wheat,2025,Day001,wheat,447.JPG,447,DJI Mavic 3M RGB camera,nadir,nadir,0.9999759613078372,5280,3956,447_depth.tif,True,True,OPENCV,data\uav3dcrop\2025\Day001_Wheat\images\447.JPG,data\uav3dcrop_depth\2025\Day001_Wheat\447_depth.tif,https://huggingface.co/datasets/Link-Dev/UAV3DCrop/blob/main/2025/Day001_Wheat/images/447.JPG,https://huggingface.co/datasets/Link-Dev/UAV3DCrop_depth/blob/main/2025/Day001_Wheat_depth/447_depth.tif,main,relative_scale_shift,64,20000,0.042144921875,0.041688754844665526,0.08837278376170077,-0.0004724286079406738,0.4395864222503715,0.10935593249442142,0.5241458512776342,0.0903409805321997
2025/Day001_Wheat,2025,Day001,wheat,447.JPG,447,DJI Mavic 3M RGB camera,nadir,nadir,0.9999759613078372,5280,3956,447_depth.tif,True,True,OPENCV,data\uav3dcrop\2025\Day001_Wheat\images\447.JPG,data\uav3dcrop_depth\2025\Day001_Wheat\447_depth.tif,https://huggingface.co/datasets/Link-Dev/UAV3DCrop/blob/main/2025/Day001_Wheat/images/447.JPG,https://huggingface.co/datasets/Link-Dev/UAV3DCrop_depth/blob/main/2025/Day001_Wheat_depth/447_depth.tif,main,metric_raw,128,20000,0.056963671875,0.08370074164867401,0.12033641772695887,0.00786028254032135,0.31287796731403655,0.22906465983490218,0.6017220443757589,0.11378422951929051
2025/Day001_Wheat,2025,Day001,wheat,447.JPG,447,DJI Mavic 3M RGB camera,nadir,nadir,0.9999759613078372,5280,3956,447_depth.tif,True,True,OPENCV,data\uav3dcrop\2025\Day001_Wheat\images\447.JPG,data\uav3dcrop_depth\2025\Day001_Wheat\447_depth.tif,https://huggingface.co/datasets/Link-Dev/UAV3DCrop/blob/main/2025/Day001_Wheat/images/447.JPG,https://huggingface.co/datasets/Link-Dev/UAV3DCrop_depth/blob/main/2025/Day001_Wheat_depth/447_depth.tif,main,metric_bias_corrected,128,20000,0.056963671875,0.08370074706077575,0.12033641974693493,0.007860281610488892,0.31287794824332993,0.22906456613331613,0.6017220443757589,0.11378422951929051
2025/Day001_Wheat,2025,Day001,wheat,447.JPG,447,DJI Mavic 3M RGB camera,nadir,nadir,0.9999759613078372,5280,3956,447_depth.tif,True,True,OPENCV,data\uav3dcrop\2025\Day001_Wheat\images\447.JPG,data\uav3dcrop_depth\2025\Day001_Wheat\447_depth.tif,https://huggingface.co/datasets/Link-Dev/UAV3DCrop/blob/main/2025/Day001_Wheat/images/447.JPG,https://huggingface.co/datasets/Link-Dev/UAV3DCrop_depth/blob/main/2025/Day001_Wheat_depth/447_depth.tif,main,metric_scale_shift,128,20000,0.056963671875,0.05611380257606506,0.11190811594719681,0.001149445104598999,0.3128778982532829,0.22906291925412786,0.6017220443757589,0.11378422951929051
2025/Day001_Wheat,2025,Day001,wheat,447.JPG,447,DJI Mavic 3M RGB camera,nadir,nadir,0.9999759613078372,5280,3956,447_depth.tif,True,True,OPENCV,data\uav3dcrop\2025\Day001_Wheat\images\447.JPG,data\uav3dcrop_depth\2025\Day001_Wheat\447_depth.tif,https://huggingface.co/datasets/Link-Dev/UAV3DCrop/blob/main/2025/Day001_Wheat/images/447.JPG,https://huggingface.co/datasets/Link-Dev/UAV3DCrop_depth/blob/main/2025/Day001_Wheat_depth/447_depth.tif,main,relative_scale_shift,128,20000,0.056963671875,0.05575799469947815,0.10956344924930081,-0.00017850337028503418,0.5377247221891468,0.17107360113879969,0.5465835081134783,0.11378422951929051
2025/Day001_Wheat,2025,Day001,wheat,489.JPG,489,DJI Mavic 3M RGB camera,nadir,nadir,0.9999822511335054,5280,3956,489_depth.tif,True,True,OPENCV,data\uav3dcrop\2025\Day001_Wheat\images\489.JPG,data\uav3dcrop_depth\2025\Day001_Wheat\489_depth.tif,https://huggingface.co/datasets/Link-Dev/UAV3DCrop/blob/main/2025/Day001_Wheat/images/489.JPG,https://huggingface.co/datasets/Link-Dev/UAV3DCrop_depth/blob/main/2025/Day001_Wheat_depth/489_depth.tif,main,metric_raw,8,20000,0.011527734375,0.014289511966705323,0.03476059884434168,-0.00015742578506469727,0.03425646126544425,0.10274654567268938,0.5477659094328269,0.023541442401549206
2025/Day001_Wheat,2025,Day001,wheat,489.JPG,489,DJI Mavic 3M RGB camera,nadir,nadir,0.9999822511335054,5280,3956,489_depth.tif,True,True,OPENCV,data\uav3dcrop\2025\Day001_Wheat\images\489.JPG,data\uav3dcrop_depth\2025\Day001_Wheat\489_depth.tif,https://huggingface.co/datasets/Link-Dev/UAV3DCrop/blob/main/2025/Day001_Wheat/images/489.JPG,https://huggingface.co/datasets/Link-Dev/UAV3DCrop_depth/blob/main/2025/Day001_Wheat_depth/489_depth.tif,main,metric_bias_corrected,8,20000,0.011527734375,0.014289512729644776,0.03476059427190054,-0.0001574275016784668,0.03425636747255701,0.10274654484928618,0.5477659094328269,0.023541442401549206
2025/Day001_Wheat,2025,Day001,wheat,489.JPG,489,DJI Mavic 3M RGB camera,nadir,nadir,0.9999822511335054,5280,3956,489_depth.tif,True,True,OPENCV,data\uav3dcrop\2025\Day001_Wheat\images\489.JPG,data\uav3dcrop_depth\2025\Day001_Wheat\489_depth.tif,https://huggingface.co/datasets/Link-Dev/UAV3DCrop/blob/main/2025/Day001_Wheat/images/489.JPG,https://huggingface.co/datasets/Link-Dev/UAV3DCrop_depth/blob/main/2025/Day001_Wheat_depth/489_depth.tif,main,metric_scale_shift,8,20000,0.011527734375,0.011572113943099975,0.023528832055808135,0.0001741316318511963,0.03425091963287964,0.10276049648560967,0.5468632465774034,0.023541442401549206
2025/Day001_Wheat,2025,Day001,wheat,489.JPG,489,DJI Mavic 3M RGB camera,nadir,nadir,0.9999822511335054,5280,3956,489_depth.tif,True,True,OPENCV,data\uav3dcrop\2025\Day001_Wheat\images\489.JPG,data\uav3dcrop_depth\2025\Day001_Wheat\489_depth.tif,https://huggingface.co/datasets/Link-Dev/UAV3DCrop/blob/main/2025/Day001_Wheat/images/489.JPG,https://huggingface.co/datasets/Link-Dev/UAV3DCrop_depth/blob/main/2025/Day001_Wheat_depth/489_depth.tif,main,relative_scale_shift,8,20000,0.011527734375,0.011529537534713745,0.023530020393220663,0.00017905468940734864,0.24093152014376934,0.09267860846867913,0.5035354295170754,0.023541442401549206
2025/Day001_Wheat,2025,Day001,wheat,489.JPG,489,DJI Mavic 3M RGB camera,nadir,nadir,0.9999822511335054,5280,3956,489_depth.tif,True,True,OPENCV,data\uav3dcrop\2025\Day001_Wheat\images\489.JPG,data\uav3dcrop_depth\2025\Day001_Wheat\489_depth.tif,https://huggingface.co/datasets/Link-Dev/UAV3DCrop/blob/main/2025/Day001_Wheat/images/489.JPG,https://huggingface.co/datasets/Link-Dev/UAV3DCrop_depth/blob/main/2025/Day001_Wheat_depth/489_depth.tif,main,metric_raw,16,20000,0.021371875,0.024863461422920227,0.03946983611117773,0.00029046103954315184,0.12708662373818988,0.11817577676917014,0.5435500966394413,0.03783885760560777
2025/Day001_Wheat,2025,Day001,wheat,489.JPG,489,DJI Mavic 3M RGB camera,nadir,nadir,0.9999822511335054,5280,3956,489_depth.tif,True,True,OPENCV,data\uav3dcrop\2025\Day001_Wheat\images\489.JPG,data\uav3dcrop_depth\2025\Day001_Wheat\489_depth.tif,https://huggingface.co/datasets/Link-Dev/UAV3DCrop/blob/main/2025/Day001_Wheat/images/489.JPG,https://huggingface.co/datasets/Link-Dev/UAV3DCrop_depth/blob/main/2025/Day001_Wheat_depth/489_depth.tif,main,metric_bias_corrected,16,20000,0.021371875,0.02486345810890198,0.039469832491936,0.00029046387672424314,0.1270868160110798,0.11817648171391766,0.5435500966394413,0.03783885760560777
2025/Day001_Wheat,2025,Day001,wheat,489.JPG,489,DJI Mavic 3M RGB camera,nadir,nadir,0.9999822511335054,5280,3956,489_depth.tif,True,True,OPENCV,data\uav3dcrop\2025\Day001_Wheat\images\489.JPG,data\uav3dcrop_depth\2025\Day001_Wheat\489_depth.tif,https://huggingface.co/datasets/Link-Dev/UAV3DCrop/blob/main/2025/Day001_Wheat/images/489.JPG,https://huggingface.co/datasets/Link-Dev/UAV3DCrop_depth/blob/main/2025/Day001_Wheat_depth/489_depth.tif,main,metric_scale_shift,16,20000,0.021371875,0.0213973370552063,0.03779024601929308,0.0003828420639038086,0.12707845815752772,0.11816509454416804,0.5431136604526466,0.03783885760560777
2025/Day001_Wheat,2025,Day001,wheat,489.JPG,489,DJI Mavic 3M RGB camera,nadir,nadir,0.9999822511335054,5280,3956,489_depth.tif,True,True,OPENCV,data\uav3dcrop\2025\Day001_Wheat\images\489.JPG,data\uav3dcrop_depth\2025\Day001_Wheat\489_depth.tif,https://huggingface.co/datasets/Link-Dev/UAV3DCrop/blob/main/2025/Day001_Wheat/images/489.JPG,https://huggingface.co/datasets/Link-Dev/UAV3DCrop_depth/blob/main/2025/Day001_Wheat_depth/489_depth.tif,main,relative_scale_shift,16,20000,0.021371875,0.02136664581298828,0.03780841093162512,0.00037831201553344726,0.32604410411074036,0.11058717063811628,0.5099445102562504,0.03783885760560777
2025/Day001_Wheat,2025,Day001,wheat,489.JPG,489,DJI Mavic 3M RGB camera,nadir,nadir,0.9999822511335054,5280,3956,489_depth.tif,True,True,OPENCV,data\uav3dcrop\2025\Day001_Wheat\images\489.JPG,data\uav3dcrop_depth\2025\Day001_Wheat\489_depth.tif,https://huggingface.co/datasets/Link-Dev/UAV3DCrop/blob/main/2025/Day001_Wheat/images/489.JPG,https://huggingface.co/datasets/Link-Dev/UAV3DCrop_depth/blob/main/2025/Day001_Wheat_depth/489_depth.tif,main,metric_raw,32,20000,0.03719375,0.041502518820762634,0.06789995469350792,0.0003576265096664429,0.12590959438380564,0.17216517960084216,0.5580524344569289,0.05865727272828919
2025/Day001_Wheat,2025,Day001,wheat,489.JPG,489,DJI Mavic 3M RGB camera,nadir,nadir,0.9999822511335054,5280,3956,489_depth.tif,True,True,OPENCV,data\uav3dcrop\2025\Day001_Wheat\images\489.JPG,data\uav3dcrop_depth\2025\Day001_Wheat\489_depth.tif,https://huggingface.co/datasets/Link-Dev/UAV3DCrop/blob/main/2025/Day001_Wheat/images/489.JPG,https://huggingface.co/datasets/Link-Dev/UAV3DCrop_depth/blob/main/2025/Day001_Wheat_depth/489_depth.tif,main,metric_bias_corrected,32,20000,0.03719375,0.04150251951217651,0.06789995673776611,0.0003576237678527832,0.1259095238331427,0.17216552329512486,0.5580524344569289,0.05865727272828919
2025/Day001_Wheat,2025,Day001,wheat,489.JPG,489,DJI Mavic 3M RGB camera,nadir,nadir,0.9999822511335054,5280,3956,489_depth.tif,True,True,OPENCV,data\uav3dcrop\2025\Day001_Wheat\images\489.JPG,data\uav3dcrop_depth\2025\Day001_Wheat\489_depth.tif,https://huggingface.co/datasets/Link-Dev/UAV3DCrop/blob/main/2025/Day001_Wheat/images/489.JPG,https://huggingface.co/datasets/Link-Dev/UAV3DCrop_depth/blob/main/2025/Day001_Wheat_depth/489_depth.tif,main,metric_scale_shift,32,20000,0.03719375,0.037166933488845824,0.05854670589800462,0.0011176966190338134,0.12590581648475374,0.1721641979819183,0.5578288333612834,0.05865727272828919
2025/Day001_Wheat,2025,Day001,wheat,489.JPG,489,DJI Mavic 3M RGB camera,nadir,nadir,0.9999822511335054,5280,3956,489_depth.tif,True,True,OPENCV,data\uav3dcrop\2025\Day001_Wheat\images\489.JPG,data\uav3dcrop_depth\2025\Day001_Wheat\489_depth.tif,https://huggingface.co/datasets/Link-Dev/UAV3DCrop/blob/main/2025/Day001_Wheat/images/489.JPG,https://huggingface.co/datasets/Link-Dev/UAV3DCrop_depth/blob/main/2025/Day001_Wheat_depth/489_depth.tif,main,relative_scale_shift,32,20000,0.03719375,0.03717021369934082,0.0585907423322209,0.0011241479873657226,0.3976110796932321,0.14759491349660986,0.5247358712057689,0.05865727272828919
2025/Day001_Wheat,2025,Day001,wheat,489.JPG,489,DJI Mavic 3M RGB camera,nadir,nadir,0.9999822511335054,5280,3956,489_depth.tif,True,True,OPENCV,data\uav3dcrop\2025\Day001_Wheat\images\489.JPG,data\uav3dcrop_depth\2025\Day001_Wheat\489_depth.tif,https://huggingface.co/datasets/Link-Dev/UAV3DCrop/blob/main/2025/Day001_Wheat/images/489.JPG,https://huggingface.co/datasets/Link-Dev/UAV3DCrop_depth/blob/main/2025/Day001_Wheat_depth/489_depth.tif,main,metric_raw,64,20000,0.05691640625,0.06042516195774078,0.0817756362584203,0.001055063509941101,0.2915612834050604,0.23728741423860183,0.5726129981278417,0.08329170138087526
2025/Day001_Wheat,2025,Day001,wheat,489.JPG,489,DJI Mavic 3M RGB camera,nadir,nadir,0.9999822511335054,5280,3956,489_depth.tif,True,True,OPENCV,data\uav3dcrop\2025\Day001_Wheat\images\489.JPG,data\uav3dcrop_depth\2025\Day001_Wheat\489_depth.tif,https://huggingface.co/datasets/Link-Dev/UAV3DCrop/blob/main/2025/Day001_Wheat/images/489.JPG,https://huggingface.co/datasets/Link-Dev/UAV3DCrop_depth/blob/main/2025/Day001_Wheat_depth/489_depth.tif,main,metric_bias_corrected,64,20000,0.05691640625,0.06042516784667969,0.0817756412459123,0.0010550657272338868,0.2915611888745629,0.237287670727675,0.5725595078898101,0.08329170138087526
2025/Day001_Wheat,2025,Day001,wheat,489.JPG,489,DJI Mavic 3M RGB camera,nadir,nadir,0.9999822511335054,5280,3956,489_depth.tif,True,True,OPENCV,data\uav3dcrop\2025\Day001_Wheat\images\489.JPG,data\uav3dcrop_depth\2025\Day001_Wheat\489_depth.tif,https://huggingface.co/datasets/Link-Dev/UAV3DCrop/blob/main/2025/Day001_Wheat/images/489.JPG,https://huggingface.co/datasets/Link-Dev/UAV3DCrop_depth/blob/main/2025/Day001_Wheat_depth/489_depth.tif,main,metric_scale_shift,64,20000,0.05691640625,0.056779002141952514,0.0830270095661641,0.0023435431003570556,0.2915604359381239,0.23728882411115143,0.5723455469376839,0.08329170138087526
2025/Day001_Wheat,2025,Day001,wheat,489.JPG,489,DJI Mavic 3M RGB camera,nadir,nadir,0.9999822511335054,5280,3956,489_depth.tif,True,True,OPENCV,data\uav3dcrop\2025\Day001_Wheat\images\489.JPG,data\uav3dcrop_depth\2025\Day001_Wheat\489_depth.tif,https://huggingface.co/datasets/Link-Dev/UAV3DCrop/blob/main/2025/Day001_Wheat/images/489.JPG,https://huggingface.co/datasets/Link-Dev/UAV3DCrop_depth/blob/main/2025/Day001_Wheat_depth/489_depth.tif,main,relative_scale_shift,64,20000,0.05691640625,0.05684814243316651,0.08314781178648342,0.002347200584411621,0.5173741545091982,0.23765485056550106,0.5538914148167959,0.08329170138087526
2025/Day001_Wheat,2025,Day001,wheat,489.JPG,489,DJI Mavic 3M RGB camera,nadir,nadir,0.9999822511335054,5280,3956,489_depth.tif,True,True,OPENCV,data\uav3dcrop\2025\Day001_Wheat\images\489.JPG,data\uav3dcrop_depth\2025\Day001_Wheat\489_depth.tif,https://huggingface.co/datasets/Link-Dev/UAV3DCrop/blob/main/2025/Day001_Wheat/images/489.JPG,https://huggingface.co/datasets/Link-Dev/UAV3DCrop_depth/blob/main/2025/Day001_Wheat_depth/489_depth.tif,main,metric_raw,128,20000,0.077358984375,0.07792122931480408,0.10134224400356076,0.001940403652191162,0.4301147579212382,0.3526805649513191,0.6054714113516063,0.11040427695503739
2025/Day001_Wheat,2025,Day001,wheat,489.JPG,489,DJI Mavic 3M RGB camera,nadir,nadir,0.9999822511335054,5280,3956,489_depth.tif,True,True,OPENCV,data\uav3dcrop\2025\Day001_Wheat\images\489.JPG,data\uav3dcrop_depth\2025\Day001_Wheat\489_depth.tif,https://huggingface.co/datasets/Link-Dev/UAV3DCrop/blob/main/2025/Day001_Wheat/images/489.JPG,https://huggingface.co/datasets/Link-Dev/UAV3DCrop_depth/blob/main/2025/Day001_Wheat_depth/489_depth.tif,main,metric_bias_corrected,128,20000,0.077358984375,0.07792123126983642,0.1013422481819278,0.0019404065132141114,0.4301147122545808,0.35268056733633346,0.6054714113516063,0.11040427695503739
2025/Day001_Wheat,2025,Day001,wheat,489.JPG,489,DJI Mavic 3M RGB camera,nadir,nadir,0.9999822511335054,5280,3956,489_depth.tif,True,True,OPENCV,data\uav3dcrop\2025\Day001_Wheat\images\489.JPG,data\uav3dcrop_depth\2025\Day001_Wheat\489_depth.tif,https://huggingface.co/datasets/Link-Dev/UAV3DCrop/blob/main/2025/Day001_Wheat/images/489.JPG,https://huggingface.co/datasets/Link-Dev/UAV3DCrop_depth/blob/main/2025/Day001_Wheat_depth/489_depth.tif,main,metric_scale_shift,128,20000,0.077358984375,0.07699273543357849,0.10977248755876405,0.003267189359664917,0.430111254455964,0.3526754654235331,0.6052617787327709,0.11040427695503739
2025/Day001_Wheat,2025,Day001,wheat,489.JPG,489,DJI Mavic 3M RGB camera,nadir,nadir,0.9999822511335054,5280,3956,489_depth.tif,True,True,OPENCV,data\uav3dcrop\2025\Day001_Wheat\images\489.JPG,data\uav3dcrop_depth\2025\Day001_Wheat\489_depth.tif,https://huggingface.co/datasets/Link-Dev/UAV3DCrop/blob/main/2025/Day001_Wheat/images/489.JPG,https://huggingface.co/datasets/Link-Dev/UAV3DCrop_depth/blob/main/2025/Day001_Wheat_depth/489_depth.tif,main,relative_scale_shift,128,20000,0.077358984375,0.07715858631134033,0.11003597524936981,0.00324599552154541,0.6586532870031104,0.39666142678909067,0.5995492898695037,0.11040427695503739
2025/Day001_Wheat,2025,Day001,wheat,531.JPG,531,DJI Mavic 3M RGB camera,nadir,nadir,0.9999865708201892,5280,3956,531_depth.tif,True,True,OPENCV,data\uav3dcrop\2025\Day001_Wheat\images\531.JPG,data\uav3dcrop_depth\2025\Day001_Wheat\531_depth.tif,https://huggingface.co/datasets/Link-Dev/UAV3DCrop/blob/main/2025/Day001_Wheat/images/531.JPG,https://huggingface.co/datasets/Link-Dev/UAV3DCrop_depth/blob/main/2025/Day001_Wheat_depth/531_depth.tif,main,metric_raw,8,20000,0.0118328125,0.015066724967956543,0.027098932625876225,-0.0024196227550506593,0.07780114893668977,0.09841047274375299,0.5404186080911175,0.024632658615817305
2025/Day001_Wheat,2025,Day001,wheat,531.JPG,531,DJI Mavic 3M RGB camera,nadir,nadir,0.9999865708201892,5280,3956,531_depth.tif,True,True,OPENCV,data\uav3dcrop\2025\Day001_Wheat\images\531.JPG,data\uav3dcrop_depth\2025\Day001_Wheat\531_depth.tif,https://huggingface.co/datasets/Link-Dev/UAV3DCrop/blob/main/2025/Day001_Wheat/images/531.JPG,https://huggingface.co/datasets/Link-Dev/UAV3DCrop_depth/blob/main/2025/Day001_Wheat_depth/531_depth.tif,main,metric_bias_corrected,8,20000,0.0118328125,0.015066719245910645,0.02709892486906947,-0.002419619083404541,0.07780158738407476,0.0984106228609041,0.5404186080911175,0.024632658615817305
2025/Day001_Wheat,2025,Day001,wheat,531.JPG,531,DJI Mavic 3M RGB camera,nadir,nadir,0.9999865708201892,5280,3956,531_depth.tif,True,True,OPENCV,data\uav3dcrop\2025\Day001_Wheat\images\531.JPG,data\uav3dcrop_depth\2025\Day001_Wheat\531_depth.tif,https://huggingface.co/datasets/Link-Dev/UAV3DCrop/blob/main/2025/Day001_Wheat/images/531.JPG,https://huggingface.co/datasets/Link-Dev/UAV3DCrop_depth/blob/main/2025/Day001_Wheat_depth/531_depth.tif,main,metric_scale_shift,8,20000,0.0118328125,0.01187605357170105,0.02461171162721071,-2.3990488052368165e-05,0.0777866040185572,0.09839424911101506,0.539161304637231,0.024632658615817305
2025/Day001_Wheat,2025,Day001,wheat,531.JPG,531,DJI Mavic 3M RGB camera,nadir,nadir,0.9999865708201892,5280,3956,531_depth.tif,True,True,OPENCV,data\uav3dcrop\2025\Day001_Wheat\images\531.JPG,data\uav3dcrop_depth\2025\Day001_Wheat\531_depth.tif,https://huggingface.co/datasets/Link-Dev/UAV3DCrop/blob/main/2025/Day001_Wheat/images/531.JPG,https://huggingface.co/datasets/Link-Dev/UAV3DCrop_depth/blob/main/2025/Day001_Wheat_depth/531_depth.tif,main,relative_scale_shift,8,20000,0.0118328125,0.01183793864250183,0.024622082332926534,1.2921380996704101e-05,0.25285819969888546,0.05697187859084911,0.49338066711042083,0.024632658615817305
2025/Day001_Wheat,2025,Day001,wheat,531.JPG,531,DJI Mavic 3M RGB camera,nadir,nadir,0.9999865708201892,5280,3956,531_depth.tif,True,True,OPENCV,data\uav3dcrop\2025\Day001_Wheat\images\531.JPG,data\uav3dcrop_depth\2025\Day001_Wheat\531_depth.tif,https://huggingface.co/datasets/Link-Dev/UAV3DCrop/blob/main/2025/Day001_Wheat/images/531.JPG,https://huggingface.co/datasets/Link-Dev/UAV3DCrop_depth/blob/main/2025/Day001_Wheat_depth/531_depth.tif,main,metric_raw,16,20000,0.021971875,0.026619779086112978,0.04246219403343002,-0.004114631533622742,0.0989822473386086,0.1223771719441735,0.5481883164900172,0.03835631631612678
2025/Day001_Wheat,2025,Day001,wheat,531.JPG,531,DJI Mavic 3M RGB camera,nadir,nadir,0.9999865708201892,5280,3956,531_depth.tif,True,True,OPENCV,data\uav3dcrop\2025\Day001_Wheat\images\531.JPG,data\uav3dcrop_depth\2025\Day001_Wheat\531_depth.tif,https://huggingface.co/datasets/Link-Dev/UAV3DCrop/blob/main/2025/Day001_Wheat/images/531.JPG,https://huggingface.co/datasets/Link-Dev/UAV3DCrop_depth/blob/main/2025/Day001_Wheat_depth/531_depth.tif,main,metric_bias_corrected,16,20000,0.021971875,0.026619785451889037,0.04246219848024903,-0.004114630937576294,0.0989820656620812,0.12237831603764364,0.5481883164900172,0.03835631631612678
2025/Day001_Wheat,2025,Day001,wheat,531.JPG,531,DJI Mavic 3M RGB camera,nadir,nadir,0.9999865708201892,5280,3956,531_depth.tif,True,True,OPENCV,data\uav3dcrop\2025\Day001_Wheat\images\531.JPG,data\uav3dcrop_depth\2025\Day001_Wheat\531_depth.tif,https://huggingface.co/datasets/Link-Dev/UAV3DCrop/blob/main/2025/Day001_Wheat/images/531.JPG,https://huggingface.co/datasets/Link-Dev/UAV3DCrop_depth/blob/main/2025/Day001_Wheat_depth/531_depth.tif,main,metric_scale_shift,16,20000,0.021971875,0.02199759645462036,0.038315251278248925,0.000563200569152832,0.09898579347850042,0.12238434650911242,0.54769534138526,0.03835631631612678
2025/Day001_Wheat,2025,Day001,wheat,531.JPG,531,DJI Mavic 3M RGB camera,nadir,nadir,0.9999865708201892,5280,3956,531_depth.tif,True,True,OPENCV,data\uav3dcrop\2025\Day001_Wheat\images\531.JPG,data\uav3dcrop_depth\2025\Day001_Wheat\531_depth.tif,https://huggingface.co/datasets/Link-Dev/UAV3DCrop/blob/main/2025/Day001_Wheat/images/531.JPG,https://huggingface.co/datasets/Link-Dev/UAV3DCrop_depth/blob/main/2025/Day001_Wheat_depth/531_depth.tif,main,relative_scale_shift,16,20000,0.021971875,0.021972886085510256,0.03834080725139078,0.0006348015785217285,0.2637664926936179,0.07695389311029603,0.5059773231451812,0.03835631631612678
2025/Day001_Wheat,2025,Day001,wheat,531.JPG,531,DJI Mavic 3M RGB camera,nadir,nadir,0.9999865708201892,5280,3956,531_depth.tif,True,True,OPENCV,data\uav3dcrop\2025\Day001_Wheat\images\531.JPG,data\uav3dcrop_depth\2025\Day001_Wheat\531_depth.tif,https://huggingface.co/datasets/Link-Dev/UAV3DCrop/blob/main/2025/Day001_Wheat/images/531.JPG,https://huggingface.co/datasets/Link-Dev/UAV3DCrop_depth/blob/main/2025/Day001_Wheat_depth/531_depth.tif,main,metric_raw,32,20000,0.038451953125,0.04506948249340057,0.06681280305050427,-0.008698959326744079,0.14648246789512953,0.15515578155277113,0.5411395947609986,0.06048209119698411
2025/Day001_Wheat,2025,Day001,wheat,531.JPG,531,DJI Mavic 3M RGB camera,nadir,nadir,0.9999865708201892,5280,3956,531_depth.tif,True,True,OPENCV,data\uav3dcrop\2025\Day001_Wheat\images\531.JPG,data\uav3dcrop_depth\2025\Day001_Wheat\531_depth.tif,https://huggingface.co/datasets/Link-Dev/UAV3DCrop/blob/main/2025/Day001_Wheat/images/531.JPG,https://huggingface.co/datasets/Link-Dev/UAV3DCrop_depth/blob/main/2025/Day001_Wheat_depth/531_depth.tif,main,metric_bias_corrected,32,20000,0.038451953125,0.0450694842338562,0.06681280457764911,-0.008698957347869874,0.14648242754844581,0.15515621220496434,0.5411395947609986,0.06048209119698411
2025/Day001_Wheat,2025,Day001,wheat,531.JPG,531,DJI Mavic 3M RGB camera,nadir,nadir,0.9999865708201892,5280,3956,531_depth.tif,True,True,OPENCV,data\uav3dcrop\2025\Day001_Wheat\images\531.JPG,data\uav3dcrop_depth\2025\Day001_Wheat\531_depth.tif,https://huggingface.co/datasets/Link-Dev/UAV3DCrop/blob/main/2025/Day001_Wheat/images/531.JPG,https://huggingface.co/datasets/Link-Dev/UAV3DCrop_depth/blob/main/2025/Day001_Wheat_depth/531_depth.tif,main,metric_scale_shift,32,20000,0.038451953125,0.03844681706428528,0.06036764260514278,0.0004135608196258545,0.1464872167579869,0.15515775702004753,0.5408037613343781,0.06048209119698411
2025/Day001_Wheat,2025,Day001,wheat,531.JPG,531,DJI Mavic 3M RGB camera,nadir,nadir,0.9999865708201892,5280,3956,531_depth.tif,True,True,OPENCV,data\uav3dcrop\2025\Day001_Wheat\images\531.JPG,data\uav3dcrop_depth\2025\Day001_Wheat\531_depth.tif,https://huggingface.co/datasets/Link-Dev/UAV3DCrop/blob/main/2025/Day001_Wheat/images/531.JPG,https://huggingface.co/datasets/Link-Dev/UAV3DCrop_depth/blob/main/2025/Day001_Wheat_depth/531_depth.tif,main,relative_scale_shift,32,20000,0.038451953125,0.03844145493507385,0.06042435068590564,0.0005514377117156982,0.38279471361310474,0.12474621054512294,0.5173513937087205,0.06048209119698411
2025/Day001_Wheat,2025,Day001,wheat,531.JPG,531,DJI Mavic 3M RGB camera,nadir,nadir,0.9999865708201892,5280,3956,531_depth.tif,True,True,OPENCV,data\uav3dcrop\2025\Day001_Wheat\images\531.JPG,data\uav3dcrop_depth\2025\Day001_Wheat\531_depth.tif,https://huggingface.co/datasets/Link-Dev/UAV3DCrop/blob/main/2025/Day001_Wheat/images/531.JPG,https://huggingface.co/datasets/Link-Dev/UAV3DCrop_depth/blob/main/2025/Day001_Wheat_depth/531_depth.tif,main,metric_raw,64,20000,0.0588421875,0.06699018502235413,0.09851700568195977,-0.017068207931518555,0.2004407921632402,0.2289459745499618,0.5711996581561799,0.08666877169043141
2025/Day001_Wheat,2025,Day001,wheat,531.JPG,531,DJI Mavic 3M RGB camera,nadir,nadir,0.9999865708201892,5280,3956,531_depth.tif,True,True,OPENCV,data\uav3dcrop\2025\Day001_Wheat\images\531.JPG,data\uav3dcrop_depth\2025\Day001_Wheat\531_depth.tif,https://huggingface.co/datasets/Link-Dev/UAV3DCrop/blob/main/2025/Day001_Wheat/images/531.JPG,https://huggingface.co/datasets/Link-Dev/UAV3DCrop_depth/blob/main/2025/Day001_Wheat_depth/531_depth.tif,main,metric_bias_corrected,64,20000,0.0588421875,0.06699018259048461,0.09851700208807407,-0.017068208503723144,0.20044082464515806,0.22894624804438973,0.5711996581561799,0.08666877169043141
2025/Day001_Wheat,2025,Day001,wheat,531.JPG,531,DJI Mavic 3M RGB camera,nadir,nadir,0.9999865708201892,5280,3956,531_depth.tif,True,True,OPENCV,data\uav3dcrop\2025\Day001_Wheat\images\531.JPG,data\uav3dcrop_depth\2025\Day001_Wheat\531_depth.tif,https://huggingface.co/datasets/Link-Dev/UAV3DCrop/blob/main/2025/Day001_Wheat/images/531.JPG,https://huggingface.co/datasets/Link-Dev/UAV3DCrop_depth/blob/main/2025/Day001_Wheat_depth/531_depth.tif,main,metric_scale_shift,64,20000,0.0588421875,0.05871990976333618,0.0864059424287187,0.0014631275177001953,0.20044033033057473,0.22894657684847017,0.5710928319623971,0.08666877169043141
2025/Day001_Wheat,2025,Day001,wheat,531.JPG,531,DJI Mavic 3M RGB camera,nadir,nadir,0.9999865708201892,5280,3956,531_depth.tif,True,True,OPENCV,data\uav3dcrop\2025\Day001_Wheat\images\531.JPG,data\uav3dcrop_depth\2025\Day001_Wheat\531_depth.tif,https://huggingface.co/datasets/Link-Dev/UAV3DCrop/blob/main/2025/Day001_Wheat/images/531.JPG,https://huggingface.co/datasets/Link-Dev/UAV3DCrop_depth/blob/main/2025/Day001_Wheat_depth/531_depth.tif,main,relative_scale_shift,64,20000,0.0588421875,0.05879225006103515,0.0865454178108926,0.0017438617706298828,0.47669554505100137,0.2026852969906082,0.553146031406901,0.08666877169043141
2025/Day001_Wheat,2025,Day001,wheat,531.JPG,531,DJI Mavic 3M RGB camera,nadir,nadir,0.9999865708201892,5280,3956,531_depth.tif,True,True,OPENCV,data\uav3dcrop\2025\Day001_Wheat\images\531.JPG,data\uav3dcrop_depth\2025\Day001_Wheat\531_depth.tif,https://huggingface.co/datasets/Link-Dev/UAV3DCrop/blob/main/2025/Day001_Wheat/images/531.JPG,https://huggingface.co/datasets/Link-Dev/UAV3DCrop_depth/blob/main/2025/Day001_Wheat_depth/531_depth.tif,main,metric_raw,128,20000,0.077560546875,0.08679090585708618,0.13468009541616172,-0.035481521368026736,0.27984996088725583,0.3552880158405945,0.6039417129678163,0.11199830077857796
2025/Day001_Wheat,2025,Day001,wheat,531.JPG,531,DJI Mavic 3M RGB camera,nadir,nadir,0.9999865708201892,5280,3956,531_depth.tif,True,True,OPENCV,data\uav3dcrop\2025\Day001_Wheat\images\531.JPG,data\uav3dcrop_depth\2025\Day001_Wheat\531_depth.tif,https://huggingface.co/datasets/Link-Dev/UAV3DCrop/blob/main/2025/Day001_Wheat/images/531.JPG,https://huggingface.co/datasets/Link-Dev/UAV3DCrop_depth/blob/main/2025/Day001_Wheat_depth/531_depth.tif,main,metric_bias_corrected,128,20000,0.077560546875,0.08679091038703919,0.13468010212876574,-0.03548153166770935,0.27984995204998775,0.35528778003824074,0.6039417129678163,0.11199830077857796
2025/Day001_Wheat,2025,Day001,wheat,531.JPG,531,DJI Mavic 3M RGB camera,nadir,nadir,0.9999865708201892,5280,3956,531_depth.tif,True,True,OPENCV,data\uav3dcrop\2025\Day001_Wheat\images\531.JPG,data\uav3dcrop_depth\2025\Day001_Wheat\531_depth.tif,https://huggingface.co/datasets/Link-Dev/UAV3DCrop/blob/main/2025/Day001_Wheat/images/531.JPG,https://huggingface.co/datasets/Link-Dev/UAV3DCrop_depth/blob/main/2025/Day001_Wheat_depth/531_depth.tif,main,metric_scale_shift,128,20000,0.077560546875,0.07719618864059448,0.11138205806982777,0.0015003527641296386,0.2798506079710156,0.35528629426031394,0.6037320473844219,0.11199830077857796
2025/Day001_Wheat,2025,Day001,wheat,531.JPG,531,DJI Mavic 3M RGB camera,nadir,nadir,0.9999865708201892,5280,3956,531_depth.tif,True,True,OPENCV,data\uav3dcrop\2025\Day001_Wheat\images\531.JPG,data\uav3dcrop_depth\2025\Day001_Wheat\531_depth.tif,https://huggingface.co/datasets/Link-Dev/UAV3DCrop/blob/main/2025/Day001_Wheat/images/531.JPG,https://huggingface.co/datasets/Link-Dev/UAV3DCrop_depth/blob/main/2025/Day001_Wheat_depth/531_depth.tif,main,relative_scale_shift,128,20000,0.077560546875,0.07741398377418518,0.1116988028881751,0.002053163766860962,0.5932920851234409,0.3289546764446467,0.5827130726491246,0.11199830077857796
2025/Day001_Wheat,2025,Day001,wheat,573.JPG,573,DJI Mavic 3M RGB camera,nadir,nadir,0.9999792549862315,5280,3956,573_depth.tif,True,True,OPENCV,data\uav3dcrop\2025\Day001_Wheat\images\573.JPG,data\uav3dcrop_depth\2025\Day001_Wheat\573_depth.tif,https://huggingface.co/datasets/Link-Dev/UAV3DCrop/blob/main/2025/Day001_Wheat/images/573.JPG,https://huggingface.co/datasets/Link-Dev/UAV3DCrop_depth/blob/main/2025/Day001_Wheat_depth/573_depth.tif,main,metric_raw,8,20000,0.0077,0.010975502109527588,0.01866439846589558,-3.471879959106445e-05,0.05672658279925857,0.03519382984219157,0.5169046446742163,0.016302394031167965
2025/Day001_Wheat,2025,Day001,wheat,573.JPG,573,DJI Mavic 3M RGB camera,nadir,nadir,0.9999792549862315,5280,3956,573_depth.tif,True,True,OPENCV,data\uav3dcrop\2025\Day001_Wheat\images\573.JPG,data\uav3dcrop_depth\2025\Day001_Wheat\573_depth.tif,https://huggingface.co/datasets/Link-Dev/UAV3DCrop/blob/main/2025/Day001_Wheat/images/573.JPG,https://huggingface.co/datasets/Link-Dev/UAV3DCrop_depth/blob/main/2025/Day001_Wheat_depth/573_depth.tif,main,metric_bias_corrected,8,20000,0.0077,0.010975504827499389,0.018664400481830594,-3.472075462341309e-05,0.056726706772013344,0.03519418254418083,0.5169046446742163,0.016302394031167965
2025/Day001_Wheat,2025,Day001,wheat,573.JPG,573,DJI Mavic 3M RGB camera,nadir,nadir,0.9999792549862315,5280,3956,573_depth.tif,True,True,OPENCV,data\uav3dcrop\2025\Day001_Wheat\images\573.JPG,data\uav3dcrop_depth\2025\Day001_Wheat\573_depth.tif,https://huggingface.co/datasets/Link-Dev/UAV3DCrop/blob/main/2025/Day001_Wheat/images/573.JPG,https://huggingface.co/datasets/Link-Dev/UAV3DCrop_depth/blob/main/2025/Day001_Wheat_depth/573_depth.tif,main,metric_scale_shift,8,20000,0.0077,0.007918283987045287,0.016276238576593695,-5.638394355773926e-05,0.05672980708257717,0.03519605949883117,0.5164943377646479,0.016302394031167965
2025/Day001_Wheat,2025,Day001,wheat,573.JPG,573,DJI Mavic 3M RGB camera,nadir,nadir,0.9999792549862315,5280,3956,573_depth.tif,True,True,OPENCV,data\uav3dcrop\2025\Day001_Wheat\images\573.JPG,data\uav3dcrop_depth\2025\Day001_Wheat\573_depth.tif,https://huggingface.co/datasets/Link-Dev/UAV3DCrop/blob/main/2025/Day001_Wheat/images/573.JPG,https://huggingface.co/datasets/Link-Dev/UAV3DCrop_depth/blob/main/2025/Day001_Wheat_depth/573_depth.tif,main,relative_scale_shift,8,20000,0.0077,0.007714512634277344,0.016202304459653108,-2.573843002319336e-05,0.20511393026842317,0.1324099318261221,0.5535860823896275,0.016302394031167965
2025/Day001_Wheat,2025,Day001,wheat,573.JPG,573,DJI Mavic 3M RGB camera,nadir,nadir,0.9999792549862315,5280,3956,573_depth.tif,True,True,OPENCV,data\uav3dcrop\2025\Day001_Wheat\images\573.JPG,data\uav3dcrop_depth\2025\Day001_Wheat\573_depth.tif,https://huggingface.co/datasets/Link-Dev/UAV3DCrop/blob/main/2025/Day001_Wheat/images/573.JPG,https://huggingface.co/datasets/Link-Dev/UAV3DCrop_depth/blob/main/2025/Day001_Wheat_depth/573_depth.tif,main,metric_raw,16,20000,0.013796484375,0.018774393224716187,0.0431278294819215,-0.00012591495513916015,0.0439825725948109,0.06510818093928036,0.5274012964054213,0.02621060501547226
2025/Day001_Wheat,2025,Day001,wheat,573.JPG,573,DJI Mavic 3M RGB camera,nadir,nadir,0.9999792549862315,5280,3956,573_depth.tif,True,True,OPENCV,data\uav3dcrop\2025\Day001_Wheat\images\573.JPG,data\uav3dcrop_depth\2025\Day001_Wheat\573_depth.tif,https://huggingface.co/datasets/Link-Dev/UAV3DCrop/blob/main/2025/Day001_Wheat/images/573.JPG,https://huggingface.co/datasets/Link-Dev/UAV3DCrop_depth/blob/main/2025/Day001_Wheat_depth/573_depth.tif,main,metric_bias_corrected,16,20000,0.013796484375,0.018774395799636842,0.043127830730301374,-0.00012591443061828612,0.04398254296309203,0.06510809641879184,0.5274012964054213,0.02621060501547226
2025/Day001_Wheat,2025,Day001,wheat,573.JPG,573,DJI Mavic 3M RGB camera,nadir,nadir,0.9999792549862315,5280,3956,573_depth.tif,True,True,OPENCV,data\uav3dcrop\2025\Day001_Wheat\images\573.JPG,data\uav3dcrop_depth\2025\Day001_Wheat\573_depth.tif,https://huggingface.co/datasets/Link-Dev/UAV3DCrop/blob/main/2025/Day001_Wheat/images/573.JPG,https://huggingface.co/datasets/Link-Dev/UAV3DCrop_depth/blob/main/2025/Day001_Wheat_depth/573_depth.tif,main,metric_scale_shift,16,20000,0.013796484375,0.013996823358535767,0.02627103823799628,1.1401796340942383e-05,0.04398224401004565,0.06510540047241278,0.5271393963203038,0.02621060501547226
2025/Day001_Wheat,2025,Day001,wheat,573.JPG,573,DJI Mavic 3M RGB camera,nadir,nadir,0.9999792549862315,5280,3956,573_depth.tif,True,True,OPENCV,data\uav3dcrop\2025\Day001_Wheat\images\573.JPG,data\uav3dcrop_depth\2025\Day001_Wheat\573_depth.tif,https://huggingface.co/datasets/Link-Dev/UAV3DCrop/blob/main/2025/Day001_Wheat/images/573.JPG,https://huggingface.co/datasets/Link-Dev/UAV3DCrop_depth/blob/main/2025/Day001_Wheat_depth/573_depth.tif,main,relative_scale_shift,16,20000,0.013796484375,0.013761861562728881,0.02589795398553811,9.473528861999511e-05,0.36174973471338656,0.17355143318667884,0.5579126563216134,0.02621060501547226
2025/Day001_Wheat,2025,Day001,wheat,573.JPG,573,DJI Mavic 3M RGB camera,nadir,nadir,0.9999792549862315,5280,3956,573_depth.tif,True,True,OPENCV,data\uav3dcrop\2025\Day001_Wheat\images\573.JPG,data\uav3dcrop_depth\2025\Day001_Wheat\573_depth.tif,https://huggingface.co/datasets/Link-Dev/UAV3DCrop/blob/main/2025/Day001_Wheat/images/573.JPG,https://huggingface.co/datasets/Link-Dev/UAV3DCrop_depth/blob/main/2025/Day001_Wheat_depth/573_depth.tif,main,metric_raw,32,20000,0.023103515625,0.031149190878868104,0.045640948538923407,0.0007258414983749389,0.11994367908516135,0.08272644480868695,0.5272932241604367,0.039864139771729555
2025/Day001_Wheat,2025,Day001,wheat,573.JPG,573,DJI Mavic 3M RGB camera,nadir,nadir,0.9999792549862315,5280,3956,573_depth.tif,True,True,OPENCV,data\uav3dcrop\2025\Day001_Wheat\images\573.JPG,data\uav3dcrop_depth\2025\Day001_Wheat\573_depth.tif,https://huggingface.co/datasets/Link-Dev/UAV3DCrop/blob/main/2025/Day001_Wheat/images/573.JPG,https://huggingface.co/datasets/Link-Dev/UAV3DCrop_depth/blob/main/2025/Day001_Wheat_depth/573_depth.tif,main,metric_bias_corrected,32,20000,0.023103515625,0.031149194288253784,0.04564094744601991,0.0007258468151092529,0.11994367940744818,0.08272668386704309,0.5272932241604367,0.039864139771729555
2025/Day001_Wheat,2025,Day001,wheat,573.JPG,573,DJI Mavic 3M RGB camera,nadir,nadir,0.9999792549862315,5280,3956,573_depth.tif,True,True,OPENCV,data\uav3dcrop\2025\Day001_Wheat\images\573.JPG,data\uav3dcrop_depth\2025\Day001_Wheat\573_depth.tif,https://huggingface.co/datasets/Link-Dev/UAV3DCrop/blob/main/2025/Day001_Wheat/images/573.JPG,https://huggingface.co/datasets/Link-Dev/UAV3DCrop_depth/blob/main/2025/Day001_Wheat_depth/573_depth.tif,main,metric_scale_shift,32,20000,0.023103515625,0.02326267476081848,0.03964020920207132,0.0002128002643585205,0.11994438679378973,0.08272699651449533,0.5272932241604367,0.039864139771729555
2025/Day001_Wheat,2025,Day001,wheat,573.JPG,573,DJI Mavic 3M RGB camera,nadir,nadir,0.9999792549862315,5280,3956,573_depth.tif,True,True,OPENCV,data\uav3dcrop\2025\Day001_Wheat\images\573.JPG,data\uav3dcrop_depth\2025\Day001_Wheat\573_depth.tif,https://huggingface.co/datasets/Link-Dev/UAV3DCrop/blob/main/2025/Day001_Wheat/images/573.JPG,https://huggingface.co/datasets/Link-Dev/UAV3DCrop_depth/blob/main/2025/Day001_Wheat_depth/573_depth.tif,main,relative_scale_shift,32,20000,0.023103515625,0.02293532748222351,0.0390622628561712,0.0002976650714874268,0.45406871642254687,0.21381051823545102,0.5656817372730509,0.039864139771729555
2025/Day001_Wheat,2025,Day001,wheat,573.JPG,573,DJI Mavic 3M RGB camera,nadir,nadir,0.9999792549862315,5280,3956,573_depth.tif,True,True,OPENCV,data\uav3dcrop\2025\Day001_Wheat\images\573.JPG,data\uav3dcrop_depth\2025\Day001_Wheat\573_depth.tif,https://huggingface.co/datasets/Link-Dev/UAV3DCrop/blob/main/2025/Day001_Wheat/images/573.JPG,https://huggingface.co/datasets/Link-Dev/UAV3DCrop_depth/blob/main/2025/Day001_Wheat_depth/573_depth.tif,main,metric_raw,64,20000,0.033341015625,0.04719538049697876,0.0644787147641344,0.00043148608207702635,0.16480284497955822,0.08708037770365804,0.5318993186553297,0.05537453041996995
2025/Day001_Wheat,2025,Day001,wheat,573.JPG,573,DJI Mavic 3M RGB camera,nadir,nadir,0.9999792549862315,5280,3956,573_depth.tif,True,True,OPENCV,data\uav3dcrop\2025\Day001_Wheat\images\573.JPG,data\uav3dcrop_depth\2025\Day001_Wheat\573_depth.tif,https://huggingface.co/datasets/Link-Dev/UAV3DCrop/blob/main/2025/Day001_Wheat/images/573.JPG,https://huggingface.co/datasets/Link-Dev/UAV3DCrop_depth/blob/main/2025/Day001_Wheat_depth/573_depth.tif,main,metric_bias_corrected,64,20000,0.033341015625,0.04719538025856018,0.06447871099937692,0.00043148789405822756,0.16480289150269276,0.08708046994161721,0.5318993186553297,0.05537453041996995
2025/Day001_Wheat,2025,Day001,wheat,573.JPG,573,DJI Mavic 3M RGB camera,nadir,nadir,0.9999792549862315,5280,3956,573_depth.tif,True,True,OPENCV,data\uav3dcrop\2025\Day001_Wheat\images\573.JPG,data\uav3dcrop_depth\2025\Day001_Wheat\573_depth.tif,https://huggingface.co/datasets/Link-Dev/UAV3DCrop/blob/main/2025/Day001_Wheat/images/573.JPG,https://huggingface.co/datasets/Link-Dev/UAV3DCrop_depth/blob/main/2025/Day001_Wheat_depth/573_depth.tif,main,metric_scale_shift,64,20000,0.033341015625,0.03345264711380005,0.054858128681104894,-0.00044402971267700197,0.16480335214884068,0.08708187042217864,0.5318993186553297,0.05537453041996995
2025/Day001_Wheat,2025,Day001,wheat,573.JPG,573,DJI Mavic 3M RGB camera,nadir,nadir,0.9999792549862315,5280,3956,573_depth.tif,True,True,OPENCV,data\uav3dcrop\2025\Day001_Wheat\images\573.JPG,data\uav3dcrop_depth\2025\Day001_Wheat\573_depth.tif,https://huggingface.co/datasets/Link-Dev/UAV3DCrop/blob/main/2025/Day001_Wheat/images/573.JPG,https://huggingface.co/datasets/Link-Dev/UAV3DCrop_depth/blob/main/2025/Day001_Wheat_depth/573_depth.tif,main,relative_scale_shift,64,20000,0.033341015625,0.032905322074890136,0.05369436785044207,-0.000249591064453125,0.5416755846694796,0.24122997344123337,0.5680500028154738,0.05537453041996995
2025/Day001_Wheat,2025,Day001,wheat,573.JPG,573,DJI Mavic 3M RGB camera,nadir,nadir,0.9999792549862315,5280,3956,573_depth.tif,True,True,OPENCV,data\uav3dcrop\2025\Day001_Wheat\images\573.JPG,data\uav3dcrop_depth\2025\Day001_Wheat\573_depth.tif,https://huggingface.co/datasets/Link-Dev/UAV3DCrop/blob/main/2025/Day001_Wheat/images/573.JPG,https://huggingface.co/datasets/Link-Dev/UAV3DCrop_depth/blob/main/2025/Day001_Wheat_depth/573_depth.tif,main,metric_raw,128,20000,0.043128125,0.06811500248908997,0.0891114255648598,0.0027306087017059328,0.21883478454638275,0.12018594728370091,0.5482078657805861,0.06986985910465049
2025/Day001_Wheat,2025,Day001,wheat,573.JPG,573,DJI Mavic 3M RGB camera,nadir,nadir,0.9999792549862315,5280,3956,573_depth.tif,True,True,OPENCV,data\uav3dcrop\2025\Day001_Wheat\images\573.JPG,data\uav3dcrop_depth\2025\Day001_Wheat\573_depth.tif,https://huggingface.co/datasets/Link-Dev/UAV3DCrop/blob/main/2025/Day001_Wheat/images/573.JPG,https://huggingface.co/datasets/Link-Dev/UAV3DCrop_depth/blob/main/2025/Day001_Wheat_depth/573_depth.tif,main,metric_bias_corrected,128,20000,0.043128125,0.0681150011062622,0.08911142313221125,0.0027306111335754393,0.2188348034592424,0.12018600445988356,0.5482078657805861,0.06986985910465049
2025/Day001_Wheat,2025,Day001,wheat,573.JPG,573,DJI Mavic 3M RGB camera,nadir,nadir,0.9999792549862315,5280,3956,573_depth.tif,True,True,OPENCV,data\uav3dcrop\2025\Day001_Wheat\images\573.JPG,data\uav3dcrop_depth\2025\Day001_Wheat\573_depth.tif,https://huggingface.co/datasets/Link-Dev/UAV3DCrop/blob/main/2025/Day001_Wheat/images/573.JPG,https://huggingface.co/datasets/Link-Dev/UAV3DCrop_depth/blob/main/2025/Day001_Wheat_depth/573_depth.tif,main,metric_scale_shift,128,20000,0.043128125,0.04311067419052124,0.06871755941544279,0.000708317756652832,0.21883484292243938,0.12018670154027843,0.5482078657805861,0.06986985910465049
2025/Day001_Wheat,2025,Day001,wheat,573.JPG,573,DJI Mavic 3M RGB camera,nadir,nadir,0.9999792549862315,5280,3956,573_depth.tif,True,True,OPENCV,data\uav3dcrop\2025\Day001_Wheat\images\573.JPG,data\uav3dcrop_depth\2025\Day001_Wheat\573_depth.tif,https://huggingface.co/datasets/Link-Dev/UAV3DCrop/blob/main/2025/Day001_Wheat/images/573.JPG,https://huggingface.co/datasets/Link-Dev/UAV3DCrop_depth/blob/main/2025/Day001_Wheat_depth/573_depth.tif,main,relative_scale_shift,128,20000,0.043128125,0.04213052935600281,0.06649731181206728,0.0010623931407928466,0.6454008136469384,0.28701886780971825,0.5687983440461925,0.06986985910465049
2025/Day001_Wheat,2025,Day001,wheat,616.JPG,616,DJI Mavic 3M RGB camera,nadir,nadir,0.9999911307561199,5280,3956,616_depth.tif,True,True,OPENCV,data\uav3dcrop\2025\Day001_Wheat\images\616.JPG,data\uav3dcrop_depth\2025\Day001_Wheat\616_depth.tif,https://huggingface.co/datasets/Link-Dev/UAV3DCrop/blob/main/2025/Day001_Wheat/images/616.JPG,https://huggingface.co/datasets/Link-Dev/UAV3DCrop_depth/blob/main/2025/Day001_Wheat_depth/616_depth.tif,main,metric_raw,8,20000,0.006044921875,0.011115518832206727,0.017978986004908572,0.00035588777065277097,0.0864286858878223,0.09268441958796121,0.5507479644006817,0.011813948730760478
2025/Day001_Wheat,2025,Day001,wheat,616.JPG,616,DJI Mavic 3M RGB camera,nadir,nadir,0.9999911307561199,5280,3956,616_depth.tif,True,True,OPENCV,data\uav3dcrop\2025\Day001_Wheat\images\616.JPG,data\uav3dcrop_depth\2025\Day001_Wheat\616_depth.tif,https://huggingface.co/datasets/Link-Dev/UAV3DCrop/blob/main/2025/Day001_Wheat/images/616.JPG,https://huggingface.co/datasets/Link-Dev/UAV3DCrop_depth/blob/main/2025/Day001_Wheat_depth/616_depth.tif,main,metric_bias_corrected,8,20000,0.006044921875,0.011115522813796998,0.01797898850991246,0.0003558957576751709,0.0864284489062538,0.0926844899043249,0.5507479644006817,0.011813948730760478
2025/Day001_Wheat,2025,Day001,wheat,616.JPG,616,DJI Mavic 3M RGB camera,nadir,nadir,0.9999911307561199,5280,3956,616_depth.tif,True,True,OPENCV,data\uav3dcrop\2025\Day001_Wheat\images\616.JPG,data\uav3dcrop_depth\2025\Day001_Wheat\616_depth.tif,https://huggingface.co/datasets/Link-Dev/UAV3DCrop/blob/main/2025/Day001_Wheat/images/616.JPG,https://huggingface.co/datasets/Link-Dev/UAV3DCrop_depth/blob/main/2025/Day001_Wheat_depth/616_depth.tif,main,metric_scale_shift,8,20000,0.006044921875,0.006367682933807373,0.011939164180378315,-0.00012431211471557616,-0.08642479263202266,-0.09267974844788265,0.4489679984851354,0.011813948730760478
2025/Day001_Wheat,2025,Day001,wheat,616.JPG,616,DJI Mavic 3M RGB camera,nadir,nadir,0.9999911307561199,5280,3956,616_depth.tif,True,True,OPENCV,data\uav3dcrop\2025\Day001_Wheat\images\616.JPG,data\uav3dcrop_depth\2025\Day001_Wheat\616_depth.tif,https://huggingface.co/datasets/Link-Dev/UAV3DCrop/blob/main/2025/Day001_Wheat/images/616.JPG,https://huggingface.co/datasets/Link-Dev/UAV3DCrop_depth/blob/main/2025/Day001_Wheat_depth/616_depth.tif,main,relative_scale_shift,8,20000,0.006044921875,0.00610295786857605,0.011610504722902221,-0.0003279368877410889,0.2580968021993187,0.18002446612308698,0.5447831850028404,0.011813948730760478
2025/Day001_Wheat,2025,Day001,wheat,616.JPG,616,DJI Mavic 3M RGB camera,nadir,nadir,0.9999911307561199,5280,3956,616_depth.tif,True,True,OPENCV,data\uav3dcrop\2025\Day001_Wheat\images\616.JPG,data\uav3dcrop_depth\2025\Day001_Wheat\616_depth.tif,https://huggingface.co/datasets/Link-Dev/UAV3DCrop/blob/main/2025/Day001_Wheat/images/616.JPG,https://huggingface.co/datasets/Link-Dev/UAV3DCrop_depth/blob/main/2025/Day001_Wheat_depth/616_depth.tif,main,metric_raw,16,20000,0.0112359375,0.019278029370307922,0.028809018296110083,0.0012573106050491334,0.16015911783784942,0.13097227012426188,0.5544256659982812,0.02107494495968402
2025/Day001_Wheat,2025,Day001,wheat,616.JPG,616,DJI Mavic 3M RGB camera,nadir,nadir,0.9999911307561199,5280,3956,616_depth.tif,True,True,OPENCV,data\uav3dcrop\2025\Day001_Wheat\images\616.JPG,data\uav3dcrop_depth\2025\Day001_Wheat\616_depth.tif,https://huggingface.co/datasets/Link-Dev/UAV3DCrop/blob/main/2025/Day001_Wheat/images/616.JPG,https://huggingface.co/datasets/Link-Dev/UAV3DCrop_depth/blob/main/2025/Day001_Wheat_depth/616_depth.tif,main,metric_bias_corrected,16,20000,0.0112359375,0.019278032875061035,0.02880901813070904,0.0012573147773742676,0.16015911934255936,0.13097178803002996,0.5544256659982812,0.02107494495968402
2025/Day001_Wheat,2025,Day001,wheat,616.JPG,616,DJI Mavic 3M RGB camera,nadir,nadir,0.9999911307561199,5280,3956,616_depth.tif,True,True,OPENCV,data\uav3dcrop\2025\Day001_Wheat\images\616.JPG,data\uav3dcrop_depth\2025\Day001_Wheat\616_depth.tif,https://huggingface.co/datasets/Link-Dev/UAV3DCrop/blob/main/2025/Day001_Wheat/images/616.JPG,https://huggingface.co/datasets/Link-Dev/UAV3DCrop_depth/blob/main/2025/Day001_Wheat_depth/616_depth.tif,main,metric_scale_shift,16,20000,0.0112359375,0.011686812162399291,0.0213810025898151,0.00017830138206481933,-0.16016047269670527,-0.13097597939533828,0.4452878831280435,0.02107494495968402
2025/Day001_Wheat,2025,Day001,wheat,616.JPG,616,DJI Mavic 3M RGB camera,nadir,nadir,0.9999911307561199,5280,3956,616_depth.tif,True,True,OPENCV,data\uav3dcrop\2025\Day001_Wheat\images\616.JPG,data\uav3dcrop_depth\2025\Day001_Wheat\616_depth.tif,https://huggingface.co/datasets/Link-Dev/UAV3DCrop/blob/main/2025/Day001_Wheat/images/616.JPG,https://huggingface.co/datasets/Link-Dev/UAV3DCrop_depth/blob/main/2025/Day001_Wheat_depth/616_depth.tif,main,relative_scale_shift,16,20000,0.0112359375,0.011189286994934083,0.020309381875762027,-0.00023858060836791993,0.4358367534131689,0.2030083287203002,0.5527785734746491,0.02107494495968402
2025/Day001_Wheat,2025,Day001,wheat,616.JPG,616,DJI Mavic 3M RGB camera,nadir,nadir,0.9999911307561199,5280,3956,616_depth.tif,True,True,OPENCV,data\uav3dcrop\2025\Day001_Wheat\images\616.JPG,data\uav3dcrop_depth\2025\Day001_Wheat\616_depth.tif,https://huggingface.co/datasets/Link-Dev/UAV3DCrop/blob/main/2025/Day001_Wheat/images/616.JPG,https://huggingface.co/datasets/Link-Dev/UAV3DCrop_depth/blob/main/2025/Day001_Wheat_depth/616_depth.tif,main,metric_raw,32,20000,0.01863203125,0.03078118507862091,0.04412531687498895,0.0029117473363876344,0.2538439325359964,0.16720399879562015,0.5634234911094416,0.033388266899872905
2025/Day001_Wheat,2025,Day001,wheat,616.JPG,616,DJI Mavic 3M RGB camera,nadir,nadir,0.9999911307561199,5280,3956,616_depth.tif,True,True,OPENCV,data\uav3dcrop\2025\Day001_Wheat\images\616.JPG,data\uav3dcrop_depth\2025\Day001_Wheat\616_depth.tif,https://huggingface.co/datasets/Link-Dev/UAV3DCrop/blob/main/2025/Day001_Wheat/images/616.JPG,https://huggingface.co/datasets/Link-Dev/UAV3DCrop_depth/blob/main/2025/Day001_Wheat_depth/616_depth.tif,main,metric_bias_corrected,32,20000,0.01863203125,0.030781189823150635,0.04412532150719527,0.0029117477416992187,0.25384386917970503,0.16720390960696876,0.5634234911094416,0.033388266899872905
2025/Day001_Wheat,2025,Day001,wheat,616.JPG,616,DJI Mavic 3M RGB camera,nadir,nadir,0.9999911307561199,5280,3956,616_depth.tif,True,True,OPENCV,data\uav3dcrop\2025\Day001_Wheat\images\616.JPG,data\uav3dcrop_depth\2025\Day001_Wheat\616_depth.tif,https://huggingface.co/datasets/Link-Dev/UAV3DCrop/blob/main/2025/Day001_Wheat/images/616.JPG,https://huggingface.co/datasets/Link-Dev/UAV3DCrop_depth/blob/main/2025/Day001_Wheat_depth/616_depth.tif,main,metric_scale_shift,32,20000,0.01863203125,0.01928518524169922,0.03413276577807746,-2.764577865600586e-05,-0.2538441262090808,-0.16720205475535455,0.4365138993238167,0.033388266899872905
2025/Day001_Wheat,2025,Day001,wheat,616.JPG,616,DJI Mavic 3M RGB camera,nadir,nadir,0.9999911307561199,5280,3956,616_depth.tif,True,True,OPENCV,data\uav3dcrop\2025\Day001_Wheat\images\616.JPG,data\uav3dcrop_depth\2025\Day001_Wheat\616_depth.tif,https://huggingface.co/datasets/Link-Dev/UAV3DCrop/blob/main/2025/Day001_Wheat/images/616.JPG,https://huggingface.co/datasets/Link-Dev/UAV3DCrop_depth/blob/main/2025/Day001_Wheat_depth/616_depth.tif,main,relative_scale_shift,32,20000,0.01863203125,0.018279990434646606,0.031445017807448336,-0.0007664493083953857,0.5672438703377006,0.26961417301738955,0.5602930127723517,0.033388266899872905
2025/Day001_Wheat,2025,Day001,wheat,616.JPG,616,DJI Mavic 3M RGB camera,nadir,nadir,0.9999911307561199,5280,3956,616_depth.tif,True,True,OPENCV,data\uav3dcrop\2025\Day001_Wheat\images\616.JPG,data\uav3dcrop_depth\2025\Day001_Wheat\616_depth.tif,https://huggingface.co/datasets/Link-Dev/UAV3DCrop/blob/main/2025/Day001_Wheat/images/616.JPG,https://huggingface.co/datasets/Link-Dev/UAV3DCrop_depth/blob/main/2025/Day001_Wheat_depth/616_depth.tif,main,metric_raw,64,20000,0.02805234375,0.046506619334220886,0.06354146154654634,0.006227393651008606,0.33660988291033667,0.21818070034402356,0.5729874049567589,0.04833600883778274
2025/Day001_Wheat,2025,Day001,wheat,616.JPG,616,DJI Mavic 3M RGB camera,nadir,nadir,0.9999911307561199,5280,3956,616_depth.tif,True,True,OPENCV,data\uav3dcrop\2025\Day001_Wheat\images\616.JPG,data\uav3dcrop_depth\2025\Day001_Wheat\616_depth.tif,https://huggingface.co/datasets/Link-Dev/UAV3DCrop/blob/main/2025/Day001_Wheat/images/616.JPG,https://huggingface.co/datasets/Link-Dev/UAV3DCrop_depth/blob/main/2025/Day001_Wheat_depth/616_depth.tif,main,metric_bias_corrected,64,20000,0.02805234375,0.04650662331581116,0.06354146403411856,0.006227397680282592,0.3366098751366554,0.21818078471187297,0.5729874049567589,0.04833600883778274
2025/Day001_Wheat,2025,Day001,wheat,616.JPG,616,DJI Mavic 3M RGB camera,nadir,nadir,0.9999911307561199,5280,3956,616_depth.tif,True,True,OPENCV,data\uav3dcrop\2025\Day001_Wheat\images\616.JPG,data\uav3dcrop_depth\2025\Day001_Wheat\616_depth.tif,https://huggingface.co/datasets/Link-Dev/UAV3DCrop/blob/main/2025/Day001_Wheat/images/616.JPG,https://huggingface.co/datasets/Link-Dev/UAV3DCrop_depth/blob/main/2025/Day001_Wheat_depth/616_depth.tif,main,metric_scale_shift,64,20000,0.02805234375,0.029098590421676635,0.04983989350239421,0.0003336060047149658,-0.33661076874365914,-0.21818309235455288,0.4268965116953973,0.04833600883778274
2025/Day001_Wheat,2025,Day001,wheat,616.JPG,616,DJI Mavic 3M RGB camera,nadir,nadir,0.9999911307561199,5280,3956,616_depth.tif,True,True,OPENCV,data\uav3dcrop\2025\Day001_Wheat\images\616.JPG,data\uav3dcrop_depth\2025\Day001_Wheat\616_depth.tif,https://huggingface.co/datasets/Link-Dev/UAV3DCrop/blob/main/2025/Day001_Wheat/images/616.JPG,https://huggingface.co/datasets/Link-Dev/UAV3DCrop_depth/blob/main/2025/Day001_Wheat_depth/616_depth.tif,main,relative_scale_shift,64,20000,0.02805234375,0.0271511727809906,0.044599050553236104,-0.001120803213119507,0.6562709677290964,0.3240105132674093,0.5683440710430089,0.04833600883778274
2025/Day001_Wheat,2025,Day001,wheat,616.JPG,616,DJI Mavic 3M RGB camera,nadir,nadir,0.9999911307561199,5280,3956,616_depth.tif,True,True,OPENCV,data\uav3dcrop\2025\Day001_Wheat\images\616.JPG,data\uav3dcrop_depth\2025\Day001_Wheat\616_depth.tif,https://huggingface.co/datasets/Link-Dev/UAV3DCrop/blob/main/2025/Day001_Wheat/images/616.JPG,https://huggingface.co/datasets/Link-Dev/UAV3DCrop_depth/blob/main/2025/Day001_Wheat_depth/616_depth.tif,main,metric_raw,128,20000,0.036827734375,0.0653448117017746,0.08776052081149698,0.010917310166358947,0.4066775202852667,0.23172613460534247,0.570791278648302,0.0619428156802562
2025/Day001_Wheat,2025,Day001,wheat,616.JPG,616,DJI Mavic 3M RGB camera,nadir,nadir,0.9999911307561199,5280,3956,616_depth.tif,True,True,OPENCV,data\uav3dcrop\2025\Day001_Wheat\images\616.JPG,data\uav3dcrop_depth\2025\Day001_Wheat\616_depth.tif,https://huggingface.co/datasets/Link-Dev/UAV3DCrop/blob/main/2025/Day001_Wheat/images/616.JPG,https://huggingface.co/datasets/Link-Dev/UAV3DCrop_depth/blob/main/2025/Day001_Wheat_depth/616_depth.tif,main,metric_bias_corrected,128,20000,0.036827734375,0.06534481201171875,0.08776052113341723,0.010917309761047364,0.40667754633115727,0.23172622559039974,0.570791278648302,0.0619428156802562
2025/Day001_Wheat,2025,Day001,wheat,616.JPG,616,DJI Mavic 3M RGB camera,nadir,nadir,0.9999911307561199,5280,3956,616_depth.tif,True,True,OPENCV,data\uav3dcrop\2025\Day001_Wheat\images\616.JPG,data\uav3dcrop_depth\2025\Day001_Wheat\616_depth.tif,https://huggingface.co/datasets/Link-Dev/UAV3DCrop/blob/main/2025/Day001_Wheat/images/616.JPG,https://huggingface.co/datasets/Link-Dev/UAV3DCrop_depth/blob/main/2025/Day001_Wheat_depth/616_depth.tif,main,metric_scale_shift,128,20000,0.036827734375,0.03830377287864685,0.0646843484494791,0.0009982892513275146,-0.4066769486701996,-0.23172634405424247,0.42920872135169796,0.0619428156802562
2025/Day001_Wheat,2025,Day001,wheat,616.JPG,616,DJI Mavic 3M RGB camera,nadir,nadir,0.9999911307561199,5280,3956,616_depth.tif,True,True,OPENCV,data\uav3dcrop\2025\Day001_Wheat\images\616.JPG,data\uav3dcrop_depth\2025\Day001_Wheat\616_depth.tif,https://huggingface.co/datasets/Link-Dev/UAV3DCrop/blob/main/2025/Day001_Wheat/images/616.JPG,https://huggingface.co/datasets/Link-Dev/UAV3DCrop_depth/blob/main/2025/Day001_Wheat_depth/616_depth.tif,main,relative_scale_shift,128,20000,0.036827734375,0.03493291249275207,0.05552229858738451,-0.0021782013416290283,0.7205888659969465,0.3492110919355021,0.5712373835944906,0.0619428156802562
2025/Day001_Wheat,2025,Day001,wheat,182.JPG,182,DJI Mavic 3M RGB camera,oblique,oblique,0.7033511780111273,5280,3956,182_depth.tif,True,True,OPENCV,data\uav3dcrop\2025\Day001_Wheat\images\182.JPG,data\uav3dcrop_depth\2025\Day001_Wheat\182_depth.tif,https://huggingface.co/datasets/Link-Dev/UAV3DCrop/blob/main/2025/Day001_Wheat/images/182.JPG,https://huggingface.co/datasets/Link-Dev/UAV3DCrop_depth/blob/main/2025/Day001_Wheat_depth/182_depth.tif,main,metric_raw,8,20000,0.021016015625,0.026457286167144774,0.06357535538183437,0.0019676239967346193,0.01456036897900466,0.047299534204710385,0.5244620114185331,0.057284109023148184
2025/Day001_Wheat,2025,Day001,wheat,182.JPG,182,DJI Mavic 3M RGB camera,oblique,oblique,0.7033511780111273,5280,3956,182_depth.tif,True,True,OPENCV,data\uav3dcrop\2025\Day001_Wheat\images\182.JPG,data\uav3dcrop_depth\2025\Day001_Wheat\182_depth.tif,https://huggingface.co/datasets/Link-Dev/UAV3DCrop/blob/main/2025/Day001_Wheat/images/182.JPG,https://huggingface.co/datasets/Link-Dev/UAV3DCrop_depth/blob/main/2025/Day001_Wheat_depth/182_depth.tif,main,metric_bias_corrected,8,20000,0.021016015625,0.02645728416442871,0.06357536754800466,0.001967612266540527,0.014559832474060693,0.047298440959965,0.5244620114185331,0.057284109023148184
2025/Day001_Wheat,2025,Day001,wheat,182.JPG,182,DJI Mavic 3M RGB camera,oblique,oblique,0.7033511780111273,5280,3956,182_depth.tif,True,True,OPENCV,data\uav3dcrop\2025\Day001_Wheat\images\182.JPG,data\uav3dcrop_depth\2025\Day001_Wheat\182_depth.tif,https://huggingface.co/datasets/Link-Dev/UAV3DCrop/blob/main/2025/Day001_Wheat/images/182.JPG,https://huggingface.co/datasets/Link-Dev/UAV3DCrop_depth/blob/main/2025/Day001_Wheat_depth/182_depth.tif,main,metric_scale_shift,8,20000,0.021016015625,0.06669654989242554,0.1551088044138822,0.008998804759979249,0.014560495837590004,0.047299607441005274,0.5244620114185331,0.057284109023148184
2025/Day001_Wheat,2025,Day001,wheat,182.JPG,182,DJI Mavic 3M RGB camera,oblique,oblique,0.7033511780111273,5280,3956,182_depth.tif,True,True,OPENCV,data\uav3dcrop\2025\Day001_Wheat\images\182.JPG,data\uav3dcrop_depth\2025\Day001_Wheat\182_depth.tif,https://huggingface.co/datasets/Link-Dev/UAV3DCrop/blob/main/2025/Day001_Wheat/images/182.JPG,https://huggingface.co/datasets/Link-Dev/UAV3DCrop_depth/blob/main/2025/Day001_Wheat_depth/182_depth.tif,main,relative_scale_shift,8,20000,0.021016015625,0.022005143642425538,0.05535107180376826,-0.00037600526809692384,0.2777441702578101,0.1899171926572605,0.5844532279314888,0.057284109023148184
2025/Day001_Wheat,2025,Day001,wheat,182.JPG,182,DJI Mavic 3M RGB camera,oblique,oblique,0.7033511780111273,5280,3956,182_depth.tif,True,True,OPENCV,data\uav3dcrop\2025\Day001_Wheat\images\182.JPG,data\uav3dcrop_depth\2025\Day001_Wheat\182_depth.tif,https://huggingface.co/datasets/Link-Dev/UAV3DCrop/blob/main/2025/Day001_Wheat/images/182.JPG,https://huggingface.co/datasets/Link-Dev/UAV3DCrop_depth/blob/main/2025/Day001_Wheat_depth/182_depth.tif,main,metric_raw,16,20000,0.034891015625,0.04360833246707916,0.09696586301672408,0.0036811184644699097,0.03210029277404515,0.06526432789055617,0.5260745781542948,0.08023853950879006
2025/Day001_Wheat,2025,Day001,wheat,182.JPG,182,DJI Mavic 3M RGB camera,oblique,oblique,0.7033511780111273,5280,3956,182_depth.tif,True,True,OPENCV,data\uav3dcrop\2025\Day001_Wheat\images\182.JPG,data\uav3dcrop_depth\2025\Day001_Wheat\182_depth.tif,https://huggingface.co/datasets/Link-Dev/UAV3DCrop/blob/main/2025/Day001_Wheat/images/182.JPG,https://huggingface.co/datasets/Link-Dev/UAV3DCrop_depth/blob/main/2025/Day001_Wheat_depth/182_depth.tif,main,metric_bias_corrected,16,20000,0.034891015625,0.0436083402633667,0.09696586480498522,0.0036811174392700195,0.03210028675387711,0.06526471157542191,0.5260051385320463,0.08023853950879006
2025/Day001_Wheat,2025,Day001,wheat,182.JPG,182,DJI Mavic 3M RGB camera,oblique,oblique,0.7033511780111273,5280,3956,182_depth.tif,True,True,OPENCV,data\uav3dcrop\2025\Day001_Wheat\images\182.JPG,data\uav3dcrop_depth\2025\Day001_Wheat\182_depth.tif,https://huggingface.co/datasets/Link-Dev/UAV3DCrop/blob/main/2025/Day001_Wheat/images/182.JPG,https://huggingface.co/datasets/Link-Dev/UAV3DCrop_depth/blob/main/2025/Day001_Wheat_depth/182_depth.tif,main,metric_scale_shift,16,20000,0.034891015625,0.11758227815628051,0.2995440583361941,0.01681121301651001,0.03210022745456223,0.06526503145665087,0.5260745781542948,0.08023853950879006
2025/Day001_Wheat,2025,Day001,wheat,182.JPG,182,DJI Mavic 3M RGB camera,oblique,oblique,0.7033511780111273,5280,3956,182_depth.tif,True,True,OPENCV,data\uav3dcrop\2025\Day001_Wheat\images\182.JPG,data\uav3dcrop_depth\2025\Day001_Wheat\182_depth.tif,https://huggingface.co/datasets/Link-Dev/UAV3DCrop/blob/main/2025/Day001_Wheat/images/182.JPG,https://huggingface.co/datasets/Link-Dev/UAV3DCrop_depth/blob/main/2025/Day001_Wheat_depth/182_depth.tif,main,relative_scale_shift,16,20000,0.034891015625,0.03548262300491333,0.07571806413295322,-0.0007405234336853027,0.3457923904750024,0.2334197346454481,0.5886396778001528,0.08023853950879006
2025/Day001_Wheat,2025,Day001,wheat,182.JPG,182,DJI Mavic 3M RGB camera,oblique,oblique,0.7033511780111273,5280,3956,182_depth.tif,True,True,OPENCV,data\uav3dcrop\2025\Day001_Wheat\images\182.JPG,data\uav3dcrop_depth\2025\Day001_Wheat\182_depth.tif,https://huggingface.co/datasets/Link-Dev/UAV3DCrop/blob/main/2025/Day001_Wheat/images/182.JPG,https://huggingface.co/datasets/Link-Dev/UAV3DCrop_depth/blob/main/2025/Day001_Wheat_depth/182_depth.tif,main,metric_raw,32,20000,0.056579296875,0.06992535302639008,0.140986264827317,0.0065647844076156614,0.036593978104878785,0.09246230401118799,0.5387413604947253,0.11719488113147959
2025/Day001_Wheat,2025,Day001,wheat,182.JPG,182,DJI Mavic 3M RGB camera,oblique,oblique,0.7033511780111273,5280,3956,182_depth.tif,True,True,OPENCV,data\uav3dcrop\2025\Day001_Wheat\images\182.JPG,data\uav3dcrop_depth\2025\Day001_Wheat\182_depth.tif,https://huggingface.co/datasets/Link-Dev/UAV3DCrop/blob/main/2025/Day001_Wheat/images/182.JPG,https://huggingface.co/datasets/Link-Dev/UAV3DCrop_depth/blob/main/2025/Day001_Wheat_depth/182_depth.tif,main,metric_bias_corrected,32,20000,0.056579296875,0.06992535514831542,0.1409862680073738,0.006564780807495117,0.03659392583563145,0.09246180331387105,0.5387413604947253,0.11719488113147959
2025/Day001_Wheat,2025,Day001,wheat,182.JPG,182,DJI Mavic 3M RGB camera,oblique,oblique,0.7033511780111273,5280,3956,182_depth.tif,True,True,OPENCV,data\uav3dcrop\2025\Day001_Wheat\images\182.JPG,data\uav3dcrop_depth\2025\Day001_Wheat\182_depth.tif,https://huggingface.co/datasets/Link-Dev/UAV3DCrop/blob/main/2025/Day001_Wheat/images/182.JPG,https://huggingface.co/datasets/Link-Dev/UAV3DCrop_depth/blob/main/2025/Day001_Wheat_depth/182_depth.tif,main,metric_scale_shift,32,20000,0.056579296875,0.1983618800163269,0.4338583653281023,0.02815932378768921,0.03659401299131995,0.09246252637488941,0.5387413604947253,0.11719488113147959
2025/Day001_Wheat,2025,Day001,wheat,182.JPG,182,DJI Mavic 3M RGB camera,oblique,oblique,0.7033511780111273,5280,3956,182_depth.tif,True,True,OPENCV,data\uav3dcrop\2025\Day001_Wheat\images\182.JPG,data\uav3dcrop_depth\2025\Day001_Wheat\182_depth.tif,https://huggingface.co/datasets/Link-Dev/UAV3DCrop/blob/main/2025/Day001_Wheat/images/182.JPG,https://huggingface.co/datasets/Link-Dev/UAV3DCrop_depth/blob/main/2025/Day001_Wheat_depth/182_depth.tif,main,relative_scale_shift,32,20000,0.056579296875,0.055664082527160645,0.1060790031888498,-0.001672966957092285,0.44566192408939787,0.3069680380546801,0.607129865405602,0.11719488113147959
2025/Day001_Wheat,2025,Day001,wheat,182.JPG,182,DJI Mavic 3M RGB camera,oblique,oblique,0.7033511780111273,5280,3956,182_depth.tif,True,True,OPENCV,data\uav3dcrop\2025\Day001_Wheat\images\182.JPG,data\uav3dcrop_depth\2025\Day001_Wheat\182_depth.tif,https://huggingface.co/datasets/Link-Dev/UAV3DCrop/blob/main/2025/Day001_Wheat/images/182.JPG,https://huggingface.co/datasets/Link-Dev/UAV3DCrop_depth/blob/main/2025/Day001_Wheat_depth/182_depth.tif,main,metric_raw,64,20000,0.083904296875,0.1045895103931427,0.1871280316959503,0.0117407470703125,0.09547399865004232,0.13705566356579924,0.5562217194570136,0.16515895997981758
2025/Day001_Wheat,2025,Day001,wheat,182.JPG,182,DJI Mavic 3M RGB camera,oblique,oblique,0.7033511780111273,5280,3956,182_depth.tif,True,True,OPENCV,data\uav3dcrop\2025\Day001_Wheat\images\182.JPG,data\uav3dcrop_depth\2025\Day001_Wheat\182_depth.tif,https://huggingface.co/datasets/Link-Dev/UAV3DCrop/blob/main/2025/Day001_Wheat/images/182.JPG,https://huggingface.co/datasets/Link-Dev/UAV3DCrop_depth/blob/main/2025/Day001_Wheat_depth/182_depth.tif,main,metric_bias_corrected,64,20000,0.083904296875,0.10458950452804565,0.18712802295846484,0.011740754985809326,0.09547407582802105,0.1370557626316187,0.5561651583710407,0.16515895997981758
2025/Day001_Wheat,2025,Day001,wheat,182.JPG,182,DJI Mavic 3M RGB camera,oblique,oblique,0.7033511780111273,5280,3956,182_depth.tif,True,True,OPENCV,data\uav3dcrop\2025\Day001_Wheat\images\182.JPG,data\uav3dcrop_depth\2025\Day001_Wheat\182_depth.tif,https://huggingface.co/datasets/Link-Dev/UAV3DCrop/blob/main/2025/Day001_Wheat/images/182.JPG,https://huggingface.co/datasets/Link-Dev/UAV3DCrop_depth/blob/main/2025/Day001_Wheat_depth/182_depth.tif,main,metric_scale_shift,64,20000,0.083904296875,0.32124878492355347,0.5443928138128107,0.046166906452178955,0.09547398409521236,0.1370555607605958,0.5562217194570136,0.16515895997981758
2025/Day001_Wheat,2025,Day001,wheat,182.JPG,182,DJI Mavic 3M RGB camera,oblique,oblique,0.7033511780111273,5280,3956,182_depth.tif,True,True,OPENCV,data\uav3dcrop\2025\Day001_Wheat\images\182.JPG,data\uav3dcrop_depth\2025\Day001_Wheat\182_depth.tif,https://huggingface.co/datasets/Link-Dev/UAV3DCrop/blob/main/2025/Day001_Wheat/images/182.JPG,https://huggingface.co/datasets/Link-Dev/UAV3DCrop_depth/blob/main/2025/Day001_Wheat_depth/182_depth.tif,main,relative_scale_shift,64,20000,0.083904296875,0.08040118350982665,0.1455975452687491,-0.0018975391387939453,0.48778301040986966,0.39269182737582875,0.6398190045248868,0.16515895997981758
2025/Day001_Wheat,2025,Day001,wheat,182.JPG,182,DJI Mavic 3M RGB camera,oblique,oblique,0.7033511780111273,5280,3956,182_depth.tif,True,True,OPENCV,data\uav3dcrop\2025\Day001_Wheat\images\182.JPG,data\uav3dcrop_depth\2025\Day001_Wheat\182_depth.tif,https://huggingface.co/datasets/Link-Dev/UAV3DCrop/blob/main/2025/Day001_Wheat/images/182.JPG,https://huggingface.co/datasets/Link-Dev/UAV3DCrop_depth/blob/main/2025/Day001_Wheat_depth/182_depth.tif,main,metric_raw,128,20000,0.11650625,0.1577587512254715,0.28643037553726314,0.02356947376728058,0.034267799629682426,0.14988218376265314,0.5512743546362495,0.21027662177571066
2025/Day001_Wheat,2025,Day001,wheat,182.JPG,182,DJI Mavic 3M RGB camera,oblique,oblique,0.7033511780111273,5280,3956,182_depth.tif,True,True,OPENCV,data\uav3dcrop\2025\Day001_Wheat\images\182.JPG,data\uav3dcrop_depth\2025\Day001_Wheat\182_depth.tif,https://huggingface.co/datasets/Link-Dev/UAV3DCrop/blob/main/2025/Day001_Wheat/images/182.JPG,https://huggingface.co/datasets/Link-Dev/UAV3DCrop_depth/blob/main/2025/Day001_Wheat_depth/182_depth.tif,main,metric_bias_corrected,128,20000,0.11650625,0.15775875253677368,0.28643037768108365,0.023569475078582765,0.03426779306023803,0.14988193328014981,0.5512743546362495,0.21027662177571066
2025/Day001_Wheat,2025,Day001,wheat,182.JPG,182,DJI Mavic 3M RGB camera,oblique,oblique,0.7033511780111273,5280,3956,182_depth.tif,True,True,OPENCV,data\uav3dcrop\2025\Day001_Wheat\images\182.JPG,data\uav3dcrop_depth\2025\Day001_Wheat\182_depth.tif,https://huggingface.co/datasets/Link-Dev/UAV3DCrop/blob/main/2025/Day001_Wheat/images/182.JPG,https://huggingface.co/datasets/Link-Dev/UAV3DCrop_depth/blob/main/2025/Day001_Wheat_depth/182_depth.tif,main,metric_scale_shift,128,20000,0.11650625,0.5357598223686219,1.0428234039867,0.10914044370651245,0.03426778958547825,0.14988237087833406,0.5512743546362495,0.21027662177571066
2025/Day001_Wheat,2025,Day001,wheat,182.JPG,182,DJI Mavic 3M RGB camera,oblique,oblique,0.7033511780111273,5280,3956,182_depth.tif,True,True,OPENCV,data\uav3dcrop\2025\Day001_Wheat\images\182.JPG,data\uav3dcrop_depth\2025\Day001_Wheat\182_depth.tif,https://huggingface.co/datasets/Link-Dev/UAV3DCrop/blob/main/2025/Day001_Wheat/images/182.JPG,https://huggingface.co/datasets/Link-Dev/UAV3DCrop_depth/blob/main/2025/Day001_Wheat_depth/182_depth.tif,main,relative_scale_shift,128,20000,0.11650625,0.10915131196975708,0.17916690912161723,-0.00738063383102417,0.5357395558175446,0.44113741295544256,0.6514217104185995,0.21027662177571066
2025/Day001_Wheat,2025,Day001,wheat,240.JPG,240,DJI Mavic 3M RGB camera,oblique,oblique,0.7075718208125407,5280,3956,240_depth.tif,True,True,OPENCV,data\uav3dcrop\2025\Day001_Wheat\images\240.JPG,data\uav3dcrop_depth\2025\Day001_Wheat\240_depth.tif,https://huggingface.co/datasets/Link-Dev/UAV3DCrop/blob/main/2025/Day001_Wheat/images/240.JPG,https://huggingface.co/datasets/Link-Dev/UAV3DCrop_depth/blob/main/2025/Day001_Wheat_depth/240_depth.tif,main,metric_raw,8,20000,0.01113125,0.016389104557037352,0.028349269125111477,0.0025806023597717285,-0.01200012752253052,0.027029550954462196,0.5145268943855517,0.021833413469395616
2025/Day001_Wheat,2025,Day001,wheat,240.JPG,240,DJI Mavic 3M RGB camera,oblique,oblique,0.7075718208125407,5280,3956,240_depth.tif,True,True,OPENCV,data\uav3dcrop\2025\Day001_Wheat\images\240.JPG,data\uav3dcrop_depth\2025\Day001_Wheat\240_depth.tif,https://huggingface.co/datasets/Link-Dev/UAV3DCrop/blob/main/2025/Day001_Wheat/images/240.JPG,https://huggingface.co/datasets/Link-Dev/UAV3DCrop_depth/blob/main/2025/Day001_Wheat_depth/240_depth.tif,main,metric_bias_corrected,8,20000,0.01113125,0.016389112758636474,0.02834927225051122,0.0025805903434753417,-0.012000260582204905,0.027029194938245214,0.5145268943855517,0.021833413469395616
2025/Day001_Wheat,2025,Day001,wheat,240.JPG,240,DJI Mavic 3M RGB camera,oblique,oblique,0.7075718208125407,5280,3956,240_depth.tif,True,True,OPENCV,data\uav3dcrop\2025\Day001_Wheat\images\240.JPG,data\uav3dcrop_depth\2025\Day001_Wheat\240_depth.tif,https://huggingface.co/datasets/Link-Dev/UAV3DCrop/blob/main/2025/Day001_Wheat/images/240.JPG,https://huggingface.co/datasets/Link-Dev/UAV3DCrop_depth/blob/main/2025/Day001_Wheat_depth/240_depth.tif,main,metric_scale_shift,8,20000,0.01113125,0.028105150413513184,0.050034661378784574,0.002604764938354492,-0.012000064292538639,0.027029709007218614,0.5145268943855517,0.021833413469395616
2025/Day001_Wheat,2025,Day001,wheat,240.JPG,240,DJI Mavic 3M RGB camera,oblique,oblique,0.7075718208125407,5280,3956,240_depth.tif,True,True,OPENCV,data\uav3dcrop\2025\Day001_Wheat\images\240.JPG,data\uav3dcrop_depth\2025\Day001_Wheat\240_depth.tif,https://huggingface.co/datasets/Link-Dev/UAV3DCrop/blob/main/2025/Day001_Wheat/images/240.JPG,https://huggingface.co/datasets/Link-Dev/UAV3DCrop_depth/blob/main/2025/Day001_Wheat_depth/240_depth.tif,main,relative_scale_shift,8,20000,0.01113125,0.011668524265289307,0.020861202773916208,0.0020648236274719237,0.3204402512857711,0.23518935442637248,0.6221044365920692,0.021833413469395616
2025/Day001_Wheat,2025,Day001,wheat,240.JPG,240,DJI Mavic 3M RGB camera,oblique,oblique,0.7075718208125407,5280,3956,240_depth.tif,True,True,OPENCV,data\uav3dcrop\2025\Day001_Wheat\images\240.JPG,data\uav3dcrop_depth\2025\Day001_Wheat\240_depth.tif,https://huggingface.co/datasets/Link-Dev/UAV3DCrop/blob/main/2025/Day001_Wheat/images/240.JPG,https://huggingface.co/datasets/Link-Dev/UAV3DCrop_depth/blob/main/2025/Day001_Wheat_depth/240_depth.tif,main,metric_raw,16,20000,0.019708984375,0.02806267728805542,0.046927883814687696,0.004773664045333862,-0.015717346680448406,0.021649857694216987,0.5170949720670391,0.035046859411133266
2025/Day001_Wheat,2025,Day001,wheat,240.JPG,240,DJI Mavic 3M RGB camera,oblique,oblique,0.7075718208125407,5280,3956,240_depth.tif,True,True,OPENCV,data\uav3dcrop\2025\Day001_Wheat\images\240.JPG,data\uav3dcrop_depth\2025\Day001_Wheat\240_depth.tif,https://huggingface.co/datasets/Link-Dev/UAV3DCrop/blob/main/2025/Day001_Wheat/images/240.JPG,https://huggingface.co/datasets/Link-Dev/UAV3DCrop_depth/blob/main/2025/Day001_Wheat_depth/240_depth.tif,main,metric_bias_corrected,16,20000,0.019708984375,0.02806267395019531,0.04692788361867601,0.004773664283752441,-0.015717244691297875,0.021649577257124797,0.5170949720670391,0.035046859411133266
2025/Day001_Wheat,2025,Day001,wheat,240.JPG,240,DJI Mavic 3M RGB camera,oblique,oblique,0.7075718208125407,5280,3956,240_depth.tif,True,True,OPENCV,data\uav3dcrop\2025\Day001_Wheat\images\240.JPG,data\uav3dcrop_depth\2025\Day001_Wheat\240_depth.tif,https://huggingface.co/datasets/Link-Dev/UAV3DCrop/blob/main/2025/Day001_Wheat/images/240.JPG,https://huggingface.co/datasets/Link-Dev/UAV3DCrop_depth/blob/main/2025/Day001_Wheat_depth/240_depth.tif,main,metric_scale_shift,16,20000,0.019708984375,0.0492235342502594,0.08501626735440682,0.004947112894058228,-0.015717324686136142,0.021649112999354098,0.5170949720670391,0.035046859411133266
2025/Day001_Wheat,2025,Day001,wheat,240.JPG,240,DJI Mavic 3M RGB camera,oblique,oblique,0.7075718208125407,5280,3956,240_depth.tif,True,True,OPENCV,data\uav3dcrop\2025\Day001_Wheat\images\240.JPG,data\uav3dcrop_depth\2025\Day001_Wheat\240_depth.tif,https://huggingface.co/datasets/Link-Dev/UAV3DCrop/blob/main/2025/Day001_Wheat/images/240.JPG,https://huggingface.co/datasets/Link-Dev/UAV3DCrop_depth/blob/main/2025/Day001_Wheat_depth/240_depth.tif,main,relative_scale_shift,16,20000,0.019708984375,0.01969433946609497,0.03213643196125943,0.0036682053565979004,0.4201100496561599,0.28053133069733116,0.6274860335195531,0.035046859411133266
2025/Day001_Wheat,2025,Day001,wheat,240.JPG,240,DJI Mavic 3M RGB camera,oblique,oblique,0.7075718208125407,5280,3956,240_depth.tif,True,True,OPENCV,data\uav3dcrop\2025\Day001_Wheat\images\240.JPG,data\uav3dcrop_depth\2025\Day001_Wheat\240_depth.tif,https://huggingface.co/datasets/Link-Dev/UAV3DCrop/blob/main/2025/Day001_Wheat/images/240.JPG,https://huggingface.co/datasets/Link-Dev/UAV3DCrop_depth/blob/main/2025/Day001_Wheat_depth/240_depth.tif,main,metric_raw,32,20000,0.0326140625,0.045427950167655946,0.07359739878692347,0.009780278420448303,0.0333550729787178,0.05256603850739557,0.5257910985335734,0.054290899395774875
2025/Day001_Wheat,2025,Day001,wheat,240.JPG,240,DJI Mavic 3M RGB camera,oblique,oblique,0.7075718208125407,5280,3956,240_depth.tif,True,True,OPENCV,data\uav3dcrop\2025\Day001_Wheat\images\240.JPG,data\uav3dcrop_depth\2025\Day001_Wheat\240_depth.tif,https://huggingface.co/datasets/Link-Dev/UAV3DCrop/blob/main/2025/Day001_Wheat/images/240.JPG,https://huggingface.co/datasets/Link-Dev/UAV3DCrop_depth/blob/main/2025/Day001_Wheat_depth/240_depth.tif,main,metric_bias_corrected,32,20000,0.0326140625,0.0454279465675354,0.07359739382394308,0.009780275058746337,0.033355061707122054,0.05256555771656321,0.5257910985335734,0.054290899395774875
2025/Day001_Wheat,2025,Day001,wheat,240.JPG,240,DJI Mavic 3M RGB camera,oblique,oblique,0.7075718208125407,5280,3956,240_depth.tif,True,True,OPENCV,data\uav3dcrop\2025\Day001_Wheat\images\240.JPG,data\uav3dcrop_depth\2025\Day001_Wheat\240_depth.tif,https://huggingface.co/datasets/Link-Dev/UAV3DCrop/blob/main/2025/Day001_Wheat/images/240.JPG,https://huggingface.co/datasets/Link-Dev/UAV3DCrop_depth/blob/main/2025/Day001_Wheat_depth/240_depth.tif,main,metric_scale_shift,32,20000,0.0326140625,0.08174068803787231,0.1378194269083826,0.010115423679351806,0.03335517936878707,0.052566294857243345,0.5257910985335734,0.054290899395774875
2025/Day001_Wheat,2025,Day001,wheat,240.JPG,240,DJI Mavic 3M RGB camera,oblique,oblique,0.7075718208125407,5280,3956,240_depth.tif,True,True,OPENCV,data\uav3dcrop\2025\Day001_Wheat\images\240.JPG,data\uav3dcrop_depth\2025\Day001_Wheat\240_depth.tif,https://huggingface.co/datasets/Link-Dev/UAV3DCrop/blob/main/2025/Day001_Wheat/images/240.JPG,https://huggingface.co/datasets/Link-Dev/UAV3DCrop_depth/blob/main/2025/Day001_Wheat_depth/240_depth.tif,main,relative_scale_shift,32,20000,0.0326140625,0.03096071138381958,0.047659564544419476,0.00803021821975708,0.5090138262537985,0.33325915712690024,0.6386030357602264,0.054290899395774875
2025/Day001_Wheat,2025,Day001,wheat,240.JPG,240,DJI Mavic 3M RGB camera,oblique,oblique,0.7075718208125407,5280,3956,240_depth.tif,True,True,OPENCV,data\uav3dcrop\2025\Day001_Wheat\images\240.JPG,data\uav3dcrop_depth\2025\Day001_Wheat\240_depth.tif,https://huggingface.co/datasets/Link-Dev/UAV3DCrop/blob/main/2025/Day001_Wheat/images/240.JPG,https://huggingface.co/datasets/Link-Dev/UAV3DCrop_depth/blob/main/2025/Day001_Wheat_depth/240_depth.tif,main,metric_raw,64,20000,0.05299140625,0.07282862691879273,0.12052342856787608,0.019697232341766357,0.018925468756161554,0.0914642104140404,0.5462823338359819,0.08324165994011029
2025/Day001_Wheat,2025,Day001,wheat,240.JPG,240,DJI Mavic 3M RGB camera,oblique,oblique,0.7075718208125407,5280,3956,240_depth.tif,True,True,OPENCV,data\uav3dcrop\2025\Day001_Wheat\images\240.JPG,data\uav3dcrop_depth\2025\Day001_Wheat\240_depth.tif,https://huggingface.co/datasets/Link-Dev/UAV3DCrop/blob/main/2025/Day001_Wheat/images/240.JPG,https://huggingface.co/datasets/Link-Dev/UAV3DCrop_depth/blob/main/2025/Day001_Wheat_depth/240_depth.tif,main,metric_bias_corrected,64,20000,0.05299140625,0.07282863655090333,0.12052343406937596,0.019697229385375978,0.018925425970521808,0.09146416887838889,0.5462243359239067,0.08324165994011029
2025/Day001_Wheat,2025,Day001,wheat,240.JPG,240,DJI Mavic 3M RGB camera,oblique,oblique,0.7075718208125407,5280,3956,240_depth.tif,True,True,OPENCV,data\uav3dcrop\2025\Day001_Wheat\images\240.JPG,data\uav3dcrop_depth\2025\Day001_Wheat\240_depth.tif,https://huggingface.co/datasets/Link-Dev/UAV3DCrop/blob/main/2025/Day001_Wheat/images/240.JPG,https://huggingface.co/datasets/Link-Dev/UAV3DCrop_depth/blob/main/2025/Day001_Wheat_depth/240_depth.tif,main,metric_scale_shift,64,20000,0.05299140625,0.1353021969795227,0.23370906834949354,0.019111954593658446,0.018925470393665052,0.09146410294218846,0.5462823338359819,0.08324165994011029
2025/Day001_Wheat,2025,Day001,wheat,240.JPG,240,DJI Mavic 3M RGB camera,oblique,oblique,0.7075718208125407,5280,3956,240_depth.tif,True,True,OPENCV,data\uav3dcrop\2025\Day001_Wheat\images\240.JPG,data\uav3dcrop_depth\2025\Day001_Wheat\240_depth.tif,https://huggingface.co/datasets/Link-Dev/UAV3DCrop/blob/main/2025/Day001_Wheat/images/240.JPG,https://huggingface.co/datasets/Link-Dev/UAV3DCrop_depth/blob/main/2025/Day001_Wheat_depth/240_depth.tif,main,relative_scale_shift,64,20000,0.05299140625,0.04723661766052246,0.07228520359343667,0.01599840965270996,0.541501508090776,0.40939574332196405,0.6681939450179794,0.08324165994011029
2025/Day001_Wheat,2025,Day001,wheat,240.JPG,240,DJI Mavic 3M RGB camera,oblique,oblique,0.7075718208125407,5280,3956,240_depth.tif,True,True,OPENCV,data\uav3dcrop\2025\Day001_Wheat\images\240.JPG,data\uav3dcrop_depth\2025\Day001_Wheat\240_depth.tif,https://huggingface.co/datasets/Link-Dev/UAV3DCrop/blob/main/2025/Day001_Wheat/images/240.JPG,https://huggingface.co/datasets/Link-Dev/UAV3DCrop_depth/blob/main/2025/Day001_Wheat_depth/240_depth.tif,main,metric_raw,128,20000,0.0824171875,0.11663573608398438,0.19105626602215098,0.03863697280883789,0.03788271693625694,0.11171556338590365,0.551910480349345,0.12400849146901553
2025/Day001_Wheat,2025,Day001,wheat,240.JPG,240,DJI Mavic 3M RGB camera,oblique,oblique,0.7075718208125407,5280,3956,240_depth.tif,True,True,OPENCV,data\uav3dcrop\2025\Day001_Wheat\images\240.JPG,data\uav3dcrop_depth\2025\Day001_Wheat\240_depth.tif,https://huggingface.co/datasets/Link-Dev/UAV3DCrop/blob/main/2025/Day001_Wheat/images/240.JPG,https://huggingface.co/datasets/Link-Dev/UAV3DCrop_depth/blob/main/2025/Day001_Wheat_depth/240_depth.tif,main,metric_bias_corrected,128,20000,0.0824171875,0.11663574161529541,0.19105626939347053,0.038636973190307615,0.03788266699111313,0.11171575965305697,0.551910480349345,0.12400849146901553
2025/Day001_Wheat,2025,Day001,wheat,240.JPG,240,DJI Mavic 3M RGB camera,oblique,oblique,0.7075718208125407,5280,3956,240_depth.tif,True,True,OPENCV,data\uav3dcrop\2025\Day001_Wheat\images\240.JPG,data\uav3dcrop_depth\2025\Day001_Wheat\240_depth.tif,https://huggingface.co/datasets/Link-Dev/UAV3DCrop/blob/main/2025/Day001_Wheat/images/240.JPG,https://huggingface.co/datasets/Link-Dev/UAV3DCrop_depth/blob/main/2025/Day001_Wheat_depth/240_depth.tif,main,metric_scale_shift,128,20000,0.0824171875,0.22580678396224976,0.3847772739557679,0.037264502143859866,0.03788271749522709,0.11171564503644467,0.551910480349345,0.12400849146901553
2025/Day001_Wheat,2025,Day001,wheat,240.JPG,240,DJI Mavic 3M RGB camera,oblique,oblique,0.7075718208125407,5280,3956,240_depth.tif,True,True,OPENCV,data\uav3dcrop\2025\Day001_Wheat\images\240.JPG,data\uav3dcrop_depth\2025\Day001_Wheat\240_depth.tif,https://huggingface.co/datasets/Link-Dev/UAV3DCrop/blob/main/2025/Day001_Wheat/images/240.JPG,https://huggingface.co/datasets/Link-Dev/UAV3DCrop_depth/blob/main/2025/Day001_Wheat_depth/240_depth.tif,main,relative_scale_shift,128,20000,0.0824171875,0.07195939931869506,0.11124831910404713,0.03024282922744751,0.5168841726624034,0.4178190527400804,0.6966157205240174,0.12400849146901553
2025/Day001_Wheat,2025,Day001,wheat,298.JPG,298,DJI Mavic 3M RGB camera,oblique,oblique,0.7061234622354156,5280,3956,298_depth.tif,True,True,OPENCV,data\uav3dcrop\2025\Day001_Wheat\images\298.JPG,data\uav3dcrop_depth\2025\Day001_Wheat\298_depth.tif,https://huggingface.co/datasets/Link-Dev/UAV3DCrop/blob/main/2025/Day001_Wheat/images/298.JPG,https://huggingface.co/datasets/Link-Dev/UAV3DCrop_depth/blob/main/2025/Day001_Wheat_depth/298_depth.tif,main,metric_raw,8,20000,0.022323046875,0.02578599420785904,0.06234727449500131,0.0021176508069038393,0.042678946982462385,0.06574666414835052,0.5263435194942044,0.05793016725689531
2025/Day001_Wheat,2025,Day001,wheat,298.JPG,298,DJI Mavic 3M RGB camera,oblique,oblique,0.7061234622354156,5280,3956,298_depth.tif,True,True,OPENCV,data\uav3dcrop\2025\Day001_Wheat\images\298.JPG,data\uav3dcrop_depth\2025\Day001_Wheat\298_depth.tif,https://huggingface.co/datasets/Link-Dev/UAV3DCrop/blob/main/2025/Day001_Wheat/images/298.JPG,https://huggingface.co/datasets/Link-Dev/UAV3DCrop_depth/blob/main/2025/Day001_Wheat_depth/298_depth.tif,main,metric_bias_corrected,8,20000,0.022323046875,0.02578599977493286,0.06234727651211647,0.002117659282684326,0.04267870048545951,0.06574423644793538,0.5263435194942044,0.05793016725689531
2025/Day001_Wheat,2025,Day001,wheat,298.JPG,298,DJI Mavic 3M RGB camera,oblique,oblique,0.7061234622354156,5280,3956,298_depth.tif,True,True,OPENCV,data\uav3dcrop\2025\Day001_Wheat\images\298.JPG,data\uav3dcrop_depth\2025\Day001_Wheat\298_depth.tif,https://huggingface.co/datasets/Link-Dev/UAV3DCrop/blob/main/2025/Day001_Wheat/images/298.JPG,https://huggingface.co/datasets/Link-Dev/UAV3DCrop_depth/blob/main/2025/Day001_Wheat_depth/298_depth.tif,main,metric_scale_shift,8,20000,0.022323046875,0.05236772923469543,0.14276368098537484,0.009254573106765748,0.04267901267177223,0.06574672420449482,0.5263435194942044,0.05793016725689531
2025/Day001_Wheat,2025,Day001,wheat,298.JPG,298,DJI Mavic 3M RGB camera,oblique,oblique,0.7061234622354156,5280,3956,298_depth.tif,True,True,OPENCV,data\uav3dcrop\2025\Day001_Wheat\images\298.JPG,data\uav3dcrop_depth\2025\Day001_Wheat\298_depth.tif,https://huggingface.co/datasets/Link-Dev/UAV3DCrop/blob/main/2025/Day001_Wheat/images/298.JPG,https://huggingface.co/datasets/Link-Dev/UAV3DCrop_depth/blob/main/2025/Day001_Wheat_depth/298_depth.tif,main,relative_scale_shift,8,20000,0.022323046875,0.023935975742340087,0.05775625039533252,0.0002854250907897949,0.10169876220517929,0.1598781079389653,0.574903407095188,0.05793016725689531
2025/Day001_Wheat,2025,Day001,wheat,298.JPG,298,DJI Mavic 3M RGB camera,oblique,oblique,0.7061234622354156,5280,3956,298_depth.tif,True,True,OPENCV,data\uav3dcrop\2025\Day001_Wheat\images\298.JPG,data\uav3dcrop_depth\2025\Day001_Wheat\298_depth.tif,https://huggingface.co/datasets/Link-Dev/UAV3DCrop/blob/main/2025/Day001_Wheat/images/298.JPG,https://huggingface.co/datasets/Link-Dev/UAV3DCrop_depth/blob/main/2025/Day001_Wheat_depth/298_depth.tif,main,metric_raw,16,20000,0.036416796875,0.040380913972854614,0.08779555644153612,0.0033178034782409666,0.07864172490258985,0.0982499843430395,0.5321579689703808,0.07951049792859602
2025/Day001_Wheat,2025,Day001,wheat,298.JPG,298,DJI Mavic 3M RGB camera,oblique,oblique,0.7061234622354156,5280,3956,298_depth.tif,True,True,OPENCV,data\uav3dcrop\2025\Day001_Wheat\images\298.JPG,data\uav3dcrop_depth\2025\Day001_Wheat\298_depth.tif,https://huggingface.co/datasets/Link-Dev/UAV3DCrop/blob/main/2025/Day001_Wheat/images/298.JPG,https://huggingface.co/datasets/Link-Dev/UAV3DCrop_depth/blob/main/2025/Day001_Wheat_depth/298_depth.tif,main,metric_bias_corrected,16,20000,0.036416796875,0.04038092575073242,0.08779555943325507,0.003317791748046875,0.07864173753037507,0.09824854248138488,0.5321579689703808,0.07951049792859602
2025/Day001_Wheat,2025,Day001,wheat,298.JPG,298,DJI Mavic 3M RGB camera,oblique,oblique,0.7061234622354156,5280,3956,298_depth.tif,True,True,OPENCV,data\uav3dcrop\2025\Day001_Wheat\images\298.JPG,data\uav3dcrop_depth\2025\Day001_Wheat\298_depth.tif,https://huggingface.co/datasets/Link-Dev/UAV3DCrop/blob/main/2025/Day001_Wheat/images/298.JPG,https://huggingface.co/datasets/Link-Dev/UAV3DCrop_depth/blob/main/2025/Day001_Wheat_depth/298_depth.tif,main,metric_scale_shift,16,20000,0.036416796875,0.0842247561454773,0.23579239448852443,0.017382442951202393,0.07864173991921158,0.09825005367510307,0.5321579689703808,0.07951049792859602
2025/Day001_Wheat,2025,Day001,wheat,298.JPG,298,DJI Mavic 3M RGB camera,oblique,oblique,0.7061234622354156,5280,3956,298_depth.tif,True,True,OPENCV,data\uav3dcrop\2025\Day001_Wheat\images\298.JPG,data\uav3dcrop_depth\2025\Day001_Wheat\298_depth.tif,https://huggingface.co/datasets/Link-Dev/UAV3DCrop/blob/main/2025/Day001_Wheat/images/298.JPG,https://huggingface.co/datasets/Link-Dev/UAV3DCrop_depth/blob/main/2025/Day001_Wheat_depth/298_depth.tif,main,relative_scale_shift,16,20000,0.036416796875,0.037983890438079836,0.07878144331620753,-0.000313727855682373,0.1518691544381117,0.22375496205030124,0.5915373765867419,0.07951049792859602
2025/Day001_Wheat,2025,Day001,wheat,298.JPG,298,DJI Mavic 3M RGB camera,oblique,oblique,0.7061234622354156,5280,3956,298_depth.tif,True,True,OPENCV,data\uav3dcrop\2025\Day001_Wheat\images\298.JPG,data\uav3dcrop_depth\2025\Day001_Wheat\298_depth.tif,https://huggingface.co/datasets/Link-Dev/UAV3DCrop/blob/main/2025/Day001_Wheat/images/298.JPG,https://huggingface.co/datasets/Link-Dev/UAV3DCrop_depth/blob/main/2025/Day001_Wheat_depth/298_depth.tif,main,metric_raw,32,20000,0.04855859375,0.05438679993152618,0.1151989522034296,0.007520633244514466,0.11501358211498117,0.13170265641819087,0.5383293009041131,0.09492788532604941
2025/Day001_Wheat,2025,Day001,wheat,298.JPG,298,DJI Mavic 3M RGB camera,oblique,oblique,0.7061234622354156,5280,3956,298_depth.tif,True,True,OPENCV,data\uav3dcrop\2025\Day001_Wheat\images\298.JPG,data\uav3dcrop_depth\2025\Day001_Wheat\298_depth.tif,https://huggingface.co/datasets/Link-Dev/UAV3DCrop/blob/main/2025/Day001_Wheat/images/298.JPG,https://huggingface.co/datasets/Link-Dev/UAV3DCrop_depth/blob/main/2025/Day001_Wheat_depth/298_depth.tif,main,metric_bias_corrected,32,20000,0.04855859375,0.0543868052482605,0.11519895908968533,0.007520633602142334,0.11501347124512878,0.13170194666671536,0.5382656309690564,0.09492788532604941
2025/Day001_Wheat,2025,Day001,wheat,298.JPG,298,DJI Mavic 3M RGB camera,oblique,oblique,0.7061234622354156,5280,3956,298_depth.tif,True,True,OPENCV,data\uav3dcrop\2025\Day001_Wheat\images\298.JPG,data\uav3dcrop_depth\2025\Day001_Wheat\298_depth.tif,https://huggingface.co/datasets/Link-Dev/UAV3DCrop/blob/main/2025/Day001_Wheat/images/298.JPG,https://huggingface.co/datasets/Link-Dev/UAV3DCrop_depth/blob/main/2025/Day001_Wheat_depth/298_depth.tif,main,metric_scale_shift,32,20000,0.04855859375,0.13043111591339113,0.39992067262650133,0.03597998390197754,0.11501357009783277,0.13170309513475398,0.5383293009041131,0.09492788532604941
2025/Day001_Wheat,2025,Day001,wheat,298.JPG,298,DJI Mavic 3M RGB camera,oblique,oblique,0.7061234622354156,5280,3956,298_depth.tif,True,True,OPENCV,data\uav3dcrop\2025\Day001_Wheat\images\298.JPG,data\uav3dcrop_depth\2025\Day001_Wheat\298_depth.tif,https://huggingface.co/datasets/Link-Dev/UAV3DCrop/blob/main/2025/Day001_Wheat/images/298.JPG,https://huggingface.co/datasets/Link-Dev/UAV3DCrop_depth/blob/main/2025/Day001_Wheat_depth/298_depth.tif,main,relative_scale_shift,32,20000,0.04855859375,0.04993167514801025,0.09239470136096858,0.0005446390151977539,0.24428329626921774,0.31000251159595493,0.6151152425824525,0.09492788532604941
2025/Day001_Wheat,2025,Day001,wheat,298.JPG,298,DJI Mavic 3M RGB camera,oblique,oblique,0.7061234622354156,5280,3956,298_depth.tif,True,True,OPENCV,data\uav3dcrop\2025\Day001_Wheat\images\298.JPG,data\uav3dcrop_depth\2025\Day001_Wheat\298_depth.tif,https://huggingface.co/datasets/Link-Dev/UAV3DCrop/blob/main/2025/Day001_Wheat/images/298.JPG,https://huggingface.co/datasets/Link-Dev/UAV3DCrop_depth/blob/main/2025/Day001_Wheat_depth/298_depth.tif,main,metric_raw,64,20000,0.063128125,0.07022112460136413,0.15847617034940006,0.016171961784362792,0.21465105970801773,0.22089538863073424,0.5551057401812689,0.11573778048847085
2025/Day001_Wheat,2025,Day001,wheat,298.JPG,298,DJI Mavic 3M RGB camera,oblique,oblique,0.7061234622354156,5280,3956,298_depth.tif,True,True,OPENCV,data\uav3dcrop\2025\Day001_Wheat\images\298.JPG,data\uav3dcrop_depth\2025\Day001_Wheat\298_depth.tif,https://huggingface.co/datasets/Link-Dev/UAV3DCrop/blob/main/2025/Day001_Wheat/images/298.JPG,https://huggingface.co/datasets/Link-Dev/UAV3DCrop_depth/blob/main/2025/Day001_Wheat_depth/298_depth.tif,main,metric_bias_corrected,64,20000,0.063128125,0.07022112007141114,0.15847617678240034,0.016171957969665526,0.21465107206690157,0.22089525366836707,0.5551057401812689,0.11573778048847085
2025/Day001_Wheat,2025,Day001,wheat,298.JPG,298,DJI Mavic 3M RGB camera,oblique,oblique,0.7061234622354156,5280,3956,298_depth.tif,True,True,OPENCV,data\uav3dcrop\2025\Day001_Wheat\images\298.JPG,data\uav3dcrop_depth\2025\Day001_Wheat\298_depth.tif,https://huggingface.co/datasets/Link-Dev/UAV3DCrop/blob/main/2025/Day001_Wheat/images/298.JPG,https://huggingface.co/datasets/Link-Dev/UAV3DCrop_depth/blob/main/2025/Day001_Wheat_depth/298_depth.tif,main,metric_scale_shift,64,20000,0.063128125,0.2000245201587677,0.6878874098224974,0.07438800950050355,0.21465104323001308,0.22089540185608272,0.5551057401812689,0.11573778048847085
2025/Day001_Wheat,2025,Day001,wheat,298.JPG,298,DJI Mavic 3M RGB camera,oblique,oblique,0.7061234622354156,5280,3956,298_depth.tif,True,True,OPENCV,data\uav3dcrop\2025\Day001_Wheat\images\298.JPG,data\uav3dcrop_depth\2025\Day001_Wheat\298_depth.tif,https://huggingface.co/datasets/Link-Dev/UAV3DCrop/blob/main/2025/Day001_Wheat/images/298.JPG,https://huggingface.co/datasets/Link-Dev/UAV3DCrop_depth/blob/main/2025/Day001_Wheat_depth/298_depth.tif,main,relative_scale_shift,64,20000,0.063128125,0.06271563920974732,0.10790586515806976,0.0014147826194763184,0.36239602515397,0.38513065641857575,0.6340785498489426,0.11573778048847085
2025/Day001_Wheat,2025,Day001,wheat,298.JPG,298,DJI Mavic 3M RGB camera,oblique,oblique,0.7061234622354156,5280,3956,298_depth.tif,True,True,OPENCV,data\uav3dcrop\2025\Day001_Wheat\images\298.JPG,data\uav3dcrop_depth\2025\Day001_Wheat\298_depth.tif,https://huggingface.co/datasets/Link-Dev/UAV3DCrop/blob/main/2025/Day001_Wheat/images/298.JPG,https://huggingface.co/datasets/Link-Dev/UAV3DCrop_depth/blob/main/2025/Day001_Wheat_depth/298_depth.tif,main,metric_raw,128,20000,0.077053515625,0.08658631429672241,0.16672023557281113,0.02886054220199585,0.3064830604956338,0.22158137566508776,0.5428702430077946,0.1379336055928698
2025/Day001_Wheat,2025,Day001,wheat,298.JPG,298,DJI Mavic 3M RGB camera,oblique,oblique,0.7061234622354156,5280,3956,298_depth.tif,True,True,OPENCV,data\uav3dcrop\2025\Day001_Wheat\images\298.JPG,data\uav3dcrop_depth\2025\Day001_Wheat\298_depth.tif,https://huggingface.co/datasets/Link-Dev/UAV3DCrop/blob/main/2025/Day001_Wheat/images/298.JPG,https://huggingface.co/datasets/Link-Dev/UAV3DCrop_depth/blob/main/2025/Day001_Wheat_depth/298_depth.tif,main,metric_bias_corrected,128,20000,0.077053515625,0.08658632125854492,0.1667202388237359,0.028860549545288085,0.30648308483472253,0.22158133499466723,0.5428702430077946,0.1379336055928698
2025/Day001_Wheat,2025,Day001,wheat,298.JPG,298,DJI Mavic 3M RGB camera,oblique,oblique,0.7061234622354156,5280,3956,298_depth.tif,True,True,OPENCV,data\uav3dcrop\2025\Day001_Wheat\images\298.JPG,data\uav3dcrop_depth\2025\Day001_Wheat\298_depth.tif,https://huggingface.co/datasets/Link-Dev/UAV3DCrop/blob/main/2025/Day001_Wheat/images/298.JPG,https://huggingface.co/datasets/Link-Dev/UAV3DCrop_depth/blob/main/2025/Day001_Wheat_depth/298_depth.tif,main,metric_scale_shift,128,20000,0.077053515625,0.26248545794487,0.7137324110329738,0.13230847964286804,0.30648306285409427,0.22158122793807666,0.5428702430077946,0.1379336055928698
2025/Day001_Wheat,2025,Day001,wheat,298.JPG,298,DJI Mavic 3M RGB camera,oblique,oblique,0.7061234622354156,5280,3956,298_depth.tif,True,True,OPENCV,data\uav3dcrop\2025\Day001_Wheat\images\298.JPG,data\uav3dcrop_depth\2025\Day001_Wheat\298_depth.tif,https://huggingface.co/datasets/Link-Dev/UAV3DCrop/blob/main/2025/Day001_Wheat/images/298.JPG,https://huggingface.co/datasets/Link-Dev/UAV3DCrop_depth/blob/main/2025/Day001_Wheat_depth/298_depth.tif,main,relative_scale_shift,128,20000,0.077053515625,0.07531492490768432,0.12082685131499456,0.001443674373626709,0.4824893139913426,0.4438332341016845,0.6378954607977991,0.1379336055928698
2025/Day001_Wheat,2025,Day001,wheat,357.JPG,357,DJI Mavic 3M RGB camera,oblique,oblique,0.704063446389367,5280,3956,357_depth.tif,True,True,OPENCV,data\uav3dcrop\2025\Day001_Wheat\images\357.JPG,data\uav3dcrop_depth\2025\Day001_Wheat\357_depth.tif,https://huggingface.co/datasets/Link-Dev/UAV3DCrop/blob/main/2025/Day001_Wheat/images/357.JPG,https://huggingface.co/datasets/Link-Dev/UAV3DCrop_depth/blob/main/2025/Day001_Wheat_depth/357_depth.tif,main,metric_raw,8,20000,0.017463671875,0.023334666275978088,0.060507928999140974,0.0020938423395156862,0.0694095799702426,0.006697025024579492,0.521971559927296,0.05837558566140691
2025/Day001_Wheat,2025,Day001,wheat,357.JPG,357,DJI Mavic 3M RGB camera,oblique,oblique,0.704063446389367,5280,3956,357_depth.tif,True,True,OPENCV,data\uav3dcrop\2025\Day001_Wheat\images\357.JPG,data\uav3dcrop_depth\2025\Day001_Wheat\357_depth.tif,https://huggingface.co/datasets/Link-Dev/UAV3DCrop/blob/main/2025/Day001_Wheat/images/357.JPG,https://huggingface.co/datasets/Link-Dev/UAV3DCrop_depth/blob/main/2025/Day001_Wheat_depth/357_depth.tif,main,metric_bias_corrected,8,20000,0.017463671875,0.023334661293029784,0.060507915413994036,0.00209383544921875,0.06941020015818823,0.006696922318373461,0.521971559927296,0.05837558566140691
2025/Day001_Wheat,2025,Day001,wheat,357.JPG,357,DJI Mavic 3M RGB camera,oblique,oblique,0.704063446389367,5280,3956,357_depth.tif,True,True,OPENCV,data\uav3dcrop\2025\Day001_Wheat\images\357.JPG,data\uav3dcrop_depth\2025\Day001_Wheat\357_depth.tif,https://huggingface.co/datasets/Link-Dev/UAV3DCrop/blob/main/2025/Day001_Wheat/images/357.JPG,https://huggingface.co/datasets/Link-Dev/UAV3DCrop_depth/blob/main/2025/Day001_Wheat_depth/357_depth.tif,main,metric_scale_shift,8,20000,0.017463671875,0.03394710469245911,0.0722655798341318,0.006263878393173218,0.06940955226633354,0.0066970125462419055,0.521971559927296,0.05837558566140691
2025/Day001_Wheat,2025,Day001,wheat,357.JPG,357,DJI Mavic 3M RGB camera,oblique,oblique,0.704063446389367,5280,3956,357_depth.tif,True,True,OPENCV,data\uav3dcrop\2025\Day001_Wheat\images\357.JPG,data\uav3dcrop_depth\2025\Day001_Wheat\357_depth.tif,https://huggingface.co/datasets/Link-Dev/UAV3DCrop/blob/main/2025/Day001_Wheat/images/357.JPG,https://huggingface.co/datasets/Link-Dev/UAV3DCrop_depth/blob/main/2025/Day001_Wheat_depth/357_depth.tif,main,relative_scale_shift,8,20000,0.017463671875,0.018480180740356445,0.056784812588739776,-0.0011471881866455078,0.26604993977586994,0.12386347523930519,0.5481663637335614,0.05837558566140691
2025/Day001_Wheat,2025,Day001,wheat,357.JPG,357,DJI Mavic 3M RGB camera,oblique,oblique,0.704063446389367,5280,3956,357_depth.tif,True,True,OPENCV,data\uav3dcrop\2025\Day001_Wheat\images\357.JPG,data\uav3dcrop_depth\2025\Day001_Wheat\357_depth.tif,https://huggingface.co/datasets/Link-Dev/UAV3DCrop/blob/main/2025/Day001_Wheat/images/357.JPG,https://huggingface.co/datasets/Link-Dev/UAV3DCrop_depth/blob/main/2025/Day001_Wheat_depth/357_depth.tif,main,metric_raw,16,20000,0.02855078125,0.03811544647216797,0.08598211613783019,0.006942923355102539,0.058946495084105516,0.006152792564462798,0.5154360280076384,0.07904380521008489
2025/Day001_Wheat,2025,Day001,wheat,357.JPG,357,DJI Mavic 3M RGB camera,oblique,oblique,0.704063446389367,5280,3956,357_depth.tif,True,True,OPENCV,data\uav3dcrop\2025\Day001_Wheat\images\357.JPG,data\uav3dcrop_depth\2025\Day001_Wheat\357_depth.tif,https://huggingface.co/datasets/Link-Dev/UAV3DCrop/blob/main/2025/Day001_Wheat/images/357.JPG,https://huggingface.co/datasets/Link-Dev/UAV3DCrop_depth/blob/main/2025/Day001_Wheat_depth/357_depth.tif,main,metric_bias_corrected,16,20000,0.02855078125,0.038115450191497806,0.08598211720260365,0.006942920780181884,0.05894653336557402,0.00615187799168665,0.5154360280076384,0.07904380521008489
2025/Day001_Wheat,2025,Day001,wheat,357.JPG,357,DJI Mavic 3M RGB camera,oblique,oblique,0.704063446389367,5280,3956,357_depth.tif,True,True,OPENCV,data\uav3dcrop\2025\Day001_Wheat\images\357.JPG,data\uav3dcrop_depth\2025\Day001_Wheat\357_depth.tif,https://huggingface.co/datasets/Link-Dev/UAV3DCrop/blob/main/2025/Day001_Wheat/images/357.JPG,https://huggingface.co/datasets/Link-Dev/UAV3DCrop_depth/blob/main/2025/Day001_Wheat_depth/357_depth.tif,main,metric_scale_shift,16,20000,0.02855078125,0.057317689180374144,0.11491292709643441,0.014908823347091675,0.05894671561534866,0.006153138769368036,0.5154360280076384,0.07904380521008489
2025/Day001_Wheat,2025,Day001,wheat,357.JPG,357,DJI Mavic 3M RGB camera,oblique,oblique,0.704063446389367,5280,3956,357_depth.tif,True,True,OPENCV,data\uav3dcrop\2025\Day001_Wheat\images\357.JPG,data\uav3dcrop_depth\2025\Day001_Wheat\357_depth.tif,https://huggingface.co/datasets/Link-Dev/UAV3DCrop/blob/main/2025/Day001_Wheat/images/357.JPG,https://huggingface.co/datasets/Link-Dev/UAV3DCrop_depth/blob/main/2025/Day001_Wheat_depth/357_depth.tif,main,relative_scale_shift,16,20000,0.02855078125,0.029525605201721192,0.07599817709148178,0.00048494796752929686,0.28968900916292795,0.17069202789545043,0.5524347549331636,0.07904380521008489
2025/Day001_Wheat,2025,Day001,wheat,357.JPG,357,DJI Mavic 3M RGB camera,oblique,oblique,0.704063446389367,5280,3956,357_depth.tif,True,True,OPENCV,data\uav3dcrop\2025\Day001_Wheat\images\357.JPG,data\uav3dcrop_depth\2025\Day001_Wheat\357_depth.tif,https://huggingface.co/datasets/Link-Dev/UAV3DCrop/blob/main/2025/Day001_Wheat/images/357.JPG,https://huggingface.co/datasets/Link-Dev/UAV3DCrop_depth/blob/main/2025/Day001_Wheat_depth/357_depth.tif,main,metric_raw,32,20000,0.045077734375,0.06001601164340973,0.12359342763257433,0.012637017226219177,0.14638837827233178,0.03991037194548295,0.5283332226134325,0.113648593486066
2025/Day001_Wheat,2025,Day001,wheat,357.JPG,357,DJI Mavic 3M RGB camera,oblique,oblique,0.704063446389367,5280,3956,357_depth.tif,True,True,OPENCV,data\uav3dcrop\2025\Day001_Wheat\images\357.JPG,data\uav3dcrop_depth\2025\Day001_Wheat\357_depth.tif,https://huggingface.co/datasets/Link-Dev/UAV3DCrop/blob/main/2025/Day001_Wheat/images/357.JPG,https://huggingface.co/datasets/Link-Dev/UAV3DCrop_depth/blob/main/2025/Day001_Wheat_depth/357_depth.tif,main,metric_bias_corrected,32,20000,0.045077734375,0.06001601066589356,0.1235934340377852,0.012637025642395019,0.1463882804262666,0.03991021573511008,0.5283332226134325,0.113648593486066
2025/Day001_Wheat,2025,Day001,wheat,357.JPG,357,DJI Mavic 3M RGB camera,oblique,oblique,0.704063446389367,5280,3956,357_depth.tif,True,True,OPENCV,data\uav3dcrop\2025\Day001_Wheat\images\357.JPG,data\uav3dcrop_depth\2025\Day001_Wheat\357_depth.tif,https://huggingface.co/datasets/Link-Dev/UAV3DCrop/blob/main/2025/Day001_Wheat/images/357.JPG,https://huggingface.co/datasets/Link-Dev/UAV3DCrop_depth/blob/main/2025/Day001_Wheat_depth/357_depth.tif,main,metric_scale_shift,32,20000,0.045077734375,0.09264618396759033,0.17778435404547624,0.028591838836669922,0.14638833284743474,0.03991055046457761,0.5283332226134325,0.113648593486066
2025/Day001_Wheat,2025,Day001,wheat,357.JPG,357,DJI Mavic 3M RGB camera,oblique,oblique,0.704063446389367,5280,3956,357_depth.tif,True,True,OPENCV,data\uav3dcrop\2025\Day001_Wheat\images\357.JPG,data\uav3dcrop_depth\2025\Day001_Wheat\357_depth.tif,https://huggingface.co/datasets/Link-Dev/UAV3DCrop/blob/main/2025/Day001_Wheat/images/357.JPG,https://huggingface.co/datasets/Link-Dev/UAV3DCrop_depth/blob/main/2025/Day001_Wheat_depth/357_depth.tif,main,relative_scale_shift,32,20000,0.045077734375,0.045550814151763916,0.10584468880080726,-8.427095413208008e-05,0.3964214641793292,0.21218232667232723,0.5495250116255895,0.113648593486066
2025/Day001_Wheat,2025,Day001,wheat,357.JPG,357,DJI Mavic 3M RGB camera,oblique,oblique,0.704063446389367,5280,3956,357_depth.tif,True,True,OPENCV,data\uav3dcrop\2025\Day001_Wheat\images\357.JPG,data\uav3dcrop_depth\2025\Day001_Wheat\357_depth.tif,https://huggingface.co/datasets/Link-Dev/UAV3DCrop/blob/main/2025/Day001_Wheat/images/357.JPG,https://huggingface.co/datasets/Link-Dev/UAV3DCrop_depth/blob/main/2025/Day001_Wheat_depth/357_depth.tif,main,metric_raw,64,20000,0.069697265625,0.09590704119205475,0.18563141271902087,0.024114651989936828,0.12396177940005922,0.033981967680572565,0.5256425654576027,0.15631715249893324
2025/Day001_Wheat,2025,Day001,wheat,357.JPG,357,DJI Mavic 3M RGB camera,oblique,oblique,0.704063446389367,5280,3956,357_depth.tif,True,True,OPENCV,data\uav3dcrop\2025\Day001_Wheat\images\357.JPG,data\uav3dcrop_depth\2025\Day001_Wheat\357_depth.tif,https://huggingface.co/datasets/Link-Dev/UAV3DCrop/blob/main/2025/Day001_Wheat/images/357.JPG,https://huggingface.co/datasets/Link-Dev/UAV3DCrop_depth/blob/main/2025/Day001_Wheat_depth/357_depth.tif,main,metric_bias_corrected,64,20000,0.069697265625,0.09590705833435059,0.18563141377720924,0.024114652252197267,0.12396181054793802,0.03398203812632441,0.5256425654576027,0.15631715249893324
2025/Day001_Wheat,2025,Day001,wheat,357.JPG,357,DJI Mavic 3M RGB camera,oblique,oblique,0.704063446389367,5280,3956,357_depth.tif,True,True,OPENCV,data\uav3dcrop\2025\Day001_Wheat\images\357.JPG,data\uav3dcrop_depth\2025\Day001_Wheat\357_depth.tif,https://huggingface.co/datasets/Link-Dev/UAV3DCrop/blob/main/2025/Day001_Wheat/images/357.JPG,https://huggingface.co/datasets/Link-Dev/UAV3DCrop_depth/blob/main/2025/Day001_Wheat_depth/357_depth.tif,main,metric_scale_shift,64,20000,0.069697265625,0.15306907362937927,0.2998876191768796,0.05515810399055481,0.12396176163284527,0.033981835289994614,0.5256425654576027,0.15631715249893324
2025/Day001_Wheat,2025,Day001,wheat,357.JPG,357,DJI Mavic 3M RGB camera,oblique,oblique,0.704063446389367,5280,3956,357_depth.tif,True,True,OPENCV,data\uav3dcrop\2025\Day001_Wheat\images\357.JPG,data\uav3dcrop_depth\2025\Day001_Wheat\357_depth.tif,https://huggingface.co/datasets/Link-Dev/UAV3DCrop/blob/main/2025/Day001_Wheat/images/357.JPG,https://huggingface.co/datasets/Link-Dev/UAV3DCrop_depth/blob/main/2025/Day001_Wheat_depth/357_depth.tif,main,relative_scale_shift,64,20000,0.069697265625,0.06928359870910644,0.14101502011604305,-0.0007218299865722656,0.45345925887393224,0.27261305883324943,0.5525462406918088,0.15631715249893324
2025/Day001_Wheat,2025,Day001,wheat,357.JPG,357,DJI Mavic 3M RGB camera,oblique,oblique,0.704063446389367,5280,3956,357_depth.tif,True,True,OPENCV,data\uav3dcrop\2025\Day001_Wheat\images\357.JPG,data\uav3dcrop_depth\2025\Day001_Wheat\357_depth.tif,https://huggingface.co/datasets/Link-Dev/UAV3DCrop/blob/main/2025/Day001_Wheat/images/357.JPG,https://huggingface.co/datasets/Link-Dev/UAV3DCrop_depth/blob/main/2025/Day001_Wheat_depth/357_depth.tif,main,metric_raw,128,20000,0.0993421875,0.14766136069297792,0.2717965276466658,0.04963835000991821,0.1513937019987795,0.016247035852426303,0.5234471874647728,0.20161028978033957
2025/Day001_Wheat,2025,Day001,wheat,357.JPG,357,DJI Mavic 3M RGB camera,oblique,oblique,0.704063446389367,5280,3956,357_depth.tif,True,True,OPENCV,data\uav3dcrop\2025\Day001_Wheat\images\357.JPG,data\uav3dcrop_depth\2025\Day001_Wheat\357_depth.tif,https://huggingface.co/datasets/Link-Dev/UAV3DCrop/blob/main/2025/Day001_Wheat/images/357.JPG,https://huggingface.co/datasets/Link-Dev/UAV3DCrop_depth/blob/main/2025/Day001_Wheat_depth/357_depth.tif,main,metric_bias_corrected,128,20000,0.0993421875,0.14766136560440063,0.2717965274567938,0.049638355922698975,0.15139370412730208,0.016246957149296873,0.5234471874647728,0.20161028978033957
2025/Day001_Wheat,2025,Day001,wheat,357.JPG,357,DJI Mavic 3M RGB camera,oblique,oblique,0.704063446389367,5280,3956,357_depth.tif,True,True,OPENCV,data\uav3dcrop\2025\Day001_Wheat\images\357.JPG,data\uav3dcrop_depth\2025\Day001_Wheat\357_depth.tif,https://huggingface.co/datasets/Link-Dev/UAV3DCrop/blob/main/2025/Day001_Wheat/images/357.JPG,https://huggingface.co/datasets/Link-Dev/UAV3DCrop_depth/blob/main/2025/Day001_Wheat_depth/357_depth.tif,main,metric_scale_shift,128,20000,0.0993421875,0.2515146225452423,0.5014685912452559,0.117657586145401,0.15139368313211435,0.01624690776786413,0.5234471874647728,0.20161028978033957
2025/Day001_Wheat,2025,Day001,wheat,357.JPG,357,DJI Mavic 3M RGB camera,oblique,oblique,0.704063446389367,5280,3956,357_depth.tif,True,True,OPENCV,data\uav3dcrop\2025\Day001_Wheat\images\357.JPG,data\uav3dcrop_depth\2025\Day001_Wheat\357_depth.tif,https://huggingface.co/datasets/Link-Dev/UAV3DCrop/blob/main/2025/Day001_Wheat/images/357.JPG,https://huggingface.co/datasets/Link-Dev/UAV3DCrop_depth/blob/main/2025/Day001_Wheat_depth/357_depth.tif,main,relative_scale_shift,128,20000,0.0993421875,0.09752241325378418,0.1746147604970834,-0.0031302614212036133,0.5139388195211707,0.3232050296169955,0.5591816029759892,0.20161028978033957
2025/Day001_Wheat,2025,Day001,wheat,415.JPG,415,DJI Mavic 3M RGB camera,oblique,oblique,0.7052316183673132,5280,3956,415_depth.tif,True,True,OPENCV,data\uav3dcrop\2025\Day001_Wheat\images\415.JPG,data\uav3dcrop_depth\2025\Day001_Wheat\415_depth.tif,https://huggingface.co/datasets/Link-Dev/UAV3DCrop/blob/main/2025/Day001_Wheat/images/415.JPG,https://huggingface.co/datasets/Link-Dev/UAV3DCrop_depth/blob/main/2025/Day001_Wheat_depth/415_depth.tif,main,metric_raw,8,20000,0.020691796875,0.02353184287548065,0.05518294811127445,0.0019179770708084107,0.051658843310207994,0.05257476353884973,0.5247189984464955,0.054646193651162044
2025/Day001_Wheat,2025,Day001,wheat,415.JPG,415,DJI Mavic 3M RGB camera,oblique,oblique,0.7052316183673132,5280,3956,415_depth.tif,True,True,OPENCV,data\uav3dcrop\2025\Day001_Wheat\images\415.JPG,data\uav3dcrop_depth\2025\Day001_Wheat\415_depth.tif,https://huggingface.co/datasets/Link-Dev/UAV3DCrop/blob/main/2025/Day001_Wheat/images/415.JPG,https://huggingface.co/datasets/Link-Dev/UAV3DCrop_depth/blob/main/2025/Day001_Wheat_depth/415_depth.tif,main,metric_bias_corrected,8,20000,0.020691796875,0.02353183479309082,0.05518295106631178,0.0019179668426513672,0.0516585051265773,0.0525731453123415,0.5247189984464955,0.054646193651162044
2025/Day001_Wheat,2025,Day001,wheat,415.JPG,415,DJI Mavic 3M RGB camera,oblique,oblique,0.7052316183673132,5280,3956,415_depth.tif,True,True,OPENCV,data\uav3dcrop\2025\Day001_Wheat\images\415.JPG,data\uav3dcrop_depth\2025\Day001_Wheat\415_depth.tif,https://huggingface.co/datasets/Link-Dev/UAV3DCrop/blob/main/2025/Day001_Wheat/images/415.JPG,https://huggingface.co/datasets/Link-Dev/UAV3DCrop_depth/blob/main/2025/Day001_Wheat_depth/415_depth.tif,main,metric_scale_shift,8,20000,0.020691796875,0.05449955940246582,0.09020066560421452,0.004489236640930176,0.05165869468762365,0.05257451742999979,0.5247189984464955,0.054646193651162044
2025/Day001_Wheat,2025,Day001,wheat,415.JPG,415,DJI Mavic 3M RGB camera,oblique,oblique,0.7052316183673132,5280,3956,415_depth.tif,True,True,OPENCV,data\uav3dcrop\2025\Day001_Wheat\images\415.JPG,data\uav3dcrop_depth\2025\Day001_Wheat\415_depth.tif,https://huggingface.co/datasets/Link-Dev/UAV3DCrop/blob/main/2025/Day001_Wheat/images/415.JPG,https://huggingface.co/datasets/Link-Dev/UAV3DCrop_depth/blob/main/2025/Day001_Wheat_depth/415_depth.tif,main,relative_scale_shift,8,20000,0.020691796875,0.021995279121398925,0.05444899397255482,0.001465237808227539,0.11540415013843183,0.13941519343192527,0.5603582198665814,0.054646193651162044
2025/Day001_Wheat,2025,Day001,wheat,415.JPG,415,DJI Mavic 3M RGB camera,oblique,oblique,0.7052316183673132,5280,3956,415_depth.tif,True,True,OPENCV,data\uav3dcrop\2025\Day001_Wheat\images\415.JPG,data\uav3dcrop_depth\2025\Day001_Wheat\415_depth.tif,https://huggingface.co/datasets/Link-Dev/UAV3DCrop/blob/main/2025/Day001_Wheat/images/415.JPG,https://huggingface.co/datasets/Link-Dev/UAV3DCrop_depth/blob/main/2025/Day001_Wheat_depth/415_depth.tif,main,metric_raw,16,20000,0.03423671875,0.03776112859249115,0.08270802137793506,0.003164104914665222,0.054401626298602145,0.0854405164480114,0.5324020737327189,0.07598671752506733
2025/Day001_Wheat,2025,Day001,wheat,415.JPG,415,DJI Mavic 3M RGB camera,oblique,oblique,0.7052316183673132,5280,3956,415_depth.tif,True,True,OPENCV,data\uav3dcrop\2025\Day001_Wheat\images\415.JPG,data\uav3dcrop_depth\2025\Day001_Wheat\415_depth.tif,https://huggingface.co/datasets/Link-Dev/UAV3DCrop/blob/main/2025/Day001_Wheat/images/415.JPG,https://huggingface.co/datasets/Link-Dev/UAV3DCrop_depth/blob/main/2025/Day001_Wheat_depth/415_depth.tif,main,metric_bias_corrected,16,20000,0.03423671875,0.03776114549636841,0.08270803116651665,0.0031641011238098143,0.05440144131462561,0.08543957077703829,0.5324020737327189,0.07598671752506733
2025/Day001_Wheat,2025,Day001,wheat,415.JPG,415,DJI Mavic 3M RGB camera,oblique,oblique,0.7052316183673132,5280,3956,415_depth.tif,True,True,OPENCV,data\uav3dcrop\2025\Day001_Wheat\images\415.JPG,data\uav3dcrop_depth\2025\Day001_Wheat\415_depth.tif,https://huggingface.co/datasets/Link-Dev/UAV3DCrop/blob/main/2025/Day001_Wheat/images/415.JPG,https://huggingface.co/datasets/Link-Dev/UAV3DCrop_depth/blob/main/2025/Day001_Wheat_depth/415_depth.tif,main,metric_scale_shift,16,20000,0.03423671875,0.09407780361175537,0.2623336409148049,0.007756948852539062,0.05440158100875981,0.08544013818068487,0.5324020737327189,0.07598671752506733
2025/Day001_Wheat,2025,Day001,wheat,415.JPG,415,DJI Mavic 3M RGB camera,oblique,oblique,0.7052316183673132,5280,3956,415_depth.tif,True,True,OPENCV,data\uav3dcrop\2025\Day001_Wheat\images\415.JPG,data\uav3dcrop_depth\2025\Day001_Wheat\415_depth.tif,https://huggingface.co/datasets/Link-Dev/UAV3DCrop/blob/main/2025/Day001_Wheat/images/415.JPG,https://huggingface.co/datasets/Link-Dev/UAV3DCrop_depth/blob/main/2025/Day001_Wheat_depth/415_depth.tif,main,relative_scale_shift,16,20000,0.03423671875,0.03581466884613037,0.07541677494758123,0.0020506406784057615,0.16626337647795775,0.18214088261039826,0.569844470046083,0.07598671752506733
2025/Day001_Wheat,2025,Day001,wheat,415.JPG,415,DJI Mavic 3M RGB camera,oblique,oblique,0.7052316183673132,5280,3956,415_depth.tif,True,True,OPENCV,data\uav3dcrop\2025\Day001_Wheat\images\415.JPG,data\uav3dcrop_depth\2025\Day001_Wheat\415_depth.tif,https://huggingface.co/datasets/Link-Dev/UAV3DCrop/blob/main/2025/Day001_Wheat/images/415.JPG,https://huggingface.co/datasets/Link-Dev/UAV3DCrop_depth/blob/main/2025/Day001_Wheat_depth/415_depth.tif,main,metric_raw,32,20000,0.049422265625,0.053483421778678895,0.10105317687054995,0.007026981997489929,0.17542459627943033,0.13188137395656374,0.5425729868463266,0.1017075733639523
2025/Day001_Wheat,2025,Day001,wheat,415.JPG,415,DJI Mavic 3M RGB camera,oblique,oblique,0.7052316183673132,5280,3956,415_depth.tif,True,True,OPENCV,data\uav3dcrop\2025\Day001_Wheat\images\415.JPG,data\uav3dcrop_depth\2025\Day001_Wheat\415_depth.tif,https://huggingface.co/datasets/Link-Dev/UAV3DCrop/blob/main/2025/Day001_Wheat/images/415.JPG,https://huggingface.co/datasets/Link-Dev/UAV3DCrop_depth/blob/main/2025/Day001_Wheat_depth/415_depth.tif,main,metric_bias_corrected,32,20000,0.049422265625,0.05348342428207398,0.10105317873632995,0.007026982402801514,0.17542455982889638,0.13188153329895952,0.5425729868463266,0.1017075733639523
2025/Day001_Wheat,2025,Day001,wheat,415.JPG,415,DJI Mavic 3M RGB camera,oblique,oblique,0.7052316183673132,5280,3956,415_depth.tif,True,True,OPENCV,data\uav3dcrop\2025\Day001_Wheat\images\415.JPG,data\uav3dcrop_depth\2025\Day001_Wheat\415_depth.tif,https://huggingface.co/datasets/Link-Dev/UAV3DCrop/blob/main/2025/Day001_Wheat/images/415.JPG,https://huggingface.co/datasets/Link-Dev/UAV3DCrop_depth/blob/main/2025/Day001_Wheat_depth/415_depth.tif,main,metric_scale_shift,32,20000,0.049422265625,0.1459609230041504,0.21217373891404112,0.017621499824523927,0.17542461160240314,0.13188130323583497,0.5425729868463266,0.1017075733639523
2025/Day001_Wheat,2025,Day001,wheat,415.JPG,415,DJI Mavic 3M RGB camera,oblique,oblique,0.7052316183673132,5280,3956,415_depth.tif,True,True,OPENCV,data\uav3dcrop\2025\Day001_Wheat\images\415.JPG,data\uav3dcrop_depth\2025\Day001_Wheat\415_depth.tif,https://huggingface.co/datasets/Link-Dev/UAV3DCrop/blob/main/2025/Day001_Wheat/images/415.JPG,https://huggingface.co/datasets/Link-Dev/UAV3DCrop_depth/blob/main/2025/Day001_Wheat_depth/415_depth.tif,main,relative_scale_shift,32,20000,0.049422265625,0.05062783470153809,0.09955114364935742,0.00471312313079834,0.23950569826687323,0.2411264098858222,0.583060635226179,0.1017075733639523
2025/Day001_Wheat,2025,Day001,wheat,415.JPG,415,DJI Mavic 3M RGB camera,oblique,oblique,0.7052316183673132,5280,3956,415_depth.tif,True,True,OPENCV,data\uav3dcrop\2025\Day001_Wheat\images\415.JPG,data\uav3dcrop_depth\2025\Day001_Wheat\415_depth.tif,https://huggingface.co/datasets/Link-Dev/UAV3DCrop/blob/main/2025/Day001_Wheat/images/415.JPG,https://huggingface.co/datasets/Link-Dev/UAV3DCrop_depth/blob/main/2025/Day001_Wheat_depth/415_depth.tif,main,metric_raw,64,20000,0.066810546875,0.07185847947597504,0.11956860817792833,0.015139665913581847,0.2621149635034725,0.20169631305408253,0.5639276179175319,0.12161751117041045
2025/Day001_Wheat,2025,Day001,wheat,415.JPG,415,DJI Mavic 3M RGB camera,oblique,oblique,0.7052316183673132,5280,3956,415_depth.tif,True,True,OPENCV,data\uav3dcrop\2025\Day001_Wheat\images\415.JPG,data\uav3dcrop_depth\2025\Day001_Wheat\415_depth.tif,https://huggingface.co/datasets/Link-Dev/UAV3DCrop/blob/main/2025/Day001_Wheat/images/415.JPG,https://huggingface.co/datasets/Link-Dev/UAV3DCrop_depth/blob/main/2025/Day001_Wheat_depth/415_depth.tif,main,metric_bias_corrected,64,20000,0.066810546875,0.07185847415924072,0.11956860167548425,0.015139655685424804,0.2621150267168273,0.20169639657555202,0.5639276179175319,0.12161751117041045
2025/Day001_Wheat,2025,Day001,wheat,415.JPG,415,DJI Mavic 3M RGB camera,oblique,oblique,0.7052316183673132,5280,3956,415_depth.tif,True,True,OPENCV,data\uav3dcrop\2025\Day001_Wheat\images\415.JPG,data\uav3dcrop_depth\2025\Day001_Wheat\415_depth.tif,https://huggingface.co/datasets/Link-Dev/UAV3DCrop/blob/main/2025/Day001_Wheat/images/415.JPG,https://huggingface.co/datasets/Link-Dev/UAV3DCrop_depth/blob/main/2025/Day001_Wheat_depth/415_depth.tif,main,metric_scale_shift,64,20000,0.066810546875,0.23597910060882568,0.3305680283120833,0.03677320194244385,0.26211487460657745,0.20169622844737736,0.5639276179175319,0.12161751117041045
2025/Day001_Wheat,2025,Day001,wheat,415.JPG,415,DJI Mavic 3M RGB camera,oblique,oblique,0.7052316183673132,5280,3956,415_depth.tif,True,True,OPENCV,data\uav3dcrop\2025\Day001_Wheat\images\415.JPG,data\uav3dcrop_depth\2025\Day001_Wheat\415_depth.tif,https://huggingface.co/datasets/Link-Dev/UAV3DCrop/blob/main/2025/Day001_Wheat/images/415.JPG,https://huggingface.co/datasets/Link-Dev/UAV3DCrop_depth/blob/main/2025/Day001_Wheat_depth/415_depth.tif,main,relative_scale_shift,64,20000,0.066810546875,0.06695913953781128,0.11658999856156589,0.010121963787078858,0.33661003571757914,0.3168250083003393,0.6148917235241768,0.12161751117041045
2025/Day001_Wheat,2025,Day001,wheat,415.JPG,415,DJI Mavic 3M RGB camera,oblique,oblique,0.7052316183673132,5280,3956,415_depth.tif,True,True,OPENCV,data\uav3dcrop\2025\Day001_Wheat\images\415.JPG,data\uav3dcrop_depth\2025\Day001_Wheat\415_depth.tif,https://huggingface.co/datasets/Link-Dev/UAV3DCrop/blob/main/2025/Day001_Wheat/images/415.JPG,https://huggingface.co/datasets/Link-Dev/UAV3DCrop_depth/blob/main/2025/Day001_Wheat_depth/415_depth.tif,main,metric_raw,128,20000,0.085726171875,0.09646535322666168,0.15278719828703896,0.029726586318016054,0.32291464604973613,0.199020848781205,0.5509431831017734,0.15520318599016517
2025/Day001_Wheat,2025,Day001,wheat,415.JPG,415,DJI Mavic 3M RGB camera,oblique,oblique,0.7052316183673132,5280,3956,415_depth.tif,True,True,OPENCV,data\uav3dcrop\2025\Day001_Wheat\images\415.JPG,data\uav3dcrop_depth\2025\Day001_Wheat\415_depth.tif,https://huggingface.co/datasets/Link-Dev/UAV3DCrop/blob/main/2025/Day001_Wheat/images/415.JPG,https://huggingface.co/datasets/Link-Dev/UAV3DCrop_depth/blob/main/2025/Day001_Wheat_depth/415_depth.tif,main,metric_bias_corrected,128,20000,0.085726171875,0.09646535005569458,0.1527872049403317,0.029726588535308837,0.3229145561749152,0.19902089418380833,0.5509431831017734,0.15520318599016517
2025/Day001_Wheat,2025,Day001,wheat,415.JPG,415,DJI Mavic 3M RGB camera,oblique,oblique,0.7052316183673132,5280,3956,415_depth.tif,True,True,OPENCV,data\uav3dcrop\2025\Day001_Wheat\images\415.JPG,data\uav3dcrop_depth\2025\Day001_Wheat\415_depth.tif,https://huggingface.co/datasets/Link-Dev/UAV3DCrop/blob/main/2025/Day001_Wheat/images/415.JPG,https://huggingface.co/datasets/Link-Dev/UAV3DCrop_depth/blob/main/2025/Day001_Wheat_depth/415_depth.tif,main,metric_scale_shift,128,20000,0.085726171875,0.38022787466049196,0.5274284137972386,0.06812837629318237,0.32291461395453247,0.19902059388154927,0.5509431831017734,0.15520318599016517
2025/Day001_Wheat,2025,Day001,wheat,415.JPG,415,DJI Mavic 3M RGB camera,oblique,oblique,0.7052316183673132,5280,3956,415_depth.tif,True,True,OPENCV,data\uav3dcrop\2025\Day001_Wheat\images\415.JPG,data\uav3dcrop_depth\2025\Day001_Wheat\415_depth.tif,https://huggingface.co/datasets/Link-Dev/UAV3DCrop/blob/main/2025/Day001_Wheat/images/415.JPG,https://huggingface.co/datasets/Link-Dev/UAV3DCrop_depth/blob/main/2025/Day001_Wheat_depth/415_depth.tif,main,relative_scale_shift,128,20000,0.085726171875,0.08465742149353027,0.14732049631130853,0.01935861225128174,0.40377278613390105,0.3972626218354458,0.6391053880040665,0.15520318599016517
2025/Day001_Wheat,2025,Day001,wheat,674.JPG,674,DJI Mavic 3M RGB camera,oblique,oblique,0.7082393071015787,5280,3956,674_depth.tif,True,True,OPENCV,data\uav3dcrop\2025\Day001_Wheat\images\674.JPG,data\uav3dcrop_depth\2025\Day001_Wheat\674_depth.tif,https://huggingface.co/datasets/Link-Dev/UAV3DCrop/blob/main/2025/Day001_Wheat/images/674.JPG,https://huggingface.co/datasets/Link-Dev/UAV3DCrop_depth/blob/main/2025/Day001_Wheat_depth/674_depth.tif,main,metric_raw,8,20000,0.024395703125,0.027628153371810914,0.05326000643912239,0.0005397061824798584,0.03200195847725454,0.047038178465560486,0.5178233667976139,0.05031327474018946
2025/Day001_Wheat,2025,Day001,wheat,674.JPG,674,DJI Mavic 3M RGB camera,oblique,oblique,0.7082393071015787,5280,3956,674_depth.tif,True,True,OPENCV,data\uav3dcrop\2025\Day001_Wheat\images\674.JPG,data\uav3dcrop_depth\2025\Day001_Wheat\674_depth.tif,https://huggingface.co/datasets/Link-Dev/UAV3DCrop/blob/main/2025/Day001_Wheat/images/674.JPG,https://huggingface.co/datasets/Link-Dev/UAV3DCrop_depth/blob/main/2025/Day001_Wheat_depth/674_depth.tif,main,metric_bias_corrected,8,20000,0.024395703125,0.02762815055847168,0.053260004821876275,0.0005397106170654297,0.03200220357291009,0.04703972163459843,0.5178233667976139,0.05031327474018946
2025/Day001_Wheat,2025,Day001,wheat,674.JPG,674,DJI Mavic 3M RGB camera,oblique,oblique,0.7082393071015787,5280,3956,674_depth.tif,True,True,OPENCV,data\uav3dcrop\2025\Day001_Wheat\images\674.JPG,data\uav3dcrop_depth\2025\Day001_Wheat\674_depth.tif,https://huggingface.co/datasets/Link-Dev/UAV3DCrop/blob/main/2025/Day001_Wheat/images/674.JPG,https://huggingface.co/datasets/Link-Dev/UAV3DCrop_depth/blob/main/2025/Day001_Wheat_depth/674_depth.tif,main,metric_scale_shift,8,20000,0.024395703125,0.051856645965576174,0.10894666954401473,-0.00040508174896240236,0.032001889808249834,0.047038475009333114,0.5178233667976139,0.05031327474018946
2025/Day001_Wheat,2025,Day001,wheat,674.JPG,674,DJI Mavic 3M RGB camera,oblique,oblique,0.7082393071015787,5280,3956,674_depth.tif,True,True,OPENCV,data\uav3dcrop\2025\Day001_Wheat\images\674.JPG,data\uav3dcrop_depth\2025\Day001_Wheat\674_depth.tif,https://huggingface.co/datasets/Link-Dev/UAV3DCrop/blob/main/2025/Day001_Wheat/images/674.JPG,https://huggingface.co/datasets/Link-Dev/UAV3DCrop_depth/blob/main/2025/Day001_Wheat_depth/674_depth.tif,main,relative_scale_shift,8,20000,0.024395703125,0.025224752044677733,0.04958577052842548,0.0021537193298339845,0.1781401167583673,0.14406643329592872,0.5476502255201513,0.05031327474018946
2025/Day001_Wheat,2025,Day001,wheat,674.JPG,674,DJI Mavic 3M RGB camera,oblique,oblique,0.7082393071015787,5280,3956,674_depth.tif,True,True,OPENCV,data\uav3dcrop\2025\Day001_Wheat\images\674.JPG,data\uav3dcrop_depth\2025\Day001_Wheat\674_depth.tif,https://huggingface.co/datasets/Link-Dev/UAV3DCrop/blob/main/2025/Day001_Wheat/images/674.JPG,https://huggingface.co/datasets/Link-Dev/UAV3DCrop_depth/blob/main/2025/Day001_Wheat_depth/674_depth.tif,main,metric_raw,16,20000,0.04206328125,0.04684039477109909,0.07887487192208344,0.0012290720343589782,0.05165693059914727,0.0756812022553968,0.5261939571150097,0.07241904692091435
2025/Day001_Wheat,2025,Day001,wheat,674.JPG,674,DJI Mavic 3M RGB camera,oblique,oblique,0.7082393071015787,5280,3956,674_depth.tif,True,True,OPENCV,data\uav3dcrop\2025\Day001_Wheat\images\674.JPG,data\uav3dcrop_depth\2025\Day001_Wheat\674_depth.tif,https://huggingface.co/datasets/Link-Dev/UAV3DCrop/blob/main/2025/Day001_Wheat/images/674.JPG,https://huggingface.co/datasets/Link-Dev/UAV3DCrop_depth/blob/main/2025/Day001_Wheat_depth/674_depth.tif,main,metric_bias_corrected,16,20000,0.04206328125,0.04684039449691772,0.07887487443828427,0.0012290719032287598,0.05165690858540082,0.07568091173793123,0.5261939571150097,0.07241904692091435
2025/Day001_Wheat,2025,Day001,wheat,674.JPG,674,DJI Mavic 3M RGB camera,oblique,oblique,0.7082393071015787,5280,3956,674_depth.tif,True,True,OPENCV,data\uav3dcrop\2025\Day001_Wheat\images\674.JPG,data\uav3dcrop_depth\2025\Day001_Wheat\674_depth.tif,https://huggingface.co/datasets/Link-Dev/UAV3DCrop/blob/main/2025/Day001_Wheat/images/674.JPG,https://huggingface.co/datasets/Link-Dev/UAV3DCrop_depth/blob/main/2025/Day001_Wheat_depth/674_depth.tif,main,metric_scale_shift,16,20000,0.04206328125,0.08968986825942993,0.1910827447008034,-0.0007361496925354004,0.05165695330623259,0.07568145282062777,0.5261939571150097,0.07241904692091435
2025/Day001_Wheat,2025,Day001,wheat,674.JPG,674,DJI Mavic 3M RGB camera,oblique,oblique,0.7082393071015787,5280,3956,674_depth.tif,True,True,OPENCV,data\uav3dcrop\2025\Day001_Wheat\images\674.JPG,data\uav3dcrop_depth\2025\Day001_Wheat\674_depth.tif,https://huggingface.co/datasets/Link-Dev/UAV3DCrop/blob/main/2025/Day001_Wheat/images/674.JPG,https://huggingface.co/datasets/Link-Dev/UAV3DCrop_depth/blob/main/2025/Day001_Wheat_depth/674_depth.tif,main,relative_scale_shift,16,20000,0.04206328125,0.042523285579681394,0.07025440247642331,0.004111516094207764,0.25543484293809904,0.18567988010229267,0.5529361598440545,0.07241904692091435
2025/Day001_Wheat,2025,Day001,wheat,674.JPG,674,DJI Mavic 3M RGB camera,oblique,oblique,0.7082393071015787,5280,3956,674_depth.tif,True,True,OPENCV,data\uav3dcrop\2025\Day001_Wheat\images\674.JPG,data\uav3dcrop_depth\2025\Day001_Wheat\674_depth.tif,https://huggingface.co/datasets/Link-Dev/UAV3DCrop/blob/main/2025/Day001_Wheat/images/674.JPG,https://huggingface.co/datasets/Link-Dev/UAV3DCrop_depth/blob/main/2025/Day001_Wheat_depth/674_depth.tif,main,metric_raw,32,20000,0.069025,0.0765824743270874,0.12177417982207205,0.00215688362121582,0.07065684583268819,0.1259546584995422,0.5454952183882333,0.10618677203022615
2025/Day001_Wheat,2025,Day001,wheat,674.JPG,674,DJI Mavic 3M RGB camera,oblique,oblique,0.7082393071015787,5280,3956,674_depth.tif,True,True,OPENCV,data\uav3dcrop\2025\Day001_Wheat\images\674.JPG,data\uav3dcrop_depth\2025\Day001_Wheat\674_depth.tif,https://huggingface.co/datasets/Link-Dev/UAV3DCrop/blob/main/2025/Day001_Wheat/images/674.JPG,https://huggingface.co/datasets/Link-Dev/UAV3DCrop_depth/blob/main/2025/Day001_Wheat_depth/674_depth.tif,main,metric_bias_corrected,32,20000,0.069025,0.07658247804641724,0.1217741882998617,0.0021568886756896974,0.07065675938468768,0.12595401032056178,0.5454952183882333,0.10618677203022615
2025/Day001_Wheat,2025,Day001,wheat,674.JPG,674,DJI Mavic 3M RGB camera,oblique,oblique,0.7082393071015787,5280,3956,674_depth.tif,True,True,OPENCV,data\uav3dcrop\2025\Day001_Wheat\images\674.JPG,data\uav3dcrop_depth\2025\Day001_Wheat\674_depth.tif,https://huggingface.co/datasets/Link-Dev/UAV3DCrop/blob/main/2025/Day001_Wheat/images/674.JPG,https://huggingface.co/datasets/Link-Dev/UAV3DCrop_depth/blob/main/2025/Day001_Wheat_depth/674_depth.tif,main,metric_scale_shift,32,20000,0.069025,0.1517291884422302,0.35529368758081087,-0.0022629677772521973,0.07065682093752429,0.1259543569191718,0.5454952183882333,0.10618677203022615
2025/Day001_Wheat,2025,Day001,wheat,674.JPG,674,DJI Mavic 3M RGB camera,oblique,oblique,0.7082393071015787,5280,3956,674_depth.tif,True,True,OPENCV,data\uav3dcrop\2025\Day001_Wheat\images\674.JPG,data\uav3dcrop_depth\2025\Day001_Wheat\674_depth.tif,https://huggingface.co/datasets/Link-Dev/UAV3DCrop/blob/main/2025/Day001_Wheat/images/674.JPG,https://huggingface.co/datasets/Link-Dev/UAV3DCrop_depth/blob/main/2025/Day001_Wheat_depth/674_depth.tif,main,relative_scale_shift,32,20000,0.069025,0.068190181350708,0.10069451489442312,0.008237407302856445,0.3347844632016704,0.2541160842201398,0.5699904927017505,0.10618677203022615
2025/Day001_Wheat,2025,Day001,wheat,674.JPG,674,DJI Mavic 3M RGB camera,oblique,oblique,0.7082393071015787,5280,3956,674_depth.tif,True,True,OPENCV,data\uav3dcrop\2025\Day001_Wheat\images\674.JPG,data\uav3dcrop_depth\2025\Day001_Wheat\674_depth.tif,https://huggingface.co/datasets/Link-Dev/UAV3DCrop/blob/main/2025/Day001_Wheat/images/674.JPG,https://huggingface.co/datasets/Link-Dev/UAV3DCrop_depth/blob/main/2025/Day001_Wheat_depth/674_depth.tif,main,metric_raw,64,20000,0.09690078125,0.10961379243135452,0.17639474797965687,0.003377101695537567,0.10420404303250067,0.20426967299882565,0.5707902670111973,0.14288276613289683
2025/Day001_Wheat,2025,Day001,wheat,674.JPG,674,DJI Mavic 3M RGB camera,oblique,oblique,0.7082393071015787,5280,3956,674_depth.tif,True,True,OPENCV,data\uav3dcrop\2025\Day001_Wheat\images\674.JPG,data\uav3dcrop_depth\2025\Day001_Wheat\674_depth.tif,https://huggingface.co/datasets/Link-Dev/UAV3DCrop/blob/main/2025/Day001_Wheat/images/674.JPG,https://huggingface.co/datasets/Link-Dev/UAV3DCrop_depth/blob/main/2025/Day001_Wheat_depth/674_depth.tif,main,metric_bias_corrected,64,20000,0.09690078125,0.10961378993988037,0.1763947414535511,0.003377100944519043,0.10420408490946548,0.20426977231680965,0.5707364341085271,0.14288276613289683
2025/Day001_Wheat,2025,Day001,wheat,674.JPG,674,DJI Mavic 3M RGB camera,oblique,oblique,0.7082393071015787,5280,3956,674_depth.tif,True,True,OPENCV,data\uav3dcrop\2025\Day001_Wheat\images\674.JPG,data\uav3dcrop_depth\2025\Day001_Wheat\674_depth.tif,https://huggingface.co/datasets/Link-Dev/UAV3DCrop/blob/main/2025/Day001_Wheat/images/674.JPG,https://huggingface.co/datasets/Link-Dev/UAV3DCrop_depth/blob/main/2025/Day001_Wheat_depth/674_depth.tif,main,metric_scale_shift,64,20000,0.09690078125,0.2443652214050293,0.6142967995302504,-0.009775110054016113,0.10420406325267757,0.20426959625642174,0.5707902670111973,0.14288276613289683
2025/Day001_Wheat,2025,Day001,wheat,674.JPG,674,DJI Mavic 3M RGB camera,oblique,oblique,0.7082393071015787,5280,3956,674_depth.tif,True,True,OPENCV,data\uav3dcrop\2025\Day001_Wheat\images\674.JPG,data\uav3dcrop_depth\2025\Day001_Wheat\674_depth.tif,https://huggingface.co/datasets/Link-Dev/UAV3DCrop/blob/main/2025/Day001_Wheat/images/674.JPG,https://huggingface.co/datasets/Link-Dev/UAV3DCrop_depth/blob/main/2025/Day001_Wheat_depth/674_depth.tif,main,relative_scale_shift,64,20000,0.09690078125,0.09369272756576538,0.13108877794667242,0.017659732151031494,0.4248491158196423,0.3403966719253713,0.5985142118863049,0.14288276613289683
2025/Day001_Wheat,2025,Day001,wheat,674.JPG,674,DJI Mavic 3M RGB camera,oblique,oblique,0.7082393071015787,5280,3956,674_depth.tif,True,True,OPENCV,data\uav3dcrop\2025\Day001_Wheat\images\674.JPG,data\uav3dcrop_depth\2025\Day001_Wheat\674_depth.tif,https://huggingface.co/datasets/Link-Dev/UAV3DCrop/blob/main/2025/Day001_Wheat/images/674.JPG,https://huggingface.co/datasets/Link-Dev/UAV3DCrop_depth/blob/main/2025/Day001_Wheat_depth/674_depth.tif,main,metric_raw,128,20000,0.133143359375,0.1540783341884613,0.2561325835931207,0.00778943383693695,0.14793078969332454,0.2991541724929683,0.5914204605193986,0.19224338252867929
2025/Day001_Wheat,2025,Day001,wheat,674.JPG,674,DJI Mavic 3M RGB camera,oblique,oblique,0.7082393071015787,5280,3956,674_depth.tif,True,True,OPENCV,data\uav3dcrop\2025\Day001_Wheat\images\674.JPG,data\uav3dcrop_depth\2025\Day001_Wheat\674_depth.tif,https://huggingface.co/datasets/Link-Dev/UAV3DCrop/blob/main/2025/Day001_Wheat/images/674.JPG,https://huggingface.co/datasets/Link-Dev/UAV3DCrop_depth/blob/main/2025/Day001_Wheat_depth/674_depth.tif,main,metric_bias_corrected,128,20000,0.133143359375,0.15407834434509277,0.25613259469529914,0.0077894227981567385,0.1479307561942113,0.29915394743835805,0.5914204605193986,0.19224338252867929
2025/Day001_Wheat,2025,Day001,wheat,674.JPG,674,DJI Mavic 3M RGB camera,oblique,oblique,0.7082393071015787,5280,3956,674_depth.tif,True,True,OPENCV,data\uav3dcrop\2025\Day001_Wheat\images\674.JPG,data\uav3dcrop_depth\2025\Day001_Wheat\674_depth.tif,https://huggingface.co/datasets/Link-Dev/UAV3DCrop/blob/main/2025/Day001_Wheat/images/674.JPG,https://huggingface.co/datasets/Link-Dev/UAV3DCrop_depth/blob/main/2025/Day001_Wheat_depth/674_depth.tif,main,metric_scale_shift,128,20000,0.133143359375,0.3959460666656494,1.0154790147590667,-0.017399366760253908,0.1479307970894442,0.299154046014891,0.5914204605193986,0.19224338252867929
2025/Day001_Wheat,2025,Day001,wheat,674.JPG,674,DJI Mavic 3M RGB camera,oblique,oblique,0.7082393071015787,5280,3956,674_depth.tif,True,True,OPENCV,data\uav3dcrop\2025\Day001_Wheat\images\674.JPG,data\uav3dcrop_depth\2025\Day001_Wheat\674_depth.tif,https://huggingface.co/datasets/Link-Dev/UAV3DCrop/blob/main/2025/Day001_Wheat/images/674.JPG,https://huggingface.co/datasets/Link-Dev/UAV3DCrop_depth/blob/main/2025/Day001_Wheat_depth/674_depth.tif,main,relative_scale_shift,128,20000,0.133143359375,0.12460924491882325,0.17179572393665818,0.0344660982131958,0.4857587944138105,0.4535200461125189,0.6235411628640521,0.19224338252867929
2025/Day001_Wheat,2025,Day001,wheat,732.JPG,732,DJI Mavic 3M RGB camera,oblique,oblique,0.7073450723867275,5280,3956,732_depth.tif,True,True,OPENCV,data\uav3dcrop\2025\Day001_Wheat\images\732.JPG,data\uav3dcrop_depth\2025\Day001_Wheat\732_depth.tif,https://huggingface.co/datasets/Link-Dev/UAV3DCrop/blob/main/2025/Day001_Wheat/images/732.JPG,https://huggingface.co/datasets/Link-Dev/UAV3DCrop_depth/blob/main/2025/Day001_Wheat_depth/732_depth.tif,main,metric_raw,8,20000,0.026830859375,0.03395797486305237,0.0859544313540675,0.00011369950771331788,0.024009067437477823,0.10859158613325272,0.5540687160940325,0.05572229379455155
2025/Day001_Wheat,2025,Day001,wheat,732.JPG,732,DJI Mavic 3M RGB camera,oblique,oblique,0.7073450723867275,5280,3956,732_depth.tif,True,True,OPENCV,data\uav3dcrop\2025\Day001_Wheat\images\732.JPG,data\uav3dcrop_depth\2025\Day001_Wheat\732_depth.tif,https://huggingface.co/datasets/Link-Dev/UAV3DCrop/blob/main/2025/Day001_Wheat/images/732.JPG,https://huggingface.co/datasets/Link-Dev/UAV3DCrop_depth/blob/main/2025/Day001_Wheat_depth/732_depth.tif,main,metric_bias_corrected,8,20000,0.026830859375,0.033957974433898926,0.08595443141215954,0.00011369075775146484,0.024009049693549254,0.10859060482358514,0.5539240506329114,0.05572229379455155
2025/Day001_Wheat,2025,Day001,wheat,732.JPG,732,DJI Mavic 3M RGB camera,oblique,oblique,0.7073450723867275,5280,3956,732_depth.tif,True,True,OPENCV,data\uav3dcrop\2025\Day001_Wheat\images\732.JPG,data\uav3dcrop_depth\2025\Day001_Wheat\732_depth.tif,https://huggingface.co/datasets/Link-Dev/UAV3DCrop/blob/main/2025/Day001_Wheat/images/732.JPG,https://huggingface.co/datasets/Link-Dev/UAV3DCrop_depth/blob/main/2025/Day001_Wheat_depth/732_depth.tif,main,metric_scale_shift,8,20000,0.026830859375,0.04700469741821289,0.16385243413044934,-0.0015053329467773437,0.024008942482918103,0.10859068786412618,0.5540687160940325,0.05572229379455155
2025/Day001_Wheat,2025,Day001,wheat,732.JPG,732,DJI Mavic 3M RGB camera,oblique,oblique,0.7073450723867275,5280,3956,732_depth.tif,True,True,OPENCV,data\uav3dcrop\2025\Day001_Wheat\images\732.JPG,data\uav3dcrop_depth\2025\Day001_Wheat\732_depth.tif,https://huggingface.co/datasets/Link-Dev/UAV3DCrop/blob/main/2025/Day001_Wheat/images/732.JPG,https://huggingface.co/datasets/Link-Dev/UAV3DCrop_depth/blob/main/2025/Day001_Wheat_depth/732_depth.tif,main,relative_scale_shift,8,20000,0.026830859375,0.027376527404785158,0.05441441636758119,0.0013567996978759765,0.21677124120114774,0.27817321401288386,0.6269077757685353,0.05572229379455155
2025/Day001_Wheat,2025,Day001,wheat,732.JPG,732,DJI Mavic 3M RGB camera,oblique,oblique,0.7073450723867275,5280,3956,732_depth.tif,True,True,OPENCV,data\uav3dcrop\2025\Day001_Wheat\images\732.JPG,data\uav3dcrop_depth\2025\Day001_Wheat\732_depth.tif,https://huggingface.co/datasets/Link-Dev/UAV3DCrop/blob/main/2025/Day001_Wheat/images/732.JPG,https://huggingface.co/datasets/Link-Dev/UAV3DCrop_depth/blob/main/2025/Day001_Wheat_depth/732_depth.tif,main,metric_raw,16,20000,0.04660078125,0.05689365196228027,0.13436267156165502,0.0011711759805679322,0.036403554398530685,0.13351222547245792,0.5574646348127011,0.08099591834439651
2025/Day001_Wheat,2025,Day001,wheat,732.JPG,732,DJI Mavic 3M RGB camera,oblique,oblique,0.7073450723867275,5280,3956,732_depth.tif,True,True,OPENCV,data\uav3dcrop\2025\Day001_Wheat\images\732.JPG,data\uav3dcrop_depth\2025\Day001_Wheat\732_depth.tif,https://huggingface.co/datasets/Link-Dev/UAV3DCrop/blob/main/2025/Day001_Wheat/images/732.JPG,https://huggingface.co/datasets/Link-Dev/UAV3DCrop_depth/blob/main/2025/Day001_Wheat_depth/732_depth.tif,main,metric_bias_corrected,16,20000,0.04660078125,0.05689365329742432,0.13436266253502943,0.001171167755126953,0.0364036203049377,0.13351200306195996,0.557403922044806,0.08099591834439651
2025/Day001_Wheat,2025,Day001,wheat,732.JPG,732,DJI Mavic 3M RGB camera,oblique,oblique,0.7073450723867275,5280,3956,732_depth.tif,True,True,OPENCV,data\uav3dcrop\2025\Day001_Wheat\images\732.JPG,data\uav3dcrop_depth\2025\Day001_Wheat\732_depth.tif,https://huggingface.co/datasets/Link-Dev/UAV3DCrop/blob/main/2025/Day001_Wheat/images/732.JPG,https://huggingface.co/datasets/Link-Dev/UAV3DCrop_depth/blob/main/2025/Day001_Wheat_depth/732_depth.tif,main,metric_scale_shift,16,20000,0.04660078125,0.07831758079528808,0.2660461770179242,5.389022827148438e-05,0.036403496578941826,0.13351149822272299,0.557403922044806,0.08099591834439651
2025/Day001_Wheat,2025,Day001,wheat,732.JPG,732,DJI Mavic 3M RGB camera,oblique,oblique,0.7073450723867275,5280,3956,732_depth.tif,True,True,OPENCV,data\uav3dcrop\2025\Day001_Wheat\images\732.JPG,data\uav3dcrop_depth\2025\Day001_Wheat\732_depth.tif,https://huggingface.co/datasets/Link-Dev/UAV3DCrop/blob/main/2025/Day001_Wheat/images/732.JPG,https://huggingface.co/datasets/Link-Dev/UAV3DCrop_depth/blob/main/2025/Day001_Wheat_depth/732_depth.tif,main,relative_scale_shift,16,20000,0.04660078125,0.04575259275436401,0.07680786703430613,0.0018446465492248534,0.31943328221142525,0.33748042075423856,0.6370590735231619,0.08099591834439651
2025/Day001_Wheat,2025,Day001,wheat,732.JPG,732,DJI Mavic 3M RGB camera,oblique,oblique,0.7073450723867275,5280,3956,732_depth.tif,True,True,OPENCV,data\uav3dcrop\2025\Day001_Wheat\images\732.JPG,data\uav3dcrop_depth\2025\Day001_Wheat\732_depth.tif,https://huggingface.co/datasets/Link-Dev/UAV3DCrop/blob/main/2025/Day001_Wheat/images/732.JPG,https://huggingface.co/datasets/Link-Dev/UAV3DCrop_depth/blob/main/2025/Day001_Wheat_depth/732_depth.tif,main,metric_raw,32,20000,0.07551953125,0.09393446035385132,0.22900960877372387,0.0011724360704421996,0.05287366270638831,0.19494580458362726,0.5757659246197928,0.1146215418729312
2025/Day001_Wheat,2025,Day001,wheat,732.JPG,732,DJI Mavic 3M RGB camera,oblique,oblique,0.7073450723867275,5280,3956,732_depth.tif,True,True,OPENCV,data\uav3dcrop\2025\Day001_Wheat\images\732.JPG,data\uav3dcrop_depth\2025\Day001_Wheat\732_depth.tif,https://huggingface.co/datasets/Link-Dev/UAV3DCrop/blob/main/2025/Day001_Wheat/images/732.JPG,https://huggingface.co/datasets/Link-Dev/UAV3DCrop_depth/blob/main/2025/Day001_Wheat_depth/732_depth.tif,main,metric_bias_corrected,32,20000,0.07551953125,0.09393445568084717,0.22900961741149384,0.0011724332809448241,0.05287365887281413,0.19494636752580083,0.5757659246197928,0.1146215418729312
2025/Day001_Wheat,2025,Day001,wheat,732.JPG,732,DJI Mavic 3M RGB camera,oblique,oblique,0.7073450723867275,5280,3956,732_depth.tif,True,True,OPENCV,data\uav3dcrop\2025\Day001_Wheat\images\732.JPG,data\uav3dcrop_depth\2025\Day001_Wheat\732_depth.tif,https://huggingface.co/datasets/Link-Dev/UAV3DCrop/blob/main/2025/Day001_Wheat/images/732.JPG,https://huggingface.co/datasets/Link-Dev/UAV3DCrop_depth/blob/main/2025/Day001_Wheat_depth/732_depth.tif,main,metric_scale_shift,32,20000,0.07551953125,0.13340021133422852,0.48331555085815403,-0.003068354034423828,0.05287366507366386,0.19494561113187128,0.5757659246197928,0.1146215418729312
2025/Day001_Wheat,2025,Day001,wheat,732.JPG,732,DJI Mavic 3M RGB camera,oblique,oblique,0.7073450723867275,5280,3956,732_depth.tif,True,True,OPENCV,data\uav3dcrop\2025\Day001_Wheat\images\732.JPG,data\uav3dcrop_depth\2025\Day001_Wheat\732_depth.tif,https://huggingface.co/datasets/Link-Dev/UAV3DCrop/blob/main/2025/Day001_Wheat/images/732.JPG,https://huggingface.co/datasets/Link-Dev/UAV3DCrop_depth/blob/main/2025/Day001_Wheat_depth/732_depth.tif,main,relative_scale_shift,32,20000,0.07551953125,0.07058898029327393,0.10513503875977173,0.004837831497192383,0.4010954977325422,0.4162286128458049,0.6548379986775402,0.1146215418729312
2025/Day001_Wheat,2025,Day001,wheat,732.JPG,732,DJI Mavic 3M RGB camera,oblique,oblique,0.7073450723867275,5280,3956,732_depth.tif,True,True,OPENCV,data\uav3dcrop\2025\Day001_Wheat\images\732.JPG,data\uav3dcrop_depth\2025\Day001_Wheat\732_depth.tif,https://huggingface.co/datasets/Link-Dev/UAV3DCrop/blob/main/2025/Day001_Wheat/images/732.JPG,https://huggingface.co/datasets/Link-Dev/UAV3DCrop_depth/blob/main/2025/Day001_Wheat_depth/732_depth.tif,main,metric_raw,64,20000,0.108836328125,0.13831762487888336,0.3656742962089255,0.005239581084251404,0.0851090143588944,0.3017939976499114,0.59979633401222,0.1597618239533895
2025/Day001_Wheat,2025,Day001,wheat,732.JPG,732,DJI Mavic 3M RGB camera,oblique,oblique,0.7073450723867275,5280,3956,732_depth.tif,True,True,OPENCV,data\uav3dcrop\2025\Day001_Wheat\images\732.JPG,data\uav3dcrop_depth\2025\Day001_Wheat\732_depth.tif,https://huggingface.co/datasets/Link-Dev/UAV3DCrop/blob/main/2025/Day001_Wheat/images/732.JPG,https://huggingface.co/datasets/Link-Dev/UAV3DCrop_depth/blob/main/2025/Day001_Wheat_depth/732_depth.tif,main,metric_bias_corrected,64,20000,0.108836328125,0.1383176281929016,0.3656742979180595,0.005239589214324951,0.08510901504796548,0.30179366271742236,0.59979633401222,0.1597618239533895
2025/Day001_Wheat,2025,Day001,wheat,732.JPG,732,DJI Mavic 3M RGB camera,oblique,oblique,0.7073450723867275,5280,3956,732_depth.tif,True,True,OPENCV,data\uav3dcrop\2025\Day001_Wheat\images\732.JPG,data\uav3dcrop_depth\2025\Day001_Wheat\732_depth.tif,https://huggingface.co/datasets/Link-Dev/UAV3DCrop/blob/main/2025/Day001_Wheat/images/732.JPG,https://huggingface.co/datasets/Link-Dev/UAV3DCrop_depth/blob/main/2025/Day001_Wheat_depth/732_depth.tif,main,metric_scale_shift,64,20000,0.108836328125,0.20656388454437255,0.7999439314581237,-0.003253680992126465,0.08510902690993205,0.3017941212080119,0.59979633401222,0.1597618239533895
2025/Day001_Wheat,2025,Day001,wheat,732.JPG,732,DJI Mavic 3M RGB camera,oblique,oblique,0.7073450723867275,5280,3956,732_depth.tif,True,True,OPENCV,data\uav3dcrop\2025\Day001_Wheat\images\732.JPG,data\uav3dcrop_depth\2025\Day001_Wheat\732_depth.tif,https://huggingface.co/datasets/Link-Dev/UAV3DCrop/blob/main/2025/Day001_Wheat/images/732.JPG,https://huggingface.co/datasets/Link-Dev/UAV3DCrop_depth/blob/main/2025/Day001_Wheat_depth/732_depth.tif,main,relative_scale_shift,64,20000,0.108836328125,0.09564946279525757,0.13886642064798613,0.011981274509429932,0.5006804719756206,0.528109893403995,0.685175259942116,0.1597618239533895
2025/Day001_Wheat,2025,Day001,wheat,732.JPG,732,DJI Mavic 3M RGB camera,oblique,oblique,0.7073450723867275,5280,3956,732_depth.tif,True,True,OPENCV,data\uav3dcrop\2025\Day001_Wheat\images\732.JPG,data\uav3dcrop_depth\2025\Day001_Wheat\732_depth.tif,https://huggingface.co/datasets/Link-Dev/UAV3DCrop/blob/main/2025/Day001_Wheat/images/732.JPG,https://huggingface.co/datasets/Link-Dev/UAV3DCrop_depth/blob/main/2025/Day001_Wheat_depth/732_depth.tif,main,metric_raw,128,20000,0.154894921875,0.20760211721658706,0.589781202441193,0.007664193618297577,0.13370564801571952,0.3928920064522228,0.6171015403961019,0.22146159206530897
2025/Day001_Wheat,2025,Day001,wheat,732.JPG,732,DJI Mavic 3M RGB camera,oblique,oblique,0.7073450723867275,5280,3956,732_depth.tif,True,True,OPENCV,data\uav3dcrop\2025\Day001_Wheat\images\732.JPG,data\uav3dcrop_depth\2025\Day001_Wheat\732_depth.tif,https://huggingface.co/datasets/Link-Dev/UAV3DCrop/blob/main/2025/Day001_Wheat/images/732.JPG,https://huggingface.co/datasets/Link-Dev/UAV3DCrop_depth/blob/main/2025/Day001_Wheat_depth/732_depth.tif,main,metric_bias_corrected,128,20000,0.154894921875,0.20760210819244385,0.5897812019013862,0.0076641929626464845,0.13370566380704627,0.39289224475287476,0.6171015403961019,0.22146159206530897
2025/Day001_Wheat,2025,Day001,wheat,732.JPG,732,DJI Mavic 3M RGB camera,oblique,oblique,0.7073450723867275,5280,3956,732_depth.tif,True,True,OPENCV,data\uav3dcrop\2025\Day001_Wheat\images\732.JPG,data\uav3dcrop_depth\2025\Day001_Wheat\732_depth.tif,https://huggingface.co/datasets/Link-Dev/UAV3DCrop/blob/main/2025/Day001_Wheat/images/732.JPG,https://huggingface.co/datasets/Link-Dev/UAV3DCrop_depth/blob/main/2025/Day001_Wheat_depth/732_depth.tif,main,metric_scale_shift,128,20000,0.154894921875,0.3315746046066284,1.3311338067219454,-0.00741370906829834,0.13370564954615494,0.39289215282788964,0.6171015403961019,0.22146159206530897
2025/Day001_Wheat,2025,Day001,wheat,732.JPG,732,DJI Mavic 3M RGB camera,oblique,oblique,0.7073450723867275,5280,3956,732_depth.tif,True,True,OPENCV,data\uav3dcrop\2025\Day001_Wheat\images\732.JPG,data\uav3dcrop_depth\2025\Day001_Wheat\732_depth.tif,https://huggingface.co/datasets/Link-Dev/UAV3DCrop/blob/main/2025/Day001_Wheat/images/732.JPG,https://huggingface.co/datasets/Link-Dev/UAV3DCrop_depth/blob/main/2025/Day001_Wheat_depth/732_depth.tif,main,relative_scale_shift,128,20000,0.154894921875,0.12942523498535155,0.18868331705377792,0.020219333839416504,0.5317986082358336,0.6080400041527073,0.7199517971287855,0.22146159206530897
2025/Day001_Wheat,2025,Day001,wheat,791.JPG,791,DJI Mavic 3M RGB camera,oblique,oblique,0.7057398871009861,5280,3956,791_depth.tif,True,True,OPENCV,data\uav3dcrop\2025\Day001_Wheat\images\791.JPG,data\uav3dcrop_depth\2025\Day001_Wheat\791_depth.tif,https://huggingface.co/datasets/Link-Dev/UAV3DCrop/blob/main/2025/Day001_Wheat/images/791.JPG,https://huggingface.co/datasets/Link-Dev/UAV3DCrop_depth/blob/main/2025/Day001_Wheat_depth/791_depth.tif,main,metric_raw,8,20000,0.022640234375,0.03262171069383621,0.06883597546954959,-0.0014005477547645569,0.043703657956746245,0.09433385219145111,0.550090661831369,0.05102128557649897
2025/Day001_Wheat,2025,Day001,wheat,791.JPG,791,DJI Mavic 3M RGB camera,oblique,oblique,0.7057398871009861,5280,3956,791_depth.tif,True,True,OPENCV,data\uav3dcrop\2025\Day001_Wheat\images\791.JPG,data\uav3dcrop_depth\2025\Day001_Wheat\791_depth.tif,https://huggingface.co/datasets/Link-Dev/UAV3DCrop/blob/main/2025/Day001_Wheat/images/791.JPG,https://huggingface.co/datasets/Link-Dev/UAV3DCrop_depth/blob/main/2025/Day001_Wheat_depth/791_depth.tif,main,metric_bias_corrected,8,20000,0.022640234375,0.03262170743942261,0.06883596696929807,-0.0014005450248718262,0.043703709802110115,0.0943332796665721,0.550090661831369,0.05102128557649897
2025/Day001_Wheat,2025,Day001,wheat,791.JPG,791,DJI Mavic 3M RGB camera,oblique,oblique,0.7057398871009861,5280,3956,791_depth.tif,True,True,OPENCV,data\uav3dcrop\2025\Day001_Wheat\images\791.JPG,data\uav3dcrop_depth\2025\Day001_Wheat\791_depth.tif,https://huggingface.co/datasets/Link-Dev/UAV3DCrop/blob/main/2025/Day001_Wheat/images/791.JPG,https://huggingface.co/datasets/Link-Dev/UAV3DCrop_depth/blob/main/2025/Day001_Wheat_depth/791_depth.tif,main,metric_scale_shift,8,20000,0.022640234375,0.04265372428894043,0.09652686378625336,-0.0022338552474975588,0.04370379299174044,0.09433435565995059,0.550090661831369,0.05102128557649897
2025/Day001_Wheat,2025,Day001,wheat,791.JPG,791,DJI Mavic 3M RGB camera,oblique,oblique,0.7057398871009861,5280,3956,791_depth.tif,True,True,OPENCV,data\uav3dcrop\2025\Day001_Wheat\images\791.JPG,data\uav3dcrop_depth\2025\Day001_Wheat\791_depth.tif,https://huggingface.co/datasets/Link-Dev/UAV3DCrop/blob/main/2025/Day001_Wheat/images/791.JPG,https://huggingface.co/datasets/Link-Dev/UAV3DCrop_depth/blob/main/2025/Day001_Wheat_depth/791_depth.tif,main,relative_scale_shift,8,20000,0.022640234375,0.02490472240447998,0.051451983477360935,3.055229187011719e-05,0.24726111240638804,0.30658887057600154,0.6441523118766999,0.05102128557649897
2025/Day001_Wheat,2025,Day001,wheat,791.JPG,791,DJI Mavic 3M RGB camera,oblique,oblique,0.7057398871009861,5280,3956,791_depth.tif,True,True,OPENCV,data\uav3dcrop\2025\Day001_Wheat\images\791.JPG,data\uav3dcrop_depth\2025\Day001_Wheat\791_depth.tif,https://huggingface.co/datasets/Link-Dev/UAV3DCrop/blob/main/2025/Day001_Wheat/images/791.JPG,https://huggingface.co/datasets/Link-Dev/UAV3DCrop_depth/blob/main/2025/Day001_Wheat_depth/791_depth.tif,main,metric_raw,16,20000,0.040388671875,0.059089313459396366,0.12716469717527015,-0.0021328282833099365,0.05435482630270917,0.1296587586491625,0.5620108933825831,0.07895674801109806
2025/Day001_Wheat,2025,Day001,wheat,791.JPG,791,DJI Mavic 3M RGB camera,oblique,oblique,0.7057398871009861,5280,3956,791_depth.tif,True,True,OPENCV,data\uav3dcrop\2025\Day001_Wheat\images\791.JPG,data\uav3dcrop_depth\2025\Day001_Wheat\791_depth.tif,https://huggingface.co/datasets/Link-Dev/UAV3DCrop/blob/main/2025/Day001_Wheat/images/791.JPG,https://huggingface.co/datasets/Link-Dev/UAV3DCrop_depth/blob/main/2025/Day001_Wheat_depth/791_depth.tif,main,metric_bias_corrected,16,20000,0.040388671875,0.05908931379318237,0.12716469372096087,-0.0021328200340270994,0.05435477880287929,0.12965879020857674,0.5620108933825831,0.07895674801109806
2025/Day001_Wheat,2025,Day001,wheat,791.JPG,791,DJI Mavic 3M RGB camera,oblique,oblique,0.7057398871009861,5280,3956,791_depth.tif,True,True,OPENCV,data\uav3dcrop\2025\Day001_Wheat\images\791.JPG,data\uav3dcrop_depth\2025\Day001_Wheat\791_depth.tif,https://huggingface.co/datasets/Link-Dev/UAV3DCrop/blob/main/2025/Day001_Wheat/images/791.JPG,https://huggingface.co/datasets/Link-Dev/UAV3DCrop_depth/blob/main/2025/Day001_Wheat_depth/791_depth.tif,main,metric_scale_shift,16,20000,0.040388671875,0.0784514910697937,0.19323898588076913,-0.0038374754905700684,0.05435483726807941,0.1296589687176029,0.5620108933825831,0.07895674801109806
2025/Day001_Wheat,2025,Day001,wheat,791.JPG,791,DJI Mavic 3M RGB camera,oblique,oblique,0.7057398871009861,5280,3956,791_depth.tif,True,True,OPENCV,data\uav3dcrop\2025\Day001_Wheat\images\791.JPG,data\uav3dcrop_depth\2025\Day001_Wheat\791_depth.tif,https://huggingface.co/datasets/Link-Dev/UAV3DCrop/blob/main/2025/Day001_Wheat/images/791.JPG,https://huggingface.co/datasets/Link-Dev/UAV3DCrop_depth/blob/main/2025/Day001_Wheat_depth/791_depth.tif,main,relative_scale_shift,16,20000,0.040388671875,0.04274935941696167,0.07936898283532186,0.00010606698989868164,0.3240217105525993,0.3459403092284089,0.644650347461341,0.07895674801109806
2025/Day001_Wheat,2025,Day001,wheat,791.JPG,791,DJI Mavic 3M RGB camera,oblique,oblique,0.7057398871009861,5280,3956,791_depth.tif,True,True,OPENCV,data\uav3dcrop\2025\Day001_Wheat\images\791.JPG,data\uav3dcrop_depth\2025\Day001_Wheat\791_depth.tif,https://huggingface.co/datasets/Link-Dev/UAV3DCrop/blob/main/2025/Day001_Wheat/images/791.JPG,https://huggingface.co/datasets/Link-Dev/UAV3DCrop_depth/blob/main/2025/Day001_Wheat_depth/791_depth.tif,main,metric_raw,32,20000,0.0660015625,0.09691055288314819,0.2050428578750076,-0.007457753562927246,0.07694998660880148,0.18660964477816364,0.5835652223294906,0.1120498473248512
2025/Day001_Wheat,2025,Day001,wheat,791.JPG,791,DJI Mavic 3M RGB camera,oblique,oblique,0.7057398871009861,5280,3956,791_depth.tif,True,True,OPENCV,data\uav3dcrop\2025\Day001_Wheat\images\791.JPG,data\uav3dcrop_depth\2025\Day001_Wheat\791_depth.tif,https://huggingface.co/datasets/Link-Dev/UAV3DCrop/blob/main/2025/Day001_Wheat/images/791.JPG,https://huggingface.co/datasets/Link-Dev/UAV3DCrop_depth/blob/main/2025/Day001_Wheat_depth/791_depth.tif,main,metric_bias_corrected,32,20000,0.0660015625,0.09691055812835693,0.20504286145599562,-0.007457748985290527,0.07694994646173658,0.18660942777973438,0.5835652223294906,0.1120498473248512
2025/Day001_Wheat,2025,Day001,wheat,791.JPG,791,DJI Mavic 3M RGB camera,oblique,oblique,0.7057398871009861,5280,3956,791_depth.tif,True,True,OPENCV,data\uav3dcrop\2025\Day001_Wheat\images\791.JPG,data\uav3dcrop_depth\2025\Day001_Wheat\791_depth.tif,https://huggingface.co/datasets/Link-Dev/UAV3DCrop/blob/main/2025/Day001_Wheat/images/791.JPG,https://huggingface.co/datasets/Link-Dev/UAV3DCrop_depth/blob/main/2025/Day001_Wheat_depth/791_depth.tif,main,metric_scale_shift,32,20000,0.0660015625,0.1301516881942749,0.3246981124928781,-0.011995902633666991,0.07694998121704644,0.18660987623876885,0.5835652223294906,0.1120498473248512
2025/Day001_Wheat,2025,Day001,wheat,791.JPG,791,DJI Mavic 3M RGB camera,oblique,oblique,0.7057398871009861,5280,3956,791_depth.tif,True,True,OPENCV,data\uav3dcrop\2025\Day001_Wheat\images\791.JPG,data\uav3dcrop_depth\2025\Day001_Wheat\791_depth.tif,https://huggingface.co/datasets/Link-Dev/UAV3DCrop/blob/main/2025/Day001_Wheat/images/791.JPG,https://huggingface.co/datasets/Link-Dev/UAV3DCrop_depth/blob/main/2025/Day001_Wheat_depth/791_depth.tif,main,relative_scale_shift,32,20000,0.0660015625,0.06615014448165893,0.11110145932683906,-0.00019973115921020508,0.42435060997504825,0.41846796660615,0.6635811232892271,0.1120498473248512
2025/Day001_Wheat,2025,Day001,wheat,791.JPG,791,DJI Mavic 3M RGB camera,oblique,oblique,0.7057398871009861,5280,3956,791_depth.tif,True,True,OPENCV,data\uav3dcrop\2025\Day001_Wheat\images\791.JPG,data\uav3dcrop_depth\2025\Day001_Wheat\791_depth.tif,https://huggingface.co/datasets/Link-Dev/UAV3DCrop/blob/main/2025/Day001_Wheat/images/791.JPG,https://huggingface.co/datasets/Link-Dev/UAV3DCrop_depth/blob/main/2025/Day001_Wheat_depth/791_depth.tif,main,metric_raw,64,20000,0.0971609375,0.15302864217758178,0.36508154478110416,-0.00897158682346344,0.09525831589292716,0.2618135280942336,0.6034501464684822,0.15802815470685505
2025/Day001_Wheat,2025,Day001,wheat,791.JPG,791,DJI Mavic 3M RGB camera,oblique,oblique,0.7057398871009861,5280,3956,791_depth.tif,True,True,OPENCV,data\uav3dcrop\2025\Day001_Wheat\images\791.JPG,data\uav3dcrop_depth\2025\Day001_Wheat\791_depth.tif,https://huggingface.co/datasets/Link-Dev/UAV3DCrop/blob/main/2025/Day001_Wheat/images/791.JPG,https://huggingface.co/datasets/Link-Dev/UAV3DCrop_depth/blob/main/2025/Day001_Wheat_depth/791_depth.tif,main,metric_bias_corrected,64,20000,0.0971609375,0.1530286403656006,0.3650815530968225,-0.008971582984924316,0.09525832657452016,0.26181345909628917,0.6034501464684822,0.15802815470685505
2025/Day001_Wheat,2025,Day001,wheat,791.JPG,791,DJI Mavic 3M RGB camera,oblique,oblique,0.7057398871009861,5280,3956,791_depth.tif,True,True,OPENCV,data\uav3dcrop\2025\Day001_Wheat\images\791.JPG,data\uav3dcrop_depth\2025\Day001_Wheat\791_depth.tif,https://huggingface.co/datasets/Link-Dev/UAV3DCrop/blob/main/2025/Day001_Wheat/images/791.JPG,https://huggingface.co/datasets/Link-Dev/UAV3DCrop_depth/blob/main/2025/Day001_Wheat_depth/791_depth.tif,main,metric_scale_shift,64,20000,0.0971609375,0.2138143960952759,0.6040558409481264,-0.01674219551086426,0.09525833023850452,0.26181361317018426,0.6034501464684822,0.15802815470685505
2025/Day001_Wheat,2025,Day001,wheat,791.JPG,791,DJI Mavic 3M RGB camera,oblique,oblique,0.7057398871009861,5280,3956,791_depth.tif,True,True,OPENCV,data\uav3dcrop\2025\Day001_Wheat\images\791.JPG,data\uav3dcrop_depth\2025\Day001_Wheat\791_depth.tif,https://huggingface.co/datasets/Link-Dev/UAV3DCrop/blob/main/2025/Day001_Wheat/images/791.JPG,https://huggingface.co/datasets/Link-Dev/UAV3DCrop_depth/blob/main/2025/Day001_Wheat_depth/791_depth.tif,main,relative_scale_shift,64,20000,0.0971609375,0.0931688738822937,0.15144561013257404,0.0012134682655334473,0.5495561094854271,0.5292223947952768,0.7026689812303353,0.15802815470685505
2025/Day001_Wheat,2025,Day001,wheat,791.JPG,791,DJI Mavic 3M RGB camera,oblique,oblique,0.7057398871009861,5280,3956,791_depth.tif,True,True,OPENCV,data\uav3dcrop\2025\Day001_Wheat\images\791.JPG,data\uav3dcrop_depth\2025\Day001_Wheat\791_depth.tif,https://huggingface.co/datasets/Link-Dev/UAV3DCrop/blob/main/2025/Day001_Wheat/images/791.JPG,https://huggingface.co/datasets/Link-Dev/UAV3DCrop_depth/blob/main/2025/Day001_Wheat_depth/791_depth.tif,main,metric_raw,128,20000,0.135870703125,0.2243231307387352,0.5613882595794879,-0.02009083732366562,0.13263944620680354,0.361826167835992,0.6370468377877745,0.20737898629650725
2025/Day001_Wheat,2025,Day001,wheat,791.JPG,791,DJI Mavic 3M RGB camera,oblique,oblique,0.7057398871009861,5280,3956,791_depth.tif,True,True,OPENCV,data\uav3dcrop\2025\Day001_Wheat\images\791.JPG,data\uav3dcrop_depth\2025\Day001_Wheat\791_depth.tif,https://huggingface.co/datasets/Link-Dev/UAV3DCrop/blob/main/2025/Day001_Wheat/images/791.JPG,https://huggingface.co/datasets/Link-Dev/UAV3DCrop_depth/blob/main/2025/Day001_Wheat_depth/791_depth.tif,main,metric_bias_corrected,128,20000,0.135870703125,0.224323131275177,0.5613882599249046,-0.020090835285186768,0.1326394522909061,0.36182619692516554,0.6370468377877745,0.20737898629650725
2025/Day001_Wheat,2025,Day001,wheat,791.JPG,791,DJI Mavic 3M RGB camera,oblique,oblique,0.7057398871009861,5280,3956,791_depth.tif,True,True,OPENCV,data\uav3dcrop\2025\Day001_Wheat\images\791.JPG,data\uav3dcrop_depth\2025\Day001_Wheat\791_depth.tif,https://huggingface.co/datasets/Link-Dev/UAV3DCrop/blob/main/2025/Day001_Wheat/images/791.JPG,https://huggingface.co/datasets/Link-Dev/UAV3DCrop_depth/blob/main/2025/Day001_Wheat_depth/791_depth.tif,main,metric_scale_shift,128,20000,0.135870703125,0.3271263059616089,0.9498045783928596,-0.0317552827835083,0.13263942485919133,0.3618262172993907,0.6370468377877745,0.20737898629650725
2025/Day001_Wheat,2025,Day001,wheat,791.JPG,791,DJI Mavic 3M RGB camera,oblique,oblique,0.7057398871009861,5280,3956,791_depth.tif,True,True,OPENCV,data\uav3dcrop\2025\Day001_Wheat\images\791.JPG,data\uav3dcrop_depth\2025\Day001_Wheat\791_depth.tif,https://huggingface.co/datasets/Link-Dev/UAV3DCrop/blob/main/2025/Day001_Wheat/images/791.JPG,https://huggingface.co/datasets/Link-Dev/UAV3DCrop_depth/blob/main/2025/Day001_Wheat_depth/791_depth.tif,main,relative_scale_shift,128,20000,0.135870703125,0.13313329153060913,0.21050064254003628,-0.0006650547981262207,0.5992959622644287,0.6229341569756967,0.7419952368351416,0.20737898629650725
2025/Day001_Wheat,2025,Day001,wheat,849.JPG,849,DJI Mavic 3M RGB camera,oblique,oblique,0.7076058666729741,5280,3956,849_depth.tif,True,True,OPENCV,data\uav3dcrop\2025\Day001_Wheat\images\849.JPG,data\uav3dcrop_depth\2025\Day001_Wheat\849_depth.tif,https://huggingface.co/datasets/Link-Dev/UAV3DCrop/blob/main/2025/Day001_Wheat/images/849.JPG,https://huggingface.co/datasets/Link-Dev/UAV3DCrop_depth/blob/main/2025/Day001_Wheat_depth/849_depth.tif,main,metric_raw,8,20000,0.023884375,0.026835044968128205,0.06409813751697681,-0.001860815179347992,0.06628553416794564,0.10424430203001325,0.5519318820788819,0.061955875549754916
2025/Day001_Wheat,2025,Day001,wheat,849.JPG,849,DJI Mavic 3M RGB camera,oblique,oblique,0.7076058666729741,5280,3956,849_depth.tif,True,True,OPENCV,data\uav3dcrop\2025\Day001_Wheat\images\849.JPG,data\uav3dcrop_depth\2025\Day001_Wheat\849_depth.tif,https://huggingface.co/datasets/Link-Dev/UAV3DCrop/blob/main/2025/Day001_Wheat/images/849.JPG,https://huggingface.co/datasets/Link-Dev/UAV3DCrop_depth/blob/main/2025/Day001_Wheat_depth/849_depth.tif,main,metric_bias_corrected,8,20000,0.023884375,0.026835034465789796,0.06409813378141448,-0.0018608195304870606,0.0662858352964277,0.10424562108956736,0.5519318820788819,0.061955875549754916
2025/Day001_Wheat,2025,Day001,wheat,849.JPG,849,DJI Mavic 3M RGB camera,oblique,oblique,0.7076058666729741,5280,3956,849_depth.tif,True,True,OPENCV,data\uav3dcrop\2025\Day001_Wheat\images\849.JPG,data\uav3dcrop_depth\2025\Day001_Wheat\849_depth.tif,https://huggingface.co/datasets/Link-Dev/UAV3DCrop/blob/main/2025/Day001_Wheat/images/849.JPG,https://huggingface.co/datasets/Link-Dev/UAV3DCrop_depth/blob/main/2025/Day001_Wheat_depth/849_depth.tif,main,metric_scale_shift,8,20000,0.023884375,0.08292401399612427,0.1925566710499895,-0.018948293590545656,0.06628556324145123,0.10424420178309954,0.5519318820788819,0.061955875549754916
2025/Day001_Wheat,2025,Day001,wheat,849.JPG,849,DJI Mavic 3M RGB camera,oblique,oblique,0.7076058666729741,5280,3956,849_depth.tif,True,True,OPENCV,data\uav3dcrop\2025\Day001_Wheat\images\849.JPG,data\uav3dcrop_depth\2025\Day001_Wheat\849_depth.tif,https://huggingface.co/datasets/Link-Dev/UAV3DCrop/blob/main/2025/Day001_Wheat/images/849.JPG,https://huggingface.co/datasets/Link-Dev/UAV3DCrop_depth/blob/main/2025/Day001_Wheat_depth/849_depth.tif,main,relative_scale_shift,8,20000,0.023884375,0.025029128551483155,0.06105073976642949,-0.00024208192825317382,0.17849079656177397,0.2616001840335709,0.6275202827536348,0.061955875549754916
2025/Day001_Wheat,2025,Day001,wheat,849.JPG,849,DJI Mavic 3M RGB camera,oblique,oblique,0.7076058666729741,5280,3956,849_depth.tif,True,True,OPENCV,data\uav3dcrop\2025\Day001_Wheat\images\849.JPG,data\uav3dcrop_depth\2025\Day001_Wheat\849_depth.tif,https://huggingface.co/datasets/Link-Dev/UAV3DCrop/blob/main/2025/Day001_Wheat/images/849.JPG,https://huggingface.co/datasets/Link-Dev/UAV3DCrop_depth/blob/main/2025/Day001_Wheat_depth/849_depth.tif,main,metric_raw,16,20000,0.040549609375,0.04415945349931717,0.08803901096193904,-0.0024845311284065245,0.10105610168349784,0.12549445138774304,0.5542965679853288,0.08727092439198852
2025/Day001_Wheat,2025,Day001,wheat,849.JPG,849,DJI Mavic 3M RGB camera,oblique,oblique,0.7076058666729741,5280,3956,849_depth.tif,True,True,OPENCV,data\uav3dcrop\2025\Day001_Wheat\images\849.JPG,data\uav3dcrop_depth\2025\Day001_Wheat\849_depth.tif,https://huggingface.co/datasets/Link-Dev/UAV3DCrop/blob/main/2025/Day001_Wheat/images/849.JPG,https://huggingface.co/datasets/Link-Dev/UAV3DCrop_depth/blob/main/2025/Day001_Wheat_depth/849_depth.tif,main,metric_bias_corrected,16,20000,0.040549609375,0.04415945777893066,0.08803901173093033,-0.002484525489807129,0.10105602969305495,0.1254939175090363,0.5542965679853288,0.08727092439198852
2025/Day001_Wheat,2025,Day001,wheat,849.JPG,849,DJI Mavic 3M RGB camera,oblique,oblique,0.7076058666729741,5280,3956,849_depth.tif,True,True,OPENCV,data\uav3dcrop\2025\Day001_Wheat\images\849.JPG,data\uav3dcrop_depth\2025\Day001_Wheat\849_depth.tif,https://huggingface.co/datasets/Link-Dev/UAV3DCrop/blob/main/2025/Day001_Wheat/images/849.JPG,https://huggingface.co/datasets/Link-Dev/UAV3DCrop_depth/blob/main/2025/Day001_Wheat_depth/849_depth.tif,main,metric_scale_shift,16,20000,0.040549609375,0.14227536478042602,0.21774565523045447,-0.03559153642654419,0.10105606726594171,0.12549458190974433,0.5542965679853288,0.08727092439198852
2025/Day001_Wheat,2025,Day001,wheat,849.JPG,849,DJI Mavic 3M RGB camera,oblique,oblique,0.7076058666729741,5280,3956,849_depth.tif,True,True,OPENCV,data\uav3dcrop\2025\Day001_Wheat\images\849.JPG,data\uav3dcrop_depth\2025\Day001_Wheat\849_depth.tif,https://huggingface.co/datasets/Link-Dev/UAV3DCrop/blob/main/2025/Day001_Wheat/images/849.JPG,https://huggingface.co/datasets/Link-Dev/UAV3DCrop_depth/blob/main/2025/Day001_Wheat_depth/849_depth.tif,main,relative_scale_shift,16,20000,0.040549609375,0.04087936143875122,0.08417331543738382,0.00034022722244262695,0.2677917353476484,0.3059126272082547,0.6319098768666492,0.08727092439198852
2025/Day001_Wheat,2025,Day001,wheat,849.JPG,849,DJI Mavic 3M RGB camera,oblique,oblique,0.7076058666729741,5280,3956,849_depth.tif,True,True,OPENCV,data\uav3dcrop\2025\Day001_Wheat\images\849.JPG,data\uav3dcrop_depth\2025\Day001_Wheat\849_depth.tif,https://huggingface.co/datasets/Link-Dev/UAV3DCrop/blob/main/2025/Day001_Wheat/images/849.JPG,https://huggingface.co/datasets/Link-Dev/UAV3DCrop_depth/blob/main/2025/Day001_Wheat_depth/849_depth.tif,main,metric_raw,32,20000,0.062944921875,0.06681602795124054,0.11878633070587447,-0.006696701788902283,0.17577624492235283,0.17230946323704394,0.5678727681210831,0.11910814988688355
2025/Day001_Wheat,2025,Day001,wheat,849.JPG,849,DJI Mavic 3M RGB camera,oblique,oblique,0.7076058666729741,5280,3956,849_depth.tif,True,True,OPENCV,data\uav3dcrop\2025\Day001_Wheat\images\849.JPG,data\uav3dcrop_depth\2025\Day001_Wheat\849_depth.tif,https://huggingface.co/datasets/Link-Dev/UAV3DCrop/blob/main/2025/Day001_Wheat/images/849.JPG,https://huggingface.co/datasets/Link-Dev/UAV3DCrop_depth/blob/main/2025/Day001_Wheat_depth/849_depth.tif,main,metric_bias_corrected,32,20000,0.062944921875,0.06681603527069092,0.11878634169739019,-0.006696703338623047,0.1757759931184484,0.17230964212886188,0.5678727681210831,0.11910814988688355
2025/Day001_Wheat,2025,Day001,wheat,849.JPG,849,DJI Mavic 3M RGB camera,oblique,oblique,0.7076058666729741,5280,3956,849_depth.tif,True,True,OPENCV,data\uav3dcrop\2025\Day001_Wheat\images\849.JPG,data\uav3dcrop_depth\2025\Day001_Wheat\849_depth.tif,https://huggingface.co/datasets/Link-Dev/UAV3DCrop/blob/main/2025/Day001_Wheat/images/849.JPG,https://huggingface.co/datasets/Link-Dev/UAV3DCrop_depth/blob/main/2025/Day001_Wheat_depth/849_depth.tif,main,metric_scale_shift,32,20000,0.062944921875,0.24113797283172608,0.35009808520710617,-0.07092735424041748,0.17577621743549746,0.17230945451133914,0.5678727681210831,0.11910814988688355
2025/Day001_Wheat,2025,Day001,wheat,849.JPG,849,DJI Mavic 3M RGB camera,oblique,oblique,0.7076058666729741,5280,3956,849_depth.tif,True,True,OPENCV,data\uav3dcrop\2025\Day001_Wheat\images\849.JPG,data\uav3dcrop_depth\2025\Day001_Wheat\849_depth.tif,https://huggingface.co/datasets/Link-Dev/UAV3DCrop/blob/main/2025/Day001_Wheat/images/849.JPG,https://huggingface.co/datasets/Link-Dev/UAV3DCrop_depth/blob/main/2025/Day001_Wheat_depth/849_depth.tif,main,relative_scale_shift,32,20000,0.062944921875,0.060766333198547365,0.1109947313593522,-0.0009733175277709961,0.36981009451480146,0.39452179383812974,0.6591580938867211,0.11910814988688355
2025/Day001_Wheat,2025,Day001,wheat,849.JPG,849,DJI Mavic 3M RGB camera,oblique,oblique,0.7076058666729741,5280,3956,849_depth.tif,True,True,OPENCV,data\uav3dcrop\2025\Day001_Wheat\images\849.JPG,data\uav3dcrop_depth\2025\Day001_Wheat\849_depth.tif,https://huggingface.co/datasets/Link-Dev/UAV3DCrop/blob/main/2025/Day001_Wheat/images/849.JPG,https://huggingface.co/datasets/Link-Dev/UAV3DCrop_depth/blob/main/2025/Day001_Wheat_depth/849_depth.tif,main,metric_raw,64,20000,0.0873140625,0.0911648156285286,0.1515181563217257,-0.014313894474506378,0.2713280612441737,0.2290449503676482,0.5845598601477472,0.15522814922090283
2025/Day001_Wheat,2025,Day001,wheat,849.JPG,849,DJI Mavic 3M RGB camera,oblique,oblique,0.7076058666729741,5280,3956,849_depth.tif,True,True,OPENCV,data\uav3dcrop\2025\Day001_Wheat\images\849.JPG,data\uav3dcrop_depth\2025\Day001_Wheat\849_depth.tif,https://huggingface.co/datasets/Link-Dev/UAV3DCrop/blob/main/2025/Day001_Wheat/images/849.JPG,https://huggingface.co/datasets/Link-Dev/UAV3DCrop_depth/blob/main/2025/Day001_Wheat_depth/849_depth.tif,main,metric_bias_corrected,64,20000,0.0873140625,0.09116481409072875,0.1515181471482949,-0.01431389513015747,0.27132819992631196,0.22904528085737705,0.5845598601477472,0.15522814922090283
2025/Day001_Wheat,2025,Day001,wheat,849.JPG,849,DJI Mavic 3M RGB camera,oblique,oblique,0.7076058666729741,5280,3956,849_depth.tif,True,True,OPENCV,data\uav3dcrop\2025\Day001_Wheat\images\849.JPG,data\uav3dcrop_depth\2025\Day001_Wheat\849_depth.tif,https://huggingface.co/datasets/Link-Dev/UAV3DCrop/blob/main/2025/Day001_Wheat/images/849.JPG,https://huggingface.co/datasets/Link-Dev/UAV3DCrop_depth/blob/main/2025/Day001_Wheat_depth/849_depth.tif,main,metric_scale_shift,64,20000,0.0873140625,0.39298489990234375,0.555169208325687,-0.14455050582885742,0.27132804248946485,0.22904498484401548,0.5845598601477472,0.15522814922090283
2025/Day001_Wheat,2025,Day001,wheat,849.JPG,849,DJI Mavic 3M RGB camera,oblique,oblique,0.7076058666729741,5280,3956,849_depth.tif,True,True,OPENCV,data\uav3dcrop\2025\Day001_Wheat\images\849.JPG,data\uav3dcrop_depth\2025\Day001_Wheat\849_depth.tif,https://huggingface.co/datasets/Link-Dev/UAV3DCrop/blob/main/2025/Day001_Wheat/images/849.JPG,https://huggingface.co/datasets/Link-Dev/UAV3DCrop_depth/blob/main/2025/Day001_Wheat_depth/849_depth.tif,main,relative_scale_shift,64,20000,0.0873140625,0.08142087268829346,0.1371407500046603,-0.0017718055725097657,0.47997084894756026,0.49300637222888183,0.6887723453448373,0.15522814922090283
2025/Day001_Wheat,2025,Day001,wheat,849.JPG,849,DJI Mavic 3M RGB camera,oblique,oblique,0.7076058666729741,5280,3956,849_depth.tif,True,True,OPENCV,data\uav3dcrop\2025\Day001_Wheat\images\849.JPG,data\uav3dcrop_depth\2025\Day001_Wheat\849_depth.tif,https://huggingface.co/datasets/Link-Dev/UAV3DCrop/blob/main/2025/Day001_Wheat/images/849.JPG,https://huggingface.co/datasets/Link-Dev/UAV3DCrop_depth/blob/main/2025/Day001_Wheat_depth/849_depth.tif,main,metric_raw,128,20000,0.122178515625,0.12515721646547318,0.20543317136426345,-0.02582626677751541,0.3506160789461188,0.25440130795727767,0.593380227929549,0.21570157118655256
2025/Day001_Wheat,2025,Day001,wheat,849.JPG,849,DJI Mavic 3M RGB camera,oblique,oblique,0.7076058666729741,5280,3956,849_depth.tif,True,True,OPENCV,data\uav3dcrop\2025\Day001_Wheat\images\849.JPG,data\uav3dcrop_depth\2025\Day001_Wheat\849_depth.tif,https://huggingface.co/datasets/Link-Dev/UAV3DCrop/blob/main/2025/Day001_Wheat/images/849.JPG,https://huggingface.co/datasets/Link-Dev/UAV3DCrop_depth/blob/main/2025/Day001_Wheat_depth/849_depth.tif,main,metric_bias_corrected,128,20000,0.122178515625,0.1251572102546692,0.20543316478384344,-0.02582627191543579,0.35061615406050334,0.2544011856177446,0.593380227929549,0.21570157118655256
2025/Day001_Wheat,2025,Day001,wheat,849.JPG,849,DJI Mavic 3M RGB camera,oblique,oblique,0.7076058666729741,5280,3956,849_depth.tif,True,True,OPENCV,data\uav3dcrop\2025\Day001_Wheat\images\849.JPG,data\uav3dcrop_depth\2025\Day001_Wheat\849_depth.tif,https://huggingface.co/datasets/Link-Dev/UAV3DCrop/blob/main/2025/Day001_Wheat/images/849.JPG,https://huggingface.co/datasets/Link-Dev/UAV3DCrop_depth/blob/main/2025/Day001_Wheat_depth/849_depth.tif,main,metric_scale_shift,128,20000,0.122178515625,0.6476865980148315,0.9041782543819563,-0.2872174571990967,0.35061607366564373,0.25440119902940256,0.593380227929549,0.21570157118655256
2025/Day001_Wheat,2025,Day001,wheat,849.JPG,849,DJI Mavic 3M RGB camera,oblique,oblique,0.7076058666729741,5280,3956,849_depth.tif,True,True,OPENCV,data\uav3dcrop\2025\Day001_Wheat\images\849.JPG,data\uav3dcrop_depth\2025\Day001_Wheat\849_depth.tif,https://huggingface.co/datasets/Link-Dev/UAV3DCrop/blob/main/2025/Day001_Wheat/images/849.JPG,https://huggingface.co/datasets/Link-Dev/UAV3DCrop_depth/blob/main/2025/Day001_Wheat_depth/849_depth.tif,main,relative_scale_shift,128,20000,0.122178515625,0.1100387285232544,0.18475891027188868,-0.003035186004638672,0.5407625749307297,0.5982132425587826,0.7210316811167458,0.21570157118655256
2025/Day001_Wheat,2025,Day001,wheat,908.JPG,908,DJI Mavic 3M RGB camera,oblique,oblique,0.7081770834942197,5280,3956,908_depth.tif,True,True,OPENCV,data\uav3dcrop\2025\Day001_Wheat\images\908.JPG,data\uav3dcrop_depth\2025\Day001_Wheat\908_depth.tif,https://huggingface.co/datasets/Link-Dev/UAV3DCrop/blob/main/2025/Day001_Wheat/images/908.JPG,https://huggingface.co/datasets/Link-Dev/UAV3DCrop_depth/blob/main/2025/Day001_Wheat_depth/908_depth.tif,main,metric_raw,8,20000,0.01422421875,0.020720069003105163,0.04884900607473605,0.0004630899667739868,0.013879716831980375,-0.017964662221702177,0.501540422819505,0.04364664476920734
2025/Day001_Wheat,2025,Day001,wheat,908.JPG,908,DJI Mavic 3M RGB camera,oblique,oblique,0.7081770834942197,5280,3956,908_depth.tif,True,True,OPENCV,data\uav3dcrop\2025\Day001_Wheat\images\908.JPG,data\uav3dcrop_depth\2025\Day001_Wheat\908_depth.tif,https://huggingface.co/datasets/Link-Dev/UAV3DCrop/blob/main/2025/Day001_Wheat/images/908.JPG,https://huggingface.co/datasets/Link-Dev/UAV3DCrop_depth/blob/main/2025/Day001_Wheat_depth/908_depth.tif,main,metric_bias_corrected,8,20000,0.01422421875,0.02072007541656494,0.048849005092006674,0.00046309242248535157,0.013879983598395972,-0.017963984184044456,0.501540422819505,0.04364664476920734
2025/Day001_Wheat,2025,Day001,wheat,908.JPG,908,DJI Mavic 3M RGB camera,oblique,oblique,0.7081770834942197,5280,3956,908_depth.tif,True,True,OPENCV,data\uav3dcrop\2025\Day001_Wheat\images\908.JPG,data\uav3dcrop_depth\2025\Day001_Wheat\908_depth.tif,https://huggingface.co/datasets/Link-Dev/UAV3DCrop/blob/main/2025/Day001_Wheat/images/908.JPG,https://huggingface.co/datasets/Link-Dev/UAV3DCrop_depth/blob/main/2025/Day001_Wheat_depth/908_depth.tif,main,metric_scale_shift,8,20000,0.01422421875,0.038502737188339235,0.07936758790252425,0.004056621789932251,0.013880034890362788,-0.017964776680944258,0.501540422819505,0.04364664476920734
2025/Day001_Wheat,2025,Day001,wheat,908.JPG,908,DJI Mavic 3M RGB camera,oblique,oblique,0.7081770834942197,5280,3956,908_depth.tif,True,True,OPENCV,data\uav3dcrop\2025\Day001_Wheat\images\908.JPG,data\uav3dcrop_depth\2025\Day001_Wheat\908_depth.tif,https://huggingface.co/datasets/Link-Dev/UAV3DCrop/blob/main/2025/Day001_Wheat/images/908.JPG,https://huggingface.co/datasets/Link-Dev/UAV3DCrop_depth/blob/main/2025/Day001_Wheat_depth/908_depth.tif,main,relative_scale_shift,8,20000,0.01422421875,0.015539074325561524,0.041632185210108294,-0.0021013462066650393,0.3077421218581517,0.19779815563988581,0.6025709125677254,0.04364664476920734
2025/Day001_Wheat,2025,Day001,wheat,908.JPG,908,DJI Mavic 3M RGB camera,oblique,oblique,0.7081770834942197,5280,3956,908_depth.tif,True,True,OPENCV,data\uav3dcrop\2025\Day001_Wheat\images\908.JPG,data\uav3dcrop_depth\2025\Day001_Wheat\908_depth.tif,https://huggingface.co/datasets/Link-Dev/UAV3DCrop/blob/main/2025/Day001_Wheat/images/908.JPG,https://huggingface.co/datasets/Link-Dev/UAV3DCrop_depth/blob/main/2025/Day001_Wheat_depth/908_depth.tif,main,metric_raw,16,20000,0.024565234375,0.035039461851119995,0.07057484146506317,0.0020259811401367187,0.053564937201752615,-0.014654603846500304,0.5017437805161591,0.05836985797200153
2025/Day001_Wheat,2025,Day001,wheat,908.JPG,908,DJI Mavic 3M RGB camera,oblique,oblique,0.7081770834942197,5280,3956,908_depth.tif,True,True,OPENCV,data\uav3dcrop\2025\Day001_Wheat\images\908.JPG,data\uav3dcrop_depth\2025\Day001_Wheat\908_depth.tif,https://huggingface.co/datasets/Link-Dev/UAV3DCrop/blob/main/2025/Day001_Wheat/images/908.JPG,https://huggingface.co/datasets/Link-Dev/UAV3DCrop_depth/blob/main/2025/Day001_Wheat_depth/908_depth.tif,main,metric_bias_corrected,16,20000,0.024565234375,0.035039463901519775,0.07057483266494625,0.002025978374481201,0.05356498204997086,-0.014653810075060331,0.5017437805161591,0.05836985797200153
2025/Day001_Wheat,2025,Day001,wheat,908.JPG,908,DJI Mavic 3M RGB camera,oblique,oblique,0.7081770834942197,5280,3956,908_depth.tif,True,True,OPENCV,data\uav3dcrop\2025\Day001_Wheat\images\908.JPG,data\uav3dcrop_depth\2025\Day001_Wheat\908_depth.tif,https://huggingface.co/datasets/Link-Dev/UAV3DCrop/blob/main/2025/Day001_Wheat/images/908.JPG,https://huggingface.co/datasets/Link-Dev/UAV3DCrop_depth/blob/main/2025/Day001_Wheat_depth/908_depth.tif,main,metric_scale_shift,16,20000,0.024565234375,0.06625482082366943,0.13711663461601176,0.008237172222137452,0.053564825001714916,-0.014654871374685373,0.5017437805161591,0.05836985797200153
2025/Day001_Wheat,2025,Day001,wheat,908.JPG,908,DJI Mavic 3M RGB camera,oblique,oblique,0.7081770834942197,5280,3956,908_depth.tif,True,True,OPENCV,data\uav3dcrop\2025\Day001_Wheat\images\908.JPG,data\uav3dcrop_depth\2025\Day001_Wheat\908_depth.tif,https://huggingface.co/datasets/Link-Dev/UAV3DCrop/blob/main/2025/Day001_Wheat/images/908.JPG,https://huggingface.co/datasets/Link-Dev/UAV3DCrop_depth/blob/main/2025/Day001_Wheat_depth/908_depth.tif,main,relative_scale_shift,16,20000,0.024565234375,0.02515919198989868,0.05368531743667979,-0.0024951886177062986,0.39484112765628643,0.26297627458215,0.618925831202046,0.05836985797200153
2025/Day001_Wheat,2025,Day001,wheat,908.JPG,908,DJI Mavic 3M RGB camera,oblique,oblique,0.7081770834942197,5280,3956,908_depth.tif,True,True,OPENCV,data\uav3dcrop\2025\Day001_Wheat\images\908.JPG,data\uav3dcrop_depth\2025\Day001_Wheat\908_depth.tif,https://huggingface.co/datasets/Link-Dev/UAV3DCrop/blob/main/2025/Day001_Wheat/images/908.JPG,https://huggingface.co/datasets/Link-Dev/UAV3DCrop_depth/blob/main/2025/Day001_Wheat_depth/908_depth.tif,main,metric_raw,32,20000,0.0405890625,0.05863028120994568,0.11324246556205571,0.004400144100189209,0.03745148845017444,-0.026161169921359636,0.4977906746686012,0.08898769945159007
2025/Day001_Wheat,2025,Day001,wheat,908.JPG,908,DJI Mavic 3M RGB camera,oblique,oblique,0.7081770834942197,5280,3956,908_depth.tif,True,True,OPENCV,data\uav3dcrop\2025\Day001_Wheat\images\908.JPG,data\uav3dcrop_depth\2025\Day001_Wheat\908_depth.tif,https://huggingface.co/datasets/Link-Dev/UAV3DCrop/blob/main/2025/Day001_Wheat/images/908.JPG,https://huggingface.co/datasets/Link-Dev/UAV3DCrop_depth/blob/main/2025/Day001_Wheat_depth/908_depth.tif,main,metric_bias_corrected,32,20000,0.0405890625,0.058630283451080324,0.11324247131485245,0.00440014066696167,0.03745151857373681,-0.026161183701881106,0.4977906746686012,0.08898769945159007
2025/Day001_Wheat,2025,Day001,wheat,908.JPG,908,DJI Mavic 3M RGB camera,oblique,oblique,0.7081770834942197,5280,3956,908_depth.tif,True,True,OPENCV,data\uav3dcrop\2025\Day001_Wheat\images\908.JPG,data\uav3dcrop_depth\2025\Day001_Wheat\908_depth.tif,https://huggingface.co/datasets/Link-Dev/UAV3DCrop/blob/main/2025/Day001_Wheat/images/908.JPG,https://huggingface.co/datasets/Link-Dev/UAV3DCrop_depth/blob/main/2025/Day001_Wheat_depth/908_depth.tif,main,metric_scale_shift,32,20000,0.0405890625,0.11332774000167847,0.23223679164705033,0.01789787836074829,0.03745145553803657,-0.026160727040440486,0.4977906746686012,0.08898769945159007
2025/Day001_Wheat,2025,Day001,wheat,908.JPG,908,DJI Mavic 3M RGB camera,oblique,oblique,0.7081770834942197,5280,3956,908_depth.tif,True,True,OPENCV,data\uav3dcrop\2025\Day001_Wheat\images\908.JPG,data\uav3dcrop_depth\2025\Day001_Wheat\908_depth.tif,https://huggingface.co/datasets/Link-Dev/UAV3DCrop/blob/main/2025/Day001_Wheat/images/908.JPG,https://huggingface.co/datasets/Link-Dev/UAV3DCrop_depth/blob/main/2025/Day001_Wheat_depth/908_depth.tif,main,relative_scale_shift,32,20000,0.0405890625,0.03949907455444336,0.07916446014303304,-0.005574047470092773,0.4611287386642827,0.3182299567620087,0.6197322429598364,0.08898769945159007
2025/Day001_Wheat,2025,Day001,wheat,908.JPG,908,DJI Mavic 3M RGB camera,oblique,oblique,0.7081770834942197,5280,3956,908_depth.tif,True,True,OPENCV,data\uav3dcrop\2025\Day001_Wheat\images\908.JPG,data\uav3dcrop_depth\2025\Day001_Wheat\908_depth.tif,https://huggingface.co/datasets/Link-Dev/UAV3DCrop/blob/main/2025/Day001_Wheat/images/908.JPG,https://huggingface.co/datasets/Link-Dev/UAV3DCrop_depth/blob/main/2025/Day001_Wheat_depth/908_depth.tif,main,metric_raw,64,20000,0.060673828125,0.09567145516872406,0.18384797803738767,0.009899469208717347,0.032122765005179556,-0.055350369852398586,0.4843313313908545,0.12306823395412662
2025/Day001_Wheat,2025,Day001,wheat,908.JPG,908,DJI Mavic 3M RGB camera,oblique,oblique,0.7081770834942197,5280,3956,908_depth.tif,True,True,OPENCV,data\uav3dcrop\2025\Day001_Wheat\images\908.JPG,data\uav3dcrop_depth\2025\Day001_Wheat\908_depth.tif,https://huggingface.co/datasets/Link-Dev/UAV3DCrop/blob/main/2025/Day001_Wheat/images/908.JPG,https://huggingface.co/datasets/Link-Dev/UAV3DCrop_depth/blob/main/2025/Day001_Wheat_depth/908_depth.tif,main,metric_bias_corrected,64,20000,0.060673828125,0.09567145776748658,0.18384798399254768,0.00989946641921997,0.03212278954510807,-0.05535038875238989,0.4843313313908545,0.12306823395412662
2025/Day001_Wheat,2025,Day001,wheat,908.JPG,908,DJI Mavic 3M RGB camera,oblique,oblique,0.7081770834942197,5280,3956,908_depth.tif,True,True,OPENCV,data\uav3dcrop\2025\Day001_Wheat\images\908.JPG,data\uav3dcrop_depth\2025\Day001_Wheat\908_depth.tif,https://huggingface.co/datasets/Link-Dev/UAV3DCrop/blob/main/2025/Day001_Wheat/images/908.JPG,https://huggingface.co/datasets/Link-Dev/UAV3DCrop_depth/blob/main/2025/Day001_Wheat_depth/908_depth.tif,main,metric_scale_shift,64,20000,0.060673828125,0.1981477375984192,0.43114373898976177,0.03907651271820068,0.032122771493764114,-0.055350012336890124,0.4843313313908545,0.12306823395412662
2025/Day001_Wheat,2025,Day001,wheat,908.JPG,908,DJI Mavic 3M RGB camera,oblique,oblique,0.7081770834942197,5280,3956,908_depth.tif,True,True,OPENCV,data\uav3dcrop\2025\Day001_Wheat\images\908.JPG,data\uav3dcrop_depth\2025\Day001_Wheat\908_depth.tif,https://huggingface.co/datasets/Link-Dev/UAV3DCrop/blob/main/2025/Day001_Wheat/images/908.JPG,https://huggingface.co/datasets/Link-Dev/UAV3DCrop_depth/blob/main/2025/Day001_Wheat_depth/908_depth.tif,main,relative_scale_shift,64,20000,0.060673828125,0.057816626167297366,0.10489687837967439,-0.01121839771270752,0.5317463059690349,0.3823670267127663,0.6360825355295237,0.12306823395412662
2025/Day001_Wheat,2025,Day001,wheat,908.JPG,908,DJI Mavic 3M RGB camera,oblique,oblique,0.7081770834942197,5280,3956,908_depth.tif,True,True,OPENCV,data\uav3dcrop\2025\Day001_Wheat\images\908.JPG,data\uav3dcrop_depth\2025\Day001_Wheat\908_depth.tif,https://huggingface.co/datasets/Link-Dev/UAV3DCrop/blob/main/2025/Day001_Wheat/images/908.JPG,https://huggingface.co/datasets/Link-Dev/UAV3DCrop_depth/blob/main/2025/Day001_Wheat_depth/908_depth.tif,main,metric_raw,128,20000,0.090063671875,0.15354075899124145,0.29346893846124833,0.017542160081863403,-0.04163824652245101,-0.0692399676500493,0.48931503767855133,0.167822569508017
2025/Day001_Wheat,2025,Day001,wheat,908.JPG,908,DJI Mavic 3M RGB camera,oblique,oblique,0.7081770834942197,5280,3956,908_depth.tif,True,True,OPENCV,data\uav3dcrop\2025\Day001_Wheat\images\908.JPG,data\uav3dcrop_depth\2025\Day001_Wheat\908_depth.tif,https://huggingface.co/datasets/Link-Dev/UAV3DCrop/blob/main/2025/Day001_Wheat/images/908.JPG,https://huggingface.co/datasets/Link-Dev/UAV3DCrop_depth/blob/main/2025/Day001_Wheat_depth/908_depth.tif,main,metric_bias_corrected,128,20000,0.090063671875,0.15354074640274049,0.2934689306549454,0.017542148113250732,-0.041638217837751255,-0.06923983043509674,0.48931503767855133,0.167822569508017
2025/Day001_Wheat,2025,Day001,wheat,908.JPG,908,DJI Mavic 3M RGB camera,oblique,oblique,0.7081770834942197,5280,3956,908_depth.tif,True,True,OPENCV,data\uav3dcrop\2025\Day001_Wheat\images\908.JPG,data\uav3dcrop_depth\2025\Day001_Wheat\908_depth.tif,https://huggingface.co/datasets/Link-Dev/UAV3DCrop/blob/main/2025/Day001_Wheat/images/908.JPG,https://huggingface.co/datasets/Link-Dev/UAV3DCrop_depth/blob/main/2025/Day001_Wheat_depth/908_depth.tif,main,metric_scale_shift,128,20000,0.090063671875,0.343765279006958,0.7217884925279698,0.07775805253982544,-0.04163825254066691,-0.06923995789843224,0.48931503767855133,0.167822569508017
2025/Day001_Wheat,2025,Day001,wheat,908.JPG,908,DJI Mavic 3M RGB camera,oblique,oblique,0.7081770834942197,5280,3956,908_depth.tif,True,True,OPENCV,data\uav3dcrop\2025\Day001_Wheat\images\908.JPG,data\uav3dcrop_depth\2025\Day001_Wheat\908_depth.tif,https://huggingface.co/datasets/Link-Dev/UAV3DCrop/blob/main/2025/Day001_Wheat/images/908.JPG,https://huggingface.co/datasets/Link-Dev/UAV3DCrop_depth/blob/main/2025/Day001_Wheat_depth/908_depth.tif,main,relative_scale_shift,128,20000,0.090063671875,0.0867407826423645,0.14477704331468336,-0.023978549480438233,0.545225196051484,0.4451344090253099,0.662074007423237,0.167822569508017
